{
"type": "FeatureCollection",
"name": "TX_FedDistrict_Northern",
"crs": { "type": "name", "properties": { "name": "urn:ogc:def:crs:EPSG::4269" } },
"features": [
{ "type": "Feature", "properties": { "FederalDivisionName": "Abilene", "FederalJudicialDistrict": "Northern" }, "geometry": { "type": "Polygon", "coordinates": [ [ [ -99.713971, 32.082089 ], [ -99.86265, 32.08152 ], [ -99.881569, 32.081577 ], [ -99.91292, 32.081803 ], [ -99.962669, 32.082068 ], [ -100.151911, 32.082638 ], [ -100.235137, 32.082372 ], [ -100.250373, 32.081592 ], [ -100.314026, 32.081377 ], [ -100.31632, 32.081384 ], [ -100.325082, 32.081414 ], [ -100.411476, 32.0823 ], [ -100.444064, 32.082619 ], [ -100.512466, 32.083307 ], [ -100.530895, 32.083531 ], [ -100.618581, 32.084788 ], [ -100.625382, 32.085388 ], [ -100.665353, 32.085407 ], [ -100.73726, 32.085521 ], [ -100.750385, 32.086255 ], [ -100.790833, 32.086573 ], [ -100.821594, 32.08661 ], [ -100.858628, 32.086689 ], [ -100.862291, 32.086509 ], [ -100.95153, 32.086741 ], [ -100.954494, 32.086645 ], [ -100.972005, 32.086691 ], [ -100.973807, 32.086782 ], [ -100.99439, 32.086865 ], [ -100.997512, 32.086706 ], [ -101.138984, 32.087012 ], [ -101.183997, 32.087208 ], [ -101.264216, 32.087136 ], [ -101.271174, 32.087147 ], [ -101.271795, 32.087197 ], [ -101.541742, 32.08715 ], [ -101.542703, 32.087097 ], [ -101.560618, 32.087136 ], [ -101.695011, 32.087532 ], [ -101.693448, 32.196112 ], [ -101.692545, 32.249274 ], [ -101.692441, 32.250119 ], [ -101.692342, 32.265213 ], [ -101.692269, 32.271062 ], [ -101.691866, 32.299196 ], [ -101.691853, 32.300048 ], [ -101.68874, 32.525222 ], [ -101.611899, 32.524986 ], [ -101.607375, 32.524982 ], [ -101.517447, 32.52491 ], [ -101.374973, 32.524436 ], [ -101.328387, 32.52432 ], [ -101.250402, 32.524098 ], [ -101.248843, 32.52398 ], [ -101.174571, 32.524112 ], [ -101.174562, 32.527703 ], [ -101.170746, 32.527731 ], [ -101.034427, 32.527928 ], [ -101.000395, 32.52786 ], [ -100.998913, 32.52772 ], [ -100.985224, 32.527535 ], [ -100.96935, 32.52732 ], [ -100.946798, 32.527018 ], [ -100.937129, 32.526889 ], [ -100.927061, 32.526753 ], [ -100.926882, 32.526753 ], [ -100.922325, 32.526692 ], [ -100.904192, 32.526449 ], [ -100.817834, 32.525679 ], [ -100.800619, 32.525556 ], [ -100.783395, 32.525427 ], [ -100.697858, 32.52527 ], [ -100.660626, 32.525312 ], [ -100.660612, 32.533268 ], [ -100.66061, 32.534157 ], [ -100.660421, 32.615972 ], [ -100.659104, 32.683253 ], [ -100.659011, 32.709021 ], [ -100.659057, 32.733158 ], [ -100.659061, 32.733756 ], [ -100.65587, 32.963469 ], [ -100.592397, 32.962937 ], [ -100.519208, 32.962926 ], [ -100.518975, 32.993622 ], [ -100.518155, 33.0001 ], [ -100.518257, 33.024607 ], [ -100.517757, 33.074179 ], [ -100.517481, 33.181463 ], [ -100.517108, 33.218254 ], [ -100.517139, 33.218447 ], [ -100.517449, 33.397866 ], [ -100.257176, 33.397551 ], [ -100.250384, 33.398035 ], [ -100.004139, 33.397649 ], [ -100.000375, 33.39739 ], [ -99.99098, 33.397404 ], [ -99.801036, 33.398016 ], [ -99.719757, 33.398408 ], [ -99.553575, 33.398768 ], [ -99.539735, 33.39879 ], [ -99.472444, 33.399023 ], [ -99.434349, 33.398912 ], [ -99.125349, 33.398219 ], [ -99.125018, 33.398164 ], [ -99.013723, 33.39777 ], [ -99.00709, 33.397761 ], [ -98.953938, 33.397534 ], [ -98.953853, 33.33289 ], [ -98.953502, 33.285936 ], [ -98.952606, 33.16713 ], [ -98.952578, 33.163823 ], [ -98.952128, 33.111316 ], [ -98.951665, 33.055525 ], [ -98.95131, 33.014297 ], [ -98.950875, 32.956918 ], [ -98.936681, 32.957002 ], [ -98.883512, 32.957234 ], [ -98.858278, 32.957205 ], [ -98.840823, 32.957183 ], [ -98.831894, 32.957158 ], [ -98.81871, 32.957121 ], [ -98.774296, 32.957033 ], [ -98.707253, 32.956421 ], [ -98.575616, 32.954349 ], [ -98.575698, 32.880871 ], [ -98.575669, 32.857295 ], [ -98.57585, 32.75113 ], [ -98.576023, 32.733834 ], [ -98.576028, 32.679935 ], [ -98.575997, 32.623995 ], [ -98.576131, 32.572477 ], [ -98.576256, 32.515163 ], [ -98.572498, 32.515261 ], [ -98.500409, 32.513388 ], [ -98.495775, 32.513026 ], [ -98.475177, 32.513039 ], [ -98.475125, 32.460167 ], [ -98.475235, 32.459884 ], [ -98.475326, 32.408208 ], [ -98.475202, 32.392833 ], [ -98.475372, 32.388087 ], [ -98.47554, 32.376289 ], [ -98.475232, 32.373379 ], [ -98.475039, 32.348111 ], [ -98.474685, 32.299084 ], [ -98.500329, 32.286627 ], [ -98.520887, 32.2764 ], [ -98.534527, 32.269639 ], [ -98.53768, 32.268083 ], [ -98.551158, 32.261436 ], [ -98.555, 32.259537 ], [ -98.585519, 32.243327 ], [ -98.588784, 32.241779 ], [ -98.622177, 32.224514 ], [ -98.625331, 32.223054 ], [ -98.660238, 32.204451 ], [ -98.70255, 32.184241 ], [ -98.711206, 32.180116 ], [ -98.750333, 32.161508 ], [ -98.756302, 32.158235 ], [ -98.781578, 32.145884 ], [ -98.787552, 32.142965 ], [ -98.824767, 32.125051 ], [ -98.835607, 32.120244 ], [ -98.847106, 32.115143 ], [ -98.887067, 32.096004 ], [ -98.924401, 32.078018 ], [ -98.929383, 32.078106 ], [ -98.954712, 32.078558 ], [ -98.963992, 32.078723 ], [ -98.971432, 32.078857 ], [ -98.979003, 32.078992 ], [ -98.996735, 32.07931 ], [ -99.000392, 32.07868 ], [ -99.00273, 32.078697 ], [ -99.054579, 32.079094 ], [ -99.067885, 32.079194 ], [ -99.118665, 32.079585 ], [ -99.120104, 32.079597 ], [ -99.12534, 32.079187 ], [ -99.147918, 32.079242 ], [ -99.155625, 32.079467 ], [ -99.195871, 32.079235 ], [ -99.210732, 32.079124 ], [ -99.246832, 32.079356 ], [ -99.250342, 32.080065 ], [ -99.311037, 32.080094 ], [ -99.406106, 32.080132 ], [ -99.422906, 32.080154 ], [ -99.457291, 32.080099 ], [ -99.499452, 32.080035 ], [ -99.500348, 32.079874 ], [ -99.631413, 32.081274 ], [ -99.713971, 32.082089 ] ] ] } },
{ "type": "Feature", "properties": { "FederalDivisionName": "Amarillo", "FederalJudicialDistrict": "Northern" }, "geometry": { "type": "Polygon", "coordinates": [ [ [ -103.043946, 34.379555 ], [ -103.043944, 34.37966 ], [ -103.043919, 34.380916 ], [ -103.043776222217005, 34.382597745387301 ], [ -103.043693, 34.383578 ], [ -103.04363, 34.38469 ], [ -103.043614, 34.384969 ], [ -103.043613, 34.388679 ], [ -103.043613, 34.390442 ], [ -103.043612422947007, 34.390509473989802 ], [ -103.043606062015996, 34.391253248544999 ], [ -103.043585, 34.393716 ], [ -103.043611, 34.397105 ], [ -103.043610217744003, 34.3972048214656 ], [ -103.043583, 34.400678 ], [ -103.043538, 34.405463 ], [ -103.043549915640995, 34.4190560386443 ], [ -103.043575550184997, 34.448299226558603 ], [ -103.043582, 34.455657 ], [ -103.043588, 34.459662 ], [ -103.043589, 34.459774 ], [ -103.043594, 34.46266 ], [ -103.043386657767002, 34.525070012152 ], [ -103.043072, 34.619782 ], [ -103.043268998041995, 34.6504520175788 ], [ -103.043277454332994, 34.651768551522501 ], [ -103.043277470411994, 34.651771054786799 ], [ -103.043286, 34.653099 ], [ -103.042827, 34.671188 ], [ -103.042800237601995, 34.706335795357703 ], [ -103.042769, 34.747361 ], [ -103.04277, 34.792224 ], [ -103.042775480950993, 34.8211330279686 ], [ -103.042781, 34.850243 ], [ -103.042521, 34.899546 ], [ -103.042552402864004, 34.954142085470899 ], [ -103.042612809138006, 35.059162635442298 ], [ -103.042617639748002, 35.067560990429101 ], [ -103.042642, 35.109913 ], [ -103.043261, 35.125058 ], [ -103.04252, 35.135596 ], [ -103.0426, 35.142766 ], [ -103.042711, 35.144735 ], [ -103.042568, 35.159318 ], [ -103.042395, 35.178573 ], [ -103.042339, 35.181922 ], [ -103.042366, 35.182786 ], [ -103.042377, 35.183149 ], [ -103.042497, 35.211862 ], [ -103.042775, 35.241237 ], [ -103.042366, 35.250056 ], [ -103.042050683906993, 35.394678522065 ], [ -103.042050534490002, 35.394747053491798 ], [ -103.041554, 35.622487 ], [ -103.041484995686005, 35.651085905415002 ], [ -103.041271829563996, 35.739432813800804 ], [ -103.041146, 35.791583 ], [ -103.041917, 35.796441 ], [ -103.041716, 35.814072 ], [ -103.042186, 35.825217 ], [ -103.041305, 35.837694 ], [ -103.040824, 36.055231 ], [ -103.041387166568995, 36.229019565229599 ], [ -103.041674, 36.317534 ], [ -103.041745, 36.318267 ], [ -103.041923915598005, 36.500353102813399 ], [ -103.041924, 36.500439 ], [ -103.002434, 36.500397 ], [ -102.792202179534996, 36.500389172021698 ], [ -102.570696000934007, 36.500380924242798 ], [ -102.382613575418006, 36.5003739209968 ], [ -102.250453, 36.500369 ], [ -102.24499, 36.500704 ], [ -102.162463, 36.500326 ], [ -102.1438, 36.500324991543501 ], [ -102.12545, 36.500324 ], [ -102.122066, 36.500684 ], [ -102.032339034055994, 36.500610093281601 ], [ -101.931657648976, 36.500527163577203 ], [ -101.930245, 36.500526 ], [ -101.914828339438998, 36.5003963382715 ], [ -101.826565, 36.499654 ], [ -101.826498, 36.499535 ], [ -101.814493093514002, 36.4995797197465 ], [ -101.78811, 36.499678 ], [ -101.787183, 36.499684048621297 ], [ -101.783359, 36.499709 ], [ -101.781987, 36.499718 ], [ -101.78061, 36.499727 ], [ -101.779435, 36.499734 ], [ -101.778134001577996, 36.499733777356496 ], [ -101.773235947556003, 36.499732939139001 ], [ -101.751677321420999, 36.499729249751901 ], [ -101.709314, 36.499722 ], [ -101.698685, 36.499508 ], [ -101.690633999472993, 36.499519635169797 ], [ -101.672774979829001, 36.499545444723097 ], [ -101.653708, 36.499573 ], [ -101.649966, 36.499573 ], [ -101.623915, 36.499528 ], [ -101.583013007147997, 36.499506439031201 ], [ -101.366842098844998, 36.499392487268103 ], [ -101.204790103731, 36.499307063606302 ], [ -101.085156, 36.499244 ], [ -101.052418, 36.499563 ], [ -101.045331, 36.49954 ], [ -100.977088, 36.499595 ], [ -100.954152945903004, 36.4995989128779 ], [ -100.936058, 36.499602 ], [ -100.918513, 36.499621 ], [ -100.884174, 36.499682 ], [ -100.88408, 36.499682 ], [ -100.859657, 36.499687 ], [ -100.85084, 36.4997 ], [ -100.824236, 36.499618 ], [ -100.824218, 36.499618 ], [ -100.80619, 36.499674 ], [ -100.806172, 36.499634 ], [ -100.806126905829004, 36.499633820341899 ], [ -100.802909, 36.499621 ], [ -100.802886, 36.499621 ], [ -100.761811, 36.499618 ], [ -100.761811, 36.49958 ], [ -100.724362, 36.49958 ], [ -100.724361, 36.499558 ], [ -100.708626, 36.499553 ], [ -100.708628, 36.499521 ], [ -100.657763, 36.499483 ], [ -100.657763, 36.4995 ], [ -100.648343, 36.499495 ], [ -100.648344, 36.499463 ], [ -100.612161000742006, 36.499466895531903 ], [ -100.592614, 36.499469 ], [ -100.592556, 36.499469 ], [ -100.592551, 36.499429 ], [ -100.583539, 36.499483 ], [ -100.583379, 36.499443 ], [ -100.578114, 36.499463 ], [ -100.578114, 36.499439 ], [ -100.546145, 36.499343 ], [ -100.531215, 36.499341 ], [ -100.531215, 36.49929 ], [ -100.530478, 36.49924 ], [ -100.530314, 36.499357 ], [ -100.522227, 36.499291 ], [ -100.522122998184997, 36.4992912550006 ], [ -100.489069748185997, 36.499372297813103 ], [ -100.486568034645998, 36.499378431730399 ], [ -100.450508913803006, 36.499466844596597 ], [ -100.441065, 36.49949 ], [ -100.441064, 36.499462 ], [ -100.433959, 36.499456 ], [ -100.424473999827995, 36.499449241627602 ], [ -100.421328, 36.499447 ], [ -100.421301, 36.499488 ], [ -100.413634, 36.499444 ], [ -100.41355, 36.499469 ], [ -100.378634, 36.499517 ], [ -100.378592, 36.499445 ], [ -100.351852, 36.499487 ], [ -100.351842, 36.499473 ], [ -100.334464, 36.49942 ], [ -100.334441, 36.49944 ], [ -100.32415, 36.499679 ], [ -100.311245, 36.499631 ], [ -100.311018, 36.499688 ], [ -100.310911387708003, 36.499674922225601 ], [ -100.310643, 36.499642 ], [ -100.258247025540996, 36.499638356386299 ], [ -100.253333137412, 36.499638014674701 ], [ -100.181221, 36.499633 ], [ -100.090021, 36.499634 ], [ -100.025724867048993, 36.499682788004698 ], [ -100.003761886524003, 36.499699453548097 ], [ -100.000406, 36.499702 ], [ -100.000402433432996, 36.273466999320497 ], [ -100.000402224683995, 36.260225587313002 ], [ -100.000401313984995, 36.202457999994998 ], [ -100.000400703064003, 36.163705999988899 ], [ -100.000399, 36.055677 ], [ -100.000398790976007, 36.0426410036671 ], [ -100.000396202898997, 35.881232999996698 ], [ -100.000394036974996, 35.746153000276699 ], [ -100.000392093753007, 35.624961999982503 ], [ -100.000392, 35.619115 ], [ -100.000390930799, 35.552455999707803 ], [ -100.000388942770996, 35.428512953191898 ], [ -100.000388844143004, 35.422363988309499 ], [ -100.000388841577006, 35.422203994889301 ], [ -100.000386884967995, 35.300219822563598 ], [ -100.000386882596999, 35.300072000001897 ], [ -100.000385600949002, 35.220167997680598 ], [ -100.000385585790994, 35.219222997921399 ], [ -100.000385, 35.182702 ], [ -100.000384602330001, 35.139332000003598 ], [ -100.000383599195999, 35.029930000203898 ], [ -100.000381979734001, 34.853311000000197 ], [ -100.000381, 34.746461 ], [ -100.000381, 34.746358 ], [ -100.000381, 34.616297 ], [ -100.000381, 34.570426199215703 ], [ -100.000381, 34.560509 ], [ -99.997501410946697, 34.560423887043399 ], [ -99.997831, 34.463389 ], [ -99.997816, 34.448965 ], [ -99.99784, 34.441912 ], [ -99.997812, 34.400871 ], [ -99.998006, 34.396821 ], [ -99.997832, 34.390816 ], [ -99.99772, 34.311829 ], [ -100.000404, 34.311929 ], [ -100.024285, 34.312002 ], [ -100.12318, 34.31229 ], [ -100.134601, 34.311976 ], [ -100.24152, 34.312229 ], [ -100.350099, 34.312713 ], [ -100.350774, 34.312571 ], [ -100.359546, 34.312561 ], [ -100.375394, 34.312718 ], [ -100.399581, 34.31354 ], [ -100.417783, 34.313524 ], [ -100.469748, 34.313554 ], [ -100.494809, 34.313644 ], [ -100.498193, 34.313527 ], [ -100.500398, 34.314074 ], [ -100.503373, 34.314079 ], [ -100.51734, 34.314102 ], [ -100.624038, 34.314191 ], [ -100.625404, 34.313399 ], [ -100.627316, 34.313392 ], [ -100.670188, 34.313244 ], [ -100.672837, 34.313474 ], [ -100.682694, 34.313391 ], [ -100.723385, 34.313319 ], [ -100.769851, 34.313257 ], [ -100.946132, 34.312759 ], [ -100.963587, 34.312754 ], [ -100.963904, 34.312687 ], [ -101.041484, 34.312444 ], [ -101.153749, 34.312322 ], [ -101.171406, 34.312295 ], [ -101.172535, 34.312237 ], [ -101.193326, 34.312258 ], [ -101.223344, 34.312285 ], [ -101.258921, 34.312235 ], [ -101.268048, 34.312536 ], [ -101.274825, 34.31224 ], [ -101.47158, 34.31229 ], [ -101.499813, 34.312292 ], [ -101.500375, 34.312204 ], [ -101.564856, 34.312493 ], [ -101.76227, 34.31298 ], [ -101.846979, 34.313067 ], [ -101.873919, 34.31311 ], [ -101.875422, 34.313009 ], [ -101.99802, 34.313039 ], [ -102.009091, 34.313092 ], [ -102.090415, 34.313132 ], [ -102.163609, 34.312888 ], [ -102.168765, 34.313095 ], [ -102.173497, 34.312725 ], [ -102.234999, 34.313208 ], [ -102.287153, 34.313124 ], [ -102.435961, 34.313189 ], [ -102.500474, 34.313124 ], [ -102.525631, 34.313034 ], [ -102.526346, 34.313032 ], [ -102.61515, 34.312891 ], [ -102.722317, 34.312927 ], [ -102.748351, 34.312906 ], [ -102.750494, 34.312824 ], [ -102.817056, 34.312832 ], [ -102.885683, 34.312824 ], [ -102.905801, 34.312721 ], [ -103.043978936987003, 34.312749083575 ], [ -103.043979, 34.312764 ], [ -103.043955125638007, 34.361084985692401 ], [ -103.043947594325999, 34.376328131718502 ], [ -103.043947462899993, 34.376594133629901 ], [ -103.043946, 34.379555 ] ] ] } },
{ "type": "Feature", "properties": { "FederalDivisionName": "Dallas", "FederalJudicialDistrict": "Northern" }, "geometry": { "type": "Polygon", "coordinates": [ [ [ -96.374721, 32.324884 ], [ -96.367216, 32.317717 ], [ -96.364369, 32.316417 ], [ -96.359331, 32.316654 ], [ -96.356036, 32.314987 ], [ -96.353071, 32.311657 ], [ -96.349846, 32.312561 ], [ -96.348828, 32.313351 ], [ -96.345317, 32.312767 ], [ -96.343742, 32.310499 ], [ -96.34539, 32.309039 ], [ -96.342357, 32.307689 ], [ -96.339532, 32.308569 ], [ -96.339016, 32.305973 ], [ -96.336632, 32.30566 ], [ -96.330988, 32.303481 ], [ -96.328212, 32.302995 ], [ -96.324398, 32.303131 ], [ -96.323279, 32.304232 ], [ -96.324404, 32.306121 ], [ -96.323116, 32.306204 ], [ -96.320046, 32.303975 ], [ -96.315839, 32.302539 ], [ -96.317433, 32.300985 ], [ -96.315162, 32.300297 ], [ -96.314065, 32.302543 ], [ -96.312635, 32.30313 ], [ -96.309661, 32.299935 ], [ -96.311345, 32.298859 ], [ -96.310108, 32.298299 ], [ -96.308046, 32.298488 ], [ -96.307191, 32.298789 ], [ -96.307494, 32.300527 ], [ -96.306448, 32.301513 ], [ -96.30426, 32.302038 ], [ -96.304816, 32.299837 ], [ -96.304294, 32.297991 ], [ -96.303033, 32.297366 ], [ -96.301909, 32.297697 ], [ -96.300416, 32.301354 ], [ -96.29868, 32.301156 ], [ -96.296572, 32.298154 ], [ -96.297573, 32.296503 ], [ -96.300048, 32.295404 ], [ -96.300485, 32.294372 ], [ -96.297456, 32.293292 ], [ -96.295947, 32.293377 ], [ -96.292936, 32.293716 ], [ -96.288882, 32.293212 ], [ -96.28955, 32.29181 ], [ -96.291781, 32.291334 ], [ -96.293651, 32.290409 ], [ -96.293299, 32.289527 ], [ -96.290902, 32.289169 ], [ -96.288199, 32.287105 ], [ -96.287126, 32.285483 ], [ -96.28519, 32.280402 ], [ -96.284013, 32.279225 ], [ -96.283853, 32.274479 ], [ -96.284731, 32.271911 ], [ -96.285529, 32.271428 ], [ -96.287632, 32.271575 ], [ -96.289359, 32.270444 ], [ -96.28989, 32.268142 ], [ -96.288597, 32.267223 ], [ -96.28561, 32.266895 ], [ -96.284881, 32.265829 ], [ -96.284595, 32.263643 ], [ -96.285646, 32.259666 ], [ -96.285895, 32.25598 ], [ -96.28507, 32.254592 ], [ -96.281547, 32.253909 ], [ -96.280369, 32.25513 ], [ -96.282295, 32.257045 ], [ -96.282151, 32.258265 ], [ -96.278898, 32.260355 ], [ -96.277734, 32.260646 ], [ -96.27664, 32.255787 ], [ -96.273668, 32.252617 ], [ -96.272213, 32.252833 ], [ -96.272605, 32.255601 ], [ -96.268671, 32.258961 ], [ -96.267044, 32.258649 ], [ -96.266714, 32.255859 ], [ -96.264676, 32.252216 ], [ -96.262248, 32.249739 ], [ -96.260853, 32.249739 ], [ -96.260529, 32.251313 ], [ -96.259487, 32.251088 ], [ -96.259589, 32.24985 ], [ -96.257391, 32.247408 ], [ -96.257758, 32.24575 ], [ -96.25655, 32.245061 ], [ -96.251034, 32.247078 ], [ -96.252044, 32.248569 ], [ -96.255314, 32.249234 ], [ -96.254399, 32.250582 ], [ -96.248927, 32.251041 ], [ -96.246616, 32.25045 ], [ -96.243126, 32.250285 ], [ -96.240153, 32.250659 ], [ -96.238039, 32.250143 ], [ -96.236582, 32.250901 ], [ -96.235083, 32.250896 ], [ -96.233967, 32.250009 ], [ -96.234517, 32.247401 ], [ -96.233197, 32.245204 ], [ -96.233193, 32.243396 ], [ -96.236135, 32.242944 ], [ -96.235891, 32.241906 ], [ -96.232214, 32.24089 ], [ -96.229815, 32.237394 ], [ -96.229373, 32.236182 ], [ -96.2278, 32.235573 ], [ -96.224236, 32.235166 ], [ -96.222574, 32.234492 ], [ -96.221995, 32.233508 ], [ -96.22032, 32.232954 ], [ -96.218379, 32.233833 ], [ -96.217149, 32.233353 ], [ -96.215705, 32.227062 ], [ -96.216279, 32.225095 ], [ -96.214894, 32.224002 ], [ -96.211104, 32.226435 ], [ -96.208629, 32.223508 ], [ -96.208179, 32.221456 ], [ -96.20989, 32.220172 ], [ -96.209099, 32.218653 ], [ -96.204655, 32.218217 ], [ -96.203935, 32.217499 ], [ -96.204163, 32.215936 ], [ -96.202945, 32.214371 ], [ -96.20032, 32.214311 ], [ -96.198155, 32.214799 ], [ -96.197263, 32.215981 ], [ -96.197769, 32.217633 ], [ -96.197414, 32.219984 ], [ -96.195947, 32.219538 ], [ -96.195159, 32.217709 ], [ -96.193977, 32.216409 ], [ -96.194155, 32.215481 ], [ -96.196096, 32.213974 ], [ -96.196449, 32.212962 ], [ -96.194214, 32.211207 ], [ -96.196348, 32.21026 ], [ -96.197202, 32.209274 ], [ -96.196965, 32.206942 ], [ -96.193685, 32.204221 ], [ -96.189536, 32.202316 ], [ -96.186147, 32.202962 ], [ -96.183368, 32.201761 ], [ -96.18141, 32.204562 ], [ -96.179349, 32.203553 ], [ -96.175848, 32.203939 ], [ -96.175035, 32.20456 ], [ -96.17534, 32.20636 ], [ -96.170894, 32.206981 ], [ -96.167332, 32.20984 ], [ -96.164109, 32.211392 ], [ -96.162177, 32.211685 ], [ -96.155392, 32.21497 ], [ -96.15186, 32.213715 ], [ -96.150479, 32.214127 ], [ -96.146799, 32.211937 ], [ -96.14621, 32.211249 ], [ -96.14739, 32.207338 ], [ -96.150517, 32.206256 ], [ -96.152241, 32.206424 ], [ -96.156011, 32.205708 ], [ -96.157895, 32.205756 ], [ -96.160392, 32.20438 ], [ -96.160933, 32.201767 ], [ -96.159951, 32.200567 ], [ -96.156315, 32.201032 ], [ -96.155642, 32.200444 ], [ -96.156139, 32.19885 ], [ -96.157279, 32.197656 ], [ -96.155969, 32.195592 ], [ -96.156105, 32.194357 ], [ -96.157907, 32.191334 ], [ -96.16023, 32.190052 ], [ -96.163374, 32.190535 ], [ -96.164936, 32.188832 ], [ -96.164167, 32.187775 ], [ -96.167327, 32.187583 ], [ -96.168252, 32.186906 ], [ -96.168158, 32.185746 ], [ -96.166173, 32.18452 ], [ -96.166497, 32.183086 ], [ -96.168197, 32.183178 ], [ -96.169727, 32.184753 ], [ -96.171666, 32.185291 ], [ -96.176477, 32.181379 ], [ -96.176839, 32.178997 ], [ -96.175939, 32.177384 ], [ -96.175325, 32.175885 ], [ -96.175317, 32.173372 ], [ -96.173169, 32.17156 ], [ -96.173218, 32.170045 ], [ -96.175368, 32.169268 ], [ -96.17584, 32.168241 ], [ -96.174448, 32.167921 ], [ -96.171489, 32.168551 ], [ -96.16842, 32.166475 ], [ -96.166455, 32.166102 ], [ -96.165407, 32.162571 ], [ -96.166975, 32.158672 ], [ -96.166611, 32.158043 ], [ -96.163059, 32.155982 ], [ -96.161081, 32.156039 ], [ -96.159006, 32.154902 ], [ -96.156706, 32.156526 ], [ -96.153415, 32.158295 ], [ -96.152209, 32.158416 ], [ -96.14955, 32.155914 ], [ -96.145345, 32.152814 ], [ -96.144135, 32.152572 ], [ -96.140792, 32.153347 ], [ -96.138914, 32.151377 ], [ -96.135872, 32.152758 ], [ -96.13098, 32.152954 ], [ -96.128111, 32.154326 ], [ -96.125954, 32.154657 ], [ -96.122781, 32.156025 ], [ -96.120556, 32.156743 ], [ -96.119099, 32.157864 ], [ -96.117734, 32.1599 ], [ -96.115693, 32.160915 ], [ -96.11366, 32.160901 ], [ -96.112857, 32.160321 ], [ -96.112675, 32.156784 ], [ -96.110505, 32.155844 ], [ -96.107413, 32.153828 ], [ -96.104429, 32.152656 ], [ -96.102974, 32.150554 ], [ -96.102549, 32.148134 ], [ -96.102712, 32.145086 ], [ -96.102421, 32.142269 ], [ -96.104105, 32.138477 ], [ -96.105977, 32.135242 ], [ -96.10881, 32.133872 ], [ -96.111564, 32.131976 ], [ -96.113786, 32.128778 ], [ -96.114699, 32.126487 ], [ -96.114147, 32.124315 ], [ -96.114342, 32.120119 ], [ -96.113114, 32.117474 ], [ -96.11153, 32.115803 ], [ -96.116066, 32.106963 ], [ -96.117196, 32.104053 ], [ -96.117438, 32.099294 ], [ -96.117965, 32.098197 ], [ -96.117827, 32.094977 ], [ -96.116241, 32.093521 ], [ -96.114382, 32.091046 ], [ -96.111735, 32.090527 ], [ -96.108757, 32.085504 ], [ -96.108004, 32.083602 ], [ -96.108063, 32.081212 ], [ -96.109205, 32.077111 ], [ -96.108199, 32.076037 ], [ -96.105364, 32.075337 ], [ -96.101092, 32.07716 ], [ -96.100285, 32.077772 ], [ -96.099464, 32.081277 ], [ -96.098505, 32.08168 ], [ -96.09537, 32.080684 ], [ -96.092134, 32.081895 ], [ -96.085992, 32.081736 ], [ -96.084851, 32.081362 ], [ -96.081578, 32.081479 ], [ -96.07774, 32.082839 ], [ -96.072126, 32.083878 ], [ -96.069346, 32.085346 ], [ -96.067209, 32.085986 ], [ -96.06601, 32.085812 ], [ -96.064523, 32.08251 ], [ -96.063021, 32.08086 ], [ -96.062524, 32.077754 ], [ -96.06338, 32.07667 ], [ -96.065059, 32.076538 ], [ -96.06664, 32.077297 ], [ -96.069534, 32.0765 ], [ -96.070245, 32.074763 ], [ -96.069237, 32.072947 ], [ -96.0668, 32.071421 ], [ -96.068816, 32.067379 ], [ -96.068602, 32.066399 ], [ -96.064655, 32.065412 ], [ -96.062449, 32.062939 ], [ -96.062372, 32.061916 ], [ -96.066545, 32.060041 ], [ -96.066808, 32.05844 ], [ -96.065987, 32.055146 ], [ -96.064288, 32.052354 ], [ -96.064003, 32.051081 ], [ -96.06575, 32.049571 ], [ -96.066102, 32.047893 ], [ -96.065004, 32.046342 ], [ -96.064647, 32.044444 ], [ -96.065588, 32.042379 ], [ -96.066462, 32.037757 ], [ -96.065416, 32.03571 ], [ -96.063941, 32.034476 ], [ -96.063448, 32.03292 ], [ -96.06219, 32.031397 ], [ -96.06353, 32.029192 ], [ -96.063156, 32.027539 ], [ -96.061579, 32.024996 ], [ -96.05876, 32.022655 ], [ -96.057606, 32.020625 ], [ -96.05626, 32.019759 ], [ -96.05284, 32.018605 ], [ -96.050758, 32.01678 ], [ -96.051062, 32.016038 ], [ -96.05251, 32.015501 ], [ -96.05407, 32.015816 ], [ -96.055573, 32.014606 ], [ -96.05478, 32.012526 ], [ -96.120491, 31.980805 ], [ -96.153581, 31.96475 ], [ -96.248657, 31.918424 ], [ -96.302146, 31.892304 ], [ -96.302738, 31.892076 ], [ -96.322849, 31.882226 ], [ -96.333058, 31.877243 ], [ -96.335699, 31.875965 ], [ -96.337171, 31.875162 ], [ -96.339492, 31.874072 ], [ -96.339683, 31.873983 ], [ -96.340177, 31.873736 ], [ -96.343493, 31.872071 ], [ -96.351257, 31.868174 ], [ -96.377915, 31.854857 ], [ -96.454629, 31.816965 ], [ -96.454908, 31.816828 ], [ -96.455171, 31.816697 ], [ -96.495293, 31.79691 ], [ -96.496713, 31.796191 ], [ -96.500261, 31.796698 ], [ -96.539356, 31.800009 ], [ -96.554122, 31.80122 ], [ -96.576072, 31.803046 ], [ -96.712331, 31.814323 ], [ -96.719114, 31.814887 ], [ -96.720278, 31.816585 ], [ -96.738111, 31.842588 ], [ -96.788507, 31.915943 ], [ -96.791801, 31.920209 ], [ -96.794978, 31.925118 ], [ -96.796353, 31.927216 ], [ -96.79918, 31.931363 ], [ -96.808055, 31.94415 ], [ -96.811718, 31.949636 ], [ -96.826679, 31.971247 ], [ -96.828158, 31.973421 ], [ -96.828244, 31.973545 ], [ -96.830525, 31.976849 ], [ -96.833288, 31.980849 ], [ -96.838465, 31.988328 ], [ -96.849974, 32.005384 ], [ -96.853118, 32.010046 ], [ -96.862751, 32.024375 ], [ -96.896209, 32.073977 ], [ -96.930318, 32.057178 ], [ -96.940656, 32.052087 ], [ -96.941846, 32.053821 ], [ -96.95602, 32.074459 ], [ -96.962166, 32.083433 ], [ -96.962626, 32.083931 ], [ -96.998989, 32.136866 ], [ -97.0139, 32.158965 ], [ -97.050794, 32.213673 ], [ -97.056379, 32.222012 ], [ -97.087043, 32.266824 ], [ -97.08705, 32.265255 ], [ -97.133407, 32.254699 ], [ -97.147433, 32.252257 ], [ -97.151434, 32.251883 ], [ -97.160772, 32.250427 ], [ -97.181851, 32.245899 ], [ -97.182242, 32.245815 ], [ -97.243201, 32.232657 ], [ -97.270479, 32.226774 ], [ -97.274398, 32.22593 ], [ -97.279189, 32.224897 ], [ -97.30251, 32.219876 ], [ -97.357401, 32.208061 ], [ -97.365493, 32.206321 ], [ -97.377978, 32.203609 ], [ -97.383653, 32.202342 ], [ -97.475985, 32.181679 ], [ -97.471811, 32.17552 ], [ -97.476086, 32.17346 ], [ -97.483387, 32.172432 ], [ -97.486632, 32.171543 ], [ -97.489008, 32.169943 ], [ -97.49277, 32.165707 ], [ -97.49448, 32.164628 ], [ -97.502986, 32.162768 ], [ -97.508545, 32.163393 ], [ -97.510495, 32.162783 ], [ -97.512139, 32.161415 ], [ -97.513068, 32.159467 ], [ -97.513768, 32.155614 ], [ -97.513456, 32.15258 ], [ -97.512196, 32.146667 ], [ -97.511001, 32.143856 ], [ -97.508311, 32.140604 ], [ -97.508158, 32.138438 ], [ -97.509633, 32.136139 ], [ -97.512488, 32.134219 ], [ -97.515719, 32.133765 ], [ -97.521813, 32.13476 ], [ -97.537699, 32.140499 ], [ -97.541499, 32.142492 ], [ -97.54957, 32.147457 ], [ -97.552025, 32.148742 ], [ -97.55455, 32.149569 ], [ -97.558473, 32.149221 ], [ -97.566588, 32.149931 ], [ -97.568318, 32.150244 ], [ -97.569677, 32.151285 ], [ -97.570682, 32.153858 ], [ -97.569681, 32.155745 ], [ -97.56496, 32.160559 ], [ -97.564644, 32.161676 ], [ -97.5648, 32.162778 ], [ -97.567383, 32.165341 ], [ -97.56808, 32.167801 ], [ -97.567479, 32.172686 ], [ -97.567691, 32.175012 ], [ -97.56917, 32.177562 ], [ -97.570421, 32.178551 ], [ -97.573395, 32.180315 ], [ -97.575947, 32.181024 ], [ -97.578628, 32.180771 ], [ -97.585488, 32.178092 ], [ -97.591185, 32.175092 ], [ -97.592931, 32.174374 ], [ -97.595939, 32.173966 ], [ -97.597723, 32.174137 ], [ -97.60168, 32.17567 ], [ -97.60257, 32.17763 ], [ -97.60158, 32.17991 ], [ -97.599208, 32.18147 ], [ -97.596544, 32.182472 ], [ -97.59223, 32.1848 ], [ -97.5909, 32.18615 ], [ -97.58989, 32.18848 ], [ -97.589759, 32.193161 ], [ -97.590189, 32.19511 ], [ -97.59262, 32.19998 ], [ -97.595152, 32.202341 ], [ -97.59826, 32.20393 ], [ -97.59984, 32.204201 ], [ -97.605624, 32.204155 ], [ -97.609508, 32.204164 ], [ -97.615087, 32.203491 ], [ -97.61533, 32.2501 ], [ -97.615558, 32.281415 ], [ -97.61572, 32.318617 ], [ -97.615222, 32.318674 ], [ -97.615299, 32.346992 ], [ -97.615295, 32.347721 ], [ -97.615319, 32.349729 ], [ -97.615423, 32.36208 ], [ -97.615424, 32.362498 ], [ -97.615772, 32.399462 ], [ -97.615867, 32.405705 ], [ -97.616292, 32.427373 ], [ -97.616584, 32.441001 ], [ -97.617053, 32.471091 ], [ -97.616261, 32.479318 ], [ -97.615888, 32.490523 ], [ -97.616164, 32.506086 ], [ -97.616613, 32.520216 ], [ -97.616616, 32.520471 ], [ -97.616865, 32.531962 ], [ -97.616867, 32.533705 ], [ -97.616906, 32.537514 ], [ -97.616933, 32.539972 ], [ -97.617005, 32.555484 ], [ -97.606587, 32.55541 ], [ -97.606134, 32.555399 ], [ -97.605579, 32.555383 ], [ -97.584915, 32.555297 ], [ -97.583863, 32.555297 ], [ -97.571613, 32.555351 ], [ -97.550582, 32.555391 ], [ -97.503424, 32.555439 ], [ -97.472478, 32.555028 ], [ -97.471318, 32.555002 ], [ -97.425023, 32.554023 ], [ -97.412777, 32.553846 ], [ -97.399128, 32.553548 ], [ -97.396327, 32.553659 ], [ -97.370554, 32.553427 ], [ -97.364575, 32.553417 ], [ -97.364373, 32.553415 ], [ -97.363813, 32.553411 ], [ -97.363547, 32.553416 ], [ -97.353272, 32.553296 ], [ -97.351983, 32.553271 ], [ -97.349106, 32.553049 ], [ -97.346096, 32.552917 ], [ -97.336528, 32.552975 ], [ -97.319489, 32.55269 ], [ -97.314057, 32.552628 ], [ -97.313984, 32.552627 ], [ -97.304356, 32.552508 ], [ -97.287891, 32.552315 ], [ -97.278328, 32.552188 ], [ -97.260761, 32.551953 ], [ -97.260456, 32.551945 ], [ -97.237643, 32.551581 ], [ -97.237127, 32.551567 ], [ -97.232799, 32.551484 ], [ -97.205567, 32.551076 ], [ -97.186273, 32.551101 ], [ -97.17704, 32.550646 ], [ -97.167753, 32.550488 ], [ -97.129896, 32.549808 ], [ -97.129034, 32.549832 ], [ -97.109331, 32.549608 ], [ -97.099624, 32.549789 ], [ -97.087055, 32.549296 ], [ -97.08509, 32.549239 ], [ -97.066917, 32.549015 ], [ -97.065179, 32.548994 ], [ -97.052717, 32.54884 ], [ -97.049831, 32.548804 ], [ -97.044529, 32.54874 ], [ -97.038685, 32.548666 ], [ -97.038523, 32.559998 ], [ -97.038405, 32.566768 ], [ -97.038291, 32.573359 ], [ -97.038067, 32.586288 ], [ -97.037623, 32.612774 ], [ -97.037455, 32.622841 ], [ -97.03721, 32.638371 ], [ -97.037072, 32.645436 ], [ -97.037063, 32.645873 ], [ -97.036907, 32.655158 ], [ -97.036824, 32.659489 ], [ -97.03674, 32.666274 ], [ -97.036579, 32.675912 ], [ -97.036574, 32.676206 ], [ -97.036443, 32.684083 ], [ -97.036327, 32.691321 ], [ -97.036295, 32.693227 ], [ -97.036077, 32.706125 ], [ -97.035996, 32.711097 ], [ -97.03584, 32.720598 ], [ -97.035752, 32.725956 ], [ -97.035528, 32.739128 ], [ -97.035522, 32.739451 ], [ -97.035518, 32.739709 ], [ -97.035191, 32.757098 ], [ -97.035167, 32.759368 ], [ -97.035171, 32.759693 ], [ -97.035114, 32.765372 ], [ -97.034934, 32.779929 ], [ -97.034771, 32.785027 ], [ -97.034713, 32.788412 ], [ -97.034711, 32.788482 ], [ -97.034405, 32.802937 ], [ -97.034396, 32.803309 ], [ -97.034437, 32.805156 ], [ -97.034233, 32.816662 ], [ -97.034226, 32.816958 ], [ -97.033904, 32.83429 ], [ -97.033862, 32.836508 ], [ -97.03386, 32.83695 ], [ -97.033857, 32.837134 ], [ -97.03384, 32.838532 ], [ -97.033088, 32.87832 ], [ -97.032625, 32.904289 ], [ -97.032334, 32.920167 ], [ -97.032147, 32.930409 ], [ -97.031906, 32.943867 ], [ -97.031817, 32.94885 ], [ -97.031707, 32.955001 ], [ -97.031438, 32.969923 ], [ -97.031385, 32.972835 ], [ -97.031116, 32.984638 ], [ -97.031007, 32.989691 ], [ -97.028339, 32.989614 ], [ -97.025168, 32.989581 ], [ -97.021779, 32.989549 ], [ -97.020777, 32.989542 ], [ -97.019567, 32.989524 ], [ -97.010873, 32.989429 ], [ -96.993401, 32.98932 ], [ -96.993111, 32.989319 ], [ -96.990214, 32.989287 ], [ -96.980069, 32.989203 ], [ -96.975615, 32.989118 ], [ -96.973793, 32.989148 ], [ -96.973588, 32.989145 ], [ -96.966672, 32.989084 ], [ -96.958665, 32.989013 ], [ -96.957708, 32.989001 ], [ -96.942445, 32.9888 ], [ -96.9415, 32.988788 ], [ -96.939882, 32.988822 ], [ -96.939472, 32.988822 ], [ -96.927223, 32.988541 ], [ -96.909997, 32.988346 ], [ -96.900646, 32.98816 ], [ -96.890617, 32.988023 ], [ -96.879454, 32.98788 ], [ -96.875295, 32.98783 ], [ -96.868428, 32.987739 ], [ -96.865951, 32.987709 ], [ -96.855621, 32.987581 ], [ -96.854871, 32.987573 ], [ -96.854693, 32.98757 ], [ -96.850295, 32.987514 ], [ -96.844122, 32.987435 ], [ -96.842198, 32.987411 ], [ -96.838955, 32.98737 ], [ -96.830012, 32.987255 ], [ -96.828519, 32.987236 ], [ -96.822603, 32.98716 ], [ -96.813355, 32.987041 ], [ -96.806762, 32.986957 ], [ -96.805644, 32.986943 ], [ -96.80343, 32.986914 ], [ -96.793816, 32.986791 ], [ -96.784005, 32.986659 ], [ -96.778675, 32.986588 ], [ -96.77474, 32.986537 ], [ -96.768247, 32.986454 ], [ -96.768095, 32.986452 ], [ -96.756464, 32.986298 ], [ -96.748426, 32.986189 ], [ -96.743561, 32.986123 ], [ -96.73798, 32.986045 ], [ -96.728059, 32.985913 ], [ -96.719152, 32.985792 ], [ -96.717047, 32.985765 ], [ -96.711528, 32.985689 ], [ -96.711259, 32.985685 ], [ -96.699773, 32.985377 ], [ -96.699609, 32.98538 ], [ -96.682469, 32.985286 ], [ -96.682292, 32.985285 ], [ -96.678746, 32.985234 ], [ -96.675703, 32.985191 ], [ -96.672163, 32.985141 ], [ -96.669424, 32.985103 ], [ -96.666652, 32.985063 ], [ -96.666184, 32.985056 ], [ -96.66518, 32.985044 ], [ -96.647763, 32.984796 ], [ -96.640872, 32.984699 ], [ -96.629198, 32.984531 ], [ -96.628165, 32.984516 ], [ -96.623501, 32.98445 ], [ -96.622962, 32.98444 ], [ -96.621047, 32.984412 ], [ -96.613367, 32.984309 ], [ -96.608887, 32.984242 ], [ -96.595999, 32.984051 ], [ -96.583796, 32.983867 ], [ -96.583452, 32.983859 ], [ -96.575049, 32.983744 ], [ -96.559263, 32.983508 ], [ -96.558786, 32.983501 ], [ -96.549829, 32.983368 ], [ -96.53894, 32.983203 ], [ -96.535667, 32.983152 ], [ -96.535348, 32.983147 ], [ -96.527975, 32.983034 ], [ -96.521991, 32.982946 ], [ -96.521563, 32.982938 ], [ -96.521535, 32.982912 ], [ -96.521534, 32.982938 ], [ -96.51707, 32.982882 ], [ -96.517011, 32.982862 ], [ -96.513777, 32.982852 ], [ -96.513775, 32.982986 ], [ -96.508495, 32.982843 ], [ -96.50712, 32.982826 ], [ -96.506044, 32.982816 ], [ -96.491399, 32.982692 ], [ -96.489673, 32.982685 ], [ -96.466739, 32.982467 ], [ -96.46371, 32.982439 ], [ -96.443949, 32.98236 ], [ -96.437988, 32.982104 ], [ -96.43305, 32.982118 ], [ -96.432282, 32.982119 ], [ -96.419145, 32.981994 ], [ -96.419114, 32.982252 ], [ -96.413342, 32.982206 ], [ -96.413341, 32.981955 ], [ -96.409474, 32.981941 ], [ -96.408618, 32.981932 ], [ -96.406031, 32.98191 ], [ -96.398734, 32.981914 ], [ -96.398079, 32.981915 ], [ -96.396982, 32.981916 ], [ -96.389042, 32.982173 ], [ -96.385468, 32.982156 ], [ -96.370728, 32.982084 ], [ -96.361592, 32.982049 ], [ -96.357471, 32.98203 ], [ -96.341873, 32.98196 ], [ -96.323513, 32.981668 ], [ -96.323077, 32.98149 ], [ -96.322703, 32.981842 ], [ -96.322149, 32.981667 ], [ -96.303215, 32.981552 ], [ -96.297227, 32.981752 ], [ -96.297027, 32.98871 ], [ -96.297012, 32.989224 ], [ -96.296976, 32.995821 ], [ -96.29674, 33.004829 ], [ -96.296759, 33.011935 ], [ -96.296718, 33.02669 ], [ -96.296453, 33.061668 ], [ -96.296449, 33.064832 ], [ -96.296199, 33.075403 ], [ -96.296183, 33.0974 ], [ -96.296157, 33.100481 ], [ -96.295917, 33.140335 ], [ -96.295814, 33.154108 ], [ -96.295766, 33.156617 ], [ -96.295478, 33.187525 ], [ -96.295466, 33.191091 ], [ -96.295291, 33.208301 ], [ -96.295233, 33.210069 ], [ -96.295228, 33.210206 ], [ -96.295223, 33.210317 ], [ -96.295298, 33.242865 ], [ -96.29507, 33.244486 ], [ -96.295248, 33.269923 ], [ -96.295276, 33.285418 ], [ -96.295306, 33.292121 ], [ -96.295312, 33.293442 ], [ -96.295314, 33.294452 ], [ -96.295352, 33.31331 ], [ -96.295413, 33.351936 ], [ -96.25188, 33.357566 ], [ -96.228406, 33.360867 ], [ -96.206245, 33.363785 ], [ -96.166123, 33.369073 ], [ -96.157309, 33.370233 ], [ -96.068764, 33.382019 ], [ -96.061982, 33.382922 ], [ -96.01208, 33.389552 ], [ -96.008178, 33.390042 ], [ -95.991954, 33.392066 ], [ -95.939327, 33.398981 ], [ -95.938938, 33.399033 ], [ -95.858723, 33.40953 ], [ -95.859115, 33.377901 ], [ -95.859224, 33.364447 ], [ -95.859281, 33.358511 ], [ -95.85968, 33.353217 ], [ -95.860164, 33.333332 ], [ -95.861364, 33.278621 ], [ -95.861387, 33.272771 ], [ -95.86168, 33.228116 ], [ -95.861778, 33.21933 ], [ -95.862261, 33.178651 ], [ -95.862513, 33.154173 ], [ -95.862773, 33.129663 ], [ -95.862775, 33.129455 ], [ -95.863021, 33.065092 ], [ -95.863326, 33.049892 ], [ -95.863129, 32.999712 ], [ -95.862521, 32.979571 ], [ -95.871835, 32.979382 ], [ -95.896895, 32.979594 ], [ -95.898203, 32.979796 ], [ -95.92355, 32.979796 ], [ -95.925181, 32.979805 ], [ -95.94019, 32.980006 ], [ -95.9453, 32.979877 ], [ -95.966078, 32.920725 ], [ -95.967347, 32.917058 ], [ -95.968057, 32.914946 ], [ -95.968131, 32.914655 ], [ -95.968411, 32.913556 ], [ -95.970436, 32.907908 ], [ -95.972534, 32.902081 ], [ -95.972119, 32.900731 ], [ -95.973744, 32.899863 ], [ -95.972662, 32.899092 ], [ -95.973494, 32.897652 ], [ -95.974561, 32.897607 ], [ -95.97452, 32.895289 ], [ -95.977372, 32.893783 ], [ -95.977501, 32.892473 ], [ -95.976427, 32.89159 ], [ -95.97737, 32.891029 ], [ -95.976813, 32.889694 ], [ -95.977365, 32.887521 ], [ -95.978133, 32.886237 ], [ -95.979739, 32.886491 ], [ -95.982932, 32.885427 ], [ -95.983335, 32.884542 ], [ -95.9828, 32.881808 ], [ -95.986073, 32.880436 ], [ -95.98664, 32.879621 ], [ -95.986106, 32.877511 ], [ -95.987259, 32.876415 ], [ -95.986282, 32.875121 ], [ -95.9866, 32.873064 ], [ -95.984859, 32.87228 ], [ -95.982284, 32.869515 ], [ -95.980112, 32.868671 ], [ -95.980396, 32.867379 ], [ -95.978089, 32.865018 ], [ -95.974772, 32.862761 ], [ -95.974181, 32.861722 ], [ -95.971103, 32.860571 ], [ -95.970977, 32.858491 ], [ -95.968025, 32.857808 ], [ -95.968642, 32.856032 ], [ -95.966298, 32.854155 ], [ -95.96385, 32.854101 ], [ -95.961735, 32.852707 ], [ -95.961248, 32.851425 ], [ -95.958486, 32.850451 ], [ -95.958674, 32.848216 ], [ -95.957892, 32.846044 ], [ -95.956777, 32.845207 ], [ -95.955939, 32.844942 ], [ -95.952587, 32.845987 ], [ -95.951453, 32.84485 ], [ -95.95012, 32.845246 ], [ -95.949032, 32.842416 ], [ -95.946814, 32.843266 ], [ -95.947301, 32.844797 ], [ -95.944074, 32.845188 ], [ -95.942997, 32.843826 ], [ -95.943653, 32.842542 ], [ -95.943081, 32.84134 ], [ -95.941225, 32.842714 ], [ -95.9415, 32.84131 ], [ -95.939815, 32.841431 ], [ -95.938102, 32.842968 ], [ -95.937301, 32.841064 ], [ -95.934939, 32.840339 ], [ -95.935328, 32.838047 ], [ -95.934433, 32.837217 ], [ -95.977795, 32.837606 ], [ -95.978877, 32.837729 ], [ -96.028939, 32.838167 ], [ -96.076801, 32.838489 ], [ -96.07662, 32.837024 ], [ -96.076619, 32.823653 ], [ -96.076504, 32.794773 ], [ -96.076425, 32.770049 ], [ -96.076172, 32.712802 ], [ -96.075921, 32.650658 ], [ -96.075905, 32.590984 ], [ -96.075808, 32.565672 ], [ -96.075799, 32.563623 ], [ -96.075729, 32.548585 ], [ -96.075708, 32.547542 ], [ -96.075537, 32.506887 ], [ -96.075965, 32.500089 ], [ -96.075912, 32.4797 ], [ -96.075856, 32.432769 ], [ -96.075809, 32.39373 ], [ -96.075807, 32.39158 ], [ -96.075807, 32.391433 ], [ -96.075807, 32.391256 ], [ -96.075803, 32.386854 ], [ -96.075802, 32.386201 ], [ -96.075797, 32.38109 ], [ -96.075852, 32.368874 ], [ -96.075852, 32.368684 ], [ -96.075871, 32.364161 ], [ -96.075899, 32.357505 ], [ -96.085377, 32.357563 ], [ -96.085701, 32.357549 ], [ -96.087552, 32.357549 ], [ -96.092769, 32.357551 ], [ -96.097943, 32.35749 ], [ -96.10389, 32.357543 ], [ -96.105405, 32.357545 ], [ -96.115223, 32.357572 ], [ -96.144858, 32.357827 ], [ -96.150546, 32.357849 ], [ -96.155313, 32.357905 ], [ -96.167668, 32.357996 ], [ -96.195616, 32.358197 ], [ -96.195748, 32.35532 ], [ -96.196928, 32.35481 ], [ -96.20745, 32.355079 ], [ -96.215014, 32.35503 ], [ -96.231509, 32.354709 ], [ -96.238909, 32.354912 ], [ -96.239274, 32.354848 ], [ -96.2394, 32.354849 ], [ -96.2409, 32.354858 ], [ -96.249739, 32.354993 ], [ -96.249701, 32.358716 ], [ -96.330324, 32.358849 ], [ -96.450802, 32.35855 ], [ -96.452372, 32.358659 ], [ -96.453664, 32.357182 ], [ -96.450469, 32.354783 ], [ -96.448437, 32.354495 ], [ -96.449264, 32.353009 ], [ -96.449312, 32.350957 ], [ -96.450527, 32.350937 ], [ -96.453082, 32.352849 ], [ -96.454555, 32.35232 ], [ -96.453882, 32.348844 ], [ -96.45202, 32.347639 ], [ -96.452043, 32.345375 ], [ -96.450997, 32.344409 ], [ -96.449104, 32.344497 ], [ -96.447128, 32.345753 ], [ -96.443784, 32.346336 ], [ -96.440946, 32.34596 ], [ -96.44177, 32.344349 ], [ -96.440752, 32.343777 ], [ -96.439307, 32.345478 ], [ -96.43733, 32.345886 ], [ -96.436293, 32.345413 ], [ -96.437108, 32.342399 ], [ -96.436919, 32.34136 ], [ -96.433833, 32.340739 ], [ -96.432871, 32.339259 ], [ -96.430525, 32.339365 ], [ -96.430279, 32.33844 ], [ -96.431399, 32.337229 ], [ -96.431045, 32.333383 ], [ -96.430226, 32.332211 ], [ -96.429131, 32.332237 ], [ -96.427772, 32.333742 ], [ -96.426226, 32.334423 ], [ -96.426273, 32.336011 ], [ -96.425216, 32.336172 ], [ -96.423764, 32.335319 ], [ -96.423259, 32.333239 ], [ -96.42164, 32.332322 ], [ -96.420013, 32.33261 ], [ -96.420389, 32.33484 ], [ -96.417533, 32.335536 ], [ -96.416442, 32.335017 ], [ -96.415677, 32.33305 ], [ -96.412136, 32.332735 ], [ -96.410886, 32.331911 ], [ -96.408118, 32.328502 ], [ -96.406948, 32.32788 ], [ -96.404928, 32.327786 ], [ -96.403368, 32.328668 ], [ -96.400411, 32.328803 ], [ -96.396563, 32.33083 ], [ -96.394234, 32.332684 ], [ -96.390805, 32.33386 ], [ -96.38821, 32.332718 ], [ -96.385201, 32.331959 ], [ -96.38291, 32.328929 ], [ -96.381298, 32.327513 ], [ -96.374721, 32.324884 ] ] ] } },
{ "type": "Feature", "properties": { "FederalDivisionName": "Fort Worth", "FederalJudicialDistrict": "Northern" }, "geometry": { "type": "Polygon", "coordinates": [ [ [ -98.835607, 32.120244 ], [ -98.824767, 32.125051 ], [ -98.787552, 32.142965 ], [ -98.781578, 32.145884 ], [ -98.756302, 32.158235 ], [ -98.750333, 32.161508 ], [ -98.711206, 32.180116 ], [ -98.70255, 32.184241 ], [ -98.660238, 32.204451 ], [ -98.625331, 32.223054 ], [ -98.622177, 32.224514 ], [ -98.588784, 32.241779 ], [ -98.585519, 32.243327 ], [ -98.555, 32.259537 ], [ -98.551158, 32.261436 ], [ -98.53768, 32.268083 ], [ -98.534527, 32.269639 ], [ -98.520887, 32.2764 ], [ -98.500329, 32.286627 ], [ -98.474685, 32.299084 ], [ -98.475039, 32.348111 ], [ -98.475232, 32.373379 ], [ -98.47554, 32.376289 ], [ -98.475372, 32.388087 ], [ -98.475202, 32.392833 ], [ -98.475326, 32.408208 ], [ -98.475235, 32.459884 ], [ -98.475125, 32.460167 ], [ -98.475177, 32.513039 ], [ -98.495775, 32.513026 ], [ -98.500409, 32.513388 ], [ -98.572498, 32.515261 ], [ -98.576256, 32.515163 ], [ -98.576131, 32.572477 ], [ -98.575997, 32.623995 ], [ -98.576028, 32.679935 ], [ -98.576023, 32.733834 ], [ -98.57585, 32.75113 ], [ -98.575669, 32.857295 ], [ -98.575698, 32.880871 ], [ -98.575616, 32.954349 ], [ -98.521092, 32.953643 ], [ -98.519031, 32.953711 ], [ -98.427211, 32.9523 ], [ -98.427153, 32.989282 ], [ -98.426633, 33.00343 ], [ -98.426553, 33.007913 ], [ -98.425422, 33.088589 ], [ -98.424381, 33.155769 ], [ -98.42351, 33.18814 ], [ -98.422423, 33.22299 ], [ -98.420911, 33.29791 ], [ -98.420826, 33.362957 ], [ -98.420818, 33.369145 ], [ -98.420436, 33.375104 ], [ -98.420666, 33.396195 ], [ -98.421241, 33.450961 ], [ -98.421419, 33.466797 ], [ -98.297325, 33.466363 ], [ -98.24911, 33.466371 ], [ -98.214811, 33.466288 ], [ -98.196998, 33.466307 ], [ -98.172493, 33.466274 ], [ -98.050718, 33.466704 ], [ -98.045184, 33.466731 ], [ -97.978919, 33.467129 ], [ -97.978926, 33.463064 ], [ -97.978967, 33.433748 ], [ -97.918189, 33.433873 ], [ -97.879951, 33.43399 ], [ -97.839872, 33.433804 ], [ -97.831749, 33.433819 ], [ -97.817602, 33.433829 ], [ -97.798335, 33.433806 ], [ -97.793433, 33.433846 ], [ -97.760439, 33.433913 ], [ -97.759532, 33.43397 ], [ -97.747526, 33.433914 ], [ -97.610023, 33.434011 ], [ -97.582231, 33.433993 ], [ -97.502096, 33.433937 ], [ -97.487065, 33.433681 ], [ -97.481162, 33.433766 ], [ -97.480043, 33.433632 ], [ -97.383015, 33.43289 ], [ -97.383095, 33.43045 ], [ -97.383919, 33.404823 ], [ -97.384304, 33.404206 ], [ -97.384617, 33.396273 ], [ -97.385786, 33.364797 ], [ -97.385666, 33.362896 ], [ -97.386073, 33.35366 ], [ -97.388064, 33.307752 ], [ -97.388271, 33.294984 ], [ -97.389096, 33.277537 ], [ -97.389971, 33.260514 ], [ -97.390819, 33.246106 ], [ -97.390828, 33.245787 ], [ -97.390937, 33.242039 ], [ -97.391606, 33.218935 ], [ -97.391644, 33.21732 ], [ -97.391927, 33.207746 ], [ -97.393595, 33.153224 ], [ -97.393859, 33.143767 ], [ -97.393997, 33.139 ], [ -97.394207, 33.13177 ], [ -97.394514, 33.120707 ], [ -97.394735, 33.11299 ], [ -97.394972, 33.105706 ], [ -97.395238, 33.098275 ], [ -97.395479, 33.090945 ], [ -97.395594, 33.086818 ], [ -97.395612, 33.086202 ], [ -97.395783, 33.080372 ], [ -97.396223, 33.066681 ], [ -97.397155, 33.036517 ], [ -97.397919, 33.013242 ], [ -97.398265, 32.999963 ], [ -97.398459, 32.991732 ], [ -97.397209, 32.991724 ], [ -97.397051, 32.991723 ], [ -97.371853, 32.991615 ], [ -97.327762, 32.991418 ], [ -97.327048, 32.991415 ], [ -97.321019, 32.991388 ], [ -97.299651, 32.991282 ], [ -97.299329, 32.991282 ], [ -97.294743, 32.991262 ], [ -97.291165, 32.991243 ], [ -97.291142, 32.991243 ], [ -97.288777, 32.991232 ], [ -97.262795, 32.991096 ], [ -97.259912, 32.991082 ], [ -97.254164, 32.991052 ], [ -97.23525, 32.990954 ], [ -97.234529, 32.990949 ], [ -97.228762, 32.990919 ], [ -97.210339, 32.990815 ], [ -97.185457, 32.990677 ], [ -97.184356, 32.99067 ], [ -97.18381, 32.990667 ], [ -97.169189, 32.990576 ], [ -97.167259, 32.990564 ], [ -97.13758, 32.990377 ], [ -97.130244, 32.990335 ], [ -97.124143, 32.990296 ], [ -97.108161, 32.990197 ], [ -97.088162, 32.990073 ], [ -97.08645, 32.990061 ], [ -97.076604, 32.990001 ], [ -97.071136, 32.989965 ], [ -97.0618, 32.989904 ], [ -97.045477, 32.989792 ], [ -97.031007, 32.989691 ], [ -97.031116, 32.984638 ], [ -97.031385, 32.972835 ], [ -97.031438, 32.969923 ], [ -97.031707, 32.955001 ], [ -97.031817, 32.94885 ], [ -97.031906, 32.943867 ], [ -97.032147, 32.930409 ], [ -97.032334, 32.920167 ], [ -97.032625, 32.904289 ], [ -97.033088, 32.87832 ], [ -97.03384, 32.838532 ], [ -97.033857, 32.837134 ], [ -97.03386, 32.83695 ], [ -97.033862, 32.836508 ], [ -97.033904, 32.83429 ], [ -97.034226, 32.816958 ], [ -97.034233, 32.816662 ], [ -97.034437, 32.805156 ], [ -97.034396, 32.803309 ], [ -97.034405, 32.802937 ], [ -97.034711, 32.788482 ], [ -97.034713, 32.788412 ], [ -97.034771, 32.785027 ], [ -97.034934, 32.779929 ], [ -97.035114, 32.765372 ], [ -97.035171, 32.759693 ], [ -97.035167, 32.759368 ], [ -97.035191, 32.757098 ], [ -97.035518, 32.739709 ], [ -97.035522, 32.739451 ], [ -97.035528, 32.739128 ], [ -97.035752, 32.725956 ], [ -97.03584, 32.720598 ], [ -97.035996, 32.711097 ], [ -97.036077, 32.706125 ], [ -97.036295, 32.693227 ], [ -97.036327, 32.691321 ], [ -97.036443, 32.684083 ], [ -97.036574, 32.676206 ], [ -97.036579, 32.675912 ], [ -97.03674, 32.666274 ], [ -97.036824, 32.659489 ], [ -97.036907, 32.655158 ], [ -97.037063, 32.645873 ], [ -97.037072, 32.645436 ], [ -97.03721, 32.638371 ], [ -97.037455, 32.622841 ], [ -97.037623, 32.612774 ], [ -97.038067, 32.586288 ], [ -97.038291, 32.573359 ], [ -97.038405, 32.566768 ], [ -97.038523, 32.559998 ], [ -97.038685, 32.548666 ], [ -97.044529, 32.54874 ], [ -97.049831, 32.548804 ], [ -97.052717, 32.54884 ], [ -97.065179, 32.548994 ], [ -97.066917, 32.549015 ], [ -97.08509, 32.549239 ], [ -97.087055, 32.549296 ], [ -97.099624, 32.549789 ], [ -97.109331, 32.549608 ], [ -97.129034, 32.549832 ], [ -97.129896, 32.549808 ], [ -97.167753, 32.550488 ], [ -97.17704, 32.550646 ], [ -97.186273, 32.551101 ], [ -97.205567, 32.551076 ], [ -97.232799, 32.551484 ], [ -97.237127, 32.551567 ], [ -97.237643, 32.551581 ], [ -97.260456, 32.551945 ], [ -97.260761, 32.551953 ], [ -97.278328, 32.552188 ], [ -97.287891, 32.552315 ], [ -97.304356, 32.552508 ], [ -97.313984, 32.552627 ], [ -97.314057, 32.552628 ], [ -97.319489, 32.55269 ], [ -97.336528, 32.552975 ], [ -97.346096, 32.552917 ], [ -97.349106, 32.553049 ], [ -97.351983, 32.553271 ], [ -97.353272, 32.553296 ], [ -97.363547, 32.553416 ], [ -97.363813, 32.553411 ], [ -97.364373, 32.553415 ], [ -97.364575, 32.553417 ], [ -97.370554, 32.553427 ], [ -97.396327, 32.553659 ], [ -97.399128, 32.553548 ], [ -97.412777, 32.553846 ], [ -97.425023, 32.554023 ], [ -97.471318, 32.555002 ], [ -97.472478, 32.555028 ], [ -97.503424, 32.555439 ], [ -97.550582, 32.555391 ], [ -97.571613, 32.555351 ], [ -97.583863, 32.555297 ], [ -97.584915, 32.555297 ], [ -97.605579, 32.555383 ], [ -97.606134, 32.555399 ], [ -97.606587, 32.55541 ], [ -97.617005, 32.555484 ], [ -97.616933, 32.539972 ], [ -97.616906, 32.537514 ], [ -97.616867, 32.533705 ], [ -97.616865, 32.531962 ], [ -97.616616, 32.520471 ], [ -97.616613, 32.520216 ], [ -97.616164, 32.506086 ], [ -97.615888, 32.490523 ], [ -97.616261, 32.479318 ], [ -97.617053, 32.471091 ], [ -97.616584, 32.441001 ], [ -97.616292, 32.427373 ], [ -97.615867, 32.405705 ], [ -97.615772, 32.399462 ], [ -97.615424, 32.362498 ], [ -97.615423, 32.36208 ], [ -97.615319, 32.349729 ], [ -97.615295, 32.347721 ], [ -97.615299, 32.346992 ], [ -97.615222, 32.318674 ], [ -97.61572, 32.318617 ], [ -97.684491, 32.317749 ], [ -97.685596, 32.317735 ], [ -97.707796, 32.317352 ], [ -97.708015, 32.317349 ], [ -97.728901, 32.317138 ], [ -97.743724, 32.316936 ], [ -97.78276, 32.316493 ], [ -97.787773, 32.313932 ], [ -97.796191, 32.309643 ], [ -97.806822, 32.304223 ], [ -97.819135, 32.297956 ], [ -97.8356, 32.289631 ], [ -97.858177, 32.278159 ], [ -97.862991, 32.275392 ], [ -97.868907, 32.272506 ], [ -97.880054, 32.266635 ], [ -97.945625, 32.233468 ], [ -97.940474, 32.221738 ], [ -97.91235, 32.171644 ], [ -97.904938, 32.158473 ], [ -97.889535, 32.131067 ], [ -97.889133, 32.130273 ], [ -97.888254, 32.12854 ], [ -97.864997, 32.087628 ], [ -97.864864, 32.087328 ], [ -97.99191, 32.024679 ], [ -98.000683, 32.020279 ], [ -98.005462, 32.017897 ], [ -98.019053, 32.011116 ], [ -98.039789, 32.000929 ], [ -98.039953, 32.00085 ], [ -98.041413, 32.000147 ], [ -98.042239, 31.999915 ], [ -98.043958, 31.999064 ], [ -98.208386, 31.917511 ], [ -98.191438, 31.8927 ], [ -98.180297, 31.876388 ], [ -98.162264, 31.850037 ], [ -98.156568, 31.841713 ], [ -98.240064, 31.798947 ], [ -98.29874, 31.768772 ], [ -98.326071, 31.754515 ], [ -98.447266, 31.692529 ], [ -98.463736, 31.683989 ], [ -98.492802, 31.723608 ], [ -98.499864, 31.723256 ], [ -98.521263, 31.720203 ], [ -98.589161, 31.71175 ], [ -98.618519, 31.707765 ], [ -98.625322, 31.706444 ], [ -98.629282, 31.705914 ], [ -98.629636, 31.705867 ], [ -98.630746, 31.705717 ], [ -98.631409, 31.70563 ], [ -98.645876, 31.703617 ], [ -98.658558, 31.701873 ], [ -98.665255, 31.700951 ], [ -98.668441, 31.700514 ], [ -98.669882, 31.702647 ], [ -98.677702, 31.714227 ], [ -98.678109, 31.71483 ], [ -98.683628, 31.723001 ], [ -98.693122, 31.73706 ], [ -98.701675, 31.749963 ], [ -98.72377, 31.782454 ], [ -98.741179, 31.808085 ], [ -98.750011, 31.821078 ], [ -98.750326, 31.821697 ], [ -98.783377, 31.8704 ], [ -98.786057, 31.875147 ], [ -98.788217, 31.878283 ], [ -98.792619, 31.884675 ], [ -98.801491, 31.897556 ], [ -98.84715, 31.964108 ], [ -98.861361, 31.984853 ], [ -98.9188, 32.069724 ], [ -98.924401, 32.078018 ], [ -98.887067, 32.096004 ], [ -98.847106, 32.115143 ], [ -98.835607, 32.120244 ] ] ] } },
{ "type": "Feature", "properties": { "FederalDivisionName": "Lubbock", "FederalJudicialDistrict": "Northern" }, "geometry": { "type": "Polygon", "coordinates": [ [ [ -103.064569836801994, 32.899883034147699 ], [ -103.064569, 32.900014 ], [ -103.064657, 32.959097 ], [ -103.064679, 32.964373 ], [ -103.064625, 32.999899 ], [ -103.064452, 33.01029 ], [ -103.064216230317001, 33.024477640498901 ], [ -103.063998336845998, 33.037589564763998 ], [ -103.06398, 33.038693 ], [ -103.063905, 33.042055 ], [ -103.063386467328996, 33.066218186051699 ], [ -103.062891682924999, 33.089274722838702 ], [ -103.061784167753004, 33.140883997705899 ], [ -103.061161622041993, 33.169894103857402 ], [ -103.060103, 33.219225 ], [ -103.05972, 33.256262 ], [ -103.059242, 33.260371 ], [ -103.057856, 33.315234 ], [ -103.057487, 33.329477 ], [ -103.056655304752994, 33.388416403174197 ], [ -103.056655, 33.388438 ], [ -103.052610538094001, 33.5705747676868 ], [ -103.05261, 33.570599 ], [ -103.051664, 33.629489 ], [ -103.051363, 33.64195 ], [ -103.051535, 33.650487 ], [ -103.051087, 33.658186 ], [ -103.050532, 33.672408 ], [ -103.050148, 33.701971 ], [ -103.049956532261007, 33.714662829094003 ], [ -103.049608, 33.737766 ], [ -103.049096, 33.74627 ], [ -103.047978426841993, 33.7963404705621 ], [ -103.047346, 33.824675 ], [ -103.046907, 33.8503 ], [ -103.045644, 33.901537 ], [ -103.045698, 33.906299 ], [ -103.044893, 33.945617 ], [ -103.04395, 33.974629 ], [ -103.043617, 34.003633 ], [ -103.043571877651004, 34.011178401257098 ], [ -103.043531, 34.018014 ], [ -103.043555, 34.032714 ], [ -103.043746, 34.037294 ], [ -103.043771, 34.041538 ], [ -103.043721, 34.04232 ], [ -103.043767, 34.043545 ], [ -103.043744, 34.049986 ], [ -103.043686, 34.063078 ], [ -103.043529825066003, 34.078056094885298 ], [ -103.043516, 34.079382 ], [ -103.043569, 34.087947 ], [ -103.043580047453005, 34.112834113618 ], [ -103.043605809335006, 34.170869106621197 ], [ -103.043625133872993, 34.214402396072202 ], [ -103.043644, 34.256903 ], [ -103.043719, 34.289441 ], [ -103.043936, 34.302585 ], [ -103.043936266136001, 34.302648 ], [ -103.043978936987003, 34.312749083575 ], [ -102.905801, 34.312721 ], [ -102.885683, 34.312824 ], [ -102.817056, 34.312832 ], [ -102.750494, 34.312824 ], [ -102.748351, 34.312906 ], [ -102.722317, 34.312927 ], [ -102.61515, 34.312891 ], [ -102.526346, 34.313032 ], [ -102.525631, 34.313034 ], [ -102.500474, 34.313124 ], [ -102.435961, 34.313189 ], [ -102.287153, 34.313124 ], [ -102.234999, 34.313208 ], [ -102.173497, 34.312725 ], [ -102.168765, 34.313095 ], [ -102.163609, 34.312888 ], [ -102.090415, 34.313132 ], [ -102.009091, 34.313092 ], [ -101.99802, 34.313039 ], [ -101.875422, 34.313009 ], [ -101.873919, 34.31311 ], [ -101.846979, 34.313067 ], [ -101.76227, 34.31298 ], [ -101.564856, 34.312493 ], [ -101.500375, 34.312204 ], [ -101.499813, 34.312292 ], [ -101.47158, 34.31229 ], [ -101.274825, 34.31224 ], [ -101.268048, 34.312536 ], [ -101.258921, 34.312235 ], [ -101.223344, 34.312285 ], [ -101.193326, 34.312258 ], [ -101.172535, 34.312237 ], [ -101.171406, 34.312295 ], [ -101.153749, 34.312322 ], [ -101.041484, 34.312444 ], [ -100.963904, 34.312687 ], [ -100.963587, 34.312754 ], [ -100.946132, 34.312759 ], [ -100.769851, 34.313257 ], [ -100.723385, 34.313319 ], [ -100.682694, 34.313391 ], [ -100.672837, 34.313474 ], [ -100.670188, 34.313244 ], [ -100.627316, 34.313392 ], [ -100.625404, 34.313399 ], [ -100.624038, 34.314191 ], [ -100.51734, 34.314102 ], [ -100.517626, 34.250068 ], [ -100.518362, 34.167737 ], [ -100.518164, 34.060695 ], [ -100.517991, 34.060225 ], [ -100.518088, 34.003886 ], [ -100.518691, 33.83565 ], [ -100.517944, 33.570578 ], [ -100.517855, 33.503155 ], [ -100.517579, 33.500085 ], [ -100.517449, 33.397866 ], [ -100.517139, 33.218447 ], [ -100.517108, 33.218254 ], [ -100.517481, 33.181463 ], [ -100.517757, 33.074179 ], [ -100.518257, 33.024607 ], [ -100.518155, 33.0001 ], [ -100.518975, 32.993622 ], [ -100.519208, 32.962926 ], [ -100.592397, 32.962937 ], [ -100.65587, 32.963469 ], [ -100.659061, 32.733756 ], [ -100.659057, 32.733158 ], [ -100.659011, 32.709021 ], [ -100.659104, 32.683253 ], [ -100.660421, 32.615972 ], [ -100.66061, 32.534157 ], [ -100.660612, 32.533268 ], [ -100.660626, 32.525312 ], [ -100.697858, 32.52527 ], [ -100.783395, 32.525427 ], [ -100.800619, 32.525556 ], [ -100.817834, 32.525679 ], [ -100.904192, 32.526449 ], [ -100.922325, 32.526692 ], [ -100.926882, 32.526753 ], [ -100.927061, 32.526753 ], [ -100.937129, 32.526889 ], [ -100.946798, 32.527018 ], [ -100.96935, 32.52732 ], [ -100.985224, 32.527535 ], [ -100.998913, 32.52772 ], [ -101.000395, 32.52786 ], [ -101.034427, 32.527928 ], [ -101.170746, 32.527731 ], [ -101.174562, 32.527703 ], [ -101.174571, 32.524112 ], [ -101.248843, 32.52398 ], [ -101.250402, 32.524098 ], [ -101.328387, 32.52432 ], [ -101.374973, 32.524436 ], [ -101.517447, 32.52491 ], [ -101.607375, 32.524982 ], [ -101.611899, 32.524986 ], [ -101.68874, 32.525222 ], [ -101.711646, 32.52532 ], [ -101.713558, 32.52521 ], [ -101.716726, 32.525128 ], [ -101.717103, 32.525173 ], [ -101.721478, 32.525179 ], [ -101.752487, 32.52517 ], [ -101.753158, 32.525166 ], [ -101.89383, 32.524323 ], [ -102.202703, 32.523271 ], [ -102.211037, 32.523244 ], [ -102.371534, 32.523371 ], [ -102.37544, 32.523109 ], [ -102.473262, 32.522923 ], [ -102.476311, 32.523329 ], [ -102.498863, 32.522985 ], [ -102.613521, 32.523153 ], [ -102.99628, 32.523154 ], [ -103.00047, 32.522875 ], [ -103.064696, 32.522193 ], [ -103.064712043390998, 32.538431379830897 ], [ -103.064725713734006, 32.552267869715898 ], [ -103.064735532948006, 32.562206425458001 ], [ -103.064761, 32.587983 ], [ -103.064788, 32.600397 ], [ -103.064761, 32.601863 ], [ -103.064815, 32.624537 ], [ -103.064633, 32.64642 ], [ -103.064864, 32.682647 ], [ -103.064798, 32.690761 ], [ -103.064799, 32.708694 ], [ -103.064807003376998, 32.713820162719301 ], [ -103.064827, 32.726628 ], [ -103.064826872699001, 32.726950547661403 ], [ -103.064826868943996, 32.726960061517097 ], [ -103.064821217266996, 32.74128 ], [ -103.064807, 32.777303 ], [ -103.064698, 32.783602 ], [ -103.064711, 32.784593 ], [ -103.064707152224997, 32.798360981317899 ], [ -103.064699, 32.827531 ], [ -103.064672, 32.82847 ], [ -103.064889, 32.849359 ], [ -103.064916, 32.85726 ], [ -103.064807, 32.857696 ], [ -103.064862, 32.868346 ], [ -103.064701, 32.879355 ], [ -103.064569836801994, 32.899883034147699 ] ] ] } },
{ "type": "Feature", "properties": { "FederalDivisionName": "San Angelo", "FederalJudicialDistrict": "Northern" }, "geometry": { "type": "Polygon", "coordinates": [ [ [ -100.645401, 30.28817 ], [ -100.700393, 30.288276 ], [ -100.800415, 30.288058 ], [ -100.960643, 30.287776 ], [ -100.972067, 30.287596 ], [ -101.000381, 30.288079 ], [ -101.005154, 30.287333 ], [ -101.071221, 30.287686 ], [ -101.246384, 30.28804 ], [ -101.250016, 30.28825 ], [ -101.375391, 30.288015 ], [ -101.547865, 30.28817 ], [ -101.633028, 30.288047 ], [ -101.64828, 30.288527 ], [ -101.7584, 30.288044 ], [ -101.758381, 30.289685 ], [ -101.752866, 30.295975 ], [ -101.750225, 30.296821 ], [ -101.748902, 30.296522 ], [ -101.747297, 30.297439 ], [ -101.745846, 30.299056 ], [ -101.744509, 30.301277 ], [ -101.744399, 30.303597 ], [ -101.74329, 30.306485 ], [ -101.742921, 30.308981 ], [ -101.740841, 30.312801 ], [ -101.741516, 30.315944 ], [ -101.740206, 30.318977 ], [ -101.741068, 30.319477 ], [ -101.740755, 30.321163 ], [ -101.739366, 30.321946 ], [ -101.737934, 30.323913 ], [ -101.737097, 30.326921 ], [ -101.734495, 30.327134 ], [ -101.732563, 30.327756 ], [ -101.731036, 30.328986 ], [ -101.728474, 30.332045 ], [ -101.724859, 30.332634 ], [ -101.723257, 30.334884 ], [ -101.721612, 30.335038 ], [ -101.718334, 30.337014 ], [ -101.717429, 30.338418 ], [ -101.715404, 30.339822 ], [ -101.712444, 30.339428 ], [ -101.708333, 30.343004 ], [ -101.705331, 30.34358 ], [ -101.704501, 30.344486 ], [ -101.702793, 30.344814 ], [ -101.700606, 30.345928 ], [ -101.694414, 30.346763 ], [ -101.691003, 30.346433 ], [ -101.689283, 30.345438 ], [ -101.688474, 30.34408 ], [ -101.685782, 30.342735 ], [ -101.683998, 30.342401 ], [ -101.682053, 30.341167 ], [ -101.679087, 30.341516 ], [ -101.676418, 30.339979 ], [ -101.669557, 30.339355 ], [ -101.667713, 30.340545 ], [ -101.665741, 30.341117 ], [ -101.662612, 30.340966 ], [ -101.660645, 30.341522 ], [ -101.658886, 30.342622 ], [ -101.659212, 30.343474 ], [ -101.657927, 30.345903 ], [ -101.657945, 30.349557 ], [ -101.658485, 30.352637 ], [ -101.659373, 30.35436 ], [ -101.658105, 30.356684 ], [ -101.658402, 30.357675 ], [ -101.661551, 30.359461 ], [ -101.663378, 30.361499 ], [ -101.666187, 30.36365 ], [ -101.669676, 30.364518 ], [ -101.673271, 30.364815 ], [ -101.674959, 30.366884 ], [ -101.677767, 30.366666 ], [ -101.681007, 30.368254 ], [ -101.68222, 30.367993 ], [ -101.685271, 30.369532 ], [ -101.686534, 30.371534 ], [ -101.688147, 30.372787 ], [ -101.690746, 30.375619 ], [ -101.691051, 30.377681 ], [ -101.693131, 30.378884 ], [ -101.695464, 30.378961 ], [ -101.697644, 30.380773 ], [ -101.698637, 30.382641 ], [ -101.698653, 30.383899 ], [ -101.695966, 30.384124 ], [ -101.695273, 30.384909 ], [ -101.695433, 30.389179 ], [ -101.694458, 30.393294 ], [ -101.695255, 30.395969 ], [ -101.696294, 30.39729 ], [ -101.699259, 30.399136 ], [ -101.700942, 30.401848 ], [ -101.703807, 30.402527 ], [ -101.704945, 30.403661 ], [ -101.709595, 30.405266 ], [ -101.714327, 30.404595 ], [ -101.716093, 30.405053 ], [ -101.71795, 30.406352 ], [ -101.719422, 30.406662 ], [ -101.721657, 30.405706 ], [ -101.723345, 30.405946 ], [ -101.726005, 30.408321 ], [ -101.728322, 30.408152 ], [ -101.729641, 30.408906 ], [ -101.730277, 30.410156 ], [ -101.73221, 30.412064 ], [ -101.735204, 30.414384 ], [ -101.737199, 30.418764 ], [ -101.740165, 30.420584 ], [ -101.740552, 30.421321 ], [ -101.739295, 30.423875 ], [ -101.739291, 30.425155 ], [ -101.737232, 30.428146 ], [ -101.735174, 30.428752 ], [ -101.732751, 30.430105 ], [ -101.730702, 30.43332 ], [ -101.729163, 30.434416 ], [ -101.726499, 30.437662 ], [ -101.724341, 30.439456 ], [ -101.720323, 30.442225 ], [ -101.720047, 30.443129 ], [ -101.721273, 30.44781 ], [ -101.719726, 30.451519 ], [ -101.718896, 30.454462 ], [ -101.719249, 30.455138 ], [ -101.724946, 30.456613 ], [ -101.728851, 30.460046 ], [ -101.730354, 30.459403 ], [ -101.731673, 30.459888 ], [ -101.730655, 30.46153 ], [ -101.730946, 30.462964 ], [ -101.730457, 30.464656 ], [ -101.731846, 30.467339 ], [ -101.729638, 30.469018 ], [ -101.72839, 30.470776 ], [ -101.726535, 30.471042 ], [ -101.725589, 30.471885 ], [ -101.721896, 30.471016 ], [ -101.721303, 30.469516 ], [ -101.718709, 30.466613 ], [ -101.717098, 30.465899 ], [ -101.715098, 30.467105 ], [ -101.713659, 30.464691 ], [ -101.713273, 30.462953 ], [ -101.71225, 30.461523 ], [ -101.709672, 30.459237 ], [ -101.706944, 30.45864 ], [ -101.705508, 30.457485 ], [ -101.700101, 30.457599 ], [ -101.699652, 30.459775 ], [ -101.698235, 30.46168 ], [ -101.697665, 30.463431 ], [ -101.695904, 30.464917 ], [ -101.693767, 30.465367 ], [ -101.69004, 30.466706 ], [ -101.688867, 30.46762 ], [ -101.689443, 30.469814 ], [ -101.689266, 30.471221 ], [ -101.68785, 30.473589 ], [ -101.686824, 30.473684 ], [ -101.690255, 30.477296 ], [ -101.69148, 30.480491 ], [ -101.690323, 30.480948 ], [ -101.690038, 30.48246 ], [ -101.691155, 30.483498 ], [ -101.691047, 30.48532 ], [ -101.691744, 30.487191 ], [ -101.691461, 30.488284 ], [ -101.691825, 30.491418 ], [ -101.690689, 30.492349 ], [ -101.690138, 30.494367 ], [ -101.689154, 30.495606 ], [ -101.685273, 30.495181 ], [ -101.682007, 30.496721 ], [ -101.682215, 30.498232 ], [ -101.681107, 30.498988 ], [ -101.679239, 30.498774 ], [ -101.676964, 30.499449 ], [ -101.675111, 30.501862 ], [ -101.676657, 30.50478 ], [ -101.676559, 30.5078 ], [ -101.676945, 30.508657 ], [ -101.679235, 30.510833 ], [ -101.67982, 30.513594 ], [ -101.679583, 30.515188 ], [ -101.680135, 30.518486 ], [ -101.679284, 30.519709 ], [ -101.679959, 30.521795 ], [ -101.679184, 30.523493 ], [ -101.676921, 30.524616 ], [ -101.673233, 30.524223 ], [ -101.669783, 30.527357 ], [ -101.667598, 30.528024 ], [ -101.668135, 30.529044 ], [ -101.667367, 30.530855 ], [ -101.662258, 30.53328 ], [ -101.661423, 30.534826 ], [ -101.662145, 30.536473 ], [ -101.658591, 30.539136 ], [ -101.657066, 30.539872 ], [ -101.656469, 30.542519 ], [ -101.655132, 30.543693 ], [ -101.653587, 30.546127 ], [ -101.652245, 30.549079 ], [ -101.649708, 30.548731 ], [ -101.647665, 30.549663 ], [ -101.646599, 30.550952 ], [ -101.648179, 30.553567 ], [ -101.648467, 30.556101 ], [ -101.646655, 30.556974 ], [ -101.646245, 30.560763 ], [ -101.648485, 30.563691 ], [ -101.648039, 30.565445 ], [ -101.649027, 30.567706 ], [ -101.651266, 30.568217 ], [ -101.651213, 30.571127 ], [ -101.651922, 30.57296 ], [ -101.653427, 30.574004 ], [ -101.654581, 30.576315 ], [ -101.655642, 30.576476 ], [ -101.656326, 30.577859 ], [ -101.655023, 30.578638 ], [ -101.655827, 30.581926 ], [ -101.656714, 30.583735 ], [ -101.65748, 30.584613 ], [ -101.659696, 30.584596 ], [ -101.661012, 30.585359 ], [ -101.661138, 30.586521 ], [ -101.663509, 30.588727 ], [ -101.662625, 30.590943 ], [ -101.662488, 30.593099 ], [ -101.659792, 30.594391 ], [ -101.65824, 30.596344 ], [ -101.657998, 30.600302 ], [ -101.656276, 30.603627 ], [ -101.656261, 30.604563 ], [ -101.658697, 30.606127 ], [ -101.659179, 30.607965 ], [ -101.657939, 30.609986 ], [ -101.657971, 30.611461 ], [ -101.659817, 30.612651 ], [ -101.659612, 30.613425 ], [ -101.656038, 30.615015 ], [ -101.65582, 30.615474 ], [ -101.658628, 30.615712 ], [ -101.658565, 30.61693 ], [ -101.655032, 30.618678 ], [ -101.654242, 30.619416 ], [ -101.65263, 30.619374 ], [ -101.652446, 30.620471 ], [ -101.654234, 30.62298 ], [ -101.657064, 30.623434 ], [ -101.659864, 30.624772 ], [ -101.661178, 30.626218 ], [ -101.663674, 30.626959 ], [ -101.666427, 30.628972 ], [ -101.666682, 30.632345 ], [ -101.669259, 30.633589 ], [ -101.670563, 30.636543 ], [ -101.669744, 30.637812 ], [ -101.673527, 30.639328 ], [ -101.675907, 30.637456 ], [ -101.681424, 30.637174 ], [ -101.684247, 30.637956 ], [ -101.686697, 30.638119 ], [ -101.689683, 30.639047 ], [ -101.690965, 30.640578 ], [ -101.69201, 30.642915 ], [ -101.692655, 30.645687 ], [ -101.696127, 30.647583 ], [ -101.698511, 30.64855 ], [ -101.699895, 30.648431 ], [ -101.702982, 30.646031 ], [ -101.706074, 30.647726 ], [ -101.706776, 30.647732 ], [ -101.70867, 30.649711 ], [ -101.709223, 30.652688 ], [ -101.710905, 30.65299 ], [ -101.711285, 30.654415 ], [ -101.712065, 30.654643 ], [ -101.714003, 30.652459 ], [ -101.717727, 30.651142 ], [ -101.718854, 30.650358 ], [ -101.721153, 30.651011 ], [ -101.722148, 30.649919 ], [ -101.723609, 30.649896 ], [ -101.724304, 30.650974 ], [ -101.72678, 30.651408 ], [ -101.728526, 30.651228 ], [ -101.730989, 30.652219 ], [ -101.732828, 30.652496 ], [ -101.736784, 30.654048 ], [ -101.739153, 30.652401 ], [ -101.744558, 30.652193 ], [ -101.745294, 30.650771 ], [ -101.747283, 30.650491 ], [ -101.749073, 30.650978 ], [ -101.750433, 30.649691 ], [ -101.752326, 30.649695 ], [ -101.753304, 30.650795 ], [ -101.753996, 30.655545 ], [ -101.755659, 30.657134 ], [ -101.759042, 30.657522 ], [ -101.760671, 30.658323 ], [ -101.762083, 30.65817 ], [ -101.761483, 30.655548 ], [ -101.761764, 30.654167 ], [ -101.762852, 30.654016 ], [ -101.763442, 30.654668 ], [ -101.763182, 30.65666 ], [ -101.764227, 30.657441 ], [ -101.765835, 30.655794 ], [ -101.767976, 30.65467 ], [ -101.76842, 30.653077 ], [ -101.769232, 30.65357 ], [ -101.76965, 30.655938 ], [ -101.768987, 30.657812 ], [ -101.77008, 30.659165 ], [ -101.770624, 30.66287 ], [ -101.770385, 30.664768 ], [ -101.772555, 30.668082 ], [ -101.773846, 30.670731 ], [ -101.773205, 30.67342 ], [ -101.774345, 30.67438 ], [ -101.775586, 30.676518 ], [ -101.775928, 30.678013 ], [ -101.775109, 30.67909 ], [ -101.776131, 30.68137 ], [ -101.778365, 30.683483 ], [ -101.779818, 30.685993 ], [ -101.78139, 30.687381 ], [ -101.785562, 30.687739 ], [ -101.788993, 30.690482 ], [ -101.790472, 30.690304 ], [ -101.791725, 30.690914 ], [ -101.793685, 30.690903 ], [ -101.794555, 30.691834 ], [ -101.793052, 30.693711 ], [ -101.7933, 30.69642 ], [ -101.794404, 30.697252 ], [ -101.796471, 30.696096 ], [ -101.798128, 30.696101 ], [ -101.798549, 30.697004 ], [ -101.801567, 30.696666 ], [ -101.80742, 30.699504 ], [ -101.807302, 30.701085 ], [ -101.808072, 30.702488 ], [ -101.809759, 30.702138 ], [ -101.810107, 30.702852 ], [ -101.808664, 30.703831 ], [ -101.808871, 30.707302 ], [ -101.809424, 30.709724 ], [ -101.8084, 30.711126 ], [ -101.808501, 30.712656 ], [ -101.809443, 30.714299 ], [ -101.809544, 30.716528 ], [ -101.808983, 30.718647 ], [ -101.80755, 30.719468 ], [ -101.807682, 30.721075 ], [ -101.808652, 30.721696 ], [ -101.808615, 30.723635 ], [ -101.807952, 30.725266 ], [ -101.809956, 30.727883 ], [ -101.809714, 30.729226 ], [ -101.811906, 30.73264 ], [ -101.813489, 30.73431 ], [ -101.814046, 30.73596 ], [ -101.813532, 30.736969 ], [ -101.815611, 30.740615 ], [ -101.813813, 30.743192 ], [ -101.814229, 30.744723 ], [ -101.814027, 30.747085 ], [ -101.815368, 30.747668 ], [ -101.81622, 30.749329 ], [ -101.815828, 30.752015 ], [ -101.817579, 30.753619 ], [ -101.819294, 30.753881 ], [ -101.820761, 30.755532 ], [ -101.823245, 30.757332 ], [ -101.824949, 30.75708 ], [ -101.829067, 30.755396 ], [ -101.832944, 30.759204 ], [ -101.832941, 30.758126 ], [ -101.831775, 30.757486 ], [ -101.832766, 30.757004 ], [ -101.834528, 30.757949 ], [ -101.836218, 30.760336 ], [ -101.836889, 30.762168 ], [ -101.838411, 30.763056 ], [ -101.838985, 30.763919 ], [ -101.838631, 30.766796 ], [ -101.836351, 30.767955 ], [ -101.836012, 30.770101 ], [ -101.834861, 30.771281 ], [ -101.834749, 30.774048 ], [ -101.836976, 30.779137 ], [ -101.834952, 30.780288 ], [ -101.835925, 30.781715 ], [ -101.838494, 30.78289 ], [ -101.840106, 30.782579 ], [ -101.839894, 30.785281 ], [ -101.837983, 30.785933 ], [ -101.836534, 30.787192 ], [ -101.836789, 30.788821 ], [ -101.835007, 30.78852 ], [ -101.832785, 30.792087 ], [ -101.832625, 30.793064 ], [ -101.834309, 30.794315 ], [ -101.834573, 30.795739 ], [ -101.833608, 30.798017 ], [ -101.831761, 30.795429 ], [ -101.831334, 30.798606 ], [ -101.831469, 30.80173 ], [ -101.83282, 30.804089 ], [ -101.832409, 30.805421 ], [ -101.83331, 30.805936 ], [ -101.832921, 30.808235 ], [ -101.833354, 30.808908 ], [ -101.834271, 30.807752 ], [ -101.835126, 30.808844 ], [ -101.833617, 30.809648 ], [ -101.834103, 30.811165 ], [ -101.835458, 30.811505 ], [ -101.835136, 30.813795 ], [ -101.837515, 30.814383 ], [ -101.837325, 30.816817 ], [ -101.838409, 30.819317 ], [ -101.839819, 30.81948 ], [ -101.839879, 30.821628 ], [ -101.840774, 30.823002 ], [ -101.84222, 30.823006 ], [ -101.841977, 30.824231 ], [ -101.842808, 30.824987 ], [ -101.845254, 30.824806 ], [ -101.846258, 30.825715 ], [ -101.846028, 30.82749 ], [ -101.847209, 30.828414 ], [ -101.847564, 30.831294 ], [ -101.846907, 30.833242 ], [ -101.847496, 30.83411 ], [ -101.846606, 30.836012 ], [ -101.846682, 30.837359 ], [ -101.845264, 30.83991 ], [ -101.845094, 30.841032 ], [ -101.847036, 30.843797 ], [ -101.850256, 30.845488 ], [ -101.851393, 30.847451 ], [ -101.851512, 30.850365 ], [ -101.852663, 30.851289 ], [ -101.851285, 30.855815 ], [ -101.8498, 30.856591 ], [ -101.851599, 30.857787 ], [ -101.855358, 30.862638 ], [ -101.854641, 30.86309 ], [ -101.855907, 30.864577 ], [ -101.855474, 30.865893 ], [ -101.858124, 30.867941 ], [ -101.857954, 30.870237 ], [ -101.860418, 30.872017 ], [ -101.860262, 30.873872 ], [ -101.861722, 30.874198 ], [ -101.864607, 30.876602 ], [ -101.866261, 30.876146 ], [ -101.868244, 30.876315 ], [ -101.868501, 30.878103 ], [ -101.872785, 30.878777 ], [ -101.873148, 30.880325 ], [ -101.876066, 30.880785 ], [ -101.877366, 30.88155 ], [ -101.87855, 30.883444 ], [ -101.880689, 30.883155 ], [ -101.884, 30.884348 ], [ -101.883354, 30.885792 ], [ -101.886701, 30.885133 ], [ -101.888716, 30.885849 ], [ -101.888493, 30.886735 ], [ -101.891095, 30.890162 ], [ -101.889684, 30.893764 ], [ -101.88885, 30.894653 ], [ -101.887974, 30.897016 ], [ -101.884101, 30.900853 ], [ -101.882797, 30.90287 ], [ -101.883157, 30.903626 ], [ -101.879528, 30.906346 ], [ -101.881458, 30.907551 ], [ -101.881199, 30.90855 ], [ -101.879647, 30.908415 ], [ -101.877665, 30.910134 ], [ -101.875793, 30.90959 ], [ -101.874264, 30.91183 ], [ -101.875704, 30.913511 ], [ -101.875703, 30.915132 ], [ -101.877772, 30.917321 ], [ -101.877641, 30.920096 ], [ -101.879481, 30.922115 ], [ -101.883436, 30.925647 ], [ -101.885431, 30.925266 ], [ -101.888047, 30.925938 ], [ -101.888445, 30.927422 ], [ -101.891255, 30.926942 ], [ -101.893342, 30.928816 ], [ -101.89459, 30.929237 ], [ -101.895991, 30.92878 ], [ -101.898501, 30.929434 ], [ -101.901228, 30.927585 ], [ -101.902732, 30.927336 ], [ -101.907888, 30.928006 ], [ -101.90871, 30.929731 ], [ -101.912609, 30.93136 ], [ -101.913877, 30.934377 ], [ -101.915394, 30.933652 ], [ -101.917418, 30.933956 ], [ -101.919419, 30.935145 ], [ -101.918534, 30.938456 ], [ -101.918801, 30.939424 ], [ -101.917756, 30.940776 ], [ -101.91949, 30.944434 ], [ -101.921017, 30.946405 ], [ -101.923835, 30.947982 ], [ -101.926408, 30.948047 ], [ -101.92837, 30.949902 ], [ -101.929744, 30.950335 ], [ -101.931012, 30.949392 ], [ -101.933239, 30.949595 ], [ -101.93476, 30.950591 ], [ -101.936812, 30.950154 ], [ -101.938142, 30.951129 ], [ -101.937579, 30.952124 ], [ -101.935154, 30.953811 ], [ -101.935065, 30.956248 ], [ -101.93618, 30.957762 ], [ -101.939509, 30.957875 ], [ -101.945152, 30.956605 ], [ -101.948475, 30.957209 ], [ -101.950827, 30.956637 ], [ -101.951886, 30.955676 ], [ -101.954067, 30.958731 ], [ -101.954909, 30.960643 ], [ -101.956663, 30.960813 ], [ -101.956274, 30.962291 ], [ -101.956715, 30.963945 ], [ -101.958316, 30.965461 ], [ -101.961123, 30.970709 ], [ -101.963891, 30.971142 ], [ -101.965939, 30.972631 ], [ -101.967171, 30.975185 ], [ -101.970196, 30.976331 ], [ -101.970493, 30.977806 ], [ -101.973479, 30.980369 ], [ -101.975999, 30.980339 ], [ -101.976319, 30.981805 ], [ -101.978857, 30.982552 ], [ -101.981522, 30.986001 ], [ -101.98364, 30.98717 ], [ -101.987713, 30.987197 ], [ -101.988881, 30.988371 ], [ -101.993026, 30.989337 ], [ -101.995078, 30.988188 ], [ -101.996825, 30.987875 ], [ -101.997831, 30.985392 ], [ -101.998882, 30.984869 ], [ -102.000182, 30.985438 ], [ -102.001527, 30.986885 ], [ -102.003129, 30.985366 ], [ -102.004855, 30.985574 ], [ -102.007263, 30.98398 ], [ -102.006336, 30.981244 ], [ -102.01021, 30.979973 ], [ -102.011115, 30.979335 ], [ -102.013157, 30.98085 ], [ -102.013725, 30.982852 ], [ -102.015284, 30.982909 ], [ -102.017482, 30.983864 ], [ -102.017621, 30.985421 ], [ -102.019159, 30.98656 ], [ -102.020987, 30.986533 ], [ -102.022111, 30.987717 ], [ -102.021984, 30.989302 ], [ -102.022748, 30.990216 ], [ -102.024507, 30.990136 ], [ -102.024952, 30.991298 ], [ -102.0262, 30.991586 ], [ -102.027333, 30.992954 ], [ -102.026183, 30.994976 ], [ -102.026459, 30.99666 ], [ -102.02774, 30.998057 ], [ -102.030331, 30.99721 ], [ -102.031282, 30.997462 ], [ -102.031459, 30.999014 ], [ -102.032531, 30.999003 ], [ -102.032599, 30.996864 ], [ -102.033651, 30.996961 ], [ -102.033959, 30.998597 ], [ -102.035282, 30.999538 ], [ -102.036639, 30.998413 ], [ -102.038982, 30.998877 ], [ -102.040067, 30.999617 ], [ -102.041723, 30.998928 ], [ -102.043483, 30.999352 ], [ -102.044714, 31.001759 ], [ -102.046016, 31.001415 ], [ -102.046004, 30.99975 ], [ -102.048776, 31.000382 ], [ -102.047565, 31.001872 ], [ -102.047722, 31.002968 ], [ -102.048878, 31.003604 ], [ -102.051018, 31.002802 ], [ -102.050947, 31.001366 ], [ -102.053094, 31.000893 ], [ -102.053739, 30.999413 ], [ -102.056563, 30.997351 ], [ -102.058116, 30.999062 ], [ -102.062736, 30.995799 ], [ -102.064871, 30.993813 ], [ -102.065794, 30.995372 ], [ -102.068785, 30.995001 ], [ -102.069634, 30.994063 ], [ -102.067007, 30.992913 ], [ -102.073324, 30.989049 ], [ -102.075191, 30.988794 ], [ -102.079144, 30.986933 ], [ -102.081729, 30.986691 ], [ -102.08336, 30.987795 ], [ -102.084149, 30.989358 ], [ -102.085555, 30.98859 ], [ -102.086288, 30.989954 ], [ -102.088449, 30.988696 ], [ -102.089269, 30.990432 ], [ -102.090655, 30.991457 ], [ -102.090811, 30.99265 ], [ -102.093752, 30.994919 ], [ -102.095827, 30.994872 ], [ -102.09716, 30.9956 ], [ -102.099623, 30.994241 ], [ -102.100683, 30.993077 ], [ -102.102759, 30.994799 ], [ -102.105918, 30.993952 ], [ -102.106441, 30.991873 ], [ -102.108187, 30.991413 ], [ -102.1099, 30.990321 ], [ -102.110772, 30.991593 ], [ -102.110625, 30.992673 ], [ -102.114016, 30.991776 ], [ -102.114837, 30.992204 ], [ -102.115311, 30.994255 ], [ -102.116197, 30.994976 ], [ -102.117843, 30.99389 ], [ -102.118855, 30.994409 ], [ -102.118077, 30.996313 ], [ -102.119459, 30.99636 ], [ -102.121025, 30.997382 ], [ -102.121025, 30.998216 ], [ -102.12282, 30.99856 ], [ -102.122839, 30.999538 ], [ -102.125719, 31.000932 ], [ -102.127756, 31.001183 ], [ -102.130484, 30.998588 ], [ -102.13178, 30.998637 ], [ -102.13236, 30.996705 ], [ -102.135119, 30.995554 ], [ -102.137059, 30.995606 ], [ -102.139397, 30.994925 ], [ -102.140435, 30.995991 ], [ -102.143154, 30.996782 ], [ -102.143346, 30.998862 ], [ -102.14528, 30.999149 ], [ -102.144546, 31.000674 ], [ -102.146323, 31.001443 ], [ -102.147521, 31.003037 ], [ -102.149172, 31.002986 ], [ -102.149166, 31.004291 ], [ -102.15193, 31.007302 ], [ -102.152958, 31.006991 ], [ -102.154373, 31.007787 ], [ -102.154876, 31.006806 ], [ -102.156325, 31.007929 ], [ -102.156509, 31.00678 ], [ -102.158595, 31.006652 ], [ -102.159966, 31.00583 ], [ -102.160646, 31.007098 ], [ -102.162142, 31.006773 ], [ -102.163503, 31.005463 ], [ -102.16579, 31.005788 ], [ -102.166356, 31.007101 ], [ -102.167363, 31.007215 ], [ -102.167275, 31.006089 ], [ -102.170389, 31.006077 ], [ -102.170833, 31.007847 ], [ -102.172379, 31.008448 ], [ -102.17315, 31.007719 ], [ -102.171644, 31.007423 ], [ -102.174079, 31.006969 ], [ -102.176418, 31.009011 ], [ -102.176086, 31.011054 ], [ -102.175339, 31.012055 ], [ -102.177038, 31.013705 ], [ -102.176623, 31.014434 ], [ -102.181269, 31.016676 ], [ -102.183836, 31.016401 ], [ -102.185755, 31.01514 ], [ -102.184742, 31.012239 ], [ -102.185492, 31.011942 ], [ -102.184543, 31.010815 ], [ -102.185216, 31.009166 ], [ -102.184997, 31.007329 ], [ -102.185949, 31.006011 ], [ -102.188189, 31.005877 ], [ -102.188259, 31.004445 ], [ -102.189631, 31.003373 ], [ -102.191731, 31.003788 ], [ -102.192868, 31.004271 ], [ -102.192799, 31.006049 ], [ -102.194337, 31.006609 ], [ -102.193402, 31.008377 ], [ -102.193182, 31.010172 ], [ -102.194862, 31.0123 ], [ -102.1944, 31.01346 ], [ -102.196522, 31.014282 ], [ -102.197041, 31.015508 ], [ -102.196317, 31.017099 ], [ -102.198075, 31.017166 ], [ -102.200027, 31.019239 ], [ -102.199829, 31.020433 ], [ -102.201884, 31.021561 ], [ -102.201964, 31.022492 ], [ -102.199333, 31.022348 ], [ -102.199385, 31.023589 ], [ -102.200361, 31.024617 ], [ -102.202805, 31.0255 ], [ -102.20121, 31.026461 ], [ -102.201467, 31.028188 ], [ -102.202651, 31.028939 ], [ -102.20146, 31.03052 ], [ -102.20308, 31.031206 ], [ -102.205585, 31.031152 ], [ -102.206509, 31.032015 ], [ -102.209751, 31.033352 ], [ -102.212738, 31.032644 ], [ -102.214407, 31.031813 ], [ -102.215388, 31.033387 ], [ -102.217845, 31.032245 ], [ -102.21866, 31.033768 ], [ -102.220849, 31.034402 ], [ -102.222005, 31.034204 ], [ -102.222964, 31.032786 ], [ -102.223536, 31.033939 ], [ -102.225677, 31.032859 ], [ -102.22663, 31.034757 ], [ -102.227777, 31.034224 ], [ -102.228609, 31.03519 ], [ -102.232035, 31.035469 ], [ -102.231937, 31.036902 ], [ -102.233341, 31.036628 ], [ -102.234329, 31.037279 ], [ -102.23814, 31.037058 ], [ -102.239568, 31.038342 ], [ -102.238977, 31.039549 ], [ -102.241285, 31.039284 ], [ -102.244644, 31.041344 ], [ -102.246787, 31.04096 ], [ -102.24694, 31.042262 ], [ -102.249207, 31.042078 ], [ -102.249076, 31.040721 ], [ -102.249932, 31.04016 ], [ -102.253235, 31.040336 ], [ -102.253751, 31.040972 ], [ -102.255876, 31.040895 ], [ -102.257862, 31.040163 ], [ -102.258783, 31.038191 ], [ -102.261266, 31.038706 ], [ -102.264433, 31.036251 ], [ -102.265787, 31.036599 ], [ -102.265006, 31.035432 ], [ -102.265961, 31.034274 ], [ -102.268075, 31.034797 ], [ -102.269908, 31.036232 ], [ -102.272058, 31.035739 ], [ -102.273377, 31.034407 ], [ -102.274121, 31.034923 ], [ -102.276415, 31.033586 ], [ -102.279015, 31.032954 ], [ -102.280203, 31.034377 ], [ -102.281442, 31.033898 ], [ -102.28291, 31.034914 ], [ -102.28495, 31.033988 ], [ -102.285148, 31.034996 ], [ -102.286571, 31.036144 ], [ -102.288363, 31.036799 ], [ -102.288937, 31.035768 ], [ -102.292681, 31.036677 ], [ -102.292807, 31.037877 ], [ -102.293831, 31.038129 ], [ -102.293898, 31.039409 ], [ -102.295383, 31.039696 ], [ -102.295535, 31.041056 ], [ -102.297325, 31.040329 ], [ -102.298232, 31.040991 ], [ -102.297288, 31.042106 ], [ -102.299537, 31.042037 ], [ -102.299088, 31.0434 ], [ -102.301754, 31.045094 ], [ -102.301389, 31.046524 ], [ -102.302551, 31.047346 ], [ -102.302715, 31.049753 ], [ -102.30402, 31.049683 ], [ -102.304625, 31.050372 ], [ -102.303733, 31.051757 ], [ -102.305607, 31.051958 ], [ -102.30638, 31.052738 ], [ -102.309217, 31.053016 ], [ -102.30963, 31.054039 ], [ -102.311222, 31.052653 ], [ -102.31192, 31.053742 ], [ -102.313175, 31.052069 ], [ -102.315274, 31.053064 ], [ -102.316807, 31.052232 ], [ -102.31811, 31.053551 ], [ -102.317491, 31.054791 ], [ -102.318814, 31.055209 ], [ -102.31789, 31.056097 ], [ -102.318562, 31.058002 ], [ -102.319969, 31.059609 ], [ -102.318452, 31.06067 ], [ -102.320801, 31.061851 ], [ -102.32084, 31.059749 ], [ -102.3229, 31.061516 ], [ -102.322997, 31.062664 ], [ -102.325056, 31.063219 ], [ -102.325935, 31.062886 ], [ -102.326169, 31.064329 ], [ -102.327578, 31.064523 ], [ -102.327306, 31.066284 ], [ -102.328895, 31.066063 ], [ -102.329717, 31.068255 ], [ -102.330522, 31.068112 ], [ -102.330836, 31.066634 ], [ -102.332329, 31.067112 ], [ -102.33441, 31.066122 ], [ -102.33644, 31.067694 ], [ -102.339612, 31.067621 ], [ -102.342212, 31.069298 ], [ -102.345045, 31.070208 ], [ -102.347368, 31.069855 ], [ -102.349718, 31.070354 ], [ -102.347457, 31.073019 ], [ -102.34817, 31.07409 ], [ -102.34885, 31.072589 ], [ -102.351642, 31.073334 ], [ -102.352072, 31.074931 ], [ -102.354038, 31.073936 ], [ -102.354852, 31.075789 ], [ -102.356405, 31.074445 ], [ -102.357162, 31.076586 ], [ -102.358866, 31.078398 ], [ -102.36034, 31.079204 ], [ -102.362495, 31.079381 ], [ -102.360243, 31.081288 ], [ -102.362488, 31.081955 ], [ -102.363426, 31.082936 ], [ -102.366069, 31.081574 ], [ -102.367371, 31.083889 ], [ -102.369039, 31.083041 ], [ -102.370785, 31.084338 ], [ -102.370932, 31.085099 ], [ -102.373644, 31.085571 ], [ -102.373846, 31.083434 ], [ -102.375258, 31.084326 ], [ -102.375445, 31.085566 ], [ -102.377555, 31.084775 ], [ -102.378123, 31.086171 ], [ -102.380461, 31.085641 ], [ -102.382605, 31.086835 ], [ -102.384033, 31.085473 ], [ -102.385013, 31.085371 ], [ -102.388174, 31.086575 ], [ -102.390534, 31.085451 ], [ -102.388804, 31.087156 ], [ -102.301212, 31.086212 ], [ -102.048242, 31.08316 ], [ -102.009444, 31.082669 ], [ -102.000409, 31.082373 ], [ -101.921246, 31.08158 ], [ -101.919909, 31.081488 ], [ -101.776191, 31.079784 ], [ -101.775808, 31.122899 ], [ -101.775544, 31.125154 ], [ -101.775381, 31.36064 ], [ -101.775654, 31.363379 ], [ -101.775802, 31.651319 ], [ -101.775886, 31.828203 ], [ -101.775878, 31.907452 ], [ -101.776085, 32.086925 ], [ -101.695011, 32.087532 ], [ -101.560618, 32.087136 ], [ -101.542703, 32.087097 ], [ -101.541742, 32.08715 ], [ -101.271795, 32.087197 ], [ -101.271174, 32.087147 ], [ -101.264216, 32.087136 ], [ -101.183997, 32.087208 ], [ -101.138984, 32.087012 ], [ -100.997512, 32.086706 ], [ -100.99439, 32.086865 ], [ -100.973807, 32.086782 ], [ -100.972005, 32.086691 ], [ -100.954494, 32.086645 ], [ -100.95153, 32.086741 ], [ -100.862291, 32.086509 ], [ -100.858628, 32.086689 ], [ -100.821594, 32.08661 ], [ -100.790833, 32.086573 ], [ -100.750385, 32.086255 ], [ -100.73726, 32.085521 ], [ -100.665353, 32.085407 ], [ -100.625382, 32.085388 ], [ -100.618581, 32.084788 ], [ -100.530895, 32.083531 ], [ -100.512466, 32.083307 ], [ -100.444064, 32.082619 ], [ -100.411476, 32.0823 ], [ -100.325082, 32.081414 ], [ -100.31632, 32.081384 ], [ -100.314026, 32.081377 ], [ -100.250373, 32.081592 ], [ -100.235137, 32.082372 ], [ -100.151911, 32.082638 ], [ -99.962669, 32.082068 ], [ -99.91292, 32.081803 ], [ -99.881569, 32.081577 ], [ -99.86265, 32.08152 ], [ -99.713971, 32.082089 ], [ -99.631413, 32.081274 ], [ -99.500348, 32.079874 ], [ -99.499452, 32.080035 ], [ -99.457291, 32.080099 ], [ -99.422906, 32.080154 ], [ -99.406106, 32.080132 ], [ -99.311037, 32.080094 ], [ -99.250342, 32.080065 ], [ -99.246832, 32.079356 ], [ -99.210732, 32.079124 ], [ -99.195871, 32.079235 ], [ -99.155625, 32.079467 ], [ -99.147918, 32.079242 ], [ -99.12534, 32.079187 ], [ -99.120104, 32.079597 ], [ -99.118665, 32.079585 ], [ -99.067885, 32.079194 ], [ -99.054579, 32.079094 ], [ -99.00273, 32.078697 ], [ -99.000392, 32.07868 ], [ -98.996735, 32.07931 ], [ -98.979003, 32.078992 ], [ -98.971432, 32.078857 ], [ -98.963992, 32.078723 ], [ -98.954712, 32.078558 ], [ -98.929383, 32.078106 ], [ -98.924401, 32.078018 ], [ -98.9188, 32.069724 ], [ -98.861361, 31.984853 ], [ -98.84715, 31.964108 ], [ -98.801491, 31.897556 ], [ -98.792619, 31.884675 ], [ -98.788217, 31.878283 ], [ -98.786057, 31.875147 ], [ -98.783377, 31.8704 ], [ -98.750326, 31.821697 ], [ -98.750011, 31.821078 ], [ -98.741179, 31.808085 ], [ -98.72377, 31.782454 ], [ -98.701675, 31.749963 ], [ -98.693122, 31.73706 ], [ -98.683628, 31.723001 ], [ -98.678109, 31.71483 ], [ -98.677702, 31.714227 ], [ -98.669882, 31.702647 ], [ -98.668441, 31.700514 ], [ -98.665255, 31.700951 ], [ -98.658558, 31.701873 ], [ -98.645876, 31.703617 ], [ -98.631409, 31.70563 ], [ -98.630746, 31.705717 ], [ -98.629636, 31.705867 ], [ -98.629282, 31.705914 ], [ -98.625322, 31.706444 ], [ -98.618519, 31.707765 ], [ -98.589161, 31.71175 ], [ -98.521263, 31.720203 ], [ -98.499864, 31.723256 ], [ -98.492802, 31.723608 ], [ -98.463736, 31.683989 ], [ -98.422094, 31.627378 ], [ -98.410582, 31.611362 ], [ -98.383216, 31.572644 ], [ -98.382998, 31.572262 ], [ -98.361216, 31.541998 ], [ -98.345934, 31.520458 ], [ -98.345185, 31.519129 ], [ -98.27107, 31.416398 ], [ -98.266794, 31.410521 ], [ -98.31058, 31.38363 ], [ -98.385824, 31.338221 ], [ -98.389511, 31.335967 ], [ -98.401998, 31.328399 ], [ -98.530176, 31.250166 ], [ -98.530911, 31.249817 ], [ -98.55782, 31.23349 ], [ -98.55801, 31.23334 ], [ -98.562732, 31.230443 ], [ -98.562963, 31.235781 ], [ -98.56355, 31.23785 ], [ -98.565099, 31.241385 ], [ -98.565237, 31.242626 ], [ -98.56843, 31.244808 ], [ -98.57139, 31.248585 ], [ -98.575136, 31.254153 ], [ -98.576174, 31.257981 ], [ -98.578216, 31.260993 ], [ -98.578219, 31.26302 ], [ -98.57981, 31.265386 ], [ -98.5838, 31.266167 ], [ -98.58648, 31.267096 ], [ -98.588543, 31.267592 ], [ -98.592897, 31.265924 ], [ -98.594404, 31.263032 ], [ -98.594642, 31.261145 ], [ -98.593736, 31.258537 ], [ -98.593918, 31.254925 ], [ -98.595651, 31.253059 ], [ -98.597889, 31.25389 ], [ -98.601481, 31.257329 ], [ -98.605903, 31.260534 ], [ -98.607451, 31.261308 ], [ -98.613133, 31.263 ], [ -98.616643, 31.265286 ], [ -98.618481, 31.267013 ], [ -98.619628, 31.267142 ], [ -98.624347, 31.2695 ], [ -98.625628, 31.269798 ], [ -98.628369, 31.274251 ], [ -98.626926, 31.281182 ], [ -98.622135, 31.285088 ], [ -98.619474, 31.284621 ], [ -98.613815, 31.281595 ], [ -98.612011, 31.282207 ], [ -98.604435, 31.284067 ], [ -98.598539, 31.286581 ], [ -98.597843, 31.288809 ], [ -98.598385, 31.291859 ], [ -98.597955, 31.295612 ], [ -98.59736, 31.297078 ], [ -98.59722, 31.301231 ], [ -98.596281, 31.305833 ], [ -98.594372, 31.311486 ], [ -98.590675, 31.314896 ], [ -98.590454, 31.317289 ], [ -98.586656, 31.319429 ], [ -98.585987, 31.321557 ], [ -98.587268, 31.325463 ], [ -98.592306, 31.326945 ], [ -98.594411, 31.326354 ], [ -98.595882, 31.323707 ], [ -98.595229, 31.32281 ], [ -98.59576, 31.320772 ], [ -98.597301, 31.31872 ], [ -98.599418, 31.316625 ], [ -98.603072, 31.313692 ], [ -98.604941, 31.312593 ], [ -98.606849, 31.312149 ], [ -98.620452, 31.310034 ], [ -98.623894, 31.309374 ], [ -98.627426, 31.309488 ], [ -98.630771, 31.310163 ], [ -98.631372, 31.311901 ], [ -98.630926, 31.315345 ], [ -98.629818, 31.316433 ], [ -98.624954, 31.317641 ], [ -98.623205, 31.31867 ], [ -98.622616, 31.320547 ], [ -98.621285, 31.321472 ], [ -98.619295, 31.3215 ], [ -98.618097, 31.322728 ], [ -98.618579, 31.323824 ], [ -98.620324, 31.324895 ], [ -98.622826, 31.325488 ], [ -98.626361, 31.325378 ], [ -98.629946, 31.326021 ], [ -98.631432, 31.325832 ], [ -98.632643, 31.324969 ], [ -98.636186, 31.320518 ], [ -98.639618, 31.317168 ], [ -98.643921, 31.31407 ], [ -98.647633, 31.31486 ], [ -98.649095, 31.317585 ], [ -98.648531, 31.323469 ], [ -98.64809, 31.323985 ], [ -98.644271, 31.325911 ], [ -98.641719, 31.328359 ], [ -98.639722, 31.33187 ], [ -98.639668, 31.33281 ], [ -98.640626, 31.333614 ], [ -98.643453, 31.334534 ], [ -98.644901, 31.335441 ], [ -98.646969, 31.340685 ], [ -98.643813, 31.344239 ], [ -98.641857, 31.345966 ], [ -98.638377, 31.346552 ], [ -98.636786, 31.350804 ], [ -98.636375, 31.352912 ], [ -98.63834, 31.354431 ], [ -98.642821, 31.356553 ], [ -98.644316, 31.358863 ], [ -98.646076, 31.359707 ], [ -98.648653, 31.359658 ], [ -98.64944, 31.358363 ], [ -98.651268, 31.357 ], [ -98.653023, 31.357299 ], [ -98.654614, 31.358493 ], [ -98.654464, 31.360363 ], [ -98.652142, 31.362625 ], [ -98.650356, 31.365175 ], [ -98.650119, 31.366875 ], [ -98.651354, 31.368793 ], [ -98.653977, 31.370088 ], [ -98.657104, 31.368723 ], [ -98.663355, 31.363939 ], [ -98.665569, 31.364204 ], [ -98.667675, 31.363083 ], [ -98.669947, 31.361182 ], [ -98.670349, 31.360186 ], [ -98.669936, 31.357672 ], [ -98.670167, 31.355111 ], [ -98.670865, 31.353886 ], [ -98.6726, 31.352935 ], [ -98.675277, 31.352808 ], [ -98.677132, 31.351898 ], [ -98.67726, 31.350941 ], [ -98.679819, 31.3485 ], [ -98.682773, 31.346157 ], [ -98.690451, 31.343901 ], [ -98.690832, 31.342943 ], [ -98.695351, 31.339963 ], [ -98.698999, 31.338718 ], [ -98.702695, 31.339148 ], [ -98.70498, 31.342724 ], [ -98.706372, 31.346797 ], [ -98.708282, 31.347501 ], [ -98.711383, 31.346768 ], [ -98.712352, 31.347157 ], [ -98.713131, 31.34883 ], [ -98.712542, 31.355562 ], [ -98.710056, 31.356403 ], [ -98.707752, 31.355553 ], [ -98.706161, 31.355912 ], [ -98.704636, 31.357603 ], [ -98.703054, 31.360983 ], [ -98.702599, 31.364212 ], [ -98.702796, 31.36544 ], [ -98.705101, 31.369258 ], [ -98.704129, 31.375776 ], [ -98.704693, 31.377461 ], [ -98.704348, 31.380186 ], [ -98.699516, 31.384792 ], [ -98.697525, 31.385984 ], [ -98.693028, 31.38743 ], [ -98.693029, 31.389975 ], [ -98.694812, 31.391903 ], [ -98.695892, 31.394257 ], [ -98.695247, 31.398846 ], [ -98.695274, 31.404213 ], [ -98.695644, 31.405803 ], [ -98.696634, 31.407287 ], [ -98.698661, 31.407602 ], [ -98.70158, 31.407091 ], [ -98.706427, 31.407559 ], [ -98.708945, 31.406997 ], [ -98.711992, 31.405444 ], [ -98.718125, 31.40403 ], [ -98.719201, 31.40441 ], [ -98.722074, 31.40682 ], [ -98.723839, 31.40727 ], [ -98.727116, 31.409768 ], [ -98.728846, 31.41187 ], [ -98.728738, 31.414411 ], [ -98.726615, 31.414832 ], [ -98.725577, 31.415806 ], [ -98.7252, 31.419432 ], [ -98.724301, 31.422701 ], [ -98.724031, 31.425114 ], [ -98.724493, 31.427432 ], [ -98.728395, 31.429063 ], [ -98.734123, 31.430079 ], [ -98.738114, 31.430362 ], [ -98.742815, 31.428135 ], [ -98.74216, 31.426571 ], [ -98.739612, 31.424312 ], [ -98.737149, 31.420631 ], [ -98.736783, 31.417127 ], [ -98.738572, 31.413768 ], [ -98.738765, 31.411365 ], [ -98.74027, 31.4076 ], [ -98.742271, 31.405273 ], [ -98.7454, 31.403918 ], [ -98.747445, 31.404035 ], [ -98.751101, 31.403606 ], [ -98.753491, 31.402455 ], [ -98.755672, 31.400444 ], [ -98.755911, 31.398997 ], [ -98.755382, 31.395932 ], [ -98.753905, 31.393734 ], [ -98.751716, 31.389089 ], [ -98.751406, 31.387605 ], [ -98.752984, 31.385204 ], [ -98.756957, 31.382234 ], [ -98.759825, 31.37794 ], [ -98.762589, 31.375282 ], [ -98.763724, 31.375216 ], [ -98.767514, 31.375993 ], [ -98.770594, 31.379992 ], [ -98.771696, 31.380794 ], [ -98.773074, 31.380279 ], [ -98.776493, 31.377279 ], [ -98.77878, 31.377672 ], [ -98.779478, 31.379165 ], [ -98.776826, 31.383741 ], [ -98.775625, 31.38759 ], [ -98.775853, 31.391812 ], [ -98.774464, 31.395741 ], [ -98.77466, 31.402943 ], [ -98.773228, 31.406884 ], [ -98.773, 31.410926 ], [ -98.773997, 31.412433 ], [ -98.775969, 31.413564 ], [ -98.777243, 31.414012 ], [ -98.778889, 31.413521 ], [ -98.782326, 31.41103 ], [ -98.787457, 31.407916 ], [ -98.789154, 31.407477 ], [ -98.791473, 31.407886 ], [ -98.79433, 31.409237 ], [ -98.798145, 31.410378 ], [ -98.799405, 31.410601 ], [ -98.801505, 31.409965 ], [ -98.802118, 31.408728 ], [ -98.804993, 31.406939 ], [ -98.808726, 31.405471 ], [ -98.813559, 31.404717 ], [ -98.814243, 31.404972 ], [ -98.816865, 31.406929 ], [ -98.816385, 31.408808 ], [ -98.814558, 31.412198 ], [ -98.814215, 31.413659 ], [ -98.814997, 31.416322 ], [ -98.816021, 31.417075 ], [ -98.818983, 31.416449 ], [ -98.823842, 31.413981 ], [ -98.826983, 31.411601 ], [ -98.829935, 31.410331 ], [ -98.832048, 31.410077 ], [ -98.83452, 31.410436 ], [ -98.837658, 31.410574 ], [ -98.846241, 31.410478 ], [ -98.84712, 31.410676 ], [ -98.84936, 31.412598 ], [ -98.851627, 31.412493 ], [ -98.854292, 31.413425 ], [ -98.8549, 31.414169 ], [ -98.854701, 31.415489 ], [ -98.852544, 31.418776 ], [ -98.852463, 31.420408 ], [ -98.853401, 31.422473 ], [ -98.854906, 31.424462 ], [ -98.856511, 31.428117 ], [ -98.858498, 31.433655 ], [ -98.859294, 31.434958 ], [ -98.865937, 31.440524 ], [ -98.867526, 31.441581 ], [ -98.8725, 31.444299 ], [ -98.875566, 31.444596 ], [ -98.879668, 31.443756 ], [ -98.881752, 31.443789 ], [ -98.885453, 31.442914 ], [ -98.887479, 31.439862 ], [ -98.893511, 31.434653 ], [ -98.895846, 31.433567 ], [ -98.901936, 31.436021 ], [ -98.904868, 31.436168 ], [ -98.908499, 31.434425 ], [ -98.910485, 31.434141 ], [ -98.913351, 31.434313 ], [ -98.914432, 31.435074 ], [ -98.916994, 31.43584 ], [ -98.918852, 31.435833 ], [ -98.921757, 31.434318 ], [ -98.925192, 31.433988 ], [ -98.926766, 31.434808 ], [ -98.929097, 31.435112 ], [ -98.933188, 31.436928 ], [ -98.933821, 31.438543 ], [ -98.935541, 31.446503 ], [ -98.935778, 31.449696 ], [ -98.935172, 31.452899 ], [ -98.93591, 31.455931 ], [ -98.939827, 31.458247 ], [ -98.942737, 31.458629 ], [ -98.94626, 31.458319 ], [ -98.950219, 31.456973 ], [ -98.95141, 31.455649 ], [ -98.95336, 31.454688 ], [ -98.955426, 31.452391 ], [ -98.955253, 31.450258 ], [ -98.953349, 31.4492 ], [ -98.952985, 31.447309 ], [ -98.956761, 31.443978 ], [ -98.960272, 31.440035 ], [ -98.961536, 31.437385 ], [ -98.96367, 31.434894 ], [ -98.964545, 31.434879 ], [ -98.966878, 31.435548 ], [ -98.967602, 31.437887 ], [ -98.966476, 31.441724 ], [ -98.967122, 31.44292 ], [ -98.966857, 31.444321 ], [ -98.964818, 31.444952 ], [ -98.963593, 31.446251 ], [ -98.9642, 31.448523 ], [ -98.964321, 31.452255 ], [ -98.965018, 31.453298 ], [ -98.967853, 31.454191 ], [ -98.972105, 31.454694 ], [ -98.976326, 31.455524 ], [ -98.978228, 31.456253 ], [ -98.983584, 31.459743 ], [ -98.985388, 31.461804 ], [ -98.987464, 31.462669 ], [ -98.990673, 31.464666 ], [ -98.991572, 31.464579 ], [ -98.99452, 31.466001 ], [ -98.995029, 31.466674 ], [ -98.994723, 31.470985 ], [ -98.993153, 31.474083 ], [ -98.991764, 31.474309 ], [ -98.986941, 31.478929 ], [ -98.986828, 31.480031 ], [ -98.987428, 31.482076 ], [ -98.990188, 31.48391 ], [ -98.991608, 31.484071 ], [ -98.99739, 31.48124 ], [ -99.002304, 31.480388 ], [ -99.003435, 31.480873 ], [ -99.006103, 31.480274 ], [ -99.006358, 31.478871 ], [ -99.007585, 31.476756 ], [ -99.009132, 31.472619 ], [ -99.010644, 31.471246 ], [ -99.014428, 31.470263 ], [ -99.019011, 31.469599 ], [ -99.02174, 31.475104 ], [ -99.024336, 31.477035 ], [ -99.025311, 31.478812 ], [ -99.027057, 31.479465 ], [ -99.027745, 31.480484 ], [ -99.029914, 31.482063 ], [ -99.032474, 31.485808 ], [ -99.034306, 31.487528 ], [ -99.037623, 31.489536 ], [ -99.039387, 31.490209 ], [ -99.041741, 31.490302 ], [ -99.04287, 31.488903 ], [ -99.046276, 31.486733 ], [ -99.047255, 31.486601 ], [ -99.049816, 31.485095 ], [ -99.05057, 31.484205 ], [ -99.053121, 31.478468 ], [ -99.05533, 31.474445 ], [ -99.056503, 31.473689 ], [ -99.060026, 31.4728 ], [ -99.06228, 31.470712 ], [ -99.062264, 31.469886 ], [ -99.060605, 31.467501 ], [ -99.060155, 31.464962 ], [ -99.062995, 31.462722 ], [ -99.064212, 31.462383 ], [ -99.06593, 31.46335 ], [ -99.067499, 31.465255 ], [ -99.068866, 31.466059 ], [ -99.072618, 31.467078 ], [ -99.075538, 31.463252 ], [ -99.080319, 31.460506 ], [ -99.083285, 31.458557 ], [ -99.085226, 31.457847 ], [ -99.084821, 31.456513 ], [ -99.085808, 31.455891 ], [ -99.087506, 31.456017 ], [ -99.088356, 31.456944 ], [ -99.086579, 31.458241 ], [ -99.087758, 31.460678 ], [ -99.088568, 31.461229 ], [ -99.090622, 31.460927 ], [ -99.096019, 31.457431 ], [ -99.096947, 31.455555 ], [ -99.096116, 31.452799 ], [ -99.094425, 31.450253 ], [ -99.095564, 31.448469 ], [ -99.097937, 31.448186 ], [ -99.100137, 31.449274 ], [ -99.104531, 31.453658 ], [ -99.107851, 31.454499 ], [ -99.109108, 31.455984 ], [ -99.108009, 31.461954 ], [ -99.107244, 31.463571 ], [ -99.108124, 31.465055 ], [ -99.110384, 31.466511 ], [ -99.11339, 31.46678 ], [ -99.11615, 31.46824 ], [ -99.119382, 31.467713 ], [ -99.120208, 31.466879 ], [ -99.120133, 31.463598 ], [ -99.11883, 31.461147 ], [ -99.119537, 31.460372 ], [ -99.123496, 31.457789 ], [ -99.124012, 31.456604 ], [ -99.125081, 31.456502 ], [ -99.126848, 31.458034 ], [ -99.127603, 31.45957 ], [ -99.133208, 31.464811 ], [ -99.136067, 31.465967 ], [ -99.141313, 31.467169 ], [ -99.14337, 31.46716 ], [ -99.148495, 31.465653 ], [ -99.150868, 31.465686 ], [ -99.153668, 31.467948 ], [ -99.159463, 31.468198 ], [ -99.162124, 31.467848 ], [ -99.165804, 31.466319 ], [ -99.171762, 31.462846 ], [ -99.172091, 31.461758 ], [ -99.174643, 31.458704 ], [ -99.177732, 31.456177 ], [ -99.180706, 31.454959 ], [ -99.18223, 31.455117 ], [ -99.183736, 31.453726 ], [ -99.184441, 31.453936 ], [ -99.184874, 31.454963 ], [ -99.184464, 31.45739 ], [ -99.184629, 31.460417 ], [ -99.186643, 31.46436 ], [ -99.187425, 31.468465 ], [ -99.188558, 31.470337 ], [ -99.194023, 31.473375 ], [ -99.195637, 31.473549 ], [ -99.197543, 31.472269 ], [ -99.201573, 31.467763 ], [ -99.202768, 31.467234 ], [ -99.205767, 31.465879 ], [ -99.209172, 31.465272 ], [ -99.21623, 31.471414 ], [ -99.216565, 31.473248 ], [ -99.21878, 31.475048 ], [ -99.221673, 31.476388 ], [ -99.22864, 31.477627 ], [ -99.232514, 31.477737 ], [ -99.235133, 31.479664 ], [ -99.235071, 31.48177 ], [ -99.238447, 31.483127 ], [ -99.241097, 31.482489 ], [ -99.247184, 31.479712 ], [ -99.251788, 31.476629 ], [ -99.253251, 31.475022 ], [ -99.254765, 31.470312 ], [ -99.256932, 31.467572 ], [ -99.25852, 31.46651 ], [ -99.263596, 31.461405 ], [ -99.268925, 31.458095 ], [ -99.271178, 31.456283 ], [ -99.272381, 31.454557 ], [ -99.271301, 31.452354 ], [ -99.27064, 31.449186 ], [ -99.271492, 31.446789 ], [ -99.276051, 31.44553 ], [ -99.278063, 31.445814 ], [ -99.281971, 31.447431 ], [ -99.285801, 31.446073 ], [ -99.288684, 31.444225 ], [ -99.289807, 31.442898 ], [ -99.289954, 31.441447 ], [ -99.289228, 31.43917 ], [ -99.287885, 31.437213 ], [ -99.28637, 31.432822 ], [ -99.287407, 31.42962 ], [ -99.288647, 31.428715 ], [ -99.293236, 31.429086 ], [ -99.298013, 31.431948 ], [ -99.299626, 31.432485 ], [ -99.302605, 31.432504 ], [ -99.30514, 31.430164 ], [ -99.306796, 31.427496 ], [ -99.30666, 31.425853 ], [ -99.305656, 31.42504 ], [ -99.304038, 31.422101 ], [ -99.304252, 31.42059 ], [ -99.308642, 31.41617 ], [ -99.308231, 31.415206 ], [ -99.311438, 31.411224 ], [ -99.314014, 31.409778 ], [ -99.315712, 31.410283 ], [ -99.318963, 31.414329 ], [ -99.320842, 31.415429 ], [ -99.329566, 31.414812 ], [ -99.334376, 31.416515 ], [ -99.33793, 31.416849 ], [ -99.342063, 31.418835 ], [ -99.34625, 31.421907 ], [ -99.347155, 31.424992 ], [ -99.34312, 31.428567 ], [ -99.341264, 31.431647 ], [ -99.341075, 31.435377 ], [ -99.342392, 31.441253 ], [ -99.343865, 31.443282 ], [ -99.345259, 31.44375 ], [ -99.346422, 31.443109 ], [ -99.348542, 31.439762 ], [ -99.350126, 31.438995 ], [ -99.350244, 31.437739 ], [ -99.354454, 31.432182 ], [ -99.357498, 31.431038 ], [ -99.361323, 31.433094 ], [ -99.362452, 31.434584 ], [ -99.365913, 31.437459 ], [ -99.367029, 31.437872 ], [ -99.380676, 31.440304 ], [ -99.383467, 31.443482 ], [ -99.385614, 31.443741 ], [ -99.388943, 31.442965 ], [ -99.39163, 31.444196 ], [ -99.397549, 31.445514 ], [ -99.399375, 31.445269 ], [ -99.402284, 31.446198 ], [ -99.405654, 31.448782 ], [ -99.404749, 31.450892 ], [ -99.402434, 31.453155 ], [ -99.401931, 31.454592 ], [ -99.399418, 31.455485 ], [ -99.398435, 31.458268 ], [ -99.398793, 31.460083 ], [ -99.400536, 31.460304 ], [ -99.404836, 31.459574 ], [ -99.409843, 31.462006 ], [ -99.411471, 31.460656 ], [ -99.416887, 31.461391 ], [ -99.424033, 31.463891 ], [ -99.427301, 31.465279 ], [ -99.429508, 31.467815 ], [ -99.432936, 31.469502 ], [ -99.434882, 31.470036 ], [ -99.436701, 31.472844 ], [ -99.440824, 31.475009 ], [ -99.444609, 31.474779 ], [ -99.448053, 31.472224 ], [ -99.449239, 31.470252 ], [ -99.449595, 31.469476 ], [ -99.450138, 31.460689 ], [ -99.449803, 31.45766 ], [ -99.448028, 31.453618 ], [ -99.446669, 31.452104 ], [ -99.446342, 31.450493 ], [ -99.444301, 31.449702 ], [ -99.440782, 31.450049 ], [ -99.435596, 31.44963 ], [ -99.434872, 31.448627 ], [ -99.436896, 31.446032 ], [ -99.441174, 31.444323 ], [ -99.444167, 31.443983 ], [ -99.450542, 31.441372 ], [ -99.453342, 31.440509 ], [ -99.454096, 31.439632 ], [ -99.456409, 31.438289 ], [ -99.457633, 31.436266 ], [ -99.4606, 31.434507 ], [ -99.462639, 31.43249 ], [ -99.465438, 31.432755 ], [ -99.46925, 31.430367 ], [ -99.469803, 31.428419 ], [ -99.468302, 31.42522 ], [ -99.470901, 31.421733 ], [ -99.47247, 31.421702 ], [ -99.476543, 31.423782 ], [ -99.478401, 31.426213 ], [ -99.479074, 31.432478 ], [ -99.479885, 31.434178 ], [ -99.480765, 31.4341 ], [ -99.485332, 31.437009 ], [ -99.488036, 31.440849 ], [ -99.493, 31.444513 ], [ -99.495661, 31.444975 ], [ -99.49759, 31.444289 ], [ -99.50499, 31.438258 ], [ -99.505877, 31.436819 ], [ -99.506698, 31.431782 ], [ -99.507966, 31.429127 ], [ -99.508753, 31.425421 ], [ -99.511477, 31.424401 ], [ -99.513678, 31.425495 ], [ -99.514513, 31.426823 ], [ -99.516703, 31.432289 ], [ -99.517636, 31.439434 ], [ -99.519675, 31.446397 ], [ -99.522858, 31.449819 ], [ -99.525246, 31.452975 ], [ -99.525787, 31.455492 ], [ -99.527305, 31.456909 ], [ -99.529716, 31.460574 ], [ -99.53233, 31.466345 ], [ -99.532921, 31.469201 ], [ -99.53381, 31.470476 ], [ -99.534142, 31.472666 ], [ -99.533961, 31.474962 ], [ -99.534618, 31.479793 ], [ -99.535827, 31.482448 ], [ -99.536723, 31.483429 ], [ -99.538812, 31.483272 ], [ -99.544075, 31.483653 ], [ -99.545027, 31.484476 ], [ -99.550411, 31.485622 ], [ -99.552084, 31.486296 ], [ -99.555992, 31.489004 ], [ -99.559395, 31.489359 ], [ -99.561652, 31.490181 ], [ -99.563982, 31.490525 ], [ -99.565455, 31.49212 ], [ -99.568734, 31.49262 ], [ -99.572559, 31.49365 ], [ -99.575909, 31.493312 ], [ -99.580506, 31.491597 ], [ -99.588859, 31.489404 ], [ -99.590678, 31.488674 ], [ -99.591882, 31.489588 ], [ -99.598296, 31.490666 ], [ -99.60185, 31.49195 ], [ -99.602505, 31.392843 ], [ -99.601736, 31.121784 ], [ -99.601894, 31.121647 ], [ -99.603223, 31.087296 ], [ -99.603682, 30.980737 ], [ -99.603627, 30.940726 ], [ -99.484755, 30.940605 ], [ -99.484694, 30.909617 ], [ -99.484699, 30.909603 ], [ -99.484366, 30.823445 ], [ -99.483869, 30.710771 ], [ -99.51413, 30.710769 ], [ -99.617931, 30.711018 ], [ -99.625342, 30.710544 ], [ -99.771199, 30.710793 ], [ -99.860771, 30.710623 ], [ -100.116234, 30.710366 ], [ -100.116533, 30.500522 ], [ -100.116461, 30.290296 ], [ -100.645401, 30.28817 ] ] ] } },
{ "type": "Feature", "properties": { "FederalDivisionName": "Wichita Falls", "FederalJudicialDistrict": "Northern" }, "geometry": { "type": "Polygon", "coordinates": [ [ [ -99.00709, 33.397761 ], [ -99.013723, 33.39777 ], [ -99.125018, 33.398164 ], [ -99.125349, 33.398219 ], [ -99.434349, 33.398912 ], [ -99.472444, 33.399023 ], [ -99.539735, 33.39879 ], [ -99.553575, 33.398768 ], [ -99.719757, 33.398408 ], [ -99.801036, 33.398016 ], [ -99.99098, 33.397404 ], [ -100.000375, 33.39739 ], [ -100.004139, 33.397649 ], [ -100.250384, 33.398035 ], [ -100.257176, 33.397551 ], [ -100.517449, 33.397866 ], [ -100.517579, 33.500085 ], [ -100.517855, 33.503155 ], [ -100.517944, 33.570578 ], [ -100.518691, 33.83565 ], [ -100.518088, 34.003886 ], [ -100.517991, 34.060225 ], [ -100.518164, 34.060695 ], [ -100.518362, 34.167737 ], [ -100.517626, 34.250068 ], [ -100.51734, 34.314102 ], [ -100.503373, 34.314079 ], [ -100.500398, 34.314074 ], [ -100.498193, 34.313527 ], [ -100.494809, 34.313644 ], [ -100.469748, 34.313554 ], [ -100.417783, 34.313524 ], [ -100.399581, 34.31354 ], [ -100.375394, 34.312718 ], [ -100.359546, 34.312561 ], [ -100.350774, 34.312571 ], [ -100.350099, 34.312713 ], [ -100.24152, 34.312229 ], [ -100.134601, 34.311976 ], [ -100.12318, 34.31229 ], [ -100.024285, 34.312002 ], [ -100.000404, 34.311929 ], [ -99.99772, 34.311829 ], [ -99.997832, 34.390816 ], [ -99.998006, 34.396821 ], [ -99.997812, 34.400871 ], [ -99.99784, 34.441912 ], [ -99.997816, 34.448965 ], [ -99.997831, 34.463389 ], [ -99.997501410946697, 34.560423887043399 ], [ -99.985833, 34.560079 ], [ -99.974762, 34.561318 ], [ -99.971555, 34.562179 ], [ -99.965608, 34.565844 ], [ -99.958898, 34.571271 ], [ -99.957541, 34.572709 ], [ -99.957553, 34.574169 ], [ -99.956717, 34.576524 ], [ -99.956521665024695, 34.576675816159899 ], [ -99.954567, 34.578195 ], [ -99.94572, 34.579273 ], [ -99.929334, 34.576714 ], [ -99.923211, 34.574552 ], [ -99.921801, 34.570253 ], [ -99.915771, 34.565975 ], [ -99.898943, 34.555804 ], [ -99.896007, 34.55553 ], [ -99.89376, 34.554219 ], [ -99.887147, 34.549047 ], [ -99.874403, 34.537095 ], [ -99.873617010795698, 34.535901992887503 ], [ -99.873254, 34.535351 ], [ -99.872357, 34.532096 ], [ -99.868953, 34.527615 ], [ -99.853066, 34.511593 ], [ -99.844658203658099, 34.506786936472501 ], [ -99.832904, 34.500068 ], [ -99.825325, 34.497596 ], [ -99.822281, 34.4981 ], [ -99.819376, 34.49494 ], [ -99.81672, 34.489718 ], [ -99.818186, 34.48784 ], [ -99.818739, 34.484976 ], [ -99.814535098088299, 34.476644181751098 ], [ -99.814313, 34.476204 ], [ -99.793684, 34.453894 ], [ -99.791583, 34.45252 ], [ -99.78879, 34.451489 ], [ -99.787767, 34.451809 ], [ -99.786606, 34.451511 ], [ -99.785445, 34.450045 ], [ -99.78376, 34.445005 ], [ -99.782986, 34.444364 ], [ -99.775743, 34.444225 ], [ -99.773992, 34.443062 ], [ -99.773053, 34.441587 ], [ -99.765599, 34.437488 ], [ -99.764826, 34.436434 ], [ -99.764882, 34.435266 ], [ -99.767648, 34.431854 ], [ -99.767234, 34.430502 ], [ -99.754248, 34.421289 ], [ -99.740907, 34.414763 ], [ -99.730348, 34.41124 ], [ -99.720259, 34.406295 ], [ -99.716416, 34.402815 ], [ -99.715089, 34.400754 ], [ -99.714232, 34.397822 ], [ -99.714838, 34.394524 ], [ -99.712682, 34.390928 ], [ -99.707901, 34.387539 ], [ -99.706658, 34.385981 ], [ -99.705249, 34.385775 ], [ -99.704005, 34.385982 ], [ -99.702734, 34.385501 ], [ -99.701187, 34.385203 ], [ -99.698424, 34.383074 ], [ -99.696462, 34.381036 ], [ -99.695566, 34.378899 ], [ -99.69497, 34.378333 ], [ -99.690604, 34.378219 ], [ -99.687234, 34.378585 ], [ -99.684361, 34.379501 ], [ -99.682482, 34.379822 ], [ -99.678283, 34.379799 ], [ -99.67485, 34.378956 ], [ -99.671377, 34.377714 ], [ -99.665992, 34.374185 ], [ -99.662705, 34.37368 ], [ -99.659362, 34.37439 ], [ -99.654194, 34.376519 ], [ -99.649662, 34.379885 ], [ -99.648584, 34.3819 ], [ -99.648142, 34.382312 ], [ -99.646511, 34.382541 ], [ -99.644578, 34.38167 ], [ -99.643694, 34.381463 ], [ -99.642755, 34.381555 ], [ -99.641763, 34.38109 ], [ -99.639661, 34.379905 ], [ -99.635324, 34.37917 ], [ -99.633859, 34.378757 ], [ -99.631843, 34.377703 ], [ -99.631181, 34.377061 ], [ -99.630905, 34.376007 ], [ -99.624197, 34.373577 ], [ -99.621513, 34.3737 ], [ -99.619556, 34.374627 ], [ -99.616793, 34.375391 ], [ -99.611572, 34.375643 ], [ -99.610136, 34.37656 ], [ -99.607263, 34.376928 ], [ -99.604782, 34.376326 ], [ -99.600026, 34.374688 ], [ -99.596323, 34.377137 ], [ -99.596186, 34.379016 ], [ -99.592983, 34.382407 ], [ -99.589671, 34.384787 ], [ -99.587596, 34.385867 ], [ -99.586751594655993, 34.387061476825998 ], [ -99.585442, 34.388914 ], [ -99.584531, 34.391205 ], [ -99.585306, 34.398122 ], [ -99.58448, 34.407673 ], [ -99.58006, 34.416653 ], [ -99.574367, 34.418281 ], [ -99.569696, 34.418418 ], [ -99.562204, 34.417319 ], [ -99.555986, 34.41464 ], [ -99.549242, 34.412715 ], [ -99.529786, 34.411452 ], [ -99.52365, 34.412206 ], [ -99.517624, 34.414494 ], [ -99.51428, 34.414035 ], [ -99.511102, 34.412705 ], [ -99.50911, 34.411267 ], [ -99.507621, 34.409887 ], [ -99.506903, 34.40952 ], [ -99.502836, 34.409327 ], [ -99.499875, 34.409608 ], [ -99.497091, 34.407731 ], [ -99.496399, 34.406495 ], [ -99.494104, 34.404755 ], [ -99.490426, 34.399694 ], [ -99.487219, 34.397955 ], [ -99.477547, 34.396355 ], [ -99.475851, 34.396385 ], [ -99.475080691643299, 34.395998351528 ], [ -99.473789, 34.39535 ], [ -99.472268, 34.395602 ], [ -99.470969, 34.396471 ], [ -99.470306, 34.396748 ], [ -99.468427, 34.396634 ], [ -99.466383, 34.3959 ], [ -99.464036, 34.393634 ], [ -99.462462, 34.391137 ], [ -99.461854, 34.387241 ], [ -99.462048, 34.384401 ], [ -99.461827, 34.382414 ], [ -99.461053, 34.380666 ], [ -99.459395, 34.380117 ], [ -99.456328, 34.380392 ], [ -99.455085, 34.381264 ], [ -99.454997, 34.38178 ], [ -99.455472, 34.386097 ], [ -99.454726, 34.388411 ], [ -99.454229, 34.388755 ], [ -99.452648, 34.388252 ], [ -99.445336, 34.379768 ], [ -99.443669, 34.376457 ], [ -99.442394, 34.375453 ], [ -99.441937, 34.374412 ], [ -99.441057, 34.374042 ], [ -99.440671, 34.372774 ], [ -99.438269, 34.371164 ], [ -99.437572, 34.371259 ], [ -99.436474, 34.370539 ], [ -99.434968, 34.370699 ], [ -99.433458, 34.370223 ], [ -99.431043, 34.371117 ], [ -99.430901, 34.371996 ], [ -99.431121, 34.373989 ], [ -99.430609, 34.374426 ], [ -99.429324, 34.375834 ], [ -99.430284, 34.378801 ], [ -99.43001, 34.381019 ], [ -99.429154, 34.382849 ], [ -99.427497, 34.385136 ], [ -99.424897, 34.385823 ], [ -99.423679, 34.385663 ], [ -99.421908, 34.384201 ], [ -99.420714, 34.380386 ], [ -99.413045, 34.377012 ], [ -99.407168, 34.372605 ], [ -99.40296, 34.373481 ], [ -99.396839, 34.379417 ], [ -99.395921, 34.395726 ], [ -99.391492, 34.405631 ], [ -99.387653, 34.411984 ], [ -99.393919, 34.415274 ], [ -99.396488, 34.417291 ], [ -99.397135, 34.419409 ], [ -99.396665, 34.421203 ], [ -99.397379, 34.423259 ], [ -99.396824, 34.424703 ], [ -99.393306, 34.427613 ], [ -99.393802, 34.42901 ], [ -99.393049, 34.431921 ], [ -99.394625, 34.4327 ], [ -99.396115, 34.43497 ], [ -99.395605, 34.440378 ], [ -99.394956, 34.442099 ], [ -99.381011, 34.456936 ], [ -99.375365, 34.458845 ], [ -99.36961, 34.458699 ], [ -99.358795, 34.455863 ], [ -99.354672, 34.451857 ], [ -99.3557925991894, 34.449019465606497 ], [ -99.356771, 34.446542 ], [ -99.356713, 34.442144 ], [ -99.350407, 34.437083 ], [ -99.341337, 34.431061 ], [ -99.334037, 34.427536 ], [ -99.328674, 34.422383 ], [ -99.324222, 34.414458 ], [ -99.319606, 34.408869 ], [ -99.316373, 34.408205 ], [ -99.314996352801401, 34.408512489169297 ], [ -99.308274, 34.410014 ], [ -99.299098, 34.414228 ], [ -99.294648, 34.415373 ], [ -99.289922, 34.414731 ], [ -99.28791, 34.41403 ], [ -99.286437, 34.413025 ], [ -99.283773, 34.409558 ], [ -99.282843, 34.40748 ], [ -99.282814, 34.405465 ], [ -99.28317, 34.402946 ], [ -99.28151, 34.401457 ], [ -99.278828, 34.400265 ], [ -99.27526, 34.400104 ], [ -99.269566, 34.40191 ], [ -99.267745, 34.404955 ], [ -99.266308, 34.405481 ], [ -99.264167, 34.405149 ], [ -99.261321, 34.403499 ], [ -99.260987, 34.401751 ], [ -99.261825, 34.398677 ], [ -99.261822, 34.395036 ], [ -99.258807, 34.392078 ], [ -99.25898, 34.391243 ], [ -99.261126, 34.389561 ], [ -99.264508, 34.388085 ], [ -99.271655, 34.38769 ], [ -99.273894, 34.387577 ], [ -99.27534, 34.386599 ], [ -99.274858, 34.384922 ], [ -99.272922, 34.383547 ], [ -99.271281, 34.381604 ], [ -99.264958, 34.378756 ], [ -99.260441, 34.378078 ], [ -99.259141, 34.376812 ], [ -99.259334, 34.373621 ], [ -99.258606, 34.37265 ], [ -99.256498, 34.372229 ], [ -99.254631, 34.372419 ], [ -99.25071, 34.375449 ], [ -99.248969, 34.375984 ], [ -99.247584, 34.375551 ], [ -99.246699, 34.374687 ], [ -99.242855, 34.372676 ], [ -99.243024, 34.371142 ], [ -99.243543, 34.370711 ], [ -99.246231, 34.369896 ], [ -99.247942, 34.368487 ], [ -99.24812, 34.367433 ], [ -99.247372, 34.365985 ], [ -99.247009, 34.36478 ], [ -99.244454, 34.363701 ], [ -99.243217, 34.364032 ], [ -99.241476, 34.364536 ], [ -99.237562, 34.366701 ], [ -99.236177, 34.365172 ], [ -99.236441, 34.363598 ], [ -99.237233, 34.362717 ], [ -99.236521, 34.358569 ], [ -99.235422, 34.357094 ], [ -99.234843, 34.356441 ], [ -99.234741, 34.354977 ], [ -99.234252, 34.353459 ], [ -99.228636, 34.348564 ], [ -99.234256, 34.340865 ], [ -99.229245, 34.336516 ], [ -99.221975, 34.34002 ], [ -99.217335, 34.34152 ], [ -99.213135, 34.340369 ], [ -99.206905, 34.338277 ], [ -99.210078, 34.337705 ], [ -99.210716, 34.336304 ], [ -99.210779, 34.330983 ], [ -99.209724, 34.324935 ], [ -99.205824, 34.320082 ], [ -99.206584, 34.31696 ], [ -99.213476, 34.310672 ], [ -99.211728452107707, 34.3054011875413 ], [ -99.21025, 34.300942 ], [ -99.211449, 34.29275 ], [ -99.207766, 34.283823 ], [ -99.200222, 34.281152 ], [ -99.19626, 34.281463 ], [ -99.194459, 34.271881 ], [ -99.198017, 34.262723 ], [ -99.197128673111493, 34.261825091994098 ], [ -99.191805, 34.256444 ], [ -99.197153, 34.244298 ], [ -99.195553, 34.24006 ], [ -99.191139, 34.23234 ], [ -99.190146, 34.22966 ], [ -99.190036, 34.227186 ], [ -99.192076, 34.222192 ], [ -99.192683, 34.218825 ], [ -99.192104, 34.216694 ], [ -99.189511, 34.214312 ], [ -99.159016, 34.20888 ], [ -99.156823, 34.207214 ], [ -99.15134, 34.207603 ], [ -99.147848, 34.209444 ], [ -99.144481, 34.213329 ], [ -99.143985, 34.214763 ], [ -99.142471, 34.215408 ], [ -99.141504, 34.216655 ], [ -99.13918, 34.217605 ], [ -99.13822, 34.219159 ], [ -99.133397, 34.219665 ], [ -99.130609, 34.219408 ], [ -99.128514, 34.218766 ], [ -99.127549, 34.217986 ], [ -99.126799, 34.217115 ], [ -99.126614, 34.215329 ], [ -99.127525, 34.213771 ], [ -99.13009, 34.212192 ], [ -99.131553, 34.209352 ], [ -99.131885, 34.207382 ], [ -99.131168, 34.205742 ], [ -99.129792, 34.204403 ], [ -99.126567, 34.203004 ], [ -99.119969991380501, 34.201877768866702 ], [ -99.119204, 34.201747 ], [ -99.116965, 34.203729 ], [ -99.112844, 34.205818 ], [ -99.1093, 34.205453 ], [ -99.106301, 34.204698 ], [ -99.102186, 34.205483 ], [ -99.100249, 34.208867 ], [ -99.097876, 34.211019 ], [ -99.095271, 34.211842 ], [ -99.092851, 34.210742 ], [ -99.092191, 34.209316 ], [ -99.088923, 34.208475 ], [ -99.084609, 34.209434 ], [ -99.079535, 34.211518 ], [ -99.075978, 34.211221 ], [ -99.066465, 34.208404 ], [ -99.060344, 34.204761 ], [ -99.059159, 34.202929 ], [ -99.0588, 34.201256 ], [ -99.058084, 34.200569 ], [ -99.048792, 34.198209 ], [ -99.043471, 34.198208 ], [ -99.040962, 34.200842 ], [ -99.039004, 34.204667 ], [ -99.037459, 34.206454 ], [ -99.036273, 34.206912 ], [ -99.027935340857695, 34.205585766607697 ], [ -99.013075, 34.203222 ], [ -99.00579, 34.206647 ], [ -99.002916, 34.208782 ], [ -99.003433, 34.214466 ], [ -99.000761, 34.217643 ], [ -98.990852, 34.221633 ], [ -98.987294, 34.221223 ], [ -98.981364, 34.217583 ], [ -98.978685, 34.210231 ], [ -98.976587, 34.206291 ], [ -98.974132, 34.203566 ], [ -98.969003, 34.201299 ], [ -98.966302, 34.201323 ], [ -98.96247, 34.204668 ], [ -98.962085, 34.206386 ], [ -98.962307, 34.211312 ], [ -98.960791, 34.21303 ], [ -98.958475, 34.213855 ], [ -98.952513, 34.21265 ], [ -98.952357534912693, 34.212578766587299 ], [ -98.950396, 34.21168 ], [ -98.94022, 34.203686 ], [ -98.928145, 34.192689 ], [ -98.927456, 34.191155 ], [ -98.923431106202401, 34.186339452232403 ], [ -98.923129, 34.185978 ], [ -98.920704, 34.183435 ], [ -98.918333, 34.181831 ], [ -98.909349, 34.177499 ], [ -98.892146, 34.172345 ], [ -98.888958, 34.169406 ], [ -98.886037, 34.167916 ], [ -98.881326, 34.16735 ], [ -98.876291, 34.167593 ], [ -98.874849, 34.167522 ], [ -98.872922, 34.166584 ], [ -98.871543, 34.165027 ], [ -98.871211, 34.163012 ], [ -98.872229, 34.160446 ], [ -98.874955, 34.157031 ], [ -98.874872, 34.155657 ], [ -98.873271, 34.153596 ], [ -98.868116, 34.149635 ], [ -98.86255, 34.149111 ], [ -98.860125, 34.149913 ], [ -98.858419, 34.152732 ], [ -98.8579, 34.159627 ], [ -98.857322, 34.161094 ], [ -98.855585, 34.161621 ], [ -98.854184, 34.161652 ], [ -98.851671, 34.160294 ], [ -98.84966, 34.159699 ], [ -98.847774, 34.159949 ], [ -98.846991976587304, 34.159726481359101 ], [ -98.844727, 34.159082 ], [ -98.843542, 34.158143 ], [ -98.842191, 34.158051 ], [ -98.840676, 34.157296 ], [ -98.83668, 34.156495 ], [ -98.833346, 34.159107 ], [ -98.832135, 34.161787 ], [ -98.831115, 34.162154 ], [ -98.815269, 34.158101 ], [ -98.812954, 34.158444 ], [ -98.80681, 34.155901 ], [ -98.804413, 34.153931 ], [ -98.799756, 34.147883 ], [ -98.796203, 34.142775 ], [ -98.792015, 34.143736 ], [ -98.788405, 34.146668 ], [ -98.779425, 34.140232 ], [ -98.76557, 34.136376 ], [ -98.761797, 34.133785 ], [ -98.760558, 34.132388 ], [ -98.759486, 34.128882 ], [ -98.759653, 34.126912 ], [ -98.757037, 34.124633 ], [ -98.753709604526406, 34.124463322590699 ], [ -98.750760007138794, 34.124312910640299 ], [ -98.749291, 34.124238 ], [ -98.741966, 34.12553 ], [ -98.739461, 34.127394 ], [ -98.737232, 34.130992 ], [ -98.73682, 34.133374 ], [ -98.735471, 34.135208 ], [ -98.734287, 34.135758 ], [ -98.73043, 34.135917 ], [ -98.728502, 34.135279 ], [ -98.725003, 34.135463 ], [ -98.723626, 34.135189 ], [ -98.722717, 34.135281 ], [ -98.71922, 34.13638 ], [ -98.717537, 34.13645 ], [ -98.716104, 34.135947 ], [ -98.714947, 34.134847 ], [ -98.71423, 34.133404 ], [ -98.71412, 34.132144 ], [ -98.712467, 34.13116 ], [ -98.70996, 34.131549 ], [ -98.706132, 34.134986 ], [ -98.703047, 34.135903 ], [ -98.700182, 34.135995 ], [ -98.696518, 34.133521 ], [ -98.693405, 34.13375 ], [ -98.690595, 34.132972 ], [ -98.685627, 34.136568 ], [ -98.68412, 34.13879 ], [ -98.678693, 34.142135 ], [ -98.677379, 34.142537 ], [ -98.655655, 34.158258 ], [ -98.650583, 34.163113 ], [ -98.648073, 34.164441 ], [ -98.643223, 34.164531 ], [ -98.63573, 34.161618 ], [ -98.621666, 34.157195 ], [ -98.618616157999298, 34.156714617426601 ], [ -98.616733, 34.156418 ], [ -98.611829, 34.156558 ], [ -98.609987002566101, 34.157154049572803 ], [ -98.608853, 34.157521 ], [ -98.603978, 34.160249 ], [ -98.599789, 34.160571 ], [ -98.58554, 34.152328 ], [ -98.577136, 34.148962 ], [ -98.572451, 34.145091 ], [ -98.567215, 34.138105 ], [ -98.560191, 34.133202 ], [ -98.552836, 34.133568 ], [ -98.551982, 34.13295 ], [ -98.550522, 34.132194 ], [ -98.550219, 34.130132 ], [ -98.551046, 34.127818 ], [ -98.551845, 34.127131 ], [ -98.554324, 34.126605 ], [ -98.556252, 34.127727 ], [ -98.558593, 34.128254 ], [ -98.560136, 34.126926 ], [ -98.560977, 34.124631 ], [ -98.560574, 34.123567 ], [ -98.559557, 34.123418 ], [ -98.558027, 34.122856 ], [ -98.55682, 34.121079 ], [ -98.55387, 34.119542 ], [ -98.550917, 34.119334 ], [ -98.536257, 34.107343 ], [ -98.5282, 34.094961 ], [ -98.516875, 34.085984 ], [ -98.504149, 34.072287 ], [ -98.494154, 34.069825 ], [ -98.4888, 34.066076 ], [ -98.486328, 34.062598 ], [ -98.48204, 34.06227 ], [ -98.471465, 34.065665 ], [ -98.466002, 34.073081 ], [ -98.462951, 34.073836 ], [ -98.454665, 34.072577 ], [ -98.449034, 34.073462 ], [ -98.445784, 34.076827 ], [ -98.443724, 34.082152 ], [ -98.440092, 34.084311 ], [ -98.42914, 34.085564 ], [ -98.42523, 34.084799 ], [ -98.423533, 34.082843 ], [ -98.418805, 34.082655 ], [ -98.417355517482704, 34.083739802515701 ], [ -98.411587, 34.088057 ], [ -98.409596, 34.09407 ], [ -98.411511, 34.098615 ], [ -98.411374, 34.100324 ], [ -98.409318, 34.101293 ], [ -98.406735, 34.10114 ], [ -98.402158, 34.098653 ], [ -98.399777, 34.099973 ], [ -98.398389, 34.104566 ], [ -98.39816, 34.121396 ], [ -98.400494, 34.121778 ], [ -98.400967, 34.122236 ], [ -98.395024, 34.131318 ], [ -98.388686, 34.133217 ], [ -98.385271, 34.13175 ], [ -98.382959, 34.129549 ], [ -98.380865, 34.130534 ], [ -98.379762, 34.131174 ], [ -98.379927, 34.132274 ], [ -98.381055, 34.134771 ], [ -98.384965, 34.136651 ], [ -98.386232, 34.137728 ], [ -98.387084, 34.140912 ], [ -98.38485, 34.143844 ], [ -98.384546, 34.145997 ], [ -98.381651, 34.149202 ], [ -98.376911, 34.150552 ], [ -98.374461, 34.150758 ], [ -98.370495, 34.152135 ], [ -98.367494, 34.156191 ], [ -98.365621, 34.156993 ], [ -98.364023, 34.157109 ], [ -98.348154443228694, 34.1546064260097 ], [ -98.325445, 34.151025 ], [ -98.32258, 34.14972 ], [ -98.31875, 34.146421 ], [ -98.300209, 34.134579 ], [ -98.293901, 34.13302 ], [ -98.280321, 34.13075 ], [ -98.276878, 34.131046 ], [ -98.272994, 34.132213 ], [ -98.271561, 34.132282 ], [ -98.268972, 34.131616 ], [ -98.268338, 34.131662 ], [ -98.267664084805801, 34.131853167920397 ], [ -98.267291, 34.131959 ], [ -98.266217, 34.132051 ], [ -98.2617, 34.131568 ], [ -98.257955, 34.129825 ], [ -98.256467, 34.129481 ], [ -98.247954, 34.130717 ], [ -98.241013, 34.133103 ], [ -98.231042, 34.134023 ], [ -98.2236, 34.125093 ], [ -98.216463, 34.121821 ], [ -98.203711, 34.117676 ], [ -98.200075, 34.116783 ], [ -98.191455, 34.115753 ], [ -98.16912, 34.114171 ], [ -98.157412, 34.120467 ], [ -98.154354, 34.122734 ], [ -98.142754, 34.136359 ], [ -98.138978804364598, 34.141805401056203 ], [ -98.13677, 34.144992 ], [ -98.130816, 34.150532 ], [ -98.123377, 34.15454 ], [ -98.114506, 34.154727 ], [ -98.109462, 34.154111 ], [ -98.101937, 34.14683 ], [ -98.100558, 34.142135 ], [ -98.103172, 34.135194 ], [ -98.100498, 34.131369 ], [ -98.097657266191305, 34.131561552391901 ], [ -98.093599928022698, 34.131836569419697 ], [ -98.092015, 34.131944 ], [ -98.089755, 34.128211 ], [ -98.09066, 34.12198 ], [ -98.092421, 34.116917 ], [ -98.093243580955701, 34.1151702735879 ], [ -98.095118, 34.11119 ], [ -98.099328, 34.104295 ], [ -98.104309, 34.0982 ], [ -98.119417, 34.084474 ], [ -98.121039, 34.081266 ], [ -98.120903175153003, 34.079772253577801 ], [ -98.120208, 34.072127 ], [ -98.11803, 34.067065 ], [ -98.114587, 34.06228 ], [ -98.099096, 34.048639 ], [ -98.083839, 34.041719 ], [ -98.083835850125595, 34.041169075369098 ], [ -98.08381, 34.036656 ], [ -98.092366, 34.033929 ], [ -98.098001, 34.03824 ], [ -98.103538, 34.03853 ], [ -98.106261, 34.034154 ], [ -98.098442, 34.023918 ], [ -98.089555, 34.01927 ], [ -98.082676, 34.010796 ], [ -98.088203, 34.005481 ], [ -98.08526, 34.003259 ], [ -98.082839, 34.002412 ], [ -98.055197, 33.995841 ], [ -98.041117, 33.993456 ], [ -98.027672, 33.993357 ], [ -98.019485, 33.993804 ], [ -98.005667, 33.995964 ], [ -97.999704388338699, 33.997222806192902 ], [ -97.987388, 33.999823 ], [ -97.982806, 34.001949 ], [ -97.978243, 34.005387 ], [ -97.974173, 34.006716 ], [ -97.97167, 34.005434 ], [ -97.96834, 34.00053 ], [ -97.963028, 33.994235 ], [ -97.958325, 33.990846 ], [ -97.95585, 33.990136 ], [ -97.952688, 33.990114 ], [ -97.947572, 33.991053 ], [ -97.946473, 33.990732 ], [ -97.94573, 33.989839 ], [ -97.94595, 33.988396 ], [ -97.956917, 33.958502 ], [ -97.960351, 33.951928 ], [ -97.965737, 33.947392 ], [ -97.972662, 33.944527 ], [ -97.973335976494397, 33.943770950921198 ], [ -97.974173, 33.942832 ], [ -97.974062, 33.940289 ], [ -97.972494, 33.937907 ], [ -97.971175, 33.937129 ], [ -97.965953, 33.936191 ], [ -97.963425, 33.936237 ], [ -97.955511, 33.938186 ], [ -97.954467, 33.937774 ], [ -97.953395, 33.936445 ], [ -97.952679, 33.929482 ], [ -97.953695, 33.924373 ], [ -97.957155, 33.914454 ], [ -97.960615, 33.910354 ], [ -97.964461, 33.907398 ], [ -97.969873, 33.905999 ], [ -97.973143, 33.908014 ], [ -97.976963, 33.912549 ], [ -97.978804, 33.912548 ], [ -97.979985, 33.911402 ], [ -97.983552, 33.904002 ], [ -97.98454, 33.900703 ], [ -97.984566, 33.899077 ], [ -97.984430670318503, 33.898758287563197 ], [ -97.983769, 33.8972 ], [ -97.979699996447593, 33.892193955189697 ], [ -97.977859, 33.889929 ], [ -97.977807889742706, 33.889883374271797 ], [ -97.974178, 33.886643 ], [ -97.967777, 33.88243 ], [ -97.958438, 33.879179 ], [ -97.951215, 33.878424 ], [ -97.946464, 33.878883 ], [ -97.94273, 33.879845 ], [ -97.938802, 33.879891 ], [ -97.936743, 33.879204 ], [ -97.905467, 33.863531 ], [ -97.896738, 33.857985 ], [ -97.88938, 33.856426 ], [ -97.883204, 33.854362 ], [ -97.877387, 33.850236 ], [ -97.871447, 33.849001 ], [ -97.865765, 33.849393 ], [ -97.860927, 33.850594 ], [ -97.853701153764902, 33.852948013101702 ], [ -97.849502, 33.854316 ], [ -97.843256, 33.856838 ], [ -97.841581, 33.856272 ], [ -97.8388, 33.856933 ], [ -97.834333, 33.857671 ], [ -97.830871, 33.861793 ], [ -97.826176, 33.864536 ], [ -97.822106, 33.867961 ], [ -97.819023, 33.869908 ], [ -97.819205, 33.872193 ], [ -97.819236, 33.879091 ], [ -97.816426, 33.882081 ], [ -97.813991, 33.881757 ], [ -97.812508, 33.881153 ], [ -97.809771, 33.877699 ], [ -97.807499, 33.876401 ], [ -97.805423, 33.877167 ], [ -97.80263, 33.879971 ], [ -97.801439, 33.886306 ], [ -97.801656, 33.890034 ], [ -97.80198, 33.894254 ], [ -97.801135, 33.89659 ], [ -97.797761, 33.899286 ], [ -97.793691, 33.899658 ], [ -97.790781, 33.898312 ], [ -97.789808, 33.894741 ], [ -97.788022, 33.89182 ], [ -97.784702, 33.890636 ], [ -97.782341, 33.892306 ], [ -97.780069, 33.89539 ], [ -97.779683, 33.899243 ], [ -97.78034, 33.904833 ], [ -97.786075, 33.913244 ], [ -97.786075, 33.914867 ], [ -97.785101, 33.916815 ], [ -97.782179, 33.919087 ], [ -97.779702, 33.919721 ], [ -97.775525, 33.918113 ], [ -97.772672, 33.914382 ], [ -97.76377, 33.914241 ], [ -97.760224, 33.917194 ], [ -97.759399, 33.91882 ], [ -97.759834, 33.92521 ], [ -97.762661, 33.930846 ], [ -97.762768, 33.934396 ], [ -97.752957, 33.937049 ], [ -97.738478, 33.937421 ], [ -97.736554, 33.936575 ], [ -97.733723, 33.936392 ], [ -97.732267, 33.936691 ], [ -97.726067970522706, 33.940558952757797 ], [ -97.725289, 33.941045 ], [ -97.720958721268303, 33.944411299810099 ], [ -97.716772, 33.947666 ], [ -97.709684, 33.954997 ], [ -97.704159, 33.963336 ], [ -97.697921, 33.977331 ], [ -97.69311, 33.983699 ], [ -97.688023, 33.986607 ], [ -97.672970707959195, 33.991018671096597 ], [ -97.671772, 33.99137 ], [ -97.661489, 33.990818 ], [ -97.65621, 33.989488 ], [ -97.633778, 33.981257 ], [ -97.630672602951094, 33.979432895508602 ], [ -97.624573, 33.97585 ], [ -97.623005, 33.97395 ], [ -97.615553, 33.969556 ], [ -97.609091, 33.968093 ], [ -97.606038, 33.965002 ], [ -97.604389, 33.963811 ], [ -97.604333, 33.962758 ], [ -97.600968, 33.960656 ], [ -97.600896, 33.958888 ], [ -97.599466, 33.956323 ], [ -97.5962, 33.954521 ], [ -97.590422, 33.954104 ], [ -97.588828, 33.951882 ], [ -97.591409, 33.948057 ], [ -97.591739, 33.946614 ], [ -97.594046, 33.944598 ], [ -97.59542, 33.941436 ], [ -97.595419, 33.938917 ], [ -97.593302, 33.933924 ], [ -97.591213, 33.931245 ], [ -97.591514, 33.9282 ], [ -97.595084, 33.922954 ], [ -97.596155, 33.922106 ], [ -97.596979, 33.920228 ], [ -97.597115, 33.917868 ], [ -97.596289, 33.913769 ], [ -97.593676, 33.910112 ], [ -97.592035, 33.910137 ], [ -97.590931, 33.909602 ], [ -97.589667, 33.906601 ], [ -97.589172, 33.904884 ], [ -97.589254, 33.903922 ], [ -97.587441, 33.902479 ], [ -97.585932322128699, 33.901812322235699 ], [ -97.585802555411107, 33.901754978924203 ], [ -97.582777, 33.900418 ], [ -97.581078, 33.899679 ], [ -97.581068119481998, 33.899677473070803 ], [ -97.578082, 33.899216 ], [ -97.572503, 33.899256 ], [ -97.572382824879597, 33.899323352634802 ], [ -97.568715, 33.901379 ], [ -97.566956, 33.901583 ], [ -97.562788, 33.900925 ], [ -97.5608977260312, 33.899588800974698 ], [ -97.56055, 33.899343 ], [ -97.559917, 33.897603 ], [ -97.55827, 33.897099 ], [ -97.555002, 33.897282 ], [ -97.551541, 33.897947 ], [ -97.543246, 33.901289 ], [ -97.532723, 33.906577 ], [ -97.525277, 33.911751 ], [ -97.519171, 33.913638 ], [ -97.517444640474494, 33.914207259730397 ], [ -97.509927912231603, 33.916685868983002 ], [ -97.50096, 33.919643 ], [ -97.494858, 33.919258 ], [ -97.486505, 33.916994 ], [ -97.484037243770004, 33.9157618691195 ], [ -97.485046, 33.698185 ], [ -97.4854, 33.648943 ], [ -97.486138, 33.569368 ], [ -97.486276, 33.556803 ], [ -97.486442, 33.541818 ], [ -97.486905, 33.458766 ], [ -97.486972, 33.448187 ], [ -97.487065, 33.433681 ], [ -97.502096, 33.433937 ], [ -97.582231, 33.433993 ], [ -97.610023, 33.434011 ], [ -97.747526, 33.433914 ], [ -97.759532, 33.43397 ], [ -97.760439, 33.433913 ], [ -97.793433, 33.433846 ], [ -97.798335, 33.433806 ], [ -97.817602, 33.433829 ], [ -97.831749, 33.433819 ], [ -97.839872, 33.433804 ], [ -97.879951, 33.43399 ], [ -97.918189, 33.433873 ], [ -97.978967, 33.433748 ], [ -97.978926, 33.463064 ], [ -97.978919, 33.467129 ], [ -98.045184, 33.466731 ], [ -98.050718, 33.466704 ], [ -98.172493, 33.466274 ], [ -98.196998, 33.466307 ], [ -98.214811, 33.466288 ], [ -98.24911, 33.466371 ], [ -98.297325, 33.466363 ], [ -98.421419, 33.466797 ], [ -98.421241, 33.450961 ], [ -98.420666, 33.396195 ], [ -98.420436, 33.375104 ], [ -98.420818, 33.369145 ], [ -98.420826, 33.362957 ], [ -98.420911, 33.29791 ], [ -98.422423, 33.22299 ], [ -98.42351, 33.18814 ], [ -98.424381, 33.155769 ], [ -98.425422, 33.088589 ], [ -98.426553, 33.007913 ], [ -98.426633, 33.00343 ], [ -98.427153, 32.989282 ], [ -98.427211, 32.9523 ], [ -98.519031, 32.953711 ], [ -98.521092, 32.953643 ], [ -98.575616, 32.954349 ], [ -98.707253, 32.956421 ], [ -98.774296, 32.957033 ], [ -98.81871, 32.957121 ], [ -98.831894, 32.957158 ], [ -98.840823, 32.957183 ], [ -98.858278, 32.957205 ], [ -98.883512, 32.957234 ], [ -98.936681, 32.957002 ], [ -98.950875, 32.956918 ], [ -98.95131, 33.014297 ], [ -98.951665, 33.055525 ], [ -98.952128, 33.111316 ], [ -98.952578, 33.163823 ], [ -98.952606, 33.16713 ], [ -98.953502, 33.285936 ], [ -98.953853, 33.33289 ], [ -98.953938, 33.397534 ], [ -99.00709, 33.397761 ] ] ] } }
]
}
