{
"type": "FeatureCollection",
"name": "TX_FedDistrict_Southern",
"crs": { "type": "name", "properties": { "name": "urn:ogc:def:crs:EPSG::4269" } },
"features": [
{ "type": "Feature", "properties": { "FederalDivisionName": "Brownsville", "FederalJudicialDistrict": "Southern" }, "geometry": { "type": "MultiPolygon", "coordinates": [ [ [ [ -97.859009, 26.066536 ], [ -97.859847, 26.06831 ], [ -97.861273, 26.069927 ], [ -97.861666115959807, 26.069783317266101 ], [ -97.861791, 26.070125 ], [ -97.861875, 26.084383 ], [ -97.861875, 26.129972 ], [ -97.861874, 26.135469 ], [ -97.861876, 26.149485 ], [ -97.861688, 26.151956 ], [ -97.861782, 26.156518 ], [ -97.861808, 26.157775 ], [ -97.861843, 26.159621 ], [ -97.861876, 26.161082 ], [ -97.862097, 26.171837 ], [ -97.861913, 26.230051 ], [ -97.86191, 26.233605 ], [ -97.861897, 26.259014 ], [ -97.861881, 26.307617 ], [ -97.861875, 26.348156 ], [ -97.861875, 26.371241 ], [ -97.861822, 26.385778 ], [ -97.862227, 26.433579 ], [ -97.872384, 26.433535 ], [ -97.890307, 26.433308 ], [ -97.908273, 26.433243 ], [ -97.908296, 26.434908 ], [ -97.922664, 26.437047 ], [ -97.924445, 26.437407 ], [ -97.925943, 26.437457 ], [ -98.000378, 26.448222 ], [ -98.004189, 26.448784 ], [ -97.996514, 26.49191 ], [ -97.992285, 26.491308 ], [ -97.984367, 26.536578 ], [ -97.980479, 26.53599 ], [ -97.963912, 26.5335 ], [ -97.96884, 26.551355 ], [ -97.970067, 26.552253 ], [ -97.96876, 26.55398 ], [ -97.968244, 26.560175 ], [ -97.968657, 26.5622 ], [ -97.968087, 26.568919 ], [ -97.964423, 26.568751 ], [ -97.957405, 26.611769 ], [ -97.861688, 26.597995 ], [ -97.766897, 26.59807 ], [ -97.764372, 26.598072 ], [ -97.666579, 26.598935 ], [ -97.625266, 26.59923 ], [ -97.622724, 26.599558 ], [ -97.500261, 26.600985 ], [ -97.474302, 26.599808 ], [ -97.453391, 26.599862 ], [ -97.440625393530496, 26.599908017993599 ], [ -97.439494, 26.598571 ], [ -97.433552, 26.589645 ], [ -97.433294476623999, 26.588400953994199 ], [ -97.432364, 26.583906 ], [ -97.432536908254804, 26.583132092568999 ], [ -97.432757, 26.582147 ], [ -97.430569724276097, 26.578984434271199 ], [ -97.430225, 26.578486 ], [ -97.428151, 26.572466 ], [ -97.428638784571305, 26.570616615993099 ], [ -97.428918, 26.569558 ], [ -97.425234, 26.558184 ], [ -97.424758, 26.557121 ], [ -97.423926, 26.555527 ], [ -97.420837, 26.554358 ], [ -97.418816, 26.555208 ], [ -97.416955, 26.553637 ], [ -97.41537, 26.552763 ], [ -97.415845, 26.551594 ], [ -97.417707, 26.548946 ], [ -97.418401, 26.544615 ], [ -97.419604, 26.541656 ], [ -97.420955, 26.53554 ], [ -97.419173, 26.527247 ], [ -97.417783361718804, 26.521614149382899 ], [ -97.417153, 26.519059 ], [ -97.414538, 26.515338 ], [ -97.413825, 26.512573 ], [ -97.40919, 26.505448 ], [ -97.406813, 26.499492 ], [ -97.407645, 26.491515 ], [ -97.411092, 26.485984 ], [ -97.413112, 26.481197 ], [ -97.405744, 26.478751 ], [ -97.38055, 26.480559 ], [ -97.375679835739206, 26.469598 ], [ -97.35488, 26.422785 ], [ -97.348742185031298, 26.4110407453481 ], [ -97.347037, 26.407778 ], [ -97.335034, 26.379994 ], [ -97.334915, 26.376055 ], [ -97.329805, 26.368069 ], [ -97.330281, 26.36594 ], [ -97.329092, 26.359125 ], [ -97.323388, 26.352416 ], [ -97.301165, 26.303953 ], [ -97.297005, 26.296069 ], [ -97.295651885995795, 26.295536984262 ], [ -97.290232, 26.293406 ], [ -97.286191, 26.284349 ], [ -97.2812, 26.280513 ], [ -97.279892, 26.270923 ], [ -97.284979118061599, 26.268169059280901 ], [ -97.286191, 26.267513 ], [ -97.29653, 26.276997 ], [ -97.303779, 26.280833 ], [ -97.306513, 26.283603 ], [ -97.306869, 26.285628 ], [ -97.307701, 26.287546 ], [ -97.30984, 26.288291 ], [ -97.313286, 26.284136 ], [ -97.31911, 26.279341 ], [ -97.324339, 26.277316 ], [ -97.322807, 26.271956 ], [ -97.319347, 26.270283 ], [ -97.31602, 26.270923 ], [ -97.313888, 26.273408 ], [ -97.311866, 26.273737 ], [ -97.306156, 26.274013 ], [ -97.302234, 26.271988 ], [ -97.299858, 26.267406 ], [ -97.298788, 26.260692 ], [ -97.298868062094897, 26.2602998771053 ], [ -97.300333, 26.253125 ], [ -97.305681, 26.242679 ], [ -97.307226, 26.239695 ], [ -97.30675, 26.235324 ], [ -97.308889, 26.229035 ], [ -97.310672, 26.227649 ], [ -97.312098, 26.225624 ], [ -97.315544, 26.22541 ], [ -97.316733, 26.224025 ], [ -97.31293, 26.218374 ], [ -97.311333, 26.213177 ], [ -97.304486, 26.20249 ], [ -97.30164, 26.200995 ], [ -97.298817, 26.20121 ], [ -97.298823, 26.203155 ], [ -97.297243, 26.203341 ], [ -97.294817, 26.192312 ], [ -97.296089, 26.182388 ], [ -97.29909, 26.175958 ], [ -97.303066, 26.170815 ], [ -97.303635, 26.166219 ], [ -97.301521, 26.165695 ], [ -97.299976, 26.163242 ], [ -97.299263, 26.159722 ], [ -97.297005, 26.158335 ], [ -97.294985, 26.155349 ], [ -97.295936, 26.151509 ], [ -97.298313, 26.149055 ], [ -97.298907, 26.147562 ], [ -97.296598, 26.142439 ], [ -97.293607, 26.137583 ], [ -97.292279700852205, 26.135955056118402 ], [ -97.285338, 26.127441 ], [ -97.282753, 26.11909 ], [ -97.28522, 26.116938 ], [ -97.288698, 26.117969 ], [ -97.288822232064703, 26.118944064167 ], [ -97.289242069234405, 26.122239253547502 ], [ -97.289802, 26.126634 ], [ -97.292085146453999, 26.129162302235802 ], [ -97.293015, 26.130192 ], [ -97.294016701608001, 26.1301138134579 ], [ -97.294988, 26.130038 ], [ -97.295026346813401, 26.129384817366098 ], [ -97.295137, 26.1275 ], [ -97.297675, 26.125131 ], [ -97.302435, 26.124377 ], [ -97.30562, 26.126144 ], [ -97.305968, 26.128435 ], [ -97.306973, 26.128774 ], [ -97.307921, 26.128336 ], [ -97.308561, 26.126943 ], [ -97.311298, 26.123668 ], [ -97.312110132823094, 26.121490960077502 ], [ -97.312538, 26.120344 ], [ -97.310233, 26.117563 ], [ -97.303787, 26.118172 ], [ -97.301216256600995, 26.1164079624312 ], [ -97.29539, 26.11241 ], [ -97.296426, 26.108 ], [ -97.295641336464101, 26.107214243617999 ], [ -97.294272, 26.105843 ], [ -97.290588, 26.104776 ], [ -97.287910837956005, 26.101618468097399 ], [ -97.287630360289199, 26.1012876636238 ], [ -97.282885917757099, 26.095691913942101 ], [ -97.282832650866695, 26.095629089240798 ], [ -97.280964414518294, 26.093425630587699 ], [ -97.279804, 26.092057 ], [ -97.269422, 26.086082 ], [ -97.266177494988696, 26.0852535972857 ], [ -97.262536777323902, 26.084324031640001 ], [ -97.254235242664095, 26.0822044436532 ], [ -97.254210253413802, 26.082198063276898 ], [ -97.251579477345402, 26.0815263608051 ], [ -97.251482558284394, 26.081501614961599 ], [ -97.24698, 26.080352 ], [ -97.229480506374202, 26.079272472281399 ], [ -97.225939, 26.079054 ], [ -97.219671052994599, 26.0791153436687 ], [ -97.215006, 26.079161 ], [ -97.208048, 26.079589 ], [ -97.204667, 26.077773 ], [ -97.199651, 26.077044 ], [ -97.198606, 26.074891 ], [ -97.197943554867905, 26.0744510666247 ], [ -97.195873, 26.073076 ], [ -97.193971, 26.071475 ], [ -97.1917112702818, 26.071531519653998 ], [ -97.189693, 26.071582 ], [ -97.19005, 26.069874 ], [ -97.198299, 26.066679 ], [ -97.195940168145498, 26.048592225262301 ], [ -97.195675, 26.046559 ], [ -97.18273, 26.053126 ], [ -97.164982, 26.063876 ], [ -97.162672, 26.063561 ], [ -97.158557, 26.060907 ], [ -97.157131, 26.061334 ], [ -97.152614, 26.064086 ], [ -97.149662, 26.064136 ], [ -97.151418, 26.060093 ], [ -97.152497, 26.052686 ], [ -97.15321, 26.038906 ], [ -97.151922, 26.017653 ], [ -97.147012, 25.970516 ], [ -97.146881, 25.969781 ], [ -97.146105, 25.956657 ], [ -97.147333, 25.955701 ], [ -97.147277, 25.953324 ], [ -97.150485, 25.951472 ], [ -97.156608, 25.949022 ], [ -97.158954, 25.949119 ], [ -97.160294, 25.950243 ], [ -97.158577, 25.957571 ], [ -97.158188, 25.960365 ], [ -97.158515, 25.961879 ], [ -97.160004, 25.962371 ], [ -97.163227, 25.961029 ], [ -97.165893, 25.960281 ], [ -97.170238, 25.961252 ], [ -97.171879, 25.96228 ], [ -97.173479, 25.96457 ], [ -97.175263, 25.965503 ], [ -97.177345, 25.964962 ], [ -97.177942, 25.963297 ], [ -97.178601, 25.961459 ], [ -97.183122, 25.959783 ], [ -97.186578, 25.958775 ], [ -97.187513, 25.957584 ], [ -97.187083, 25.955578 ], [ -97.187895, 25.954513 ], [ -97.19032, 25.953861 ], [ -97.194456, 25.955247 ], [ -97.195896, 25.956878 ], [ -97.197888, 25.957926 ], [ -97.200612, 25.958347 ], [ -97.204878, 25.95811 ], [ -97.206059, 25.958652 ], [ -97.206582, 25.961876 ], [ -97.207157, 25.963646 ], [ -97.209571, 25.963567 ], [ -97.211011, 25.962668 ], [ -97.214089, 25.960311 ], [ -97.218425, 25.958312 ], [ -97.220922, 25.957272 ], [ -97.22256, 25.957326 ], [ -97.22422, 25.958629 ], [ -97.225354, 25.959094 ], [ -97.229226, 25.958753 ], [ -97.232604, 25.956636 ], [ -97.236999, 25.955992 ], [ -97.239867, 25.954974 ], [ -97.243299, 25.953324 ], [ -97.244665, 25.951431 ], [ -97.245243, 25.949225 ], [ -97.24701, 25.948234 ], [ -97.24959, 25.948281 ], [ -97.252925, 25.948365 ], [ -97.255014, 25.948779 ], [ -97.257269, 25.950087 ], [ -97.260864, 25.950933 ], [ -97.267305, 25.951614 ], [ -97.276707, 25.952147 ], [ -97.280021, 25.954286 ], [ -97.281713, 25.958077 ], [ -97.282848, 25.959228 ], [ -97.284446, 25.959156 ], [ -97.289239, 25.955444 ], [ -97.28944, 25.953766 ], [ -97.288212, 25.952235 ], [ -97.284741, 25.949487 ], [ -97.281818, 25.948222 ], [ -97.278611, 25.947526 ], [ -97.278284, 25.946582 ], [ -97.28039, 25.945446 ], [ -97.281037, 25.943457 ], [ -97.278937, 25.941724 ], [ -97.276872, 25.938207 ], [ -97.276523, 25.936729 ], [ -97.277163, 25.935438 ], [ -97.280046, 25.93507 ], [ -97.284066, 25.935846 ], [ -97.291786, 25.936302 ], [ -97.293675, 25.93535 ], [ -97.294794, 25.933908 ], [ -97.295807, 25.933442 ], [ -97.29782, 25.933836 ], [ -97.298893, 25.936246 ], [ -97.300716, 25.937224 ], [ -97.303029, 25.936999 ], [ -97.304365, 25.935722 ], [ -97.304228, 25.930035 ], [ -97.30481, 25.928419 ], [ -97.307403, 25.926814 ], [ -97.309739, 25.926405 ], [ -97.311487, 25.927544 ], [ -97.312383, 25.92967 ], [ -97.315177, 25.931468 ], [ -97.318359, 25.931117 ], [ -97.320561, 25.929802 ], [ -97.324914, 25.924041 ], [ -97.324651, 25.918592 ], [ -97.326003, 25.917689 ], [ -97.327921, 25.917646 ], [ -97.329586, 25.917748 ], [ -97.331241, 25.918556 ], [ -97.331938, 25.92174 ], [ -97.335074, 25.919833 ], [ -97.337342, 25.920153 ], [ -97.338345, 25.921482 ], [ -97.336535, 25.929152 ], [ -97.33779, 25.929723 ], [ -97.339675, 25.929064 ], [ -97.340685870996197, 25.9290358012681 ], [ -97.342507, 25.928985 ], [ -97.346067, 25.930417 ], [ -97.348274, 25.931143 ], [ -97.349246, 25.929661 ], [ -97.351612, 25.923403 ], [ -97.355441, 25.919428 ], [ -97.360357, 25.916634 ], [ -97.363204, 25.91564 ], [ -97.367113349389498, 25.9156752352356 ], [ -97.367642, 25.91568 ], [ -97.369113, 25.914622 ], [ -97.369188335000302, 25.914219495855701 ], [ -97.369337786566803, 25.913420997485801 ], [ -97.369393, 25.913126 ], [ -97.368373, 25.909903 ], [ -97.370577, 25.90865 ], [ -97.372573, 25.909483 ], [ -97.374855, 25.908543 ], [ -97.375118, 25.907196 ], [ -97.374498, 25.905657 ], [ -97.372365, 25.905016 ], [ -97.365976, 25.902447 ], [ -97.366753, 25.896735 ], [ -97.367246, 25.894284 ], [ -97.366957, 25.891746 ], [ -97.365521, 25.890476 ], [ -97.363427, 25.889689 ], [ -97.358832, 25.88972 ], [ -97.357115, 25.888818 ], [ -97.356629, 25.887681 ], [ -97.357401, 25.886825 ], [ -97.360913, 25.885952 ], [ -97.36688, 25.884997 ], [ -97.372835, 25.881528 ], [ -97.374036, 25.879764 ], [ -97.373337, 25.878484 ], [ -97.362496, 25.877753 ], [ -97.361134, 25.879559 ], [ -97.359932, 25.879875 ], [ -97.358573, 25.878129 ], [ -97.35918, 25.874388 ], [ -97.359091, 25.872044 ], [ -97.35766, 25.869182 ], [ -97.35893, 25.868985 ], [ -97.360072, 25.869577 ], [ -97.362362, 25.868458 ], [ -97.364742, 25.865136 ], [ -97.367333, 25.861541 ], [ -97.369744, 25.858038 ], [ -97.374781, 25.856771 ], [ -97.37618, 25.855733 ], [ -97.376095, 25.854212 ], [ -97.374643, 25.853986 ], [ -97.370595, 25.854363 ], [ -97.366583, 25.853564 ], [ -97.364585, 25.852134 ], [ -97.3641, 25.850034 ], [ -97.36542, 25.849826 ], [ -97.368197, 25.850705 ], [ -97.370616, 25.849817 ], [ -97.372042, 25.847422 ], [ -97.371774, 25.841539 ], [ -97.372864, 25.840117 ], [ -97.376551, 25.84041 ], [ -97.381038, 25.839606 ], [ -97.38258, 25.839789 ], [ -97.385329, 25.84277 ], [ -97.387138, 25.843853 ], [ -97.38839, 25.842096 ], [ -97.389524, 25.839345 ], [ -97.394513, 25.837377 ], [ -97.396404, 25.837728 ], [ -97.399005, 25.83911 ], [ -97.401823, 25.838888 ], [ -97.403622, 25.837675 ], [ -97.40525, 25.837728 ], [ -97.406987, 25.838851 ], [ -97.406535, 25.840272 ], [ -97.404243, 25.840445 ], [ -97.402127, 25.840384 ], [ -97.40041, 25.841973 ], [ -97.400332, 25.844136 ], [ -97.400623, 25.846668 ], [ -97.399051, 25.849592 ], [ -97.399246807171096, 25.850242917556798 ], [ -97.39964, 25.85155 ], [ -97.400846, 25.852318 ], [ -97.402253, 25.851929 ], [ -97.404314, 25.85003 ], [ -97.405253, 25.847564 ], [ -97.405498, 25.845759 ], [ -97.406397, 25.844805 ], [ -97.408247, 25.845633 ], [ -97.410193, 25.848692 ], [ -97.410404, 25.850578 ], [ -97.408531, 25.854342 ], [ -97.40824, 25.855837 ], [ -97.409262, 25.85759 ], [ -97.408635, 25.85947 ], [ -97.407872, 25.861145 ], [ -97.408417, 25.861963 ], [ -97.410018, 25.862077 ], [ -97.411506, 25.861128 ], [ -97.412965, 25.859007 ], [ -97.413408462674198, 25.857951548032499 ], [ -97.413786, 25.857053 ], [ -97.413891, 25.855238 ], [ -97.413359, 25.85241 ], [ -97.414308, 25.849293 ], [ -97.414666, 25.846741 ], [ -97.413625, 25.844034 ], [ -97.412261, 25.8427 ], [ -97.412657, 25.841175 ], [ -97.416718, 25.841349 ], [ -97.422171, 25.840318 ], [ -97.424888, 25.840632 ], [ -97.427824, 25.842247 ], [ -97.431635, 25.845816 ], [ -97.435086759901793, 25.849128313635902 ], [ -97.435348, 25.849379 ], [ -97.437246, 25.849688 ], [ -97.438774, 25.8488 ], [ -97.442969, 25.848092 ], [ -97.445121, 25.850019 ], [ -97.445849, 25.851373 ], [ -97.445266, 25.852763 ], [ -97.444345, 25.854 ], [ -97.444451, 25.855746 ], [ -97.446349, 25.85643 ], [ -97.44818, 25.855988 ], [ -97.452663, 25.853734 ], [ -97.454064, 25.854815 ], [ -97.453656, 25.856486 ], [ -97.452257, 25.858306 ], [ -97.450729, 25.859279 ], [ -97.448408, 25.85927 ], [ -97.448108, 25.860948 ], [ -97.447642, 25.863288 ], [ -97.446249, 25.864321 ], [ -97.444739, 25.867062 ], [ -97.44548, 25.869199 ], [ -97.446957, 25.871159 ], [ -97.448643, 25.872126 ], [ -97.449962, 25.871947 ], [ -97.452096, 25.868734 ], [ -97.454257, 25.867155 ], [ -97.456212, 25.867778 ], [ -97.457022, 25.868936 ], [ -97.456734, 25.871041 ], [ -97.456178601987901, 25.873336755808801 ], [ -97.454888693393201, 25.878668635082001 ], [ -97.454727, 25.879337 ], [ -97.455718, 25.883997 ], [ -97.458162, 25.884275 ], [ -97.464911, 25.881254 ], [ -97.467433, 25.877977 ], [ -97.469507, 25.875539 ], [ -97.472321, 25.875596 ], [ -97.474103, 25.876531 ], [ -97.474743, 25.878037 ], [ -97.474223, 25.880117 ], [ -97.472085, 25.881293 ], [ -97.46846, 25.883707 ], [ -97.467756, 25.88636 ], [ -97.468744, 25.888628 ], [ -97.470394, 25.888587 ], [ -97.477749, 25.882663 ], [ -97.481769, 25.879955 ], [ -97.484865, 25.8787 ], [ -97.486074, 25.878476 ], [ -97.48764, 25.879023 ], [ -97.486469, 25.883987 ], [ -97.487161, 25.885158 ], [ -97.488472, 25.885384 ], [ -97.489512125136599, 25.884267865718801 ], [ -97.490324951779797, 25.883395640205499 ], [ -97.491072, 25.882594 ], [ -97.492814, 25.880806 ], [ -97.495094, 25.879665 ], [ -97.496687, 25.87968 ], [ -97.497457, 25.880563 ], [ -97.497578, 25.884429 ], [ -97.497478, 25.888228 ], [ -97.49643, 25.895805 ], [ -97.497386, 25.898644 ], [ -97.498886, 25.898722 ], [ -97.500425, 25.897026 ], [ -97.503853, 25.893024 ], [ -97.504743611697407, 25.892076912469602 ], [ -97.506045, 25.890693 ], [ -97.508699, 25.888915 ], [ -97.511156, 25.88743 ], [ -97.512648, 25.887391 ], [ -97.517143, 25.886721 ], [ -97.51984, 25.885986 ], [ -97.521762, 25.886458 ], [ -97.523391, 25.889848 ], [ -97.523048, 25.893519 ], [ -97.523282, 25.897211 ], [ -97.524866, 25.90005 ], [ -97.527342, 25.902613 ], [ -97.527861067183395, 25.9044373902716 ], [ -97.528393, 25.906307 ], [ -97.529668, 25.90731 ], [ -97.531298, 25.907334 ], [ -97.532863, 25.907626 ], [ -97.533423, 25.909076 ], [ -97.533399, 25.912746 ], [ -97.531026635077097, 25.9155879120325 ], [ -97.530413, 25.916323 ], [ -97.530254930161803, 25.918739210384398 ], [ -97.530182, 25.919854 ], [ -97.532372, 25.920547 ], [ -97.54038, 25.919131 ], [ -97.542957, 25.920035 ], [ -97.54253, 25.922373 ], [ -97.543322, 25.923279 ], [ -97.545477, 25.92517 ], [ -97.545664356742904, 25.930274974716902 ], [ -97.54576, 25.932881 ], [ -97.547626, 25.935148 ], [ -97.552483, 25.937036 ], [ -97.555379, 25.937136 ], [ -97.557586, 25.935267 ], [ -97.559364, 25.932257 ], [ -97.55921, 25.927206 ], [ -97.56013, 25.925938 ], [ -97.563829, 25.925724 ], [ -97.568155, 25.92793 ], [ -97.565848, 25.931683 ], [ -97.566568, 25.933505 ], [ -97.574568, 25.935133 ], [ -97.580032, 25.932772 ], [ -97.582338, 25.932683 ], [ -97.584111, 25.934683 ], [ -97.583194, 25.937411 ], [ -97.580661, 25.938868 ], [ -97.570816, 25.942963 ], [ -97.567479, 25.944266 ], [ -97.566319, 25.945067 ], [ -97.565971, 25.946925 ], [ -97.566281359128993, 25.947833842703101 ], [ -97.567646, 25.95183 ], [ -97.568761, 25.952879 ], [ -97.573732, 25.953907 ], [ -97.574668, 25.952777 ], [ -97.574062, 25.95132 ], [ -97.572998, 25.94865 ], [ -97.573046, 25.946399 ], [ -97.575255, 25.943913 ], [ -97.577941, 25.942865 ], [ -97.579718, 25.9438 ], [ -97.580546, 25.946555 ], [ -97.580570091682304, 25.946751912628098 ], [ -97.580938, 25.949759 ], [ -97.583044, 25.955443 ], [ -97.582237, 25.958977 ], [ -97.581716, 25.960848 ], [ -97.582373, 25.962469 ], [ -97.583822, 25.962309 ], [ -97.586859, 25.961409 ], [ -97.591162, 25.96176 ], [ -97.594704, 25.961171 ], [ -97.598043, 25.957556 ], [ -97.599629, 25.956733 ], [ -97.602149, 25.957381 ], [ -97.604484, 25.961047 ], [ -97.610373, 25.965837 ], [ -97.608077, 25.97128 ], [ -97.608283, 25.976594 ], [ -97.608669629915696, 25.976781812634499 ], [ -97.610391, 25.977618 ], [ -97.614777, 25.978088 ], [ -97.617666, 25.979956 ], [ -97.618852, 25.981919 ], [ -97.618875407694603, 25.981977179994601 ], [ -97.620232, 25.985349 ], [ -97.619891, 25.98695 ], [ -97.62172, 25.989117 ], [ -97.624256, 25.989412 ], [ -97.627965, 25.988374 ], [ -97.631571, 25.988178 ], [ -97.633449, 25.988928 ], [ -97.634436, 25.990268 ], [ -97.633821, 25.993257 ], [ -97.632856, 25.995524 ], [ -97.630414, 25.996406 ], [ -97.626835, 25.994838 ], [ -97.624199, 25.993421 ], [ -97.623638, 25.991963 ], [ -97.621864, 25.991735 ], [ -97.620768, 25.992061 ], [ -97.619621, 25.993192 ], [ -97.618387, 25.996129 ], [ -97.617796, 25.998915 ], [ -97.617668, 26.001077 ], [ -97.619296, 26.002924 ], [ -97.620145, 26.002122 ], [ -97.621284, 25.99981 ], [ -97.622348, 25.998262 ], [ -97.623824, 25.996699 ], [ -97.627033, 25.996913 ], [ -97.62831, 25.997625 ], [ -97.627782, 25.999842 ], [ -97.626396, 26.00284 ], [ -97.626487, 26.00557 ], [ -97.627812, 26.006194 ], [ -97.629652, 26.005683 ], [ -97.631505, 26.00386 ], [ -97.632224, 26.001335 ], [ -97.634804, 25.999509 ], [ -97.639634, 26.004159 ], [ -97.642578, 26.005857 ], [ -97.645608, 26.006841 ], [ -97.647723, 26.008489 ], [ -97.649562, 26.011324 ], [ -97.648177, 26.012666 ], [ -97.646009, 26.012548 ], [ -97.643432, 26.011988 ], [ -97.641221, 26.011828 ], [ -97.638445, 26.013126 ], [ -97.638244421503202, 26.013407836954102 ], [ -97.637117, 26.014992 ], [ -97.636805, 26.017576 ], [ -97.637494, 26.020568 ], [ -97.639042, 26.02297 ], [ -97.641899, 26.025482 ], [ -97.64522, 26.027758 ], [ -97.647084057980294, 26.026561044961301 ], [ -97.64814, 26.025883 ], [ -97.649654518845793, 26.024380747385901 ], [ -97.650239, 26.023801 ], [ -97.650922, 26.021772 ], [ -97.65077, 26.019667 ], [ -97.650185, 26.017974 ], [ -97.650939, 26.01639 ], [ -97.652771, 26.016296 ], [ -97.654056, 26.017792 ], [ -97.657468, 26.019795 ], [ -97.66047, 26.020071 ], [ -97.663801, 26.019351 ], [ -97.667001, 26.018876 ], [ -97.668268, 26.019756 ], [ -97.667703, 26.023735 ], [ -97.665826, 26.026108 ], [ -97.663269, 26.027788 ], [ -97.660918, 26.03074 ], [ -97.660524, 26.033708 ], [ -97.661656, 26.036006 ], [ -97.662728, 26.038078 ], [ -97.66409, 26.036942 ], [ -97.664182, 26.033939 ], [ -97.664718, 26.031366 ], [ -97.666168, 26.029855 ], [ -97.667984, 26.028872 ], [ -97.669669, 26.030607 ], [ -97.67015, 26.032501 ], [ -97.670157283753596, 26.032511174345899 ], [ -97.671231, 26.034011 ], [ -97.671536907423999, 26.033966458534401 ], [ -97.673415, 26.033693 ], [ -97.674548, 26.033029 ], [ -97.676041, 26.030974 ], [ -97.675628, 26.029229 ], [ -97.674485, 26.028776 ], [ -97.673418, 26.0279 ], [ -97.674936, 26.026161 ], [ -97.678169, 26.025943 ], [ -97.682405, 26.026088 ], [ -97.686051, 26.026992 ], [ -97.68871, 26.028233 ], [ -97.690767, 26.03049 ], [ -97.69226, 26.032337 ], [ -97.693888, 26.031304 ], [ -97.694117, 26.02966 ], [ -97.693546, 26.026793 ], [ -97.69246, 26.024563 ], [ -97.690237, 26.02255 ], [ -97.690453, 26.020629 ], [ -97.691369, 26.01899 ], [ -97.693445, 26.019609 ], [ -97.694889, 26.0218 ], [ -97.697069, 26.023455 ], [ -97.697744, 26.025122 ], [ -97.697133, 26.030387 ], [ -97.699411, 26.031159 ], [ -97.702521, 26.031208 ], [ -97.703791, 26.033787 ], [ -97.704708, 26.036101 ], [ -97.706552, 26.037499 ], [ -97.708842, 26.036026 ], [ -97.709453, 26.033058 ], [ -97.709239, 26.029064 ], [ -97.709661, 26.026194 ], [ -97.714757, 26.025349 ], [ -97.71862, 26.023716 ], [ -97.721339, 26.023463 ], [ -97.720606, 26.025725 ], [ -97.718887, 26.027421 ], [ -97.718394, 26.029597 ], [ -97.71992, 26.030838 ], [ -97.725017, 26.030865 ], [ -97.729127, 26.031081 ], [ -97.732865, 26.031624 ], [ -97.7349, 26.032018 ], [ -97.735333, 26.030794 ], [ -97.733134, 26.027397 ], [ -97.730145, 26.028178 ], [ -97.726268, 26.027313 ], [ -97.725383, 26.024427 ], [ -97.72647, 26.022656 ], [ -97.728984, 26.02305 ], [ -97.7317, 26.023313 ], [ -97.735745, 26.021611 ], [ -97.738217, 26.021982 ], [ -97.737957, 26.023919 ], [ -97.737003, 26.025664 ], [ -97.736137, 26.027123 ], [ -97.737435, 26.028526 ], [ -97.739636, 26.029072 ], [ -97.742404, 26.029806 ], [ -97.744683, 26.029015 ], [ -97.746244, 26.026908 ], [ -97.747981, 26.026248 ], [ -97.749376, 26.027318 ], [ -97.748508, 26.029197 ], [ -97.749717, 26.031123 ], [ -97.751644, 26.031483 ], [ -97.754055, 26.030827 ], [ -97.755634, 26.02936 ], [ -97.758523, 26.026559 ], [ -97.761045, 26.025704 ], [ -97.763807, 26.02733 ], [ -97.764035, 26.029488 ], [ -97.763084, 26.035406 ], [ -97.76312, 26.04245 ], [ -97.765132652936202, 26.044828520395999 ], [ -97.765755, 26.045564 ], [ -97.768975, 26.047501 ], [ -97.771665, 26.046292 ], [ -97.773991, 26.045585 ], [ -97.775453925477294, 26.0447532415245 ], [ -97.776828, 26.043972 ], [ -97.776459, 26.04074 ], [ -97.775338401037004, 26.039892018406999 ], [ -97.773372, 26.038404 ], [ -97.770557, 26.037292 ], [ -97.769406, 26.035621 ], [ -97.772972, 26.034255 ], [ -97.775706009344503, 26.0321736058598 ], [ -97.775716, 26.032166 ], [ -97.776194, 26.030064 ], [ -97.777746, 26.029394 ], [ -97.78003, 26.031408 ], [ -97.78307, 26.034039 ], [ -97.787852, 26.033421 ], [ -97.792326, 26.034168 ], [ -97.79764, 26.04021 ], [ -97.797219, 26.043702 ], [ -97.794414, 26.047454 ], [ -97.789757, 26.047425 ], [ -97.789028, 26.049737 ], [ -97.790373, 26.051555 ], [ -97.792155, 26.052886 ], [ -97.792265130887301, 26.052873787466002 ], [ -97.7967, 26.052382 ], [ -97.799148, 26.053323 ], [ -97.800123, 26.057865 ], [ -97.800325, 26.059371 ], [ -97.801317, 26.060161 ], [ -97.804259, 26.059654 ], [ -97.807860535759502, 26.058045387229399 ], [ -97.808195, 26.057896 ], [ -97.810972, 26.055512 ], [ -97.812046, 26.053187 ], [ -97.81238, 26.048407 ], [ -97.811217, 26.046784 ], [ -97.811256, 26.045402 ], [ -97.812878, 26.044322 ], [ -97.814786, 26.044314 ], [ -97.816106, 26.045167 ], [ -97.816451, 26.047058 ], [ -97.815364, 26.049416 ], [ -97.814833, 26.052453 ], [ -97.815588, 26.05472 ], [ -97.817223, 26.056113 ], [ -97.819671, 26.056534 ], [ -97.824196, 26.056119 ], [ -97.82594, 26.055878 ], [ -97.827724, 26.052448 ], [ -97.828341455043997, 26.0516231518693 ], [ -97.830338, 26.048956 ], [ -97.832779, 26.046157 ], [ -97.834665, 26.046009 ], [ -97.835835, 26.047352 ], [ -97.83612, 26.050186 ], [ -97.837403, 26.052407 ], [ -97.842323, 26.053584 ], [ -97.847306, 26.052548 ], [ -97.849594, 26.052109 ], [ -97.852775, 26.052355 ], [ -97.857773, 26.053372 ], [ -97.860504, 26.052918 ], [ -97.86139, 26.054184 ], [ -97.862167, 26.061112 ], [ -97.85991, 26.06457 ], [ -97.859009, 26.066536 ] ] ], [ [ [ -97.217888, 26.387256 ], [ -97.211141, 26.359942 ], [ -97.201648, 26.324949 ], [ -97.195358, 26.29948 ], [ -97.192867, 26.29 ], [ -97.190523, 26.277527 ], [ -97.18533, 26.252915 ], [ -97.182136, 26.237161 ], [ -97.178966, 26.219301 ], [ -97.177107, 26.206546 ], [ -97.175834, 26.195635 ], [ -97.172075, 26.168404 ], [ -97.170345, 26.156519 ], [ -97.170186197872297, 26.1542060629777 ], [ -97.169798, 26.148552 ], [ -97.169468523523705, 26.146145656580298 ], [ -97.16878, 26.141117 ], [ -97.168431432810607, 26.138751989106201 ], [ -97.16579, 26.12083 ], [ -97.163462, 26.105786 ], [ -97.16184, 26.095793 ], [ -97.161023, 26.091144 ], [ -97.158798, 26.08266 ], [ -97.156849406666595, 26.075959929081002 ], [ -97.1562, 26.073727 ], [ -97.15482, 26.069877 ], [ -97.153712, 26.067582 ], [ -97.155627, 26.067978 ], [ -97.159049, 26.069601 ], [ -97.16019, 26.069942 ], [ -97.161046, 26.068661 ], [ -97.162187, 26.06721 ], [ -97.162757, 26.067124 ], [ -97.163137, 26.069003 ], [ -97.164753, 26.071907 ], [ -97.166655, 26.07259 ], [ -97.168417400702197, 26.0759823896311 ], [ -97.169317, 26.077714 ], [ -97.169317, 26.079507 ], [ -97.169352116409797, 26.0797024850404 ], [ -97.169896736965697, 26.082734263403399 ], [ -97.170268, 26.084801 ], [ -97.169887, 26.086167 ], [ -97.167796, 26.089326 ], [ -97.16694, 26.092827 ], [ -97.167986, 26.094449 ], [ -97.168651, 26.095389 ], [ -97.168746, 26.097865 ], [ -97.169412, 26.098975 ], [ -97.169032, 26.101792 ], [ -97.171028, 26.105634 ], [ -97.171979, 26.108366 ], [ -97.172454, 26.111268 ], [ -97.173785, 26.114683 ], [ -97.17331, 26.116646 ], [ -97.172074, 26.117927 ], [ -97.172739, 26.123646 ], [ -97.174926, 26.125866 ], [ -97.174451, 26.129194 ], [ -97.176542, 26.132097 ], [ -97.177751724677606, 26.134268070509801 ], [ -97.178159, 26.134999 ], [ -97.178159, 26.138157 ], [ -97.178159, 26.140546 ], [ -97.178729, 26.142339 ], [ -97.179204, 26.145326 ], [ -97.182057, 26.147032 ], [ -97.182437, 26.148313 ], [ -97.181866, 26.15019 ], [ -97.181495793532903, 26.153737487234299 ], [ -97.181458568881794, 26.1540941908207 ], [ -97.181296, 26.155652 ], [ -97.1812387771961, 26.1564400684403 ], [ -97.181046227109604, 26.1590918547179 ], [ -97.181011, 26.159577 ], [ -97.182247, 26.162905 ], [ -97.182201777757001, 26.163135703011999 ], [ -97.181678112555403, 26.165807201178598 ], [ -97.181597, 26.166221 ], [ -97.1810000234657, 26.169445769912599 ], [ -97.180782221608098, 26.170622300038801 ], [ -97.180726, 26.170926 ], [ -97.179903767149995, 26.172583874272899 ], [ -97.179009, 26.174388 ], [ -97.179009, 26.180787 ], [ -97.181029, 26.189958 ], [ -97.182931, 26.197743 ], [ -97.183763, 26.205633 ], [ -97.186258, 26.214269 ], [ -97.186853, 26.21928 ], [ -97.188041, 26.225144 ], [ -97.188873, 26.232606 ], [ -97.193864, 26.243798 ], [ -97.19434, 26.25435 ], [ -97.196122, 26.264049 ], [ -97.19731, 26.278009 ], [ -97.201232, 26.286746 ], [ -97.202421, 26.298466 ], [ -97.209076, 26.3235 ], [ -97.212284, 26.336495 ], [ -97.221316, 26.353002 ], [ -97.225476, 26.362905 ], [ -97.219534, 26.369613 ], [ -97.222029, 26.377066 ], [ -97.228803, 26.389415 ], [ -97.234507, 26.399315 ], [ -97.23629, 26.40368 ], [ -97.241512, 26.408334 ], [ -97.240469398106498, 26.411187847470998 ], [ -97.237771, 26.418574 ], [ -97.243723, 26.425333 ], [ -97.243064, 26.43199 ], [ -97.246986, 26.440716 ], [ -97.244043, 26.448025 ], [ -97.247654, 26.464322 ], [ -97.249864808326805, 26.4707151023558 ], [ -97.253132, 26.480163 ], [ -97.258074, 26.487815 ], [ -97.256113, 26.497261 ], [ -97.257144, 26.500287 ], [ -97.260654, 26.500935 ], [ -97.262512, 26.507005 ], [ -97.269758, 26.507897 ], [ -97.271942, 26.511988 ], [ -97.275626, 26.524854 ], [ -97.282519, 26.536125 ], [ -97.286033, 26.547158 ], [ -97.296647, 26.550843 ], [ -97.303658, 26.553607 ], [ -97.308238, 26.55761 ], [ -97.322894, 26.557173 ], [ -97.326563, 26.558786 ], [ -97.325911, 26.560805 ], [ -97.308673, 26.561064 ], [ -97.276568, 26.561678 ], [ -97.27188, 26.559943 ], [ -97.270122, 26.554546 ], [ -97.266186, 26.540359 ], [ -97.258697, 26.518001 ], [ -97.250981, 26.494617 ], [ -97.245623, 26.478099 ], [ -97.243348747883203, 26.470787787439001 ], [ -97.238057, 26.453776 ], [ -97.230408, 26.429651 ], [ -97.224946083025699, 26.411202529908699 ], [ -97.223722, 26.407068 ], [ -97.217888, 26.387256 ] ] ], [ [ [ -97.251091, 26.424162 ], [ -97.250378, 26.420969 ], [ -97.251091, 26.417776 ], [ -97.251685, 26.415222 ], [ -97.25323, 26.414903 ], [ -97.254893, 26.415222 ], [ -97.256438, 26.418309 ], [ -97.25727, 26.421608 ], [ -97.258102, 26.425439 ], [ -97.255963, 26.427035 ], [ -97.252398, 26.426503 ], [ -97.251091, 26.424162 ] ] ], [ [ [ -97.287489, 26.583434 ], [ -97.303119, 26.593296 ], [ -97.306952850884599, 26.600278273421001 ], [ -97.290150819735601, 26.600349660456502 ], [ -97.28482, 26.585146 ], [ -97.280392, 26.57451 ], [ -97.277648, 26.56843 ], [ -97.277559, 26.565788 ], [ -97.278769, 26.564641 ], [ -97.294453, 26.565049 ], [ -97.308296, 26.564567 ], [ -97.310048, 26.566509 ], [ -97.3099, 26.570253 ], [ -97.293432, 26.570538 ], [ -97.286864, 26.57618 ], [ -97.287489, 26.583434 ] ] ] ] } },
{ "type": "Feature", "properties": { "FederalDivisionName": "Corpus Christi", "FederalJudicialDistrict": "Southern" }, "geometry": { "type": "MultiPolygon", "coordinates": [ [ [ [ -97.415144, 26.74687 ], [ -97.415738, 26.742944 ], [ -97.415382, 26.740715 ], [ -97.41764, 26.739972 ], [ -97.419898, 26.739972 ], [ -97.423106, 26.740715 ], [ -97.422987, 26.744854 ], [ -97.424057, 26.750478 ], [ -97.423463, 26.752176 ], [ -97.422037, 26.751752 ], [ -97.41455, 26.752919 ], [ -97.412648, 26.751858 ], [ -97.413837, 26.749099 ], [ -97.415144, 26.74687 ] ] ], [ [ [ -97.390069, 26.950023 ], [ -97.38686, 26.957226 ], [ -97.390663, 26.963687 ], [ -97.393515, 26.971313 ], [ -97.392089, 26.977138 ], [ -97.390663, 26.98847 ], [ -97.390069, 27.003718 ], [ -97.389475, 27.017165 ], [ -97.389475, 27.030504 ], [ -97.389712, 27.039925 ], [ -97.390544, 27.04564 ], [ -97.390069, 27.050615 ], [ -97.389237, 27.068077 ], [ -97.388643, 27.078871 ], [ -97.385909, 27.08469 ], [ -97.389356, 27.093366 ], [ -97.389118, 27.101724 ], [ -97.391768, 27.108737 ], [ -97.394501, 27.123969 ], [ -97.389986, 27.129469 ], [ -97.390104, 27.151572 ], [ -97.387133, 27.165529 ], [ -97.387252, 27.174622 ], [ -97.383806, 27.187731 ], [ -97.382023, 27.193333 ], [ -97.386539, 27.197138 ], [ -97.389867, 27.20496 ], [ -97.388084, 27.20644 ], [ -97.37929, 27.20961 ], [ -97.379647, 27.219439 ], [ -97.379647, 27.226731 ], [ -97.380954, 27.235501 ], [ -97.382261, 27.239411 ], [ -97.382499, 27.246173 ], [ -97.376794, 27.247546 ], [ -97.370377, 27.249765 ], [ -97.367644, 27.255047 ], [ -97.364554, 27.263816 ], [ -97.363722, 27.268041 ], [ -97.361226, 27.272583 ], [ -97.369884644214693, 27.2780942729174 ], [ -97.370852, 27.27871 ], [ -97.368832, 27.281244 ], [ -97.369545, 27.28811 ], [ -97.371803, 27.294024 ], [ -97.370971, 27.298776 ], [ -97.362534, 27.304901 ], [ -97.357423, 27.305535 ], [ -97.355997, 27.308703 ], [ -97.35885, 27.313349 ], [ -97.359206, 27.316094 ], [ -97.361939, 27.319473 ], [ -97.362652, 27.321268 ], [ -97.362058, 27.326863 ], [ -97.364435, 27.328341 ], [ -97.366336, 27.330559 ], [ -97.365505, 27.335732 ], [ -97.365386, 27.339426 ], [ -97.36396, 27.346499 ], [ -97.361702, 27.349877 ], [ -97.361464, 27.351988 ], [ -97.362415, 27.353993 ], [ -97.361821, 27.35906 ], [ -97.358968, 27.366553 ], [ -97.353145, 27.373835 ], [ -97.352789, 27.376474 ], [ -97.349461, 27.382383 ], [ -97.347203, 27.388187 ], [ -97.342568, 27.393146 ], [ -97.340667, 27.398316 ], [ -97.338409, 27.400215 ], [ -97.33627, 27.402748 ], [ -97.334369, 27.408656 ], [ -97.331992, 27.413298 ], [ -97.330756, 27.418024 ], [ -97.330209, 27.421842 ], [ -97.330922, 27.427011 ], [ -97.330447, 27.4345 ], [ -97.328189, 27.438297 ], [ -97.324386, 27.44568 ], [ -97.319632, 27.458757 ], [ -97.314166, 27.46656 ], [ -97.31274, 27.472359 ], [ -97.309888, 27.475311 ], [ -97.307511, 27.48111 ], [ -97.30145, 27.4848 ], [ -97.297837, 27.492349 ], [ -97.304254, 27.507317 ], [ -97.300808, 27.51459 ], [ -97.293321, 27.529977 ], [ -97.287617, 27.540199 ], [ -97.284310589994604, 27.546780325392401 ], [ -97.281318, 27.552737 ], [ -97.272643, 27.568224 ], [ -97.268159563695605, 27.575971372818099 ], [ -97.265632, 27.580339 ], [ -97.256481, 27.599824 ], [ -97.255865909014105, 27.601029461427299 ], [ -97.249108465967097, 27.614272765470499 ], [ -97.246379, 27.619622 ], [ -97.245548, 27.622359 ], [ -97.242498354912797, 27.628467215420599 ], [ -97.240081, 27.633309 ], [ -97.239042036259406, 27.634488386396999 ], [ -97.236278, 27.637626 ], [ -97.235209, 27.637415 ], [ -97.234614, 27.636047 ], [ -97.235209, 27.634468 ], [ -97.231049, 27.632888 ], [ -97.228791, 27.634152 ], [ -97.22071, 27.633415 ], [ -97.217383, 27.629203 ], [ -97.214293, 27.624465 ], [ -97.210728, 27.624149 ], [ -97.209539, 27.627729 ], [ -97.212154, 27.631414 ], [ -97.212985, 27.634257 ], [ -97.215481, 27.639205 ], [ -97.215481, 27.644364 ], [ -97.213817, 27.645206 ], [ -97.209301, 27.643311 ], [ -97.203478, 27.642364 ], [ -97.20122, 27.646048 ], [ -97.200983, 27.648785 ], [ -97.203835, 27.650996 ], [ -97.203003, 27.65468 ], [ -97.201577, 27.655733 ], [ -97.197061, 27.655733 ], [ -97.197061, 27.659545555196502 ], [ -97.197061, 27.66068 ], [ -97.198085314043894, 27.672278032916498 ], [ -97.19813, 27.672784 ], [ -97.1977126340403, 27.6764805786908 ], [ -97.196823, 27.68436 ], [ -97.193971, 27.687623 ], [ -97.189931, 27.692568 ], [ -97.18696, 27.694252 ], [ -97.184107, 27.695725 ], [ -97.182325, 27.699724 ], [ -97.178284, 27.706037 ], [ -97.176977, 27.708667 ], [ -97.172699, 27.716242 ], [ -97.168896, 27.722238 ], [ -97.168539, 27.725079 ], [ -97.165212, 27.73097 ], [ -97.162122, 27.737702 ], [ -97.159508, 27.745275 ], [ -97.158676, 27.752531 ], [ -97.152377, 27.761471 ], [ -97.151545, 27.765151 ], [ -97.151189, 27.768621 ], [ -97.15, 27.770304 ], [ -97.145603, 27.772407 ], [ -97.137641, 27.774194 ], [ -97.132887, 27.775561 ], [ -97.125282, 27.779241 ], [ -97.123856, 27.781659 ], [ -97.121479, 27.785129 ], [ -97.120766, 27.789335 ], [ -97.120409, 27.792068 ], [ -97.120885, 27.798691 ], [ -97.12029, 27.805944 ], [ -97.119696, 27.810149 ], [ -97.120192522531596, 27.8119393734782 ], [ -97.121241, 27.81572 ], [ -97.126708, 27.819714 ], [ -97.131342, 27.822657 ], [ -97.135264, 27.823287 ], [ -97.135383, 27.824549 ], [ -97.131885895231306, 27.826610526319499 ], [ -97.131461, 27.826861 ], [ -97.127658, 27.828122 ], [ -97.120647, 27.828858 ], [ -97.11625, 27.829804 ], [ -97.110189, 27.831275 ], [ -97.106347687037498, 27.832013470810999 ], [ -97.104722, 27.832326 ], [ -97.095096, 27.833797 ], [ -97.085827, 27.835373 ], [ -97.079885, 27.83737 ], [ -97.079546308442104, 27.837523598631002 ], [ -97.07525, 27.839472 ], [ -97.068239, 27.840207 ], [ -97.066812, 27.841048 ], [ -97.062891, 27.841784 ], [ -97.05683, 27.841994 ], [ -97.051839, 27.838841 ], [ -97.044846, 27.834466 ], [ -97.048495, 27.831808 ], [ -97.055719, 27.825152 ], [ -97.058487522359698, 27.822141252743499 ], [ -97.072349, 27.807067 ], [ -97.081897, 27.796163 ], [ -97.084764390869296, 27.792829390452301 ], [ -97.090735, 27.785888 ], [ -97.097574, 27.777328 ], [ -97.10833, 27.76311 ], [ -97.130844, 27.731113 ], [ -97.140854, 27.716688 ], [ -97.15413, 27.696868 ], [ -97.162973, 27.682483 ], [ -97.165335, 27.677368 ], [ -97.169025, 27.673001 ], [ -97.179877, 27.655354 ], [ -97.181793683675707, 27.652021406986702 ], [ -97.187995, 27.641239 ], [ -97.199164, 27.622263 ], [ -97.203505, 27.613096 ], [ -97.212679, 27.59642 ], [ -97.220108, 27.581044 ], [ -97.222650613179496, 27.576494860085798 ], [ -97.226971, 27.568765 ], [ -97.233585749604401, 27.556089599913399 ], [ -97.235614, 27.552203 ], [ -97.243936, 27.536004 ], [ -97.257325, 27.510644 ], [ -97.263967522379104, 27.496795087224399 ], [ -97.268316, 27.487729 ], [ -97.275067, 27.475417 ], [ -97.291424, 27.438222 ], [ -97.296057, 27.427175 ], [ -97.303642, 27.409136 ], [ -97.305281782251697, 27.405004007453002 ], [ -97.311204279475206, 27.390080248910301 ], [ -97.312008, 27.388055 ], [ -97.318894, 27.369798 ], [ -97.324914, 27.352517 ], [ -97.329509, 27.338905 ], [ -97.330452649632605, 27.335896071204701 ], [ -97.337229312806997, 27.314287948594998 ], [ -97.338252, 27.311027 ], [ -97.34742, 27.278554 ], [ -97.347579752506306, 27.277963949120601 ], [ -97.350249, 27.268105 ], [ -97.357186, 27.240679 ], [ -97.360989, 27.223243 ], [ -97.365386, 27.199887 ], [ -97.367287, 27.188048 ], [ -97.370549, 27.165621 ], [ -97.373478, 27.134641 ], [ -97.3746509876093, 27.125325 ], [ -97.375262, 27.120472270622301 ], [ -97.375551, 27.118177 ], [ -97.376897, 27.102587 ], [ -97.378266, 27.075413 ], [ -97.379056, 27.04721 ], [ -97.379185, 27.031985 ], [ -97.378855, 27.010077 ], [ -97.3781, 26.990794 ], [ -97.376943, 26.971528 ], [ -97.376129, 26.960398 ], [ -97.374572, 26.943978 ], [ -97.370855, 26.910857 ], [ -97.368386, 26.894604 ], [ -97.363589, 26.866009 ], [ -97.356719, 26.832421 ], [ -97.350455, 26.805049 ], [ -97.344298, 26.779713 ], [ -97.337574, 26.753304 ], [ -97.328478, 26.720945 ], [ -97.312164, 26.666254 ], [ -97.296171, 26.61781 ], [ -97.291247, 26.603476 ], [ -97.290150819735601, 26.600349660456502 ], [ -97.306952850884599, 26.600278273421001 ], [ -97.30902, 26.604043 ], [ -97.31211, 26.616156 ], [ -97.321498, 26.634429 ], [ -97.328985, 26.646751 ], [ -97.331005, 26.659496 ], [ -97.335878, 26.668736 ], [ -97.339681, 26.679461 ], [ -97.348118, 26.702926 ], [ -97.357031, 26.725431 ], [ -97.359289, 26.738168 ], [ -97.367133, 26.756209 ], [ -97.365112, 26.761302 ], [ -97.374976, 26.773504 ], [ -97.379967, 26.787403 ], [ -97.381393, 26.799708 ], [ -97.390901, 26.816361 ], [ -97.388762, 26.839267 ], [ -97.394228, 26.855172 ], [ -97.398388, 26.867894 ], [ -97.391376, 26.8839 ], [ -97.393515, 26.906369 ], [ -97.394109, 26.915377 ], [ -97.391614, 26.936992 ], [ -97.390069, 26.950023 ] ] ], [ [ [ -97.740114, 27.267542 ], [ -97.736146, 27.26443 ], [ -97.733696, 27.264119 ], [ -97.727745, 27.26163 ], [ -97.727193493925, 27.261798084470801 ], [ -97.72366, 27.262875 ], [ -97.721443, 27.263497 ], [ -97.714675, 27.263393 ], [ -97.709774, 27.262771 ], [ -97.70534, 27.263912 ], [ -97.701839, 27.264742 ], [ -97.699855, 27.268372 ], [ -97.697171, 27.268061 ], [ -97.694487, 27.267024 ], [ -97.69157, 27.267335 ], [ -97.688419, 27.268268 ], [ -97.682934, 27.268372 ], [ -97.677567, 27.270135 ], [ -97.667881, 27.272832 ], [ -97.658079, 27.273454 ], [ -97.654811, 27.275218 ], [ -97.650403, 27.276136 ], [ -97.647343, 27.276359 ], [ -97.640111, 27.270943 ], [ -97.640808, 27.260696 ], [ -97.639875, 27.254057 ], [ -97.635207, 27.245343 ], [ -97.631123, 27.24223 ], [ -97.625988, 27.241712 ], [ -97.61712, 27.241712 ], [ -97.609651, 27.242642 ], [ -97.596932, 27.24306 ], [ -97.582605, 27.240409 ], [ -97.573953, 27.238882 ], [ -97.565658, 27.236109 ], [ -97.556626, 27.23188 ], [ -97.54291, 27.229213 ], [ -97.5296, 27.229157 ], [ -97.520009, 27.231248 ], [ -97.509831, 27.23532 ], [ -97.503215, 27.2399 ], [ -97.500162, 27.24448 ], [ -97.48872, 27.249328 ], [ -97.485373, 27.250011 ], [ -97.479189, 27.250634 ], [ -97.474638, 27.251567 ], [ -97.467083, 27.25364 ], [ -97.465419, 27.255924 ], [ -97.458431, 27.259493 ], [ -97.452699, 27.262356 ], [ -97.447878, 27.262686 ], [ -97.438229, 27.263808 ], [ -97.42539, 27.262095 ], [ -97.422593, 27.262045 ], [ -97.422299, 27.257712 ], [ -97.434767, 27.202241 ], [ -97.441565, 27.163833 ], [ -97.432862, 27.162522 ], [ -97.430994, 27.160861 ], [ -97.434379, 27.145079 ], [ -97.436596, 27.121297 ], [ -97.436596, 27.113195 ], [ -97.439396, 27.076524 ], [ -97.432045, 27.074757 ], [ -97.418158, 27.072263 ], [ -97.417925, 27.070913 ], [ -97.439163, 27.070705 ], [ -97.44068, 27.030381 ], [ -97.444064, 26.987235 ], [ -97.441497, 26.984843 ], [ -97.441964, 26.98058 ], [ -97.444998, 26.979748 ], [ -97.447915, 26.952706 ], [ -97.449432, 26.941992 ], [ -97.453283, 26.917335 ], [ -97.451416, 26.914109 ], [ -97.43893, 26.914109 ], [ -97.437296, 26.913069 ], [ -97.438463, 26.910988 ], [ -97.451649, 26.911508 ], [ -97.453166, 26.910467 ], [ -97.45515, 26.892256 ], [ -97.4569, 26.882577 ], [ -97.449506, 26.88197 ], [ -97.42761, 26.879558 ], [ -97.417691, 26.879038 ], [ -97.41244, 26.878101 ], [ -97.410223, 26.874354 ], [ -97.41209, 26.871127 ], [ -97.454216, 26.874354 ], [ -97.4576, 26.872897 ], [ -97.458651, 26.864673 ], [ -97.460284, 26.847287 ], [ -97.453166, 26.839791 ], [ -97.446748, 26.833751 ], [ -97.432862, 26.829482 ], [ -97.422476, 26.824692 ], [ -97.413957, 26.819693 ], [ -97.412674, 26.817402 ], [ -97.413841, 26.815111 ], [ -97.417808, 26.814903 ], [ -97.433795, 26.821464 ], [ -97.436246, 26.822297 ], [ -97.44068, 26.824484 ], [ -97.447098, 26.822297 ], [ -97.455617, 26.822922 ], [ -97.460051, 26.82438 ], [ -97.464806, 26.823964 ], [ -97.464835, 26.82136 ], [ -97.466469, 26.809695 ], [ -97.478605, 26.806675 ], [ -97.476971, 26.793551 ], [ -97.473704, 26.76834 ], [ -97.471663, 26.758727 ], [ -97.468609, 26.740915 ], [ -97.468028, 26.726864 ], [ -97.466946, 26.722194 ], [ -97.468729, 26.719753 ], [ -97.467608, 26.716691 ], [ -97.465402, 26.713596 ], [ -97.468254, 26.711897 ], [ -97.468135, 26.710199 ], [ -97.466977, 26.708895 ], [ -97.465045, 26.705952 ], [ -97.465758, 26.701706 ], [ -97.46457, 26.698096 ], [ -97.464688, 26.694168 ], [ -97.463144, 26.69215 ], [ -97.462312, 26.689071 ], [ -97.460721, 26.687806 ], [ -97.460331, 26.686167 ], [ -97.460054, 26.682382 ], [ -97.457854, 26.677696 ], [ -97.456375, 26.672639 ], [ -97.456607, 26.667196 ], [ -97.452868, 26.657305 ], [ -97.451854, 26.653602 ], [ -97.448303, 26.645023 ], [ -97.444945, 26.633535 ], [ -97.445507, 26.62959 ], [ -97.446981, 26.624921 ], [ -97.446625, 26.621734 ], [ -97.445559, 26.614088 ], [ -97.445708, 26.609362 ], [ -97.442228, 26.604309 ], [ -97.441959, 26.601484 ], [ -97.440625393530496, 26.599908017993599 ], [ -97.453391, 26.599862 ], [ -97.474302, 26.599808 ], [ -97.500261, 26.600985 ], [ -97.622724, 26.599558 ], [ -97.625266, 26.59923 ], [ -97.666579, 26.598935 ], [ -97.764372, 26.598072 ], [ -97.766897, 26.59807 ], [ -97.861688, 26.597995 ], [ -97.957405, 26.611769 ], [ -97.985303, 26.615809 ], [ -97.985494, 26.780917 ], [ -98.077276, 26.781749 ], [ -98.077753, 26.781798 ], [ -98.32067, 26.783081 ], [ -98.422616, 26.783535 ], [ -98.421416, 26.87452 ], [ -98.421171, 26.877031 ], [ -98.417883, 27.055285 ], [ -98.466542, 27.054711 ], [ -98.467284, 27.142006 ], [ -98.49291, 27.142062 ], [ -98.492917, 27.17466 ], [ -98.492915, 27.17469 ], [ -98.492943, 27.235012 ], [ -98.496471, 27.236913 ], [ -98.505928, 27.238608 ], [ -98.509798, 27.24375 ], [ -98.510313, 27.247845 ], [ -98.510897, 27.249997 ], [ -98.512437, 27.251196 ], [ -98.514241, 27.251505 ], [ -98.518608, 27.25018 ], [ -98.519347, 27.25023 ], [ -98.520916, 27.253032 ], [ -98.522276, 27.254089 ], [ -98.527277, 27.253 ], [ -98.530048, 27.253849 ], [ -98.531575, 27.254796 ], [ -98.533612, 27.258071 ], [ -98.533661, 27.260723 ], [ -98.53411, 27.261885 ], [ -98.536646, 27.265196 ], [ -98.523284, 27.26515 ], [ -98.522293, 27.343284 ], [ -98.522346, 27.343285 ], [ -98.552448, 27.343764 ], [ -98.552617, 27.359101 ], [ -98.589537, 27.358695 ], [ -98.589478, 27.338236 ], [ -98.60675, 27.338153 ], [ -98.624929, 27.338067 ], [ -98.625027, 27.357727 ], [ -98.648793, 27.357514 ], [ -98.67082, 27.357285 ], [ -98.693521, 27.357149 ], [ -98.749377, 27.35667 ], [ -98.749403, 27.355951 ], [ -98.749467, 27.354471 ], [ -98.750643, 27.354382 ], [ -98.798323, 27.354029 ], [ -98.798499, 27.391144 ], [ -98.799235, 27.504338 ], [ -98.801947, 27.7503 ], [ -98.802222, 27.775191 ], [ -98.802282, 27.792957 ], [ -98.803059, 28.011162 ], [ -98.803325, 28.05748 ], [ -98.50029, 28.057476 ], [ -98.499178, 28.057539 ], [ -98.465029, 28.05758 ], [ -98.334323, 28.0578 ], [ -98.334315, 28.161464 ], [ -98.334347, 28.266147 ], [ -98.334462, 28.295378 ], [ -98.334252, 28.383108 ], [ -98.334324, 28.448122 ], [ -98.335031, 28.612658 ], [ -98.308147, 28.632498 ], [ -98.259051, 28.668613 ], [ -98.201842, 28.710743 ], [ -98.148889, 28.749648 ], [ -98.14773, 28.75026 ], [ -98.125284, 28.766523 ], [ -98.123754, 28.767478 ], [ -98.112128, 28.776879 ], [ -98.098315, 28.786949 ], [ -98.074352, 28.761812 ], [ -98.052747, 28.73913 ], [ -98.032514, 28.718287 ], [ -98.005252, 28.690239 ], [ -97.99885, 28.692205 ], [ -97.925399, 28.716575 ], [ -97.9251, 28.716707 ], [ -97.918139, 28.719156 ], [ -97.916972, 28.718322 ], [ -97.915106, 28.719648 ], [ -97.910863, 28.716401 ], [ -97.909397, 28.714508 ], [ -97.907107, 28.713303 ], [ -97.904842, 28.713467 ], [ -97.904174, 28.712845 ], [ -97.902196, 28.71301 ], [ -97.900317, 28.711161 ], [ -97.898128, 28.708112 ], [ -97.897773, 28.705664 ], [ -97.89509, 28.703984 ], [ -97.893043, 28.704621 ], [ -97.891815, 28.703097 ], [ -97.892926, 28.70192 ], [ -97.89334, 28.699968 ], [ -97.89193, 28.699307 ], [ -97.889278, 28.699923 ], [ -97.886052, 28.698023 ], [ -97.884655, 28.698529 ], [ -97.883677, 28.695453 ], [ -97.881854, 28.696542 ], [ -97.879009, 28.695578 ], [ -97.879391, 28.693718 ], [ -97.877401, 28.693178 ], [ -97.875792, 28.691428 ], [ -97.87357, 28.691227 ], [ -97.872827, 28.690275 ], [ -97.870674, 28.689517 ], [ -97.867798, 28.689639 ], [ -97.865789, 28.688842 ], [ -97.863367, 28.686774 ], [ -97.858368, 28.684344 ], [ -97.856884, 28.684257 ], [ -97.85475, 28.685308 ], [ -97.852517, 28.684979 ], [ -97.850869, 28.683813 ], [ -97.846059, 28.683049 ], [ -97.84355, 28.681509 ], [ -97.842377, 28.681631 ], [ -97.840824, 28.680509 ], [ -97.839751, 28.681274 ], [ -97.838715, 28.679645 ], [ -97.837435, 28.680577 ], [ -97.835415, 28.680152 ], [ -97.835233, 28.678215 ], [ -97.833929, 28.677214 ], [ -97.834228, 28.675773 ], [ -97.832457, 28.675498 ], [ -97.831328, 28.676026 ], [ -97.830891, 28.6776 ], [ -97.829188, 28.677661 ], [ -97.826611, 28.675372 ], [ -97.825563, 28.67348 ], [ -97.826399, 28.672797 ], [ -97.825312, 28.670341 ], [ -97.822964, 28.670563 ], [ -97.795231, 28.673398 ], [ -97.793654, 28.675927 ], [ -97.791889, 28.67695 ], [ -97.789899, 28.675596 ], [ -97.788002, 28.675832 ], [ -97.786974, 28.673972 ], [ -97.784971, 28.672811 ], [ -97.784679, 28.671007 ], [ -97.783626, 28.670663 ], [ -97.780362, 28.669823 ], [ -97.77853, 28.668027 ], [ -97.778336, 28.667649 ], [ -97.773875, 28.669018 ], [ -97.773377, 28.667851 ], [ -97.772004, 28.668324 ], [ -97.769866, 28.664599 ], [ -97.766641, 28.664807 ], [ -97.765532, 28.661726 ], [ -97.762302, 28.659947 ], [ -97.763351, 28.658539 ], [ -97.762553, 28.657928 ], [ -97.759921, 28.65796 ], [ -97.758518, 28.655974 ], [ -97.7554, 28.655037 ], [ -97.754593, 28.654165 ], [ -97.753575, 28.651901 ], [ -97.752455, 28.647625 ], [ -97.753779, 28.644199 ], [ -97.753368, 28.642641 ], [ -97.751953, 28.641887 ], [ -97.750483, 28.639235 ], [ -97.746592, 28.636564 ], [ -97.744659, 28.636939 ], [ -97.742357, 28.635675 ], [ -97.739899, 28.632628 ], [ -97.738945, 28.63264 ], [ -97.737915, 28.630346 ], [ -97.736571, 28.63026 ], [ -97.731603, 28.628063 ], [ -97.731158, 28.62663 ], [ -97.732214, 28.625996 ], [ -97.731406, 28.625 ], [ -97.731935, 28.623515 ], [ -97.730975, 28.622734 ], [ -97.729378, 28.622982 ], [ -97.728336, 28.620908 ], [ -97.72856, 28.616804 ], [ -97.729606, 28.612584 ], [ -97.728882, 28.610493 ], [ -97.727129, 28.608662 ], [ -97.726873, 28.607424 ], [ -97.72499, 28.604547 ], [ -97.723811, 28.604003 ], [ -97.720781, 28.601132 ], [ -97.719894, 28.596973 ], [ -97.721745, 28.595806 ], [ -97.719688, 28.594063 ], [ -97.719021, 28.592693 ], [ -97.716452, 28.591208 ], [ -97.715978, 28.588941 ], [ -97.714027, 28.587726 ], [ -97.713048, 28.586406 ], [ -97.714007, 28.583886 ], [ -97.71243, 28.582351 ], [ -97.712517, 28.580118 ], [ -97.711631, 28.578038 ], [ -97.712653, 28.576283 ], [ -97.710004, 28.574803 ], [ -97.708365, 28.574776 ], [ -97.70829, 28.573329 ], [ -97.709156, 28.572053 ], [ -97.709018, 28.56862 ], [ -97.707903, 28.568301 ], [ -97.706164, 28.5696 ], [ -97.705933, 28.567465 ], [ -97.704475, 28.566348 ], [ -97.703521, 28.563125 ], [ -97.704998, 28.561122 ], [ -97.701626, 28.560413 ], [ -97.703365, 28.557904 ], [ -97.702299, 28.555802 ], [ -97.700292, 28.554851 ], [ -97.698971, 28.552078 ], [ -97.698815, 28.550846 ], [ -97.701027, 28.550614 ], [ -97.699986, 28.548612 ], [ -97.698802, 28.547768 ], [ -97.698441, 28.545267 ], [ -97.696572, 28.541537 ], [ -97.693506, 28.542071 ], [ -97.691793, 28.541075 ], [ -97.686105, 28.540024 ], [ -97.684928, 28.539276 ], [ -97.684772, 28.537197 ], [ -97.683071, 28.536399 ], [ -97.680423, 28.536382 ], [ -97.679533, 28.535177 ], [ -97.671608, 28.535776 ], [ -97.669397, 28.53533 ], [ -97.668575, 28.534439 ], [ -97.668139, 28.53045 ], [ -97.662552, 28.527935 ], [ -97.659213, 28.527329 ], [ -97.65603, 28.528478 ], [ -97.654859, 28.52833 ], [ -97.653919, 28.527323 ], [ -97.654081, 28.525304 ], [ -97.652188, 28.52362 ], [ -97.649896, 28.523135 ], [ -97.646595, 28.520928 ], [ -97.644889, 28.520812 ], [ -97.641861, 28.522109 ], [ -97.642869, 28.523683 ], [ -97.642452, 28.524304 ], [ -97.640147, 28.524359 ], [ -97.638814, 28.523434 ], [ -97.637001, 28.524996 ], [ -97.633886, 28.524802 ], [ -97.630191, 28.527056 ], [ -97.627413, 28.527236 ], [ -97.62654, 28.528265 ], [ -97.623189, 28.528012 ], [ -97.623081, 28.529588 ], [ -97.619796, 28.527152 ], [ -97.617673, 28.528225 ], [ -97.616283, 28.526631 ], [ -97.612601, 28.525053 ], [ -97.610401, 28.523233 ], [ -97.608626, 28.523487 ], [ -97.608422, 28.526188 ], [ -97.607438, 28.5267 ], [ -97.60588, 28.526354 ], [ -97.60477, 28.52422 ], [ -97.601494, 28.523423 ], [ -97.599525, 28.523627 ], [ -97.59506, 28.52508 ], [ -97.590755, 28.523909 ], [ -97.58627, 28.524372 ], [ -97.584134, 28.522535 ], [ -97.582446, 28.522238 ], [ -97.577058, 28.522547 ], [ -97.573613, 28.520903 ], [ -97.571539, 28.519533 ], [ -97.569203, 28.516848 ], [ -97.568953, 28.515402 ], [ -97.565509, 28.515077 ], [ -97.563024, 28.516408 ], [ -97.561585, 28.515534 ], [ -97.560066, 28.51374 ], [ -97.558608, 28.514241 ], [ -97.557487, 28.508398 ], [ -97.556105, 28.503986 ], [ -97.553932, 28.502864 ], [ -97.553608, 28.500894 ], [ -97.554165, 28.499354 ], [ -97.554085, 28.497555 ], [ -97.552516, 28.494964 ], [ -97.55259, 28.494326 ], [ -97.554733, 28.49223 ], [ -97.554882, 28.490706 ], [ -97.553943, 28.488324 ], [ -97.553999, 28.486872 ], [ -97.55512, 28.484903 ], [ -97.553962, 28.484055 ], [ -97.552349, 28.481866 ], [ -97.551709, 28.476859 ], [ -97.552817, 28.475391 ], [ -97.553172, 28.473696 ], [ -97.551597, 28.472117 ], [ -97.551392, 28.468475 ], [ -97.551692, 28.46754 ], [ -97.553858, 28.465565 ], [ -97.554624, 28.462925 ], [ -97.553685, 28.458452 ], [ -97.553916, 28.455278 ], [ -97.552683, 28.451812 ], [ -97.551369, 28.450441 ], [ -97.548027, 28.451316 ], [ -97.546571, 28.450254 ], [ -97.544654, 28.449929 ], [ -97.541829, 28.446689 ], [ -97.538337, 28.446154 ], [ -97.53535, 28.448105 ], [ -97.533818, 28.447798 ], [ -97.531907, 28.446301 ], [ -97.529194, 28.446394 ], [ -97.525508, 28.44735 ], [ -97.521886, 28.446876 ], [ -97.520418, 28.446007 ], [ -97.520599, 28.444081 ], [ -97.523064, 28.442773 ], [ -97.523879, 28.440738 ], [ -97.521199, 28.437634 ], [ -97.520292, 28.433508 ], [ -97.517853, 28.431972 ], [ -97.516353, 28.431878 ], [ -97.513696, 28.432587 ], [ -97.510472, 28.432178 ], [ -97.508219, 28.4327 ], [ -97.505299, 28.434586 ], [ -97.503941, 28.437099 ], [ -97.502049, 28.437813 ], [ -97.499749, 28.437513 ], [ -97.498038, 28.438256 ], [ -97.494011, 28.438846 ], [ -97.491814, 28.438451 ], [ -97.489473, 28.437148 ], [ -97.48521, 28.436391 ], [ -97.481585, 28.434631 ], [ -97.4805, 28.433889 ], [ -97.478561, 28.431007 ], [ -97.474253, 28.42642 ], [ -97.470239, 28.425106 ], [ -97.469118, 28.422114 ], [ -97.470225, 28.419534 ], [ -97.469932, 28.418692 ], [ -97.468134, 28.417564 ], [ -97.465563, 28.416773 ], [ -97.464922, 28.41559 ], [ -97.464224, 28.411283 ], [ -97.461324, 28.408637 ], [ -97.459265, 28.407499 ], [ -97.456726, 28.407362 ], [ -97.45397, 28.408061 ], [ -97.452203, 28.409497 ], [ -97.451158, 28.409486 ], [ -97.449428, 28.408331 ], [ -97.448551, 28.406889 ], [ -97.448078, 28.40453 ], [ -97.447238, 28.403248 ], [ -97.445359, 28.402692 ], [ -97.444581, 28.403022 ], [ -97.442957, 28.408573 ], [ -97.441061, 28.409353 ], [ -97.439237, 28.409338 ], [ -97.434645, 28.410631 ], [ -97.431104, 28.413029 ], [ -97.429271, 28.413018 ], [ -97.426874, 28.411681 ], [ -97.424286, 28.407593 ], [ -97.420547, 28.404182 ], [ -97.419048, 28.404369 ], [ -97.41728, 28.405942 ], [ -97.410237, 28.40802 ], [ -97.408228, 28.406529 ], [ -97.406231, 28.405879 ], [ -97.400463, 28.405696 ], [ -97.39805, 28.404078 ], [ -97.397882, 28.403038 ], [ -97.400222, 28.400998 ], [ -97.401399, 28.397918 ], [ -97.401717, 28.395674 ], [ -97.40137, 28.393836 ], [ -97.399373, 28.392191 ], [ -97.395778, 28.392261 ], [ -97.393961, 28.393493 ], [ -97.392604, 28.3961 ], [ -97.389772, 28.397078 ], [ -97.38805, 28.395697 ], [ -97.389258, 28.39298 ], [ -97.388394, 28.391208 ], [ -97.385869, 28.389793 ], [ -97.383953, 28.389677 ], [ -97.380587, 28.390792 ], [ -97.376737, 28.390075 ], [ -97.375579, 28.388684 ], [ -97.38065, 28.381777 ], [ -97.395705, 28.3615 ], [ -97.408493, 28.344114 ], [ -97.47809, 28.250285 ], [ -97.479076, 28.248476 ], [ -97.494181, 28.227825 ], [ -97.498197, 28.221965 ], [ -97.500271, 28.220079 ], [ -97.540851, 28.164963 ], [ -97.541071, 28.164669 ], [ -97.538153, 28.163278 ], [ -97.533324, 28.162374 ], [ -97.530797, 28.162258 ], [ -97.527415, 28.160568 ], [ -97.526447, 28.159539 ], [ -97.524666, 28.156194 ], [ -97.523879, 28.153129 ], [ -97.522576, 28.151688 ], [ -97.521211, 28.151341 ], [ -97.517902, 28.152605 ], [ -97.514922, 28.153291 ], [ -97.511998, 28.155359 ], [ -97.509724, 28.158175 ], [ -97.508464, 28.159093 ], [ -97.499838, 28.162877 ], [ -97.495091, 28.1659 ], [ -97.489039, 28.167959 ], [ -97.485041, 28.168049 ], [ -97.482384, 28.168616 ], [ -97.481174, 28.169827 ], [ -97.479319, 28.173624 ], [ -97.478569, 28.177128 ], [ -97.477421, 28.178779 ], [ -97.475528, 28.179296 ], [ -97.474137, 28.178758 ], [ -97.473485, 28.177542 ], [ -97.473744, 28.172987 ], [ -97.474947, 28.16842 ], [ -97.475393, 28.16452 ], [ -97.474223, 28.158298 ], [ -97.472807, 28.156021 ], [ -97.471882, 28.155003 ], [ -97.470076, 28.154387 ], [ -97.46881, 28.154745 ], [ -97.468115, 28.15584 ], [ -97.463528, 28.157602 ], [ -97.459549, 28.160045 ], [ -97.456291, 28.160535 ], [ -97.455918, 28.159726 ], [ -97.458208, 28.155831 ], [ -97.457339, 28.154868 ], [ -97.45349, 28.154066 ], [ -97.452503, 28.151755 ], [ -97.45187, 28.149016 ], [ -97.450138, 28.147767 ], [ -97.447761, 28.148174 ], [ -97.445793, 28.149973 ], [ -97.445371, 28.152823 ], [ -97.443112, 28.154473 ], [ -97.44192, 28.153522 ], [ -97.440946, 28.151074 ], [ -97.44264, 28.148147 ], [ -97.442808, 28.146871 ], [ -97.4421, 28.142673 ], [ -97.444502, 28.140643 ], [ -97.447027, 28.137172 ], [ -97.447604, 28.135516 ], [ -97.447598, 28.133475 ], [ -97.44645, 28.132793 ], [ -97.444644, 28.132809 ], [ -97.442795, 28.131907 ], [ -97.44092, 28.132116 ], [ -97.440492, 28.133475 ], [ -97.44062, 28.136425 ], [ -97.438847, 28.13897 ], [ -97.43411, 28.137971 ], [ -97.430683, 28.139227 ], [ -97.427739, 28.13952 ], [ -97.42506, 28.141434 ], [ -97.4242, 28.142592 ], [ -97.422259, 28.142305 ], [ -97.422141, 28.141749 ], [ -97.423802, 28.138235 ], [ -97.423548, 28.13501 ], [ -97.427915, 28.133337 ], [ -97.429712, 28.131356 ], [ -97.434419, 28.130577 ], [ -97.435277, 28.129908 ], [ -97.434704, 28.129095 ], [ -97.432292, 28.128424 ], [ -97.428839, 28.128501 ], [ -97.427998, 28.128111 ], [ -97.427083, 28.124333 ], [ -97.426948, 28.120881 ], [ -97.427266, 28.11874 ], [ -97.426733, 28.117259 ], [ -97.42249, 28.117922 ], [ -97.421275, 28.120476 ], [ -97.420136, 28.121569 ], [ -97.418142, 28.122136 ], [ -97.410969, 28.120609 ], [ -97.407384, 28.119382 ], [ -97.405384, 28.119216 ], [ -97.404795, 28.117973 ], [ -97.405244, 28.116212 ], [ -97.405163, 28.113098 ], [ -97.405578, 28.110074 ], [ -97.403932, 28.109003 ], [ -97.401852, 28.110699 ], [ -97.400646, 28.112525 ], [ -97.400476, 28.11435 ], [ -97.401178, 28.118081 ], [ -97.400919, 28.119506 ], [ -97.399799, 28.119953 ], [ -97.397281, 28.118156 ], [ -97.396225, 28.118841 ], [ -97.398081, 28.120289 ], [ -97.401984, 28.121009 ], [ -97.403814, 28.121996 ], [ -97.405447, 28.123483 ], [ -97.405625, 28.124614 ], [ -97.404311, 28.126926 ], [ -97.403842, 28.130129 ], [ -97.402613, 28.130993 ], [ -97.398922, 28.130288 ], [ -97.395879, 28.130004 ], [ -97.39355, 28.13027 ], [ -97.390018, 28.129809 ], [ -97.387573, 28.12823 ], [ -97.386931, 28.124906 ], [ -97.385722, 28.123925 ], [ -97.384469, 28.124109 ], [ -97.382777, 28.125165 ], [ -97.381879, 28.126462 ], [ -97.38065, 28.130949 ], [ -97.379803, 28.137386 ], [ -97.378614, 28.139002 ], [ -97.376974, 28.138472 ], [ -97.374728, 28.13429 ], [ -97.369617, 28.130257 ], [ -97.367109, 28.128597 ], [ -97.361655, 28.126375 ], [ -97.357801, 28.123807 ], [ -97.355886, 28.123142 ], [ -97.351825, 28.123502 ], [ -97.350204, 28.123055 ], [ -97.346432, 28.118778 ], [ -97.345424, 28.118371 ], [ -97.343902, 28.120633 ], [ -97.343327, 28.126935 ], [ -97.34326, 28.13019 ], [ -97.341518, 28.132171 ], [ -97.340108, 28.131973 ], [ -97.337441, 28.129768 ], [ -97.333397, 28.128603 ], [ -97.326159, 28.127012 ], [ -97.324708, 28.126003 ], [ -97.324918, 28.124181 ], [ -97.329777, 28.121507 ], [ -97.330681, 28.119898 ], [ -97.329719, 28.118855 ], [ -97.327183, 28.11874 ], [ -97.325274, 28.119519 ], [ -97.321638, 28.123113 ], [ -97.319199, 28.125958 ], [ -97.317575, 28.129092 ], [ -97.317664, 28.131872 ], [ -97.318829, 28.133482 ], [ -97.320579, 28.13361 ], [ -97.324639, 28.131754 ], [ -97.326707, 28.131886 ], [ -97.327503, 28.133117 ], [ -97.326855, 28.1342 ], [ -97.324503, 28.1356 ], [ -97.319515, 28.137333 ], [ -97.317803, 28.137495 ], [ -97.315819, 28.135807 ], [ -97.313066, 28.130265 ], [ -97.311188, 28.123959 ], [ -97.309037, 28.120017 ], [ -97.309205, 28.117557 ], [ -97.310275, 28.11603 ], [ -97.311774, 28.115313 ], [ -97.315556, 28.116349 ], [ -97.316954, 28.11575 ], [ -97.318153, 28.112909 ], [ -97.317525, 28.110991 ], [ -97.316044, 28.109352 ], [ -97.312742, 28.108947 ], [ -97.310121, 28.107841 ], [ -97.307294, 28.105764 ], [ -97.303816, 28.104005 ], [ -97.30134, 28.103829 ], [ -97.298869, 28.104401 ], [ -97.295681, 28.106074 ], [ -97.294967, 28.107278 ], [ -97.294845, 28.109 ], [ -97.295608, 28.112873 ], [ -97.294912, 28.114541 ], [ -97.29387, 28.11533 ], [ -97.291783, 28.115433 ], [ -97.288863, 28.113675 ], [ -97.287259, 28.110734 ], [ -97.286747, 28.107657 ], [ -97.285334, 28.101633 ], [ -97.284467, 28.100061 ], [ -97.284271, 28.092858 ], [ -97.283984, 28.091331 ], [ -97.282414, 28.090129 ], [ -97.278141, 28.090426 ], [ -97.273683, 28.090345 ], [ -97.269686, 28.089566 ], [ -97.264272, 28.088884 ], [ -97.262794, 28.087323 ], [ -97.261521, 28.08722 ], [ -97.26083, 28.086032 ], [ -97.260595, 28.083839 ], [ -97.263176, 28.081631 ], [ -97.2617, 28.077301 ], [ -97.260818, 28.075759 ], [ -97.257525, 28.073279 ], [ -97.257204, 28.072391 ], [ -97.250269, 28.068513 ], [ -97.240219, 28.061538 ], [ -97.234426, 28.062458 ], [ -97.221038486474598, 28.074450295970301 ], [ -97.219978, 28.072735 ], [ -97.215225, 28.073154 ], [ -97.199914, 28.068298 ], [ -97.178979, 28.058473 ], [ -97.180167, 28.050397 ], [ -97.178028, 28.044314 ], [ -97.171967, 28.042846 ], [ -97.17066, 28.045468 ], [ -97.16757, 28.046936 ], [ -97.163886, 28.047041 ], [ -97.161866, 28.048405 ], [ -97.158776, 28.047251 ], [ -97.160677, 28.043685 ], [ -97.160677, 28.040223 ], [ -97.15735, 28.036657 ], [ -97.154141, 28.033091 ], [ -97.13893, 28.026902 ], [ -97.131324, 28.029209 ], [ -97.128947, 28.029209 ], [ -97.124788, 28.02281 ], [ -97.121935, 28.020922 ], [ -97.119915, 28.021551 ], [ -97.122648, 28.02879 ], [ -97.11124, 28.033196 ], [ -97.108507, 28.033091 ], [ -97.107912, 28.035608 ], [ -97.105892, 28.038021 ], [ -97.108744, 28.039384 ], [ -97.110883, 28.037496 ], [ -97.11124, 28.039384 ], [ -97.112428, 28.042007 ], [ -97.117657, 28.042426 ], [ -97.123243, 28.041063 ], [ -97.126095, 28.039384 ], [ -97.128709, 28.039804 ], [ -97.127402, 28.041692 ], [ -97.129066, 28.042951 ], [ -97.131324, 28.044734 ], [ -97.135246, 28.04788 ], [ -97.132631, 28.049978 ], [ -97.128709, 28.050922 ], [ -97.126451, 28.050188 ], [ -97.125144, 28.050397 ], [ -97.123718, 28.051866 ], [ -97.122054, 28.051656 ], [ -97.119796, 28.055851 ], [ -97.11742, 28.058892 ], [ -97.115162, 28.059417 ], [ -97.111834, 28.059417 ], [ -97.112309, 28.061829 ], [ -97.112785, 28.063821 ], [ -97.112766677528995, 28.0638614225062 ], [ -97.112072, 28.065394 ], [ -97.112072, 28.06875 ], [ -97.107556, 28.070847 ], [ -97.10304, 28.0763 ], [ -97.099594, 28.078082 ], [ -97.095439, 28.078721 ], [ -97.0893027925258, 28.078922805400001 ], [ -97.087197633053194, 28.078992039132899 ], [ -97.086723018351805, 28.0790076480917 ], [ -97.086165, 28.079026 ], [ -97.079153, 28.081542 ], [ -97.077014, 28.083534 ], [ -97.074163, 28.084912 ], [ -97.068576, 28.085317 ], [ -97.062278, 28.088252 ], [ -97.061854199918102, 28.088460911102 ], [ -97.058237, 28.090244 ], [ -97.054197, 28.092761 ], [ -97.051759490957494, 28.096662989389699 ], [ -97.050988, 28.097898 ], [ -97.046947, 28.101986 ], [ -97.047066, 28.10838 ], [ -97.047304, 28.112888 ], [ -97.047066, 28.11467 ], [ -97.04873, 28.116556 ], [ -97.052889, 28.116976 ], [ -97.053365, 28.118338 ], [ -97.040887, 28.118338 ], [ -97.038153, 28.117709 ], [ -97.029597, 28.112783 ], [ -97.027814, 28.112364 ], [ -97.024962, 28.113307 ], [ -97.024913288481002, 28.113177787951201 ], [ -97.022806, 28.107588 ], [ -97.020565, 28.104816 ], [ -97.025073, 28.102513 ], [ -97.029122, 28.09926 ], [ -97.032449, 28.094543 ], [ -97.034140411728899, 28.088689845637798 ], [ -97.034627, 28.087006 ], [ -97.034113, 28.084793 ], [ -97.03598, 28.081671 ], [ -97.036846, 28.07588 ], [ -97.036014, 28.072839 ], [ -97.03542, 28.067282 ], [ -97.033519, 28.065918 ], [ -97.032924, 28.06466 ], [ -97.032924, 28.06078 ], [ -97.033128732480407, 28.060376343052901 ], [ -97.03377, 28.059112 ], [ -97.033162, 28.053963 ], [ -97.032434307633494, 28.052867498769 ], [ -97.031169248809803, 28.050963021599301 ], [ -97.031142, 28.050922 ], [ -97.025859, 28.041939 ], [ -97.0252, 28.032147 ], [ -97.032924, 28.031203 ], [ -97.040618, 28.028708 ], [ -97.043739, 28.028056 ], [ -97.045878, 28.025853 ], [ -97.04876, 28.022092 ], [ -97.050263059136398, 28.019143814024599 ], [ -97.059784653441696, 28.000467615521099 ], [ -97.061992, 27.996138 ], [ -97.063759250939597, 27.9937420225259 ], [ -97.064429, 27.992834 ], [ -97.064406661412505, 27.992241909860201 ], [ -97.064334, 27.990316 ], [ -97.068042, 27.976967 ], [ -97.068137172879702, 27.974022651647601 ], [ -97.068147523590298, 27.973702433349501 ], [ -97.068422, 27.965211 ], [ -97.070894, 27.953203 ], [ -97.071179550062396, 27.951844788983301 ], [ -97.071219910327301, 27.9516528164934 ], [ -97.07213, 27.947324 ], [ -97.075077, 27.939597 ], [ -97.075223629982702, 27.938474835260799 ], [ -97.075933, 27.933046 ], [ -97.078595, 27.930694 ], [ -97.077264, 27.928594 ], [ -97.075552, 27.922798 ], [ -97.075077, 27.919354 ], [ -97.076788, 27.917926 ], [ -97.07869, 27.918598 ], [ -97.077549, 27.921958 ], [ -97.079545, 27.928006 ], [ -97.080591, 27.931954 ], [ -97.07888, 27.935902 ], [ -97.079165, 27.942789 ], [ -97.076788, 27.943713 ], [ -97.077454, 27.947576 ], [ -97.075837, 27.950348 ], [ -97.075554191334803, 27.951822772765599 ], [ -97.074887, 27.955302 ], [ -97.073841, 27.960761 ], [ -97.074887, 27.963784 ], [ -97.077359, 27.964288 ], [ -97.082017, 27.963112 ], [ -97.078975, 27.967479 ], [ -97.079735, 27.969158 ], [ -97.074887, 27.973356 ], [ -97.074887, 27.974868 ], [ -97.077264, 27.975623 ], [ -97.07964, 27.975539 ], [ -97.085436651203594, 27.9718897690381 ], [ -97.086026026467096, 27.971518733006398 ], [ -97.087182, 27.970791 ], [ -97.088550109068294, 27.968856578168499 ], [ -97.101429184226802, 27.950646360333099 ], [ -97.104970712751594, 27.945638857456402 ], [ -97.120902, 27.923113 ], [ -97.121478052491497, 27.922811215634098 ], [ -97.123001198133807, 27.922013264842001 ], [ -97.129276, 27.918726 ], [ -97.131359, 27.916602 ], [ -97.131241, 27.914922 ], [ -97.129933, 27.912192 ], [ -97.131359, 27.907046 ], [ -97.132342, 27.905581 ], [ -97.133023, 27.90253 ], [ -97.1338567153459, 27.901105716801101 ], [ -97.134806, 27.899484 ], [ -97.135350013409706, 27.8978362670764 ], [ -97.135638, 27.896964 ], [ -97.137536802064105, 27.8936861881803 ], [ -97.138133, 27.892657 ], [ -97.141342, 27.88667 ], [ -97.144432, 27.883099 ], [ -97.147641, 27.88646 ], [ -97.148829, 27.8852 ], [ -97.149033883783602, 27.88497596074 ], [ -97.151396, 27.882393 ], [ -97.154652, 27.876796 ], [ -97.157117777660204, 27.873640780096402 ], [ -97.158320004719897, 27.872102405080501 ], [ -97.158393, 27.872009 ], [ -97.159203495155396, 27.871309947928399 ], [ -97.162313, 27.868628 ], [ -97.162488372670495, 27.868335617881701 ], [ -97.165683498138705, 27.863008690087401 ], [ -97.184002, 27.832468 ], [ -97.185666, 27.830656 ], [ -97.186036717221995, 27.829898327243399 ], [ -97.186739, 27.828463 ], [ -97.187582195188895, 27.827204195188902 ], [ -97.18864, 27.825625 ], [ -97.190304, 27.825205 ], [ -97.190597, 27.823271 ], [ -97.192778515164093, 27.822820751208098 ], [ -97.193762293440699, 27.822617706559299 ], [ -97.193882, 27.822593 ], [ -97.196440717658604, 27.8221235564083 ], [ -97.201044, 27.821279 ], [ -97.208381842477095, 27.821977432550899 ], [ -97.209575, 27.822091 ], [ -97.211058, 27.82208 ], [ -97.215859650691698, 27.8226416950572 ], [ -97.215905, 27.822647 ], [ -97.22166, 27.824448 ], [ -97.221821256286304, 27.824559369809698 ], [ -97.224886, 27.826676 ], [ -97.227356213997894, 27.8305248230118 ], [ -97.227382, 27.830565 ], [ -97.227254997495095, 27.830607126356799 ], [ -97.22453, 27.831511 ], [ -97.222985, 27.832456 ], [ -97.222628, 27.834768 ], [ -97.220417, 27.837317 ], [ -97.220427325675701, 27.8374885295087 ], [ -97.220484, 27.83843 ], [ -97.221263469609198, 27.8392162699807 ], [ -97.224725, 27.842708 ], [ -97.225073, 27.844481 ], [ -97.22089, 27.849081 ], [ -97.220886859979501, 27.849173709105401 ], [ -97.22085, 27.850262 ], [ -97.221801, 27.850639137235099 ], [ -97.221841, 27.850655 ], [ -97.226192, 27.848293 ], [ -97.229511, 27.847792 ], [ -97.234651, 27.850387 ], [ -97.238547, 27.857633 ], [ -97.239378106057003, 27.858195492579299 ], [ -97.241047, 27.859325 ], [ -97.242880916736198, 27.8642678535521 ], [ -97.242938241960104, 27.864422359032702 ], [ -97.243925008926198, 27.8670819370315 ], [ -97.244138, 27.867656 ], [ -97.245385400499501, 27.871049518681801 ], [ -97.245916, 27.872493 ], [ -97.248607692315304, 27.8753161808351 ], [ -97.249437, 27.876186 ], [ -97.253395, 27.877495 ], [ -97.258437, 27.878721 ], [ -97.263566, 27.880815 ], [ -97.273698, 27.881633 ], [ -97.287019119851806, 27.8798558491428 ], [ -97.288772, 27.879622 ], [ -97.291974375949707, 27.878764409684798 ], [ -97.3070125117315, 27.874737224929799 ], [ -97.308746, 27.874273 ], [ -97.308846736736996, 27.874233693512199 ], [ -97.325097, 27.867893 ], [ -97.350035, 27.855763 ], [ -97.354188, 27.851266 ], [ -97.354949, 27.851081 ], [ -97.356774, 27.852224 ], [ -97.358829, 27.851891 ], [ -97.358945782031199, 27.8521245640625 ], [ -97.359129, 27.852491 ], [ -97.355082, 27.856511 ], [ -97.34741, 27.861353 ], [ -97.346542332974394, 27.862032488218901 ], [ -97.346143671995193, 27.862344687980698 ], [ -97.343251, 27.86461 ], [ -97.338735, 27.868602 ], [ -97.335994, 27.870332 ], [ -97.334823, 27.870344 ], [ -97.330714, 27.873816 ], [ -97.330971, 27.875581 ], [ -97.33408, 27.877484 ], [ -97.335883, 27.881733 ], [ -97.337784, 27.883624 ], [ -97.341011, 27.883787 ], [ -97.343734, 27.882879 ], [ -97.344924515648501, 27.8837067364706 ], [ -97.345004, 27.883762 ], [ -97.347956, 27.883409 ], [ -97.353215, 27.882504 ], [ -97.357731, 27.881307 ], [ -97.363047518128894, 27.879854143106002 ], [ -97.366572, 27.878891 ], [ -97.368973, 27.877315 ], [ -97.370646420050605, 27.876877429041102 ], [ -97.372304, 27.876444 ], [ -97.374582, 27.875382 ], [ -97.377775995701001, 27.874929912181202 ], [ -97.377952, 27.874905 ], [ -97.381993, 27.875746 ], [ -97.387222, 27.875431 ], [ -97.391381, 27.875956 ], [ -97.397561, 27.876271 ], [ -97.402205, 27.876416 ], [ -97.409388, 27.87413 ], [ -97.415981, 27.870703 ], [ -97.418358, 27.870388 ], [ -97.424062, 27.870178 ], [ -97.427274, 27.871298 ], [ -97.432752, 27.871707 ], [ -97.43761, 27.870913 ], [ -97.442363, 27.871439 ], [ -97.44823, 27.869384 ], [ -97.452122, 27.870896 ], [ -97.453786, 27.872639 ], [ -97.454842, 27.874905 ], [ -97.454891337193004, 27.8749813545618 ], [ -97.456743, 27.877847 ], [ -97.457672875362306, 27.878348 ], [ -97.458664, 27.878882 ], [ -97.460993, 27.877937 ], [ -97.461615, 27.875536 ], [ -97.45883, 27.871886 ], [ -97.458169, 27.870283 ], [ -97.456862, 27.867551 ], [ -97.460427, 27.864505 ], [ -97.462923, 27.863034 ], [ -97.4654715679969, 27.8659699555323 ], [ -97.466844, 27.867551 ], [ -97.46825, 27.870269 ], [ -97.468467747080695, 27.870199502670499 ], [ -97.469544, 27.869856 ], [ -97.470385, 27.86917 ], [ -97.469889, 27.868351 ], [ -97.470631, 27.867438 ], [ -97.469815, 27.865765 ], [ -97.470535653342097, 27.863784213570799 ], [ -97.470885, 27.862824 ], [ -97.473499, 27.861878 ], [ -97.474799093714907, 27.8614948005267 ], [ -97.477421, 27.860722 ], [ -97.477607170534299, 27.860691159233099 ], [ -97.481224, 27.860092 ], [ -97.483125, 27.860722 ], [ -97.485502, 27.861353 ], [ -97.481937, 27.869127 ], [ -97.480961, 27.869833 ], [ -97.483088, 27.872758 ], [ -97.48574, 27.87354 ], [ -97.487879, 27.876586 ], [ -97.490969, 27.879843 ], [ -97.491682, 27.881418 ], [ -97.493239, 27.884076 ], [ -97.496554, 27.881523 ], [ -97.505119, 27.877868 ], [ -97.506806, 27.878387 ], [ -97.506877611821096, 27.878326900244701 ], [ -97.507652, 27.877677 ], [ -97.507238, 27.876582 ], [ -97.508728, 27.874204 ], [ -97.512973, 27.871445 ], [ -97.516622, 27.871425 ], [ -97.516911, 27.870823 ], [ -97.51854, 27.86545 ], [ -97.520743, 27.860747 ], [ -97.515095, 27.85117 ], [ -97.507974, 27.851907 ], [ -97.497414, 27.849451 ], [ -97.490256, 27.845382 ], [ -97.487879, 27.84286 ], [ -97.488949, 27.840338 ], [ -97.490259821335201, 27.840872509670699 ], [ -97.490494, 27.840968 ], [ -97.490659539685893, 27.8403455707811 ], [ -97.490969, 27.839182 ], [ -97.490787997611903, 27.8387578589391 ], [ -97.488592, 27.833612 ], [ -97.485146, 27.830775 ], [ -97.480867, 27.827307 ], [ -97.476380650331393, 27.825698464577499 ], [ -97.472073, 27.824154 ], [ -97.462923, 27.823418 ], [ -97.461497, 27.823944 ], [ -97.456862, 27.8251 ], [ -97.452584, 27.825625 ], [ -97.449375, 27.828148 ], [ -97.447949, 27.830355 ], [ -97.444621, 27.832141 ], [ -97.439232845526007, 27.832266292042899 ], [ -97.43559, 27.832351 ], [ -97.430242, 27.829934 ], [ -97.429913839576798, 27.8294495873266 ], [ -97.429173, 27.828356 ], [ -97.423706, 27.826466 ], [ -97.420875, 27.82572 ], [ -97.41919, 27.822998 ], [ -97.416694, 27.822157 ], [ -97.414581135298505, 27.8258938302892 ], [ -97.413604, 27.827622 ], [ -97.412297, 27.828358 ], [ -97.410764408637903, 27.831455111710898 ], [ -97.409801, 27.833402 ], [ -97.404678333174999, 27.834749732707301 ], [ -97.395422, 27.837185 ], [ -97.393004859492805, 27.8368036902746 ], [ -97.392094, 27.83666 ], [ -97.391447549438098, 27.837184051086599 ], [ -97.390022143380094, 27.838339569602098 ], [ -97.387816, 27.840128 ], [ -97.387285340462498, 27.8401019507941 ], [ -97.386188163043499, 27.840048092155001 ], [ -97.385677, 27.840023 ], [ -97.382979028291203, 27.838397801718301 ], [ -97.378864, 27.835919 ], [ -97.378546, 27.832456 ], [ -97.392277, 27.813525 ], [ -97.394517, 27.81301 ], [ -97.39491, 27.812012 ], [ -97.393434838304699, 27.811140977432899 ], [ -97.392688, 27.8107 ], [ -97.392224, 27.804604 ], [ -97.391143, 27.800504 ], [ -97.390923723366896, 27.795932498549 ], [ -97.390906, 27.795563 ], [ -97.391000956687805, 27.7952454413856 ], [ -97.391975, 27.791988 ], [ -97.393082, 27.787154 ], [ -97.3930980978364, 27.7868267286742 ], [ -97.393111841435299, 27.7865473193363 ], [ -97.393250205134606, 27.7837343654679 ], [ -97.393291, 27.782905 ], [ -97.391738, 27.777479 ], [ -97.391373521474705, 27.7768947229108 ], [ -97.389836, 27.77443 ], [ -97.388806, 27.773947 ], [ -97.388559576083395, 27.7734549103942 ], [ -97.388156, 27.772649 ], [ -97.388607492059705, 27.771581753525499 ], [ -97.388648, 27.771486 ], [ -97.386152, 27.768647 ], [ -97.383814413893802, 27.7668123400884 ], [ -97.379854, 27.763704 ], [ -97.377596, 27.76076 ], [ -97.376597220026795, 27.758181802888402 ], [ -97.37617, 27.757079 ], [ -97.375219, 27.749402 ], [ -97.374934576287103, 27.749082147634098 ], [ -97.374053461740701, 27.7480912788719 ], [ -97.368355, 27.741683 ], [ -97.367010963523995, 27.740269863893499 ], [ -97.365593, 27.738779 ], [ -97.363083753235799, 27.7366164693521 ], [ -97.361077, 27.734887 ], [ -97.359244602823694, 27.7337386581715 ], [ -97.358485665323002, 27.7332630409371 ], [ -97.352497474006796, 27.729510311641199 ], [ -97.352293678772796, 27.729382595557301 ], [ -97.351822, 27.729087 ], [ -97.348836, 27.728365 ], [ -97.347648, 27.726787 ], [ -97.345196959220004, 27.725080102364299 ], [ -97.343679, 27.724023 ], [ -97.342167442502401, 27.723393189001399 ], [ -97.334000620249896, 27.7199903713868 ], [ -97.333872800071006, 27.719937113370001 ], [ -97.331294206279793, 27.7188627071809 ], [ -97.316446, 27.712676 ], [ -97.313493291749893, 27.711845406911898 ], [ -97.308076446095498, 27.710321655095399 ], [ -97.307997066543294, 27.710299325727998 ], [ -97.291834121372901, 27.7057527097388 ], [ -97.291437, 27.705641 ], [ -97.291339617928102, 27.705636143429501 ], [ -97.288329, 27.705486 ], [ -97.285661997289907, 27.705049 ], [ -97.281573, 27.704379 ], [ -97.280385, 27.704589 ], [ -97.253955, 27.696696 ], [ -97.253051, 27.69754 ], [ -97.246753, 27.694488 ], [ -97.244852, 27.69291 ], [ -97.243544, 27.689227 ], [ -97.244376, 27.688911 ], [ -97.246112, 27.689631 ], [ -97.247228, 27.691016 ], [ -97.253765, 27.692804 ], [ -97.255968, 27.691735 ], [ -97.260657, 27.680176 ], [ -97.263007580453703, 27.6794817375653 ], [ -97.266064, 27.678579 ], [ -97.269214, 27.67744 ], [ -97.267625, 27.675275 ], [ -97.273026577063405, 27.663841323192401 ], [ -97.273467412830598, 27.662908193177099 ], [ -97.2765364707397, 27.6564118281667 ], [ -97.277105959719805, 27.655206374117402 ], [ -97.277206267136606, 27.6549940504623 ], [ -97.2780301757589, 27.653250058884399 ], [ -97.282632765888096, 27.643507621185702 ], [ -97.288670728350695, 27.630726888713902 ], [ -97.291134037256498, 27.625512730408701 ], [ -97.292079792435402, 27.623510822645901 ], [ -97.292627745235706, 27.622350954860998 ], [ -97.293403049904796, 27.620709844698201 ], [ -97.293765892509199, 27.619941805101099 ], [ -97.294291348191294, 27.618829557626899 ], [ -97.295427774171003, 27.616424051380399 ], [ -97.296598, 27.613947 ], [ -97.296596044499495, 27.613790061502701 ], [ -97.296568152912201, 27.611551624892599 ], [ -97.296562237448498, 27.611076879938199 ], [ -97.296548321751899, 27.609960077072099 ], [ -97.296547, 27.609854 ], [ -97.297686369530894, 27.608407451678499 ], [ -97.297886, 27.608154 ], [ -97.29928, 27.605958 ], [ -97.29928, 27.602164282157698 ], [ -97.29928, 27.601429 ], [ -97.298274603391206, 27.597665111105499 ], [ -97.298211, 27.597427 ], [ -97.297254141937302, 27.596848044396399 ], [ -97.295246, 27.595633 ], [ -97.294054, 27.5941 ], [ -97.294645, 27.592688 ], [ -97.297094818233901, 27.590504219503 ], [ -97.302196, 27.585957 ], [ -97.307010327614606, 27.5819492844496 ], [ -97.318532, 27.572358 ], [ -97.322191, 27.569058 ], [ -97.324637444231598, 27.561076837816099 ], [ -97.327089, 27.553079 ], [ -97.328884, 27.550132 ], [ -97.329969, 27.547023 ], [ -97.331092, 27.543804 ], [ -97.332906, 27.538602 ], [ -97.33498, 27.532658 ], [ -97.336952, 27.529054 ], [ -97.338819, 27.524485 ], [ -97.340993, 27.519464 ], [ -97.342538, 27.516302 ], [ -97.344727, 27.513017 ], [ -97.344915, 27.508608 ], [ -97.347489, 27.503005 ], [ -97.349906, 27.491215 ], [ -97.350262, 27.48647 ], [ -97.349074, 27.483835 ], [ -97.351094, 27.481832 ], [ -97.350543, 27.478578 ], [ -97.356918, 27.471921 ], [ -97.358581, 27.467703 ], [ -97.358225, 27.464856 ], [ -97.361433, 27.458213 ], [ -97.364286, 27.450831 ], [ -97.367552, 27.443332 ], [ -97.367257, 27.440917 ], [ -97.367375, 27.435749 ], [ -97.369277, 27.429843 ], [ -97.369633, 27.424463 ], [ -97.368326, 27.417817 ], [ -97.369396, 27.410433 ], [ -97.374743, 27.399566 ], [ -97.376336, 27.395468 ], [ -97.37955, 27.390028 ], [ -97.383419, 27.383527 ], [ -97.383321, 27.381424 ], [ -97.384106, 27.379632 ], [ -97.388648, 27.37118 ], [ -97.388811, 27.368897 ], [ -97.396945, 27.350334 ], [ -97.400651, 27.342999 ], [ -97.401942, 27.335574 ], [ -97.404996, 27.329977 ], [ -97.414436, 27.321568 ], [ -97.420972, 27.3184 ], [ -97.42739, 27.316077 ], [ -97.434758, 27.313691 ], [ -97.439511, 27.313691 ], [ -97.450798, 27.313691 ], [ -97.482859, 27.297915 ], [ -97.490494, 27.291895 ], [ -97.495153, 27.286851 ], [ -97.508304, 27.275014 ], [ -97.510696, 27.277109 ], [ -97.513317, 27.278233 ], [ -97.514737, 27.278482 ], [ -97.517351, 27.278693 ], [ -97.521511, 27.279855 ], [ -97.527453, 27.27901 ], [ -97.532223, 27.278577 ], [ -97.540763, 27.281756 ], [ -97.544437, 27.284175 ], [ -97.54718, 27.289466 ], [ -97.546981, 27.290791 ], [ -97.54516, 27.291578 ], [ -97.543734, 27.29105 ], [ -97.541149, 27.287368 ], [ -97.540406, 27.286931 ], [ -97.533989, 27.287037 ], [ -97.531493, 27.288832 ], [ -97.52922, 27.290213 ], [ -97.525908, 27.290628 ], [ -97.525834, 27.29418 ], [ -97.524589, 27.297915 ], [ -97.522687, 27.299818 ], [ -97.520441, 27.300344 ], [ -97.518064, 27.302139 ], [ -97.518282, 27.304223 ], [ -97.517465, 27.30504 ], [ -97.504742, 27.30504 ], [ -97.500595, 27.306574 ], [ -97.498245, 27.308813 ], [ -97.497267, 27.310903 ], [ -97.49779, 27.314282 ], [ -97.496673, 27.316605 ], [ -97.498812, 27.318189 ], [ -97.500595, 27.320723 ], [ -97.502706, 27.322343 ], [ -97.503209, 27.324524 ], [ -97.501189, 27.328219 ], [ -97.499144, 27.327941 ], [ -97.493848, 27.331648 ], [ -97.490142, 27.334243 ], [ -97.483877, 27.338628 ], [ -97.481462, 27.340465 ], [ -97.482531, 27.343105 ], [ -97.482769, 27.344688 ], [ -97.481581, 27.346905 ], [ -97.482888, 27.349121 ], [ -97.484908, 27.349649 ], [ -97.486096, 27.350283 ], [ -97.48776, 27.352288 ], [ -97.486334, 27.35461 ], [ -97.484433, 27.357671 ], [ -97.482294, 27.360838 ], [ -97.485027, 27.365481 ], [ -97.483482, 27.366431 ], [ -97.48265, 27.368753 ], [ -97.478847, 27.37213 ], [ -97.47956, 27.37403 ], [ -97.481462, 27.374874 ], [ -97.485027, 27.376457 ], [ -97.486691, 27.381628 ], [ -97.486096, 27.385321 ], [ -97.486928, 27.387115 ], [ -97.493583, 27.390597 ], [ -97.496673, 27.387221 ], [ -97.498693, 27.382367 ], [ -97.497743, 27.376879 ], [ -97.497386, 27.374135 ], [ -97.497862, 27.372236 ], [ -97.503566, 27.369914 ], [ -97.509627, 27.36812 ], [ -97.511263, 27.362788 ], [ -97.514411, 27.361529 ], [ -97.514499, 27.360204 ], [ -97.52056, 27.354716 ], [ -97.524006, 27.35271 ], [ -97.52769, 27.349544 ], [ -97.528641, 27.34701 ], [ -97.531137, 27.343421 ], [ -97.533734, 27.340039 ], [ -97.536722, 27.339304 ], [ -97.53898, 27.337087 ], [ -97.549557, 27.329697 ], [ -97.566832, 27.318206 ], [ -97.577009, 27.31386 ], [ -97.583783, 27.309108 ], [ -97.607249, 27.286975 ], [ -97.610621, 27.285441 ], [ -97.613017, 27.285241 ], [ -97.618484, 27.287354 ], [ -97.621455, 27.288621 ], [ -97.624168, 27.290639 ], [ -97.625852, 27.293057 ], [ -97.626327, 27.295697 ], [ -97.630606, 27.297387 ], [ -97.635003, 27.298654 ], [ -97.636904, 27.300977 ], [ -97.632032, 27.304356 ], [ -97.630368, 27.30668 ], [ -97.629655, 27.309003 ], [ -97.631438, 27.310587 ], [ -97.633458, 27.311537 ], [ -97.634765, 27.312704 ], [ -97.632626, 27.31386 ], [ -97.632151, 27.315127 ], [ -97.632626, 27.316711 ], [ -97.632507, 27.320618 ], [ -97.632388, 27.323257 ], [ -97.63322, 27.32463 ], [ -97.63631, 27.324524 ], [ -97.641658, 27.324946 ], [ -97.646055, 27.324102 ], [ -97.651403, 27.32463 ], [ -97.654849, 27.326213 ], [ -97.658418, 27.329696 ], [ -97.659721, 27.333392 ], [ -97.659365, 27.335504 ], [ -97.662336, 27.33941 ], [ -97.666852, 27.343949 ], [ -97.668159, 27.345744 ], [ -97.66495, 27.349755 ], [ -97.664356, 27.352288 ], [ -97.662217, 27.355032 ], [ -97.660316, 27.355455 ], [ -97.660078, 27.357671 ], [ -97.661266, 27.360099 ], [ -97.663524, 27.361787 ], [ -97.668397, 27.364004 ], [ -97.672556, 27.365165 ], [ -97.675884, 27.365481 ], [ -97.678023, 27.368331 ], [ -97.676834, 27.370336 ], [ -97.677666, 27.373186 ], [ -97.679805, 27.376246 ], [ -97.683846, 27.37899 ], [ -97.689075, 27.380784 ], [ -97.693115, 27.380995 ], [ -97.696562, 27.381628 ], [ -97.70286, 27.385216 ], [ -97.708802, 27.385638 ], [ -97.712843, 27.381839 ], [ -97.711536, 27.378251 ], [ -97.711653162207895, 27.376796810243299 ], [ -97.711655, 27.376774 ], [ -97.705356, 27.371075 ], [ -97.704881, 27.367909 ], [ -97.703692, 27.363371 ], [ -97.701791, 27.362104 ], [ -97.69775, 27.358621 ], [ -97.696681, 27.356721 ], [ -97.696562, 27.355455 ], [ -97.697156, 27.35366 ], [ -97.696324, 27.351127 ], [ -97.69466, 27.34891 ], [ -97.693472, 27.34701 ], [ -97.691225, 27.342651 ], [ -97.69062, 27.340677 ], [ -97.691689, 27.338354 ], [ -97.69264, 27.335504 ], [ -97.692046, 27.333709 ], [ -97.68955, 27.331809 ], [ -97.688124, 27.330331 ], [ -97.685985, 27.328536 ], [ -97.683727, 27.325791 ], [ -97.686342, 27.322729 ], [ -97.68444, 27.319878 ], [ -97.681826, 27.319456 ], [ -97.676121, 27.316816 ], [ -97.675765, 27.312171 ], [ -97.675052, 27.310903 ], [ -97.673745, 27.310375 ], [ -97.6722, 27.309742 ], [ -97.669942, 27.309847 ], [ -97.667446, 27.309108 ], [ -97.660316, 27.307524 ], [ -97.654877, 27.305103 ], [ -97.65889, 27.298654 ], [ -97.657729, 27.296063 ], [ -97.661346, 27.288908 ], [ -97.66368, 27.286419 ], [ -97.668465, 27.284448 ], [ -97.675933, 27.282996 ], [ -97.681184, 27.283515 ], [ -97.687135, 27.282478 ], [ -97.692853, 27.280092 ], [ -97.695421, 27.277292 ], [ -97.700438, 27.275218 ], [ -97.704873, 27.275529 ], [ -97.707557, 27.277292 ], [ -97.711524, 27.277603 ], [ -97.715375, 27.275736 ], [ -97.718759, 27.272417 ], [ -97.725294, 27.269306 ], [ -97.726694, 27.27138 ], [ -97.729378, 27.272521 ], [ -97.733346, 27.272417 ], [ -97.735096, 27.273558 ], [ -97.738147271489694, 27.2733688917032 ], [ -97.740114, 27.273247 ], [ -97.739997, 27.271173 ], [ -97.740114, 27.267542 ] ] ], [ [ [ -97.399106, 27.309108 ], [ -97.400294, 27.306363 ], [ -97.401364, 27.303089 ], [ -97.402433, 27.298971 ], [ -97.403146, 27.295908 ], [ -97.403503, 27.291261 ], [ -97.404335, 27.290205 ], [ -97.405642, 27.290205 ], [ -97.405642, 27.294747 ], [ -97.404097, 27.301928 ], [ -97.402909, 27.306468 ], [ -97.402077, 27.310481 ], [ -97.400532, 27.310903 ], [ -97.399106, 27.309108 ] ] ], [ [ [ -97.400532, 27.322096 ], [ -97.402314, 27.3184 ], [ -97.403859, 27.314916 ], [ -97.40481, 27.313754 ], [ -97.405998, 27.313543 ], [ -97.406593, 27.315655 ], [ -97.404335, 27.319878 ], [ -97.402909, 27.323151 ], [ -97.400651, 27.325474 ], [ -97.399581, 27.324524 ], [ -97.400532, 27.322096 ] ] ], [ [ [ -97.305562, 27.494879 ], [ -97.304492, 27.495511 ], [ -97.303779, 27.494457 ], [ -97.305086, 27.491505 ], [ -97.309721, 27.488553 ], [ -97.31293, 27.48655 ], [ -97.313881, 27.483387 ], [ -97.315544, 27.48149 ], [ -97.316376, 27.480014 ], [ -97.316733, 27.477905 ], [ -97.319704, 27.4778 ], [ -97.318872, 27.480225 ], [ -97.316852, 27.483282 ], [ -97.315782, 27.486656 ], [ -97.313524, 27.490451 ], [ -97.311979, 27.490451 ], [ -97.307939, 27.491611 ], [ -97.305562, 27.494879 ] ] ], [ [ [ -97.311266, 27.507001 ], [ -97.310078, 27.505947 ], [ -97.310791, 27.503733 ], [ -97.31186, 27.501941 ], [ -97.313049, 27.500044 ], [ -97.313999, 27.497514 ], [ -97.315425, 27.495195 ], [ -97.317446, 27.493824 ], [ -97.317802, 27.494562 ], [ -97.315901, 27.499095 ], [ -97.314356, 27.502995 ], [ -97.313881, 27.50542 ], [ -97.312454, 27.507106 ], [ -97.311266, 27.507001 ] ] ], [ [ [ -97.231522, 27.640894 ], [ -97.234612, 27.641066 ], [ -97.228081, 27.673891 ], [ -97.228289419789505, 27.6743162831281 ], [ -97.232376, 27.682655 ], [ -97.237534, 27.682827 ], [ -97.242172, 27.671141 ], [ -97.243546, 27.671141 ], [ -97.2463, 27.675953 ], [ -97.246468, 27.682484 ], [ -97.237366, 27.686951 ], [ -97.226195238435906, 27.686163519032799 ], [ -97.222755, 27.685921 ], [ -97.215538, 27.682827 ], [ -97.220863, 27.67561 ], [ -97.231522, 27.640894 ] ] ], [ [ [ -97.230995, 27.828921 ], [ -97.233879, 27.828914 ], [ -97.235892, 27.831308 ], [ -97.240054, 27.833566 ], [ -97.238558, 27.836015 ], [ -97.235924804072297, 27.8358968834142 ], [ -97.2343, 27.835824 ], [ -97.229997, 27.831511 ], [ -97.229997, 27.830039 ], [ -97.230995, 27.828921 ] ] ], [ [ [ -97.24732, 27.861106 ], [ -97.24526, 27.860414 ], [ -97.245768, 27.85869 ], [ -97.245438, 27.856066 ], [ -97.243996, 27.854694 ], [ -97.239139, 27.843217 ], [ -97.238189, 27.840749 ], [ -97.238995, 27.839804 ], [ -97.245089, 27.840968 ], [ -97.258076, 27.866037 ], [ -97.261318, 27.866935 ], [ -97.267321, 27.869 ], [ -97.267101, 27.871441 ], [ -97.268282, 27.87274 ], [ -97.267554, 27.873687 ], [ -97.265886, 27.873329 ], [ -97.260811, 27.874159 ], [ -97.252213, 27.871223 ], [ -97.248763, 27.863462 ], [ -97.24732, 27.861106 ] ] ], [ [ [ -97.170441, 27.761996 ], [ -97.168658, 27.764099 ], [ -97.167113, 27.76452 ], [ -97.164855, 27.763994 ], [ -97.164855, 27.762943 ], [ -97.166044, 27.761365 ], [ -97.166757, 27.759262 ], [ -97.168539, 27.758421 ], [ -97.168539, 27.757054 ], [ -97.167589, 27.755687 ], [ -97.167711129202701, 27.7555017511371 ], [ -97.168421, 27.754425 ], [ -97.170203, 27.753373 ], [ -97.172699, 27.752952 ], [ -97.1746, 27.753899 ], [ -97.174363, 27.755266 ], [ -97.173649, 27.756949 ], [ -97.173531, 27.758736 ], [ -97.172958986695093, 27.760182533645999 ], [ -97.172699, 27.76084 ], [ -97.170441, 27.761996 ] ] ], [ [ [ -97.196365, 27.813959 ], [ -97.197316, 27.812592 ], [ -97.200524, 27.811751 ], [ -97.202663, 27.810175 ], [ -97.204407, 27.808028 ], [ -97.207298, 27.807336 ], [ -97.214666, 27.807336 ], [ -97.217133, 27.808597 ], [ -97.220493, 27.809208 ], [ -97.220254, 27.810178 ], [ -97.216251, 27.811316 ], [ -97.208982, 27.812876 ], [ -97.204089, 27.813853 ], [ -97.199283, 27.814309 ], [ -97.196829, 27.814689 ], [ -97.196365, 27.813959 ] ] ], [ [ [ -97.177469, 27.814589 ], [ -97.178895, 27.814484 ], [ -97.18555, 27.812802 ], [ -97.187808, 27.812802 ], [ -97.188759, 27.813959 ], [ -97.192918, 27.815325 ], [ -97.190304, 27.816481 ], [ -97.185432, 27.816902 ], [ -97.181985, 27.817007 ], [ -97.179846, 27.818268 ], [ -97.178539, 27.818373 ], [ -97.177469, 27.817532 ], [ -97.177469, 27.814589 ] ] ], [ [ [ -97.144241, 27.821221 ], [ -97.142876, 27.820424 ], [ -97.143894, 27.818665 ], [ -97.144236, 27.817428 ], [ -97.14509, 27.816568 ], [ -97.147657, 27.8161 ], [ -97.151424, 27.817099 ], [ -97.151189, 27.819594 ], [ -97.154096, 27.819916 ], [ -97.157504, 27.816902 ], [ -97.160594, 27.816376 ], [ -97.163449, 27.817218 ], [ -97.16404, 27.818058 ], [ -97.164081, 27.820608 ], [ -97.156335, 27.821671 ], [ -97.153359, 27.821892 ], [ -97.149675, 27.821534 ], [ -97.145975, 27.820915 ], [ -97.144241, 27.821221 ] ] ], [ [ [ -97.14051, 27.849375 ], [ -97.143362, 27.84948 ], [ -97.141223, 27.853158 ], [ -97.138728, 27.855784 ], [ -97.136945, 27.853788 ], [ -97.13647, 27.851056 ], [ -97.13742, 27.849375 ], [ -97.14051, 27.849375 ] ] ], [ [ [ -97.105536, 27.875315 ], [ -97.102802, 27.879097 ], [ -97.101376, 27.883193 ], [ -97.091593315303996, 27.8766174717524 ], [ -97.089968, 27.875525 ], [ -97.08866, 27.878046 ], [ -97.085689, 27.881093 ], [ -97.083194, 27.883614 ], [ -97.081768, 27.888235 ], [ -97.084739, 27.891071 ], [ -97.080817, 27.894012 ], [ -97.074637, 27.894853 ], [ -97.073686, 27.898949 ], [ -97.072092683642396, 27.9009696492849 ], [ -97.070953, 27.902415 ], [ -97.066049, 27.906218 ], [ -97.065492, 27.909582 ], [ -97.069384, 27.912234 ], [ -97.078661, 27.915624 ], [ -97.079068, 27.91632 ], [ -97.078917, 27.917014 ], [ -97.077371, 27.916907 ], [ -97.074637, 27.915752 ], [ -97.069527, 27.915017 ], [ -97.065243746650495, 27.9131758926926 ], [ -97.06513, 27.913127 ], [ -97.061208, 27.910081 ], [ -97.056336, 27.905565 ], [ -97.055799472692499, 27.904925996565701 ], [ -97.053603, 27.90231 ], [ -97.052889, 27.896743 ], [ -97.051939, 27.891807 ], [ -97.050988, 27.88792 ], [ -97.049918, 27.883404 ], [ -97.049562, 27.878571 ], [ -97.050195947043093, 27.8753692626501 ], [ -97.050394, 27.874369 ], [ -97.052123119795596, 27.868151155078401 ], [ -97.052176, 27.867961 ], [ -97.054933674672796, 27.862453384861901 ], [ -97.055385, 27.861552 ], [ -97.05895, 27.854723 ], [ -97.059885010189106, 27.8536538220945 ], [ -97.060971, 27.852412 ], [ -97.063835218967597, 27.851567376825599 ], [ -97.064179, 27.851466 ], [ -97.064655, 27.85052 ], [ -97.060971, 27.847053 ], [ -97.060971, 27.846317 ], [ -97.065011, 27.844741 ], [ -97.071191, 27.84348 ], [ -97.076301, 27.842849 ], [ -97.080341, 27.84411 ], [ -97.081768, 27.844636 ], [ -97.082837, 27.84348 ], [ -97.083907, 27.842849 ], [ -97.087828, 27.841588 ], [ -97.088477262880204, 27.841574343629301 ], [ -97.09282, 27.841483 ], [ -97.098762, 27.840643 ], [ -97.106249, 27.839382 ], [ -97.111834, 27.838961 ], [ -97.112276462052293, 27.838925989814999 ], [ -97.119796, 27.838331 ], [ -97.123956, 27.838016 ], [ -97.126927, 27.837911 ], [ -97.129898, 27.839487 ], [ -97.127046, 27.841063 ], [ -97.122886, 27.849785 ], [ -97.119321, 27.852832 ], [ -97.114092, 27.862603 ], [ -97.113973, 27.864074 ], [ -97.105536, 27.875315 ] ] ], [ [ [ -97.14158, 27.879527 ], [ -97.142412, 27.878582 ], [ -97.143719, 27.878372 ], [ -97.145383, 27.876586 ], [ -97.147403, 27.875641 ], [ -97.149423, 27.874905 ], [ -97.150493, 27.874905 ], [ -97.150849, 27.875851 ], [ -97.149067, 27.877531 ], [ -97.146927, 27.878267 ], [ -97.14467, 27.880893 ], [ -97.143362, 27.881523 ], [ -97.142055, 27.881103 ], [ -97.14158, 27.879527 ] ] ], [ [ [ -97.114247, 27.886985 ], [ -97.11591, 27.88583 ], [ -97.11698, 27.885515 ], [ -97.118287, 27.88562 ], [ -97.117931, 27.888246 ], [ -97.118287, 27.890662 ], [ -97.129577, 27.893393 ], [ -97.131954, 27.894443 ], [ -97.131716, 27.896018 ], [ -97.113415, 27.892132 ], [ -97.110206, 27.890662 ], [ -97.110206, 27.889191 ], [ -97.112107, 27.888351 ], [ -97.114247, 27.886985 ] ] ], [ [ [ -97.102921, 27.90336 ], [ -97.098049, 27.903885 ], [ -97.097217, 27.903465 ], [ -97.099831, 27.901574 ], [ -97.103278, 27.898529 ], [ -97.105179, 27.897373 ], [ -97.106011, 27.895273 ], [ -97.107675, 27.893907 ], [ -97.108982, 27.892017 ], [ -97.111715, 27.893067 ], [ -97.108388, 27.895588 ], [ -97.107199, 27.897058 ], [ -97.106486, 27.899264 ], [ -97.10613, 27.900629 ], [ -97.102921, 27.90336 ] ] ], [ [ [ -97.127319, 27.900115 ], [ -97.129696, 27.897489 ], [ -97.132191, 27.898119 ], [ -97.132548, 27.898854 ], [ -97.129458, 27.904421 ], [ -97.128864, 27.905051 ], [ -97.127081, 27.904 ], [ -97.1272, 27.902425 ], [ -97.127081, 27.90085 ], [ -97.127319, 27.900115 ] ] ], [ [ [ -97.124431, 27.909031 ], [ -97.125738, 27.907456 ], [ -97.127164, 27.908086 ], [ -97.12657, 27.909556 ], [ -97.125025, 27.912917 ], [ -97.123005, 27.912601 ], [ -97.122054, 27.911341 ], [ -97.122648, 27.910081 ], [ -97.124431, 27.909031 ] ] ], [ [ [ -97.04299, 27.875262 ], [ -97.043100129295496, 27.879247940131499 ], [ -97.043109, 27.879569 ], [ -97.04406, 27.883561 ], [ -97.045367, 27.887027 ], [ -97.045723, 27.889969 ], [ -97.044773, 27.891229 ], [ -97.042752, 27.892384 ], [ -97.042589426966799, 27.892483522695301 ], [ -97.039663, 27.894275 ], [ -97.039187, 27.897741 ], [ -97.037999, 27.902257 ], [ -97.03586, 27.908873 ], [ -97.033008, 27.912759 ], [ -97.026208, 27.914574 ], [ -97.023144, 27.914754 ], [ -97.021599, 27.915804 ], [ -97.01955, 27.917339 ], [ -97.017558, 27.920425 ], [ -97.012168, 27.923548 ], [ -97.0091, 27.924002 ], [ -97.004741, 27.928566 ], [ -96.997028, 27.940376 ], [ -96.999784, 27.942297 ], [ -97.004313, 27.941902 ], [ -97.007358, 27.942751 ], [ -97.01128, 27.943486 ], [ -97.018998, 27.942417 ], [ -97.025348, 27.9385 ], [ -97.029246, 27.936461 ], [ -97.030742, 27.939555 ], [ -97.034825, 27.939055 ], [ -97.035748, 27.940428 ], [ -97.029269, 27.943704 ], [ -97.017202, 27.945728 ], [ -97.006387, 27.947198 ], [ -97.001753, 27.948458 ], [ -96.996761, 27.948878 ], [ -96.994078, 27.948209 ], [ -96.989982, 27.949134 ], [ -96.98543, 27.955045 ], [ -96.985353, 27.958221 ], [ -96.984164, 27.963154 ], [ -96.986066, 27.970501 ], [ -96.986304, 27.975434 ], [ -96.984402, 27.984355 ], [ -96.980362, 27.99233 ], [ -96.97442, 28.005866 ], [ -96.967764, 28.017512 ], [ -96.963605, 28.023073 ], [ -96.959446, 28.027164 ], [ -96.956118, 28.030416 ], [ -96.955999, 28.032199 ], [ -96.954573, 28.035975 ], [ -96.951721, 28.039961 ], [ -96.947918, 28.042898 ], [ -96.94618, 28.044931 ], [ -96.945898, 28.049086 ], [ -96.947086, 28.053491 ], [ -96.943521, 28.052652 ], [ -96.940669, 28.051603 ], [ -96.938768, 28.051813 ], [ -96.937104, 28.053072 ], [ -96.933657, 28.056008 ], [ -96.933301, 28.058735 ], [ -96.933063, 28.061776 ], [ -96.932707, 28.065761 ], [ -96.931875, 28.072263 ], [ -96.929973, 28.076562 ], [ -96.92831, 28.082329 ], [ -96.925458, 28.08841 ], [ -96.919872, 28.093547 ], [ -96.911672, 28.09795 ], [ -96.90573, 28.100676 ], [ -96.892658, 28.10403 ], [ -96.888261, 28.103925 ], [ -96.880536, 28.106022 ], [ -96.879466, 28.107489 ], [ -96.88018, 28.108957 ], [ -96.884458, 28.111263 ], [ -96.888142, 28.110634 ], [ -96.889568, 28.111053 ], [ -96.89242, 28.113569 ], [ -96.89401, 28.113265 ], [ -96.896936, 28.114722 ], [ -96.892777, 28.116085 ], [ -96.88731, 28.116294 ], [ -96.882675, 28.122478 ], [ -96.882556, 28.124679 ], [ -96.880061, 28.126042 ], [ -96.879229, 28.127719 ], [ -96.879942, 28.128767 ], [ -96.880061, 28.131072 ], [ -96.878262, 28.131774 ], [ -96.876733, 28.131387 ], [ -96.875307, 28.13212 ], [ -96.875095, 28.133009 ], [ -96.873881, 28.133483 ], [ -96.87146, 28.131826 ], [ -96.870791, 28.130024 ], [ -96.863185, 28.124679 ], [ -96.855443, 28.120601 ], [ -96.854926, 28.119228 ], [ -96.856982, 28.116589 ], [ -96.856543, 28.11516 ], [ -96.851578, 28.115944 ], [ -96.848449, 28.110844 ], [ -96.844113, 28.108402 ], [ -96.839202, 28.110615 ], [ -96.833827, 28.113375 ], [ -96.832177, 28.113572 ], [ -96.831496, 28.111347 ], [ -96.830200830653098, 28.110881644063699 ], [ -96.830861, 28.108 ], [ -96.834182, 28.103307 ], [ -96.837736, 28.099491 ], [ -96.838021, 28.096954 ], [ -96.837646, 28.094673 ], [ -96.840098, 28.09061 ], [ -96.842277, 28.08789 ], [ -96.844083, 28.084351 ], [ -96.845627, 28.079595 ], [ -96.846044, 28.076095 ], [ -96.846903, 28.074545 ], [ -96.847129, 28.070604 ], [ -96.849713, 28.066905 ], [ -96.853688, 28.063904 ], [ -96.853988, 28.063105 ], [ -96.853053963155901, 28.060847271843301 ], [ -96.886459, 28.030734 ], [ -96.897973, 28.019798 ], [ -96.927546, 27.991625 ], [ -96.947572, 27.97094 ], [ -96.961874, 27.955884 ], [ -96.972705, 27.943935 ], [ -96.991409, 27.922576 ], [ -97.007159, 27.903716 ], [ -97.009661478839504, 27.900483714406398 ], [ -97.018478, 27.889096 ], [ -97.025242, 27.879769 ], [ -97.031722, 27.869331 ], [ -97.037766, 27.858992 ], [ -97.041946, 27.850835 ], [ -97.043915, 27.845836 ], [ -97.045222, 27.839774 ], [ -97.04608, 27.839539 ], [ -97.055231, 27.847315 ], [ -97.056063, 27.849732 ], [ -97.053567, 27.852149 ], [ -97.053092, 27.85404 ], [ -97.049764, 27.860449 ], [ -97.045129, 27.868854 ], [ -97.04299, 27.875262 ] ] ], [ [ [ -96.821267, 28.168361 ], [ -96.819460459077305, 28.168071581853798 ], [ -96.820330552428501, 28.163417128858399 ], [ -96.821354, 28.165651 ], [ -96.822899, 28.167432 ], [ -96.821267, 28.168361 ] ] ], [ [ [ -97.117474, 28.260041 ], [ -97.118985, 28.263071 ], [ -97.12085, 28.264193 ], [ -97.121473, 28.267619 ], [ -97.120915, 28.26988 ], [ -97.122642, 28.270298 ], [ -97.124252, 28.271435 ], [ -97.12396, 28.27231 ], [ -97.123072, 28.272817 ], [ -97.083376, 28.278186 ], [ -96.91989, 28.300848 ], [ -96.86882, 28.308234 ], [ -96.867144, 28.308307 ], [ -96.791467, 28.319027 ], [ -96.790534646413505, 28.319233011803199 ], [ -96.790574, 28.318921 ], [ -96.791301, 28.317465 ], [ -96.791761, 28.31217 ], [ -96.792609, 28.310564 ], [ -96.795856, 28.307783 ], [ -96.806011, 28.296902 ], [ -96.807806, 28.296112 ], [ -96.809232, 28.293391 ], [ -96.809573, 28.290287 ], [ -96.806011, 28.282144 ], [ -96.800319, 28.277799 ], [ -96.798718112219902, 28.275947999820801 ], [ -96.809352703572799, 28.2205944147045 ], [ -96.810064, 28.220221 ], [ -96.812678, 28.217708 ], [ -96.811711, 28.213512 ], [ -96.816719, 28.208807 ], [ -96.818026, 28.208807 ], [ -96.820522, 28.209959 ], [ -96.823968, 28.207236 ], [ -96.825513, 28.204199 ], [ -96.823968, 28.201476 ], [ -96.824824, 28.198878 ], [ -96.835995, 28.189661 ], [ -96.840154, 28.184738 ], [ -96.842175, 28.182224 ], [ -96.845502, 28.179815 ], [ -96.843838, 28.176882 ], [ -96.84467, 28.175206 ], [ -96.856079, 28.172482 ], [ -96.858099, 28.172901 ], [ -96.862853, 28.172482 ], [ -96.869508, 28.168815 ], [ -96.87034, 28.166615 ], [ -96.872882, 28.164008 ], [ -96.878302, 28.160748 ], [ -96.884482, 28.156578 ], [ -96.886977, 28.154881 ], [ -96.888166, 28.152261 ], [ -96.886858, 28.149956 ], [ -96.884363, 28.149432 ], [ -96.881867, 28.149956 ], [ -96.88365, 28.147755 ], [ -96.888879, 28.147965 ], [ -96.892919, 28.147232 ], [ -96.897316, 28.14566 ], [ -96.899931, 28.143564 ], [ -96.90207, 28.138848 ], [ -96.905635, 28.133923 ], [ -96.905041, 28.131408 ], [ -96.905041, 28.130045 ], [ -96.908487, 28.128788 ], [ -96.909676, 28.126901 ], [ -96.911815, 28.126063 ], [ -96.91229, 28.124491 ], [ -96.913051, 28.120445 ], [ -96.923818, 28.114743 ], [ -96.926075, 28.114324 ], [ -96.926194, 28.115372 ], [ -96.921322, 28.121766 ], [ -96.916093, 28.12732 ], [ -96.91431, 28.13036 ], [ -96.910507, 28.134657 ], [ -96.912052, 28.1356 ], [ -96.916925, 28.132665 ], [ -96.919183, 28.133399 ], [ -96.918826, 28.134971 ], [ -96.91431, 28.137591 ], [ -96.907893, 28.144193 ], [ -96.90718, 28.146917 ], [ -96.910337, 28.147283 ], [ -96.928464, 28.128924 ], [ -96.931554, 28.123893 ], [ -96.95045, 28.122426 ], [ -96.957372, 28.122893 ], [ -96.960712, 28.123129 ], [ -96.963098, 28.124063 ], [ -96.966373, 28.123308 ], [ -96.967384, 28.123249 ], [ -96.967625, 28.125343 ], [ -96.965208, 28.126118 ], [ -96.959033, 28.126176 ], [ -96.959275, 28.126912 ], [ -96.959103, 28.127955 ], [ -96.95833, 28.128715 ], [ -96.958176, 28.130226 ], [ -96.958531, 28.13123 ], [ -96.95967, 28.131602 ], [ -96.960432, 28.130915 ], [ -96.962329, 28.130594 ], [ -96.964747, 28.130672 ], [ -96.964637, 28.131835 ], [ -96.963494, 28.133404 ], [ -96.961682, 28.133426 ], [ -96.9608, 28.134716 ], [ -96.956986, 28.134793 ], [ -96.953658, 28.13626 ], [ -96.951638, 28.140137 ], [ -96.949499, 28.144958 ], [ -96.944864, 28.149044 ], [ -96.94629, 28.151664 ], [ -96.946996, 28.156744 ], [ -96.942963, 28.163713 ], [ -96.942131, 28.169161 ], [ -96.941418, 28.171047 ], [ -96.936426, 28.172828 ], [ -96.934644, 28.17398 ], [ -96.933812, 28.176285 ], [ -96.931673, 28.181837 ], [ -96.926682, 28.189588 ], [ -96.925374, 28.193149 ], [ -96.925137, 28.196606 ], [ -96.923592, 28.199329 ], [ -96.928911, 28.201528 ], [ -96.928821, 28.206974 ], [ -96.93096, 28.210535 ], [ -96.936426, 28.213153 ], [ -96.940348, 28.214514 ], [ -96.942487, 28.217656 ], [ -96.940348, 28.223415 ], [ -96.936783, 28.226452 ], [ -96.934644, 28.229488 ], [ -96.934168, 28.234304 ], [ -96.931911, 28.235037 ], [ -96.928226, 28.234828 ], [ -96.927157, 28.236294 ], [ -96.926563, 28.24268 ], [ -96.919908, 28.250008 ], [ -96.919789, 28.252939 ], [ -96.921215, 28.253358 ], [ -96.921571, 28.255138 ], [ -96.916818, 28.256917 ], [ -96.912421, 28.26393 ], [ -96.912302, 28.266129 ], [ -96.914203, 28.269583 ], [ -96.918006, 28.269373 ], [ -96.919789, 28.266861 ], [ -96.92276, 28.265396 ], [ -96.928583, 28.261628 ], [ -96.930128, 28.253463 ], [ -96.935238, 28.251369 ], [ -96.939279, 28.25095 ], [ -96.943794, 28.250636 ], [ -96.945577, 28.248647 ], [ -96.950687, 28.244774 ], [ -96.951519, 28.239016 ], [ -96.950687, 28.235247 ], [ -96.952589, 28.23221 ], [ -96.956035, 28.230116 ], [ -96.961264, 28.225614 ], [ -96.968513, 28.21996 ], [ -96.966136, 28.216923 ], [ -96.962571, 28.213048 ], [ -96.961502, 28.210744 ], [ -96.955797, 28.206555 ], [ -96.949142, 28.199957 ], [ -96.945934, 28.196501 ], [ -96.948786, 28.189588 ], [ -96.949734, 28.186018 ], [ -96.952113, 28.184036 ], [ -96.957092, 28.181378 ], [ -96.960432, 28.179008 ], [ -96.966591, 28.172435 ], [ -96.968509, 28.171801 ], [ -96.970931, 28.173302 ], [ -96.972401, 28.173059 ], [ -96.972831, 28.172036 ], [ -96.966255, 28.164866 ], [ -96.966374, 28.161618 ], [ -96.969939, 28.159208 ], [ -96.972118701840103, 28.155902864762801 ], [ -96.97291, 28.154703 ], [ -96.973504, 28.151769 ], [ -96.972576, 28.148629 ], [ -96.973024, 28.146738 ], [ -96.977664, 28.139299 ], [ -96.977545, 28.135841 ], [ -96.976, 28.134164 ], [ -96.975525, 28.132592 ], [ -96.979867, 28.12984 ], [ -96.9842, 28.129658 ], [ -96.985388, 28.128085 ], [ -96.980991, 28.127037 ], [ -96.979684, 28.125361 ], [ -96.983368, 28.124941 ], [ -96.989548, 28.127561 ], [ -96.991806, 28.131334 ], [ -96.994853, 28.13551 ], [ -97.000414, 28.137614 ], [ -97.007136, 28.134898 ], [ -97.009632, 28.134688 ], [ -97.009683386912101, 28.1347333300826 ], [ -97.010701, 28.135631 ], [ -97.009156, 28.139089 ], [ -97.011177, 28.140976 ], [ -97.016881, 28.144119 ], [ -97.018957, 28.145 ], [ -97.025384, 28.14963 ], [ -97.025758, 28.151023 ], [ -97.023254, 28.151778 ], [ -97.022147, 28.15155 ], [ -97.021377, 28.150276 ], [ -97.020063, 28.149947 ], [ -97.017113, 28.150583 ], [ -97.010242, 28.155941 ], [ -97.008834, 28.158263 ], [ -97.008836611339305, 28.158277 ], [ -97.009061, 28.15948 ], [ -97.011657, 28.160895 ], [ -97.01548, 28.162158 ], [ -97.018489, 28.16224 ], [ -97.019202, 28.163183 ], [ -97.017356, 28.171675 ], [ -97.017475, 28.173561 ], [ -97.018576379965793, 28.175826320785202 ], [ -97.018901, 28.176494 ], [ -97.017713, 28.178589 ], [ -97.017119, 28.180894 ], [ -97.018307, 28.183513 ], [ -97.010939, 28.185084 ], [ -97.008919, 28.187703 ], [ -97.007255, 28.190531 ], [ -97.007255, 28.193987 ], [ -97.009275, 28.197339 ], [ -97.008443, 28.200481 ], [ -97.0088, 28.20268 ], [ -97.011225, 28.203371 ], [ -97.016731, 28.203332 ], [ -97.017543356203305, 28.2028650363719 ], [ -97.028507, 28.203225 ], [ -97.037422, 28.201296 ], [ -97.03912, 28.204129 ], [ -97.03857, 28.206258 ], [ -97.039147, 28.207275 ], [ -97.0432, 28.209 ], [ -97.044247, 28.207426 ], [ -97.045847, 28.208061 ], [ -97.048078, 28.207633 ], [ -97.046944, 28.206957 ], [ -97.047501, 28.206004 ], [ -97.049332, 28.206832 ], [ -97.05106, 28.205401 ], [ -97.053678, 28.204883 ], [ -97.054242, 28.203845 ], [ -97.056301, 28.205246 ], [ -97.059821, 28.205673 ], [ -97.062281, 28.206478 ], [ -97.063789, 28.207945 ], [ -97.065148, 28.211064 ], [ -97.064564, 28.212759 ], [ -97.065035, 28.214545 ], [ -97.069868, 28.214117 ], [ -97.070829, 28.214498 ], [ -97.071879, 28.216562 ], [ -97.07315, 28.216811 ], [ -97.073834, 28.218596 ], [ -97.076052, 28.219781 ], [ -97.079157, 28.219809 ], [ -97.084335, 28.220924 ], [ -97.087958, 28.220689 ], [ -97.09258, 28.223809 ], [ -97.098045, 28.225659 ], [ -97.102162, 28.22649 ], [ -97.102469, 28.227634 ], [ -97.099345, 28.229302 ], [ -97.097991, 28.230663 ], [ -97.097865, 28.232045 ], [ -97.101427, 28.234023 ], [ -97.103184, 28.232993 ], [ -97.10398, 28.234049 ], [ -97.10439, 28.236101 ], [ -97.107744, 28.236463 ], [ -97.108589, 28.237255 ], [ -97.108447, 28.239653 ], [ -97.108932, 28.240594 ], [ -97.112169, 28.242166 ], [ -97.112703, 28.243343 ], [ -97.112077, 28.245197 ], [ -97.112885, 28.246357 ], [ -97.1175, 28.246608 ], [ -97.118171, 28.247081 ], [ -97.118514, 28.249842 ], [ -97.121495, 28.252267 ], [ -97.125337, 28.253263 ], [ -97.125604, 28.253709 ], [ -97.125, 28.255249 ], [ -97.123802, 28.256232 ], [ -97.120739, 28.255837 ], [ -97.119354, 28.256322 ], [ -97.11756, 28.259128 ], [ -97.117474, 28.260041 ] ] ] ] } },
{ "type": "Feature", "properties": { "FederalDivisionName": "Galveston", "FederalJudicialDistrict": "Southern" }, "geometry": { "type": "MultiPolygon", "coordinates": [ [ [ [ -96.361009, 28.470727 ], [ -96.352288, 28.509531 ], [ -96.322731, 28.642944 ], [ -96.323522, 28.675597 ], [ -96.31815, 28.776352 ], [ -96.317336, 28.790066 ], [ -96.315301, 28.829111 ], [ -96.310686, 28.922589 ], [ -96.310623, 28.930112 ], [ -96.31006, 28.941035 ], [ -96.309178, 28.963291 ], [ -96.297999, 28.968949 ], [ -96.297557, 28.969453 ], [ -96.265863, 28.986169 ], [ -96.257821, 28.990018 ], [ -96.240018, 28.99966 ], [ -96.207276, 29.017108 ], [ -96.119129, 29.063916 ], [ -96.038643, 29.106552 ], [ -95.984189, 29.136266 ], [ -95.965196, 29.146865 ], [ -95.964049, 29.147905 ], [ -95.933701, 29.175398 ], [ -95.912773, 29.194358 ], [ -95.884683, 29.219881 ], [ -95.884086, 29.220622 ], [ -95.87523, 29.228507 ], [ -95.874028, 29.229702 ], [ -95.841948, 29.258707 ], [ -95.842381, 29.259812 ], [ -95.84586, 29.261054 ], [ -95.847656, 29.26259 ], [ -95.79782, 29.307971 ], [ -95.784013, 29.296249 ], [ -95.752866, 29.324503 ], [ -95.750241, 29.323535 ], [ -95.747213, 29.322711 ], [ -95.672785, 29.299527 ], [ -95.669468, 29.29876 ], [ -95.66509, 29.298891 ], [ -95.66442, 29.296621 ], [ -95.663642, 29.295708 ], [ -95.661397, 29.294278 ], [ -95.659898, 29.29452 ], [ -95.656023, 29.292177 ], [ -95.654619, 29.290951 ], [ -95.653342, 29.293483 ], [ -95.65273, 29.294397 ], [ -95.650999, 29.294732 ], [ -95.648491, 29.29366 ], [ -95.646797, 29.294286 ], [ -95.64385, 29.293823 ], [ -95.641755, 29.294328 ], [ -95.64065, 29.296637 ], [ -95.63727, 29.296839 ], [ -95.637634, 29.295723 ], [ -95.636211, 29.295003 ], [ -95.635753, 29.295569 ], [ -95.634888, 29.294194 ], [ -95.632699, 29.293644 ], [ -95.631333, 29.29267 ], [ -95.630398, 29.293241 ], [ -95.629106, 29.292856 ], [ -95.627362, 29.293806 ], [ -95.626535, 29.293146 ], [ -95.625179, 29.295108 ], [ -95.624019, 29.295659 ], [ -95.622722, 29.298651 ], [ -95.620816, 29.299839 ], [ -95.62167, 29.301108 ], [ -95.622024, 29.305094 ], [ -95.623492, 29.306501 ], [ -95.627943, 29.309062 ], [ -95.628194, 29.309502 ], [ -95.625777, 29.312981 ], [ -95.622269, 29.315072 ], [ -95.621078, 29.316562 ], [ -95.620137, 29.316409 ], [ -95.616117, 29.319363 ], [ -95.615773, 29.32082 ], [ -95.614826, 29.321607 ], [ -95.614539, 29.32336 ], [ -95.613315, 29.323575 ], [ -95.610443, 29.325704 ], [ -95.610011, 29.326556 ], [ -95.60796, 29.327349 ], [ -95.607039, 29.329185 ], [ -95.605244, 29.329445 ], [ -95.604975, 29.330737 ], [ -95.60394, 29.330391 ], [ -95.603161, 29.328302 ], [ -95.599597, 29.327594 ], [ -95.596366, 29.327633 ], [ -95.595306, 29.328288 ], [ -95.594365, 29.327722 ], [ -95.590793, 29.327485 ], [ -95.589765, 29.329061 ], [ -95.589106, 29.33462 ], [ -95.5883, 29.335908 ], [ -95.587187, 29.336904 ], [ -95.581182, 29.339119 ], [ -95.5792, 29.34062 ], [ -95.578837, 29.342863 ], [ -95.581343, 29.346181 ], [ -95.58264, 29.349905 ], [ -95.582102, 29.351546 ], [ -95.580266, 29.352538 ], [ -95.576101, 29.352855 ], [ -95.574061, 29.354663 ], [ -95.573968, 29.356394 ], [ -95.575483, 29.357894 ], [ -95.580483, 29.360863 ], [ -95.580837, 29.362084 ], [ -95.579946, 29.363492 ], [ -95.57794, 29.365102 ], [ -95.577077, 29.368087 ], [ -95.575722, 29.372688 ], [ -95.57574, 29.37593 ], [ -95.574583, 29.377627 ], [ -95.572341, 29.383826 ], [ -95.57034, 29.386165 ], [ -95.56729, 29.389695 ], [ -95.566652, 29.390224 ], [ -95.565568, 29.390792 ], [ -95.562884, 29.391098 ], [ -95.558857, 29.390488 ], [ -95.556204, 29.391489 ], [ -95.553034, 29.393544 ], [ -95.547577, 29.395197 ], [ -95.54725, 29.397131 ], [ -95.548853, 29.399412 ], [ -95.549863, 29.402619 ], [ -95.549121, 29.403806 ], [ -95.546923, 29.40514 ], [ -95.545825, 29.407735 ], [ -95.546985, 29.410645 ], [ -95.548949, 29.413479 ], [ -95.5496, 29.415412 ], [ -95.551925, 29.419644 ], [ -95.55596, 29.422779 ], [ -95.556322, 29.423591 ], [ -95.555936, 29.425344 ], [ -95.552783, 29.427278 ], [ -95.551775, 29.428817 ], [ -95.551301, 29.43193 ], [ -95.550088, 29.435211 ], [ -95.549906, 29.437191 ], [ -95.550622, 29.438306 ], [ -95.540992, 29.43849 ], [ -95.538949, 29.437762 ], [ -95.535703, 29.438527 ], [ -95.476635, 29.439038 ], [ -95.462602, 29.439238 ], [ -95.452265, 29.47726 ], [ -95.44701, 29.496682 ], [ -95.44687, 29.497553 ], [ -95.4463, 29.499637 ], [ -95.443951, 29.508199 ], [ -95.443391, 29.510211 ], [ -95.442756, 29.512631 ], [ -95.44121, 29.518293 ], [ -95.440422, 29.521178 ], [ -95.437241, 29.532827 ], [ -95.435305, 29.539925 ], [ -95.433775, 29.545534 ], [ -95.431168, 29.554985 ], [ -95.428204, 29.565935 ], [ -95.427134, 29.569866 ], [ -95.426767, 29.57121 ], [ -95.424562, 29.579302 ], [ -95.424286, 29.580312 ], [ -95.417108, 29.583277 ], [ -95.412428, 29.583197 ], [ -95.408352, 29.582867 ], [ -95.403855, 29.581816 ], [ -95.400605, 29.581964 ], [ -95.39637, 29.582699 ], [ -95.394263, 29.582259 ], [ -95.393275, 29.581687 ], [ -95.388127, 29.58567 ], [ -95.386484, 29.585577 ], [ -95.386044, 29.585556 ], [ -95.384152, 29.586868 ], [ -95.383693, 29.586852 ], [ -95.3809, 29.587021 ], [ -95.376181, 29.588284 ], [ -95.371928, 29.586818 ], [ -95.368222, 29.584714 ], [ -95.364047, 29.585942 ], [ -95.363417, 29.585898 ], [ -95.363033, 29.58569 ], [ -95.36253, 29.585547 ], [ -95.36073, 29.584937 ], [ -95.356812, 29.586781 ], [ -95.35293, 29.585452 ], [ -95.351907, 29.585455 ], [ -95.349114, 29.586526 ], [ -95.347867, 29.58576 ], [ -95.346447, 29.585548 ], [ -95.344204, 29.587405 ], [ -95.344399, 29.589104 ], [ -95.340576, 29.592737 ], [ -95.337421, 29.59386 ], [ -95.336831, 29.59544 ], [ -95.335056, 29.596296 ], [ -95.332258, 29.598934 ], [ -95.331146, 29.599108 ], [ -95.328225, 29.59812 ], [ -95.325545, 29.59806 ], [ -95.322442, 29.596725 ], [ -95.321551, 29.597015 ], [ -95.319699, 29.598226 ], [ -95.314702, 29.598008 ], [ -95.309749, 29.595037 ], [ -95.308648, 29.594916 ], [ -95.30394, 29.595174 ], [ -95.299715, 29.596122 ], [ -95.298595, 29.597038 ], [ -95.297411, 29.596522 ], [ -95.297157, 29.596548 ], [ -95.296257, 29.596242 ], [ -95.293573, 29.596516 ], [ -95.29272, 29.597637 ], [ -95.288028, 29.598331 ], [ -95.286493, 29.597886 ], [ -95.282809, 29.597749 ], [ -95.280244, 29.595521 ], [ -95.277488, 29.596123 ], [ -95.276658, 29.594854 ], [ -95.273798, 29.594399 ], [ -95.270419, 29.594709 ], [ -95.26757, 29.593842 ], [ -95.266925, 29.594572 ], [ -95.266327, 29.594635 ], [ -95.261606, 29.593157 ], [ -95.260881, 29.591736 ], [ -95.261021, 29.591033 ], [ -95.260292, 29.589883 ], [ -95.262134, 29.587135 ], [ -95.260344, 29.584076 ], [ -95.261154, 29.58108 ], [ -95.2602, 29.579654 ], [ -95.258955, 29.578163 ], [ -95.259666, 29.574423 ], [ -95.258677, 29.573286 ], [ -95.258508, 29.571084 ], [ -95.255448, 29.567178 ], [ -95.254997, 29.563876 ], [ -95.252492, 29.560785 ], [ -95.252533, 29.55811 ], [ -95.254943, 29.55727 ], [ -95.254886, 29.555515 ], [ -95.254196, 29.554625 ], [ -95.253952, 29.553943 ], [ -95.250799, 29.555503 ], [ -95.248227, 29.555708 ], [ -95.24737, 29.553097 ], [ -95.245535, 29.55461 ], [ -95.243132, 29.555018 ], [ -95.241951, 29.556283 ], [ -95.241607, 29.559714 ], [ -95.239737, 29.560751 ], [ -95.237721, 29.561371 ], [ -95.236311, 29.559849 ], [ -95.233669, 29.557144 ], [ -95.231191, 29.557723 ], [ -95.228569, 29.560016 ], [ -95.223607, 29.559133 ], [ -95.221342, 29.557016 ], [ -95.218236, 29.559365 ], [ -95.217086, 29.558929 ], [ -95.215952, 29.557787 ], [ -95.215845, 29.557651 ], [ -95.214799, 29.557136 ], [ -95.215424, 29.556897 ], [ -95.216349, 29.555766 ], [ -95.213203, 29.55575 ], [ -95.212776, 29.557871 ], [ -95.213606, 29.558453 ], [ -95.211418, 29.559202 ], [ -95.210657, 29.558388 ], [ -95.208764, 29.559169 ], [ -95.206952, 29.559159 ], [ -95.207726, 29.557795 ], [ -95.205575, 29.557762 ], [ -95.205936, 29.559163 ], [ -95.204324, 29.558906 ], [ -95.201297, 29.561322 ], [ -95.200985, 29.563212 ], [ -95.200638, 29.561645 ], [ -95.19906, 29.561178 ], [ -95.200041, 29.5606 ], [ -95.199286, 29.558956 ], [ -95.197795, 29.558214 ], [ -95.196015, 29.558962 ], [ -95.197022, 29.560078 ], [ -95.193154, 29.559518 ], [ -95.194814, 29.556059 ], [ -95.195924, 29.557633 ], [ -95.197682, 29.557279 ], [ -95.199068, 29.554144 ], [ -95.199963, 29.552332 ], [ -95.197385, 29.549443 ], [ -95.197737, 29.547054 ], [ -95.199469, 29.544529 ], [ -95.197235, 29.541992 ], [ -95.195686, 29.542395 ], [ -95.195062, 29.543609 ], [ -95.194014, 29.542851 ], [ -95.194621, 29.541336 ], [ -95.192251, 29.540497 ], [ -95.193033, 29.539382 ], [ -95.192225, 29.53866 ], [ -95.194527, 29.538267 ], [ -95.19398, 29.536574 ], [ -95.192201, 29.535896 ], [ -95.188277, 29.535411 ], [ -95.187513, 29.534044 ], [ -95.190601, 29.53072 ], [ -95.187775, 29.52784 ], [ -95.189806, 29.527174 ], [ -95.186828, 29.527077 ], [ -95.187846, 29.524341 ], [ -95.186288, 29.523425 ], [ -95.184796, 29.523213 ], [ -95.18517, 29.521639 ], [ -95.182774, 29.52018 ], [ -95.182712, 29.51882 ], [ -95.179974, 29.518443 ], [ -95.179287, 29.519851 ], [ -95.178788, 29.517991 ], [ -95.177611, 29.516941 ], [ -95.175839, 29.517028 ], [ -95.175034, 29.518286 ], [ -95.173717, 29.517197 ], [ -95.174327, 29.515177 ], [ -95.171822, 29.51425 ], [ -95.170591, 29.51515 ], [ -95.169668, 29.514892 ], [ -95.16868, 29.512992 ], [ -95.167498, 29.512549 ], [ -95.168259, 29.510833 ], [ -95.171059, 29.510019 ], [ -95.170996, 29.50772 ], [ -95.170318, 29.506932 ], [ -95.167225, 29.505744 ], [ -95.167725, 29.504408 ], [ -95.166432, 29.502105 ], [ -95.164066, 29.502335 ], [ -95.162921, 29.50134 ], [ -95.163089, 29.500119 ], [ -95.163931, 29.498056 ], [ -95.160701, 29.49752 ], [ -95.158702, 29.498347 ], [ -95.156722, 29.498185 ], [ -95.155572, 29.498828 ], [ -95.152769, 29.500373 ], [ -95.151375, 29.500289 ], [ -95.150227, 29.498537 ], [ -95.148885, 29.498703 ], [ -95.147496, 29.501526 ], [ -95.144948, 29.502635 ], [ -95.142733, 29.505823 ], [ -95.141707, 29.506361 ], [ -95.13389, 29.506425 ], [ -95.130832, 29.504938 ], [ -95.129518, 29.505146 ], [ -95.128575, 29.508435 ], [ -95.127525, 29.509366 ], [ -95.125094, 29.510263 ], [ -95.122011, 29.510409 ], [ -95.118489, 29.506983 ], [ -95.117153, 29.508054 ], [ -95.113114, 29.510825 ], [ -95.111623, 29.510846 ], [ -95.108048, 29.509597 ], [ -95.10547, 29.510328 ], [ -95.103874, 29.51129 ], [ -95.104036, 29.512562 ], [ -95.10602, 29.515781 ], [ -95.106073, 29.51686 ], [ -95.103553, 29.517904 ], [ -95.102636, 29.52127 ], [ -95.102437, 29.521395 ], [ -95.101318, 29.521307 ], [ -95.09809, 29.518322 ], [ -95.097379, 29.520384 ], [ -95.09487, 29.522393 ], [ -95.093624, 29.525801 ], [ -95.095222, 29.528923 ], [ -95.095426, 29.530738 ], [ -95.096954, 29.534065 ], [ -95.096258, 29.53518 ], [ -95.095074, 29.535528 ], [ -95.094035, 29.535384 ], [ -95.092329, 29.534346 ], [ -95.090833, 29.531489 ], [ -95.089627, 29.531134 ], [ -95.087107, 29.53289 ], [ -95.086138, 29.534745 ], [ -95.081588, 29.533999 ], [ -95.079224, 29.534737 ], [ -95.07867, 29.537825 ], [ -95.080433, 29.541021 ], [ -95.079212, 29.543243 ], [ -95.080894, 29.545717 ], [ -95.078252, 29.547303 ], [ -95.077301, 29.54757 ], [ -95.073792, 29.548274 ], [ -95.072096, 29.549259 ], [ -95.07112, 29.550705 ], [ -95.069764, 29.554994 ], [ -95.069007, 29.55638 ], [ -95.068329, 29.557485 ], [ -95.064265, 29.558844 ], [ -95.063236, 29.558981 ], [ -95.05817, 29.559134 ], [ -95.057213, 29.559114 ], [ -95.05379, 29.558982 ], [ -95.049883, 29.558477 ], [ -95.046766, 29.557365 ], [ -95.044988, 29.555848 ], [ -95.041886, 29.554597 ], [ -95.03545, 29.55307 ], [ -95.032941, 29.552229 ], [ -95.02956, 29.552193 ], [ -95.028719, 29.547651 ], [ -95.025068, 29.549242 ], [ -95.02308, 29.549437 ], [ -95.019415, 29.548492 ], [ -95.017105521073304, 29.548685294798901 ], [ -95.017046880257496, 29.548558356936901 ], [ -95.0169025946728, 29.5482460266362 ], [ -95.016855, 29.548143 ], [ -95.015165, 29.539989 ], [ -95.011786146479693, 29.5367299723946 ], [ -95.009469, 29.534495 ], [ -95.009203, 29.533144 ], [ -95.003049, 29.526076 ], [ -95.001945741727098, 29.525254542254199 ], [ -94.994663, 29.519832 ], [ -94.989771881764199, 29.51693009253 ], [ -94.989647, 29.516856 ], [ -94.989483860493905, 29.5167771538671 ], [ -94.98201, 29.513165 ], [ -94.981564518480994, 29.513010211988099 ], [ -94.980406075357905, 29.5126076967316 ], [ -94.976513, 29.511255 ], [ -94.971908285242193, 29.510082553220201 ], [ -94.960550978776396, 29.5071907698864 ], [ -94.959896, 29.507024 ], [ -94.959663830940599, 29.5069796667653 ], [ -94.958903434123698, 29.5068344671826 ], [ -94.958768858739703, 29.506808769692601 ], [ -94.957796, 29.506623 ], [ -94.953160208466301, 29.5054467720723 ], [ -94.952335036370599, 29.505237403195999 ], [ -94.946059, 29.503645 ], [ -94.945399371922207, 29.503526315787202 ], [ -94.933904, 29.501458 ], [ -94.930938839051706, 29.500063046201099 ], [ -94.930131, 29.499683 ], [ -94.927695283727402, 29.499224301852699 ], [ -94.925090821626398, 29.498733825209801 ], [ -94.918417, 29.497477 ], [ -94.911967, 29.496263 ], [ -94.909465, 29.496838 ], [ -94.910524, 29.492135 ], [ -94.9109897794999, 29.491455662075602 ], [ -94.913837, 29.487303 ], [ -94.917702795334506, 29.482184319639099 ], [ -94.920909, 29.477939 ], [ -94.925427, 29.470868 ], [ -94.9282, 29.472907 ], [ -94.927048, 29.475229 ], [ -94.927691, 29.477363 ], [ -94.928438, 29.479838 ], [ -94.931347, 29.4811046251214 ], [ -94.931527, 29.481183 ], [ -94.935568, 29.481183 ], [ -94.939965, 29.480045 ], [ -94.946977, 29.476528 ], [ -94.951374, 29.473424 ], [ -94.952553859483004, 29.472940374429701 ], [ -94.953394, 29.472596 ], [ -94.953362383686397, 29.472492269842402 ], [ -94.952532013084394, 29.469767901828401 ], [ -94.952511161159194, 29.469699488618801 ], [ -94.951849, 29.467527 ], [ -94.945907, 29.46225 ], [ -94.941764, 29.459852 ], [ -94.938064, 29.456352 ], [ -94.930974, 29.452038 ], [ -94.918075291567504, 29.445733031055699 ], [ -94.917662208876607, 29.445531113666 ], [ -94.917518440679004, 29.4454608388764 ], [ -94.917482491140305, 29.445443266518101 ], [ -94.916189, 29.444811 ], [ -94.906276085022, 29.440244708148899 ], [ -94.892027, 29.433681 ], [ -94.890879905974103, 29.429620359292599 ], [ -94.888899684446301, 29.422610499626401 ], [ -94.888847, 29.422424 ], [ -94.888490274277899, 29.420413070778601 ], [ -94.887852, 29.416815 ], [ -94.888823, 29.413305 ], [ -94.887696, 29.402351 ], [ -94.886858, 29.386997 ], [ -94.886999988405094, 29.386617035484601 ], [ -94.888583779860298, 29.382378770026101 ], [ -94.888794395587198, 29.381815157085001 ], [ -94.889102, 29.380992 ], [ -94.889815, 29.378196 ], [ -94.884942, 29.376643 ], [ -94.882117, 29.378296 ], [ -94.879739869004297, 29.377666610483999 ], [ -94.866628, 29.374195 ], [ -94.865653108694602, 29.373354914531902 ], [ -94.865037, 29.372824 ], [ -94.864366, 29.370511 ], [ -94.866409, 29.367345 ], [ -94.891597, 29.355929 ], [ -94.906596, 29.35598 ], [ -94.908595, 29.346557 ], [ -94.908166, 29.339919 ], [ -94.89849, 29.330963 ], [ -94.897302, 29.329098 ], [ -94.895969, 29.328392 ], [ -94.892905, 29.325265 ], [ -94.892667, 29.313452 ], [ -94.894925, 29.311484 ], [ -94.895519, 29.308271 ], [ -94.897824, 29.305914 ], [ -94.899122817626306, 29.303828607610399 ], [ -94.900023955404606, 29.302381733294201 ], [ -94.900035, 29.302364 ], [ -94.900554513816104, 29.302061987888699 ], [ -94.903957, 29.300084 ], [ -94.904405083173003, 29.299846692793199 ], [ -94.908821, 29.297508 ], [ -94.909743, 29.295459 ], [ -94.912513, 29.293244 ], [ -94.914632137127398, 29.293235999139 ], [ -94.91834, 29.293222 ], [ -94.921939, 29.294747 ], [ -94.923999463518996, 29.295519861134501 ], [ -94.924447995405501, 29.295688101367499 ], [ -94.927439, 29.29681 ], [ -94.927749492239499, 29.297152026607499 ], [ -94.927968543721704, 29.297393325506 ], [ -94.928847, 29.298361 ], [ -94.925874, 29.300692 ], [ -94.924609059911901, 29.300775605603199 ], [ -94.923678502792001, 29.300837110325901 ], [ -94.9230023426271, 29.300881800804898 ], [ -94.916902, 29.301285 ], [ -94.915113454952603, 29.3003107780942 ], [ -94.914290693617104, 29.299862619342299 ], [ -94.914128, 29.299774 ], [ -94.910031, 29.299473 ], [ -94.905004, 29.302524 ], [ -94.905366455788297, 29.303531069467301 ], [ -94.907279, 29.308845 ], [ -94.908032279744901, 29.309000518637099 ], [ -94.909718636154295, 29.3093486759483 ], [ -94.917074761538501, 29.310867387426001 ], [ -94.936588, 29.314896 ], [ -94.939348470401697, 29.3141696413009 ], [ -94.941977, 29.313478 ], [ -94.944057, 29.30563 ], [ -94.952361057816404, 29.295849383307502 ], [ -94.952566, 29.295608 ], [ -94.95389, 29.295325 ], [ -94.954268, 29.293245 ], [ -94.962021, 29.287194 ], [ -94.970908, 29.283223 ], [ -94.972408, 29.279977 ], [ -94.975261, 29.278111 ], [ -94.977967452408905, 29.275542797023999 ], [ -94.986966633187293, 29.267003307180801 ], [ -94.988808, 29.265256 ], [ -94.992422941926193, 29.261255232295301 ], [ -95.002937, 29.249619 ], [ -95.010304, 29.24124 ], [ -95.014782, 29.238857 ], [ -95.021643414875896, 29.234208166358201 ], [ -95.022175, 29.233848 ], [ -95.025119670739997, 29.230735304820101 ], [ -95.02738, 29.228346 ], [ -95.034507, 29.211496 ], [ -95.042163, 29.206874 ], [ -95.055092, 29.200807 ], [ -95.056933701753096, 29.200544751206699 ], [ -95.057094011815096, 29.200521923883901 ], [ -95.057319241070999, 29.2004898524041 ], [ -95.059727, 29.200147 ], [ -95.080595, 29.189321 ], [ -95.093048, 29.180402 ], [ -95.097255, 29.177373 ], [ -95.103762, 29.175409 ], [ -95.109428, 29.174848 ], [ -95.112289, 29.175073 ], [ -95.112709, 29.176917 ], [ -95.108678, 29.180161 ], [ -95.108005, 29.1827 ], [ -95.108718, 29.185813 ], [ -95.1105, 29.191623 ], [ -95.111926, 29.194839 ], [ -95.113004, 29.196972 ], [ -95.115756, 29.199528 ], [ -95.121196, 29.197329 ], [ -95.125201, 29.19667 ], [ -95.126839, 29.196913 ], [ -95.134201, 29.191755 ], [ -95.135233, 29.192079 ], [ -95.13588, 29.193839 ], [ -95.137952, 29.194839 ], [ -95.143788, 29.196225 ], [ -95.14639, 29.195669 ], [ -95.150549, 29.196603 ], [ -95.156967, 29.195046 ], [ -95.158749, 29.191519 ], [ -95.158512, 29.189133 ], [ -95.157323, 29.187265 ], [ -95.154828, 29.18685 ], [ -95.152213, 29.186539 ], [ -95.150312, 29.182493 ], [ -95.1499, 29.179308 ], [ -95.153996, 29.171805 ], [ -95.15352, 29.1634 ], [ -95.155778, 29.157277 ], [ -95.154581, 29.154121 ], [ -95.155184, 29.151465 ], [ -95.160057, 29.146379 ], [ -95.1598813855137, 29.144809168825201 ], [ -95.159581, 29.142124 ], [ -95.164691, 29.128214 ], [ -95.167306, 29.121155 ], [ -95.167068, 29.113057 ], [ -95.164454, 29.109838 ], [ -95.162196, 29.107346 ], [ -95.161007, 29.104543 ], [ -95.160935423089796, 29.104083580787002 ], [ -95.160651, 29.102258 ], [ -95.159343, 29.101012 ], [ -95.156135, 29.101739 ], [ -95.150312, 29.097689 ], [ -95.146865, 29.093536 ], [ -95.144845, 29.090836 ], [ -95.140923, 29.087928 ], [ -95.137952, 29.081593 ], [ -95.135410482881497, 29.081324909032901 ], [ -95.135021798646306, 29.081283908824101 ], [ -95.13106, 29.080866 ], [ -95.124375, 29.076478 ], [ -95.123157, 29.072383 ], [ -95.123837, 29.07064 ], [ -95.144995, 29.055196 ], [ -95.190084, 29.024857 ], [ -95.238924, 28.988644 ], [ -95.243760776581496, 28.985030075489298 ], [ -95.246145026376496, 28.983248620706799 ], [ -95.251546653382903, 28.979212653382898 ], [ -95.25185, 28.978986 ], [ -95.272266, 28.961546 ], [ -95.286363, 28.947932 ], [ -95.29123, 28.94223 ], [ -95.294871, 28.937177 ], [ -95.2951004074921, 28.936994145442799 ], [ -95.297157849926194, 28.935354213278401 ], [ -95.297736245319896, 28.934893189827999 ], [ -95.297946, 28.934726 ], [ -95.303782, 28.932346 ], [ -95.309759, 28.928335 ], [ -95.314455276874, 28.9257472645556 ], [ -95.316723660996999, 28.924497342936 ], [ -95.318528345321397, 28.9235029284844 ], [ -95.320461, 28.922438 ], [ -95.326997, 28.917757 ], [ -95.330655501357597, 28.915256970064299 ], [ -95.335053025993403, 28.912251929978801 ], [ -95.340545, 28.908499 ], [ -95.353451, 28.898145 ], [ -95.377385, 28.87843 ], [ -95.380619366417505, 28.877215775877499 ], [ -95.380712, 28.877181 ], [ -95.3833368268307, 28.870836711386399 ], [ -95.383683, 28.87 ], [ -95.391765, 28.867711 ], [ -95.416174, 28.859482 ], [ -95.436734, 28.859589 ], [ -95.436997619980602, 28.8594822220116 ], [ -95.463215, 28.848863 ], [ -95.486769, 28.836287 ], [ -95.507249255951095, 28.825565880112499 ], [ -95.563369, 28.796188 ], [ -95.565980004269207, 28.7948513900369 ], [ -95.588801, 28.783169 ], [ -95.6133120846699, 28.770994922169798 ], [ -95.616175237148994, 28.769572861841201 ], [ -95.63288, 28.761276 ], [ -95.648102, 28.754522 ], [ -95.653806, 28.752751 ], [ -95.659511, 28.751084 ], [ -95.659986, 28.748063 ], [ -95.661342, 28.746063 ], [ -95.696965997703103, 28.727235550297099 ], [ -95.698371, 28.726493 ], [ -95.735925, 28.705856 ], [ -95.771965, 28.686724 ], [ -95.812577, 28.666136 ], [ -95.83398, 28.655623 ], [ -95.844160402305107, 28.651204396864198 ], [ -95.890271, 28.631191 ], [ -95.911212, 28.622745 ], [ -95.930202, 28.615357 ], [ -95.957422, 28.604558 ], [ -95.97552, 28.597314 ], [ -95.978498230943202, 28.595714346024899 ], [ -95.978584200410907, 28.5956681704921 ], [ -95.980949, 28.594398 ], [ -95.982372816725004, 28.593539562396099 ], [ -95.983558, 28.592825 ], [ -95.988572, 28.593452 ], [ -95.99963, 28.589258 ], [ -96.024482197474001, 28.5791529333301 ], [ -96.043889, 28.571262 ], [ -96.083266719247106, 28.554860194466698 ], [ -96.083308, 28.554843 ], [ -96.083319500689399, 28.554837799862401 ], [ -96.112013056147305, 28.5418637569941 ], [ -96.112028, 28.541857 ], [ -96.145005, 28.526711 ], [ -96.181228, 28.509651 ], [ -96.205438, 28.497868 ], [ -96.223688, 28.488053 ], [ -96.247924, 28.474612 ], [ -96.270391, 28.46193 ], [ -96.296196, 28.444803 ], [ -96.304315, 28.438757 ], [ -96.316207, 28.428844 ], [ -96.32002, 28.423989 ], [ -96.329768, 28.425196 ], [ -96.342483, 28.418716 ], [ -96.354605, 28.410145 ], [ -96.369456, 28.398368 ], [ -96.371241, 28.395904 ], [ -96.378326524119402, 28.390777479321599 ], [ -96.367547, 28.440465 ], [ -96.364588, 28.454239 ], [ -96.361009, 28.470727 ] ] ], [ [ [ -95.110144, 29.097689 ], [ -95.107054, 29.102155 ], [ -95.104202, 29.107035 ], [ -95.100637, 29.113161 ], [ -95.096953, 29.118871 ], [ -95.093031, 29.122505 ], [ -95.088396, 29.124892 ], [ -95.083167, 29.127176 ], [ -95.079483, 29.127488 ], [ -95.075918, 29.129356 ], [ -95.071283, 29.132263 ], [ -95.071164, 29.133924 ], [ -95.068312, 29.136311 ], [ -95.063796, 29.137038 ], [ -95.060706, 29.13901 ], [ -95.058092, 29.14202 ], [ -95.046208, 29.149389 ], [ -95.043593, 29.151984 ], [ -95.039791, 29.154267 ], [ -95.035512, 29.154683 ], [ -95.028144, 29.156551 ], [ -95.024223, 29.160183 ], [ -95.025411, 29.162674 ], [ -95.023628, 29.169004 ], [ -95.019825, 29.168485 ], [ -95.016973, 29.168485 ], [ -95.016736, 29.172117 ], [ -95.018994, 29.175645 ], [ -95.017092, 29.177512 ], [ -95.013289, 29.178758 ], [ -95.008773, 29.177824 ], [ -95.006515, 29.179795 ], [ -95.008655, 29.182908 ], [ -95.013052, 29.185087 ], [ -95.00913, 29.185709 ], [ -95.005327, 29.185087 ], [ -95.001286, 29.186954 ], [ -94.993324, 29.188822 ], [ -94.989521, 29.190585 ], [ -94.994037, 29.195773 ], [ -94.991779, 29.200337 ], [ -94.991760781165397, 29.200338844101601 ], [ -94.9868274422724, 29.200838194257798 ], [ -94.983579, 29.201167 ], [ -94.979539, 29.202827 ], [ -94.975736, 29.201478 ], [ -94.974072, 29.202412 ], [ -94.973716, 29.204902 ], [ -94.971933, 29.206976 ], [ -94.975023, 29.208843 ], [ -94.97431, 29.211229 ], [ -94.9692, 29.213511 ], [ -94.96409, 29.21154 ], [ -94.959455, 29.210192 ], [ -94.958979, 29.212889 ], [ -94.962188, 29.216415 ], [ -94.962307, 29.219216 ], [ -94.957791, 29.219423 ], [ -94.953394, 29.218282 ], [ -94.945313, 29.221498 ], [ -94.944481, 29.223779 ], [ -94.948759, 29.228654 ], [ -94.955652, 29.22938 ], [ -94.951873035194694, 29.231077050275701 ], [ -94.947571, 29.233009 ], [ -94.943411, 29.235706 ], [ -94.934261, 29.232595 ], [ -94.930458, 29.234876 ], [ -94.93022, 29.238713 ], [ -94.93022, 29.243483 ], [ -94.927368, 29.246594 ], [ -94.924041, 29.247216 ], [ -94.920713, 29.250534 ], [ -94.920951, 29.253437 ], [ -94.918574, 29.255718 ], [ -94.914177, 29.258414 ], [ -94.909304, 29.259865 ], [ -94.900391, 29.264945 ], [ -94.898869997179602, 29.265875720742201 ], [ -94.891241, 29.270544 ], [ -94.886844, 29.270647 ], [ -94.884586, 29.272099 ], [ -94.881882332885098, 29.2724707841626 ], [ -94.881087314858505, 29.272580107943501 ], [ -94.88007, 29.27272 ], [ -94.881642912862603, 29.278484699161499 ], [ -94.881852, 29.279251 ], [ -94.880545, 29.282672 ], [ -94.876267, 29.2863 ], [ -94.874406693190807, 29.289849359703801 ], [ -94.874366, 29.289927 ], [ -94.872108, 29.290653 ], [ -94.871843206588196, 29.290638587105899 ], [ -94.868305, 29.290446 ], [ -94.865334, 29.291689 ], [ -94.865444964842595, 29.292465753898501 ], [ -94.865571, 29.293348 ], [ -94.865190201830103, 29.293559327931 ], [ -94.861733564228601, 29.295477625156501 ], [ -94.86165, 29.295524 ], [ -94.858916, 29.295213 ], [ -94.854638, 29.297079 ], [ -94.852855, 29.299048 ], [ -94.851073, 29.299255 ], [ -94.849647, 29.297493 ], [ -94.845606, 29.298426 ], [ -94.841803, 29.299151 ], [ -94.837644, 29.299773 ], [ -94.837759, 29.301202 ], [ -94.83194, 29.302053 ], [ -94.830276, 29.301328 ], [ -94.829682, 29.300291 ], [ -94.827661, 29.300913 ], [ -94.827899, 29.304644 ], [ -94.82374, 29.305888 ], [ -94.820769, 29.309618 ], [ -94.813044, 29.308997 ], [ -94.79807, 29.308478 ], [ -94.789038, 29.311898 ], [ -94.781195, 29.31853 ], [ -94.7756561545051, 29.3206375747775 ], [ -94.774659, 29.321017 ], [ -94.773269703423693, 29.329597319037301 ], [ -94.773233, 29.329824 ], [ -94.772282, 29.333657 ], [ -94.769966, 29.335951 ], [ -94.766568, 29.337344 ], [ -94.763304, 29.337151 ], [ -94.756322, 29.336428 ], [ -94.749671, 29.334827 ], [ -94.746224, 29.334761 ], [ -94.740179, 29.335867 ], [ -94.734041, 29.337049 ], [ -94.731398, 29.337049 ], [ -94.728192, 29.334589 ], [ -94.726172, 29.332517 ], [ -94.72717, 29.331394 ], [ -94.740489, 29.323216 ], [ -94.767345, 29.305639 ], [ -94.774926, 29.299826 ], [ -94.793181441380796, 29.2856193448619 ], [ -94.794756, 29.284394 ], [ -94.815133, 29.272466 ], [ -94.819174449477401, 29.2702407898405 ], [ -94.822134302327697, 29.268611103593098 ], [ -94.833669098804606, 29.2622600786821 ], [ -94.836488, 29.260708 ], [ -94.844773522519006, 29.2558238509368 ], [ -94.852528237950096, 29.251252601987701 ], [ -94.866925, 29.242766 ], [ -94.869223, 29.242188 ], [ -94.871370152857693, 29.240933445174502 ], [ -94.891753, 29.229024 ], [ -94.918611, 29.212885 ], [ -94.926075437439096, 29.208457506560901 ], [ -94.948516, 29.195147 ], [ -94.9693015289199, 29.182715277723101 ], [ -94.977746446986302, 29.177664413900601 ], [ -94.982411987160603, 29.1748739773453 ], [ -95.003636, 29.16218 ], [ -95.028835, 29.146899 ], [ -95.046587, 29.135716 ], [ -95.058274, 29.128224 ], [ -95.069619, 29.120804 ], [ -95.080007, 29.113577 ], [ -95.087945, 29.107906 ], [ -95.094713, 29.102483 ], [ -95.100279, 29.097158 ], [ -95.103698, 29.093236 ], [ -95.106985, 29.088962 ], [ -95.110619, 29.086682 ], [ -95.114066, 29.084916 ], [ -95.116561, 29.084605 ], [ -95.117868, 29.085955 ], [ -95.119164474269397, 29.086968408806602 ], [ -95.120126, 29.08772 ], [ -95.122265, 29.088551 ], [ -95.122147, 29.09042 ], [ -95.119889, 29.092913 ], [ -95.114834118900106, 29.0941175098203 ], [ -95.11466, 29.094159 ], [ -95.110144, 29.097689 ] ] ], [ [ [ -94.920953620874499, 29.2840753425047 ], [ -94.921933, 29.281994 ], [ -94.924391, 29.281615 ], [ -94.927517900760193, 29.283982277413301 ], [ -94.928989, 29.285096 ], [ -94.928676, 29.287034 ], [ -94.922707, 29.28844 ], [ -94.919664, 29.286816 ], [ -94.920953620874499, 29.2840753425047 ] ] ], [ [ [ -94.91861, 29.58759 ], [ -94.907676, 29.573741 ], [ -94.90732, 29.572604 ], [ -94.907439, 29.571364 ], [ -94.909102, 29.570227 ], [ -94.913975, 29.567333 ], [ -94.91552, 29.567229 ], [ -94.916827, 29.567643 ], [ -94.927998, 29.582216 ], [ -94.928592, 29.58356 ], [ -94.927879, 29.584593 ], [ -94.921581, 29.588107 ], [ -94.91956, 29.588313 ], [ -94.91861, 29.58759 ] ] ], [ [ [ -94.969379, 29.682517 ], [ -94.968576, 29.682546 ], [ -94.968774, 29.680609 ], [ -94.965789, 29.679317 ], [ -94.953192, 29.677459 ], [ -94.947725, 29.670231 ], [ -94.946877397891598, 29.667965568705899 ], [ -94.941427, 29.653398 ], [ -94.942378, 29.651952 ], [ -94.954239, 29.6503 ], [ -94.952621, 29.648035 ], [ -94.95034, 29.647202 ], [ -94.94832, 29.644103 ], [ -94.947844, 29.641934 ], [ -94.947844, 29.638525 ], [ -94.948389, 29.635997 ], [ -94.948914, 29.633567 ], [ -94.948201, 29.631708 ], [ -94.94725, 29.629745 ], [ -94.943927, 29.627251 ], [ -94.940833, 29.622514 ], [ -94.939644, 29.620861 ], [ -94.939882, 29.619208 ], [ -94.941665, 29.615592 ], [ -94.943318, 29.613785 ], [ -94.944754, 29.613009 ], [ -94.947369, 29.613423 ], [ -94.95034, 29.615489 ], [ -94.953344, 29.618709 ], [ -94.954245, 29.622638 ], [ -94.953549, 29.626646 ], [ -94.952122, 29.628712 ], [ -94.953667, 29.632534 ], [ -94.956044, 29.634187 ], [ -94.959191, 29.636161 ], [ -94.960761, 29.643109 ], [ -94.964851368583396, 29.650680879299099 ], [ -94.965289, 29.651491 ], [ -94.966644, 29.656154 ], [ -94.96674, 29.659904 ], [ -94.967215, 29.661144 ], [ -94.96827, 29.662528 ], [ -94.968145, 29.664133 ], [ -94.968285, 29.667133 ], [ -94.969711, 29.670128 ], [ -94.971076, 29.672041 ], [ -94.972919, 29.672916 ], [ -94.974295, 29.67507 ], [ -94.975554, 29.67618 ], [ -94.976099, 29.678265 ], [ -94.970049, 29.681519 ], [ -94.969366, 29.681676 ], [ -94.969379, 29.682517 ] ] ], [ [ [ -94.909186, 29.269818 ], [ -94.911444, 29.268781 ], [ -94.91382, 29.269922 ], [ -94.915128, 29.273446 ], [ -94.913107, 29.275001 ], [ -94.909186, 29.273964 ], [ -94.90871, 29.271891 ], [ -94.909186, 29.269818 ] ] ], [ [ [ -94.822076, 29.333346 ], [ -94.819937, 29.339458 ], [ -94.819818, 29.341116 ], [ -94.821125, 29.342774 ], [ -94.821601, 29.34526 ], [ -94.817204, 29.348367 ], [ -94.81447, 29.34961 ], [ -94.812925, 29.351371 ], [ -94.810522, 29.352129 ], [ -94.805201, 29.349403 ], [ -94.798433, 29.344924 ], [ -94.797357, 29.343395 ], [ -94.792108, 29.341092 ], [ -94.788444, 29.33749 ], [ -94.785861, 29.335049 ], [ -94.782405, 29.333907 ], [ -94.781204, 29.332472 ], [ -94.782112, 29.329865 ], [ -94.781789, 29.324021 ], [ -94.784166, 29.321017 ], [ -94.789989, 29.316147 ], [ -94.793436, 29.314074 ], [ -94.798427, 29.312416 ], [ -94.804844, 29.312105 ], [ -94.810905, 29.312623 ], [ -94.815659, 29.312105 ], [ -94.819105, 29.312727 ], [ -94.821957, 29.313245 ], [ -94.823146, 29.316561 ], [ -94.823264, 29.323918 ], [ -94.822789, 29.325472 ], [ -94.821601, 29.327026 ], [ -94.822314, 29.329616 ], [ -94.822076, 29.333346 ] ] ], [ [ [ -94.820212, 29.351562 ], [ -94.819946, 29.350169 ], [ -94.820581, 29.349083 ], [ -94.821872, 29.348448 ], [ -94.824248, 29.348919 ], [ -94.82601, 29.351726 ], [ -94.825908, 29.352648 ], [ -94.825232, 29.353795 ], [ -94.824328, 29.353902 ], [ -94.82097, 29.352668 ], [ -94.820212, 29.351562 ] ] ], [ [ [ -94.766376, 29.392393 ], [ -94.766848, 29.393489 ], [ -94.770179, 29.393014 ], [ -94.773744, 29.395292 ], [ -94.774338, 29.399226 ], [ -94.766495, 29.407613 ], [ -94.754967, 29.415894 ], [ -94.747718, 29.409372 ], [ -94.745453, 29.408538 ], [ -94.743713, 29.409649 ], [ -94.737873, 29.414433 ], [ -94.735407, 29.41514 ], [ -94.729294, 29.421024 ], [ -94.723581, 29.42588 ], [ -94.717413, 29.430034 ], [ -94.712416803126104, 29.4310148906793 ], [ -94.712209392504604, 29.431055611081401 ], [ -94.710878, 29.431317 ], [ -94.708884221624203, 29.432733748185999 ], [ -94.706494177320906, 29.434432076832799 ], [ -94.706362, 29.434526 ], [ -94.703509, 29.436493 ], [ -94.703495660482403, 29.437525745449101 ], [ -94.703459, 29.440364 ], [ -94.701558024799695, 29.4426933763676 ], [ -94.701298, 29.443012 ], [ -94.698748, 29.446135223140502 ], [ -94.698273, 29.446717 ], [ -94.697797, 29.44901 ], [ -94.696262, 29.450264 ], [ -94.695548, 29.452729 ], [ -94.694071, 29.453795 ], [ -94.691872, 29.455018 ], [ -94.692628, 29.458441 ], [ -94.691227, 29.460095 ], [ -94.687173, 29.459761 ], [ -94.685165, 29.465988 ], [ -94.679913, 29.470944 ], [ -94.676654, 29.473479 ], [ -94.672856, 29.474456 ], [ -94.671706, 29.476158 ], [ -94.665389, 29.477397 ], [ -94.65716, 29.476636 ], [ -94.649991, 29.475033 ], [ -94.645565, 29.472512 ], [ -94.640413, 29.472405 ], [ -94.628217, 29.475986 ], [ -94.615755, 29.481173 ], [ -94.606562, 29.482786 ], [ -94.599073, 29.490291 ], [ -94.597053, 29.490387 ], [ -94.594290639507307, 29.492078241117898 ], [ -94.594211, 29.492127 ], [ -94.597574, 29.495249 ], [ -94.596077, 29.499503 ], [ -94.595436350316902, 29.501084878155599 ], [ -94.594909, 29.502387 ], [ -94.594671, 29.507242 ], [ -94.593577, 29.509193 ], [ -94.590674, 29.512952 ], [ -94.585391, 29.518425 ], [ -94.579568, 29.523716 ], [ -94.577063, 29.525801 ], [ -94.574569, 29.527635 ], [ -94.57159, 29.527467 ], [ -94.570686, 29.529228 ], [ -94.568973, 29.53018 ], [ -94.566165, 29.53056 ], [ -94.561963, 29.530863 ], [ -94.558503, 29.530037 ], [ -94.553982, 29.528276 ], [ -94.552222, 29.52623 ], [ -94.54889, 29.52523 ], [ -94.544634523554706, 29.522732572526301 ], [ -94.542323, 29.521376 ], [ -94.541573253120305, 29.521052237528199 ], [ -94.538437793877307, 29.519698255187901 ], [ -94.533947, 29.517759 ], [ -94.530093, 29.516807 ], [ -94.524905, 29.517235 ], [ -94.518719, 29.517092 ], [ -94.515415, 29.51716 ], [ -94.513829392456998, 29.516094409923301 ], [ -94.512747, 29.515367 ], [ -94.510395, 29.514913 ], [ -94.508137, 29.511604 ], [ -94.505403, 29.510466 ], [ -94.502314, 29.510363 ], [ -94.501841633272406, 29.510773973498502 ], [ -94.501006, 29.511501 ], [ -94.498273, 29.511707 ], [ -94.493282, 29.513569 ], [ -94.489835, 29.516465 ], [ -94.488885, 29.519567 ], [ -94.4884194652997, 29.525198382823302 ], [ -94.488005, 29.530212 ], [ -94.488053, 29.533113 ], [ -94.486627, 29.536836 ], [ -94.482824, 29.540868 ], [ -94.480328, 29.541695 ], [ -94.476169, 29.545107 ], [ -94.473911, 29.55038 ], [ -94.472247, 29.551103 ], [ -94.470583, 29.553274 ], [ -94.470702, 29.556582 ], [ -94.472272380684998, 29.557013193987899 ], [ -94.47296, 29.557202 ], [ -94.474505, 29.55865 ], [ -94.479021, 29.555652 ], [ -94.48318, 29.553998 ], [ -94.483786965761894, 29.553859026882701 ], [ -94.489598227966994, 29.552528458875599 ], [ -94.489954, 29.552447 ], [ -94.496015, 29.549759 ], [ -94.498549, 29.545181 ], [ -94.503474, 29.543847 ], [ -94.511127, 29.542947 ], [ -94.521532, 29.540816 ], [ -94.522815, 29.541566 ], [ -94.522094, 29.548468 ], [ -94.523637, 29.552401 ], [ -94.526876, 29.553765 ], [ -94.528431, 29.55613 ], [ -94.534397, 29.55956 ], [ -94.539781, 29.564081 ], [ -94.542532, 29.569 ], [ -94.545109, 29.571887 ], [ -94.548211, 29.573097 ], [ -94.552382, 29.574049 ], [ -94.55617, 29.57439 ], [ -94.560965, 29.574434 ], [ -94.566703, 29.573312 ], [ -94.567298577154304, 29.573117260876 ], [ -94.570006, 29.572232 ], [ -94.570494068950694, 29.571981028534001 ], [ -94.578273, 29.567981 ], [ -94.582589, 29.566237 ], [ -94.592327, 29.562506 ], [ -94.594963, 29.561872 ], [ -94.597624, 29.562064 ], [ -94.601354, 29.559549 ], [ -94.608434, 29.557398 ], [ -94.623255, 29.553639 ], [ -94.625877, 29.553521 ], [ -94.630401, 29.552373 ], [ -94.632722, 29.552104 ], [ -94.638259, 29.550264 ], [ -94.644669, 29.549513 ], [ -94.656891, 29.547695 ], [ -94.664075, 29.545733 ], [ -94.666044, 29.544166 ], [ -94.681228, 29.540257 ], [ -94.687342, 29.5382 ], [ -94.692462, 29.538326 ], [ -94.699682, 29.537902 ], [ -94.702179, 29.538782 ], [ -94.706179, 29.537665 ], [ -94.711342, 29.536872 ], [ -94.714355, 29.535766 ], [ -94.717216, 29.534082 ], [ -94.720065, 29.534252 ], [ -94.729253, 29.530808 ], [ -94.734754, 29.529435 ], [ -94.740652, 29.52693 ], [ -94.747092, 29.527697 ], [ -94.752198, 29.525434 ], [ -94.757689, 29.524617 ], [ -94.762569, 29.524162 ], [ -94.768676, 29.525659 ], [ -94.778992, 29.530157 ], [ -94.781476, 29.532731 ], [ -94.783896, 29.536895 ], [ -94.784474, 29.539469 ], [ -94.785934, 29.541589 ], [ -94.788582, 29.546092 ], [ -94.788147, 29.546897 ], [ -94.784811, 29.548281 ], [ -94.780117, 29.549011 ], [ -94.779425, 29.5482 ], [ -94.779334, 29.545933 ], [ -94.775805, 29.545428 ], [ -94.774457, 29.54366 ], [ -94.773268, 29.540971 ], [ -94.771842, 29.539627 ], [ -94.765425, 29.541075 ], [ -94.763167, 29.541178 ], [ -94.761622, 29.541799 ], [ -94.761028, 29.543349 ], [ -94.758295, 29.545417 ], [ -94.756631, 29.546141 ], [ -94.751164, 29.550483 ], [ -94.749738, 29.553481 ], [ -94.751996, 29.555342 ], [ -94.753303, 29.557513 ], [ -94.753303, 29.561234 ], [ -94.747718, 29.566712 ], [ -94.742608, 29.570227 ], [ -94.739634, 29.572945 ], [ -94.736666, 29.574878 ], [ -94.734645, 29.577462 ], [ -94.733576, 29.580356 ], [ -94.732506, 29.582216 ], [ -94.729535, 29.586143 ], [ -94.728703, 29.58883 ], [ -94.725614, 29.593274 ], [ -94.725019, 29.595754 ], [ -94.722605, 29.599348 ], [ -94.720638, 29.602547 ], [ -94.71495, 29.610069 ], [ -94.713433, 29.610141 ], [ -94.713132, 29.613776 ], [ -94.714033, 29.615569 ], [ -94.711893, 29.616736 ], [ -94.710136, 29.619853 ], [ -94.707007, 29.625145 ], [ -94.70553, 29.629332 ], [ -94.703153, 29.634187 ], [ -94.701251, 29.639352 ], [ -94.70142, 29.640877 ], [ -94.700538, 29.64276 ], [ -94.699825, 29.646995 ], [ -94.700301, 29.651023 ], [ -94.698518, 29.652365 ], [ -94.698416891954906, 29.6531989289604 ], [ -94.698357588411596, 29.653688058605201 ], [ -94.69828, 29.654328 ], [ -94.697686, 29.658149 ], [ -94.698985, 29.659567 ], [ -94.697658386077805, 29.6612447057034 ], [ -94.69733, 29.66166 ], [ -94.697686, 29.664138 ], [ -94.697646191533806, 29.664399865066599 ], [ -94.696898706294903, 29.669316916403702 ], [ -94.696854, 29.669611 ], [ -94.696844695187195, 29.669800352941198 ], [ -94.696654, 29.673681 ], [ -94.69554, 29.678144 ], [ -94.696379, 29.681279 ], [ -94.694198, 29.68352 ], [ -94.693289, 29.687164 ], [ -94.689367, 29.693255 ], [ -94.689011, 29.696558 ], [ -94.690081, 29.700275 ], [ -94.689843, 29.705642 ], [ -94.689605, 29.709565 ], [ -94.69115, 29.715861 ], [ -94.692457, 29.723911 ], [ -94.694596, 29.728555 ], [ -94.696855, 29.729277 ], [ -94.697897, 29.734202 ], [ -94.697345, 29.738034 ], [ -94.694543, 29.745424 ], [ -94.696445, 29.747753 ], [ -94.696603179689205, 29.748479217172999 ], [ -94.697384666846901, 29.752067094966801 ], [ -94.697702, 29.753524 ], [ -94.69558, 29.756951 ], [ -94.695946, 29.759147 ], [ -94.708416, 29.766245 ], [ -94.712977418873095, 29.776030139831601 ], [ -94.712996, 29.77607 ], [ -94.718643, 29.781127 ], [ -94.72057, 29.781723 ], [ -94.722778, 29.780006 ], [ -94.725651, 29.780391 ], [ -94.725152, 29.793358 ], [ -94.726247, 29.795108 ], [ -94.728244, 29.794653 ], [ -94.731222, 29.789642 ], [ -94.73851, 29.790658 ], [ -94.746024, 29.789988 ], [ -94.747445, 29.789607 ], [ -94.750735, 29.78315 ], [ -94.754808, 29.781123 ], [ -94.756509, 29.781426 ], [ -94.77076, 29.776398 ], [ -94.778578, 29.772759 ], [ -94.780732, 29.772312 ], [ -94.78214, 29.771101 ], [ -94.78724, 29.769171 ], [ -94.792491, 29.768325 ], [ -94.794488, 29.766886 ], [ -94.797784, 29.76679 ], [ -94.799829, 29.765554 ], [ -94.815219, 29.758478 ], [ -94.820080791247605, 29.753797182541799 ], [ -94.82395, 29.750072 ], [ -94.824284, 29.748599 ], [ -94.832208, 29.740759 ], [ -94.832586, 29.739203 ], [ -94.835812, 29.737261 ], [ -94.836384, 29.735166 ], [ -94.838353, 29.734393 ], [ -94.839217522666402, 29.733526505788099 ], [ -94.844492, 29.72824 ], [ -94.845142747398896, 29.727564564330699 ], [ -94.849844602135605, 29.7226843290712 ], [ -94.851108, 29.721373 ], [ -94.854505, 29.716671 ], [ -94.855065, 29.715367 ], [ -94.85381, 29.71363 ], [ -94.856526, 29.710144 ], [ -94.858035, 29.707304 ], [ -94.858628092178293, 29.706386119247799 ], [ -94.861395, 29.702104 ], [ -94.865007, 29.695337 ], [ -94.864970944845297, 29.694459816038201 ], [ -94.864855, 29.691639 ], [ -94.865951, 29.688904 ], [ -94.867438, 29.678768 ], [ -94.870801842575403, 29.673821907983299 ], [ -94.872551, 29.67125 ], [ -94.878831687834605, 29.6679956577441 ], [ -94.891779, 29.661287 ], [ -94.892255849675195, 29.6610965279651 ], [ -94.901037, 29.657589 ], [ -94.901148884678804, 29.6575580115321 ], [ -94.90824, 29.655594 ], [ -94.915955253924395, 29.656549089563899 ], [ -94.920454, 29.657106 ], [ -94.921822, 29.658772 ], [ -94.921287, 29.664482 ], [ -94.927414, 29.668349 ], [ -94.930708691215003, 29.6737462591277 ], [ -94.929731, 29.673985 ], [ -94.929468, 29.676474 ], [ -94.927726, 29.680693 ], [ -94.922417, 29.6839 ], [ -94.919869, 29.686856 ], [ -94.919671, 29.688454 ], [ -94.921456, 29.69114 ], [ -94.921609, 29.693234 ], [ -94.916282, 29.696153 ], [ -94.91581, 29.698434 ], [ -94.917063, 29.699136 ], [ -94.918564, 29.698746 ], [ -94.920169, 29.699601 ], [ -94.92386, 29.699161 ], [ -94.925364, 29.696804 ], [ -94.926949, 29.696658 ], [ -94.929909, 29.69737 ], [ -94.930285, 29.69919 ], [ -94.929677, 29.699971 ], [ -94.92892, 29.700351 ], [ -94.926498, 29.700913 ], [ -94.925211, 29.702512 ], [ -94.925274, 29.703687 ], [ -94.927397, 29.704306 ], [ -94.930979, 29.704429 ], [ -94.932964, 29.705208 ], [ -94.933671, 29.706391 ], [ -94.934562, 29.710416 ], [ -94.934203, 29.711632 ], [ -94.932491, 29.713571 ], [ -94.932971, 29.714724 ], [ -94.933078, 29.714826 ], [ -94.933935, 29.715124 ], [ -94.934995, 29.715167 ], [ -94.941494, 29.713228 ], [ -94.942522, 29.713336 ], [ -94.943797, 29.714283 ], [ -94.945399, 29.716237 ], [ -94.945223, 29.718301 ], [ -94.943312, 29.719629 ], [ -94.942346, 29.720922 ], [ -94.941473, 29.724675 ], [ -94.939183, 29.726845 ], [ -94.934827, 29.732584 ], [ -94.932317, 29.733884 ], [ -94.929019, 29.737057 ], [ -94.928297, 29.738753 ], [ -94.928596, 29.741156 ], [ -94.928891, 29.743537 ], [ -94.929955, 29.746559 ], [ -94.929826, 29.75 ], [ -94.928797, 29.751375 ], [ -94.925941, 29.752373 ], [ -94.923402, 29.755263 ], [ -94.921645, 29.755557 ], [ -94.919551, 29.755274 ], [ -94.918368, 29.756112 ], [ -94.918786, 29.759228 ], [ -94.917783, 29.761038 ], [ -94.919168, 29.76458 ], [ -94.919016, 29.765389 ], [ -94.917035, 29.766843 ], [ -94.913813, 29.7663 ], [ -94.913372, 29.7681 ], [ -94.914254, 29.769146 ], [ -94.916618, 29.770271 ], [ -94.919634, 29.771285 ], [ -94.919151, 29.772891 ], [ -94.917694, 29.771926 ], [ -94.916305, 29.773663 ], [ -94.917237, 29.774905 ], [ -94.920071, 29.775357 ], [ -94.920008, 29.778999 ], [ -94.920033, 29.781004 ], [ -94.921372, 29.782075 ], [ -94.918374, 29.783552 ], [ -94.918199, 29.785638 ], [ -94.91711, 29.786222 ], [ -94.918608, 29.787544 ], [ -94.917828, 29.789042 ], [ -94.919625, 29.791458 ], [ -94.921124, 29.791929 ], [ -94.91944, 29.793657 ], [ -94.923836, 29.79472 ], [ -94.923812, 29.796401 ], [ -94.922498, 29.796637 ], [ -94.923176, 29.798693 ], [ -94.922164, 29.799995 ], [ -94.922942, 29.802381 ], [ -94.921577, 29.803118 ], [ -94.919408, 29.802761 ], [ -94.916884, 29.803298 ], [ -94.917224, 29.804735 ], [ -94.916169, 29.806453 ], [ -94.912441, 29.808785 ], [ -94.912985, 29.809669 ], [ -94.913633, 29.810478 ], [ -94.911973, 29.810957 ], [ -94.912041, 29.811397 ], [ -94.912874, 29.811766 ], [ -94.91334, 29.812402 ], [ -94.913247, 29.812918 ], [ -94.911753, 29.814053 ], [ -94.91165, 29.812209 ], [ -94.911371, 29.811989 ], [ -94.910711, 29.811917 ], [ -94.910389, 29.812116 ], [ -94.910725, 29.814023 ], [ -94.909219, 29.813626 ], [ -94.908498, 29.814936 ], [ -94.910734, 29.815852 ], [ -94.910201, 29.816181 ], [ -94.910077, 29.816459 ], [ -94.911129, 29.818169 ], [ -94.911064, 29.818335 ], [ -94.91044, 29.818411 ], [ -94.910402, 29.818772 ], [ -94.910775, 29.819123 ], [ -94.910678, 29.819446 ], [ -94.909894, 29.819644 ], [ -94.910066, 29.820142 ], [ -94.910004, 29.820624 ], [ -94.909816, 29.821223 ], [ -94.90966, 29.821643 ], [ -94.908609, 29.825488 ], [ -94.908971, 29.82673 ], [ -94.911722, 29.828848 ], [ -94.917911, 29.830681 ], [ -94.926734, 29.833692 ], [ -94.934599, 29.834292 ], [ -94.937186, 29.836497 ], [ -94.937732, 29.837065 ], [ -94.940645, 29.840094 ], [ -94.940715, 29.840167 ], [ -94.941513, 29.840962 ], [ -94.941885, 29.841402 ], [ -94.943308, 29.842845 ], [ -94.943422, 29.842961 ], [ -94.944516, 29.844096 ], [ -94.944725, 29.844291 ], [ -94.945891, 29.845768 ], [ -94.947085, 29.849511 ], [ -94.947241, 29.850153 ], [ -94.947343, 29.85039 ], [ -94.947589, 29.850816 ], [ -94.949908, 29.852724 ], [ -94.951952, 29.854468 ], [ -94.95205, 29.854553 ], [ -94.952636, 29.855028 ], [ -94.95309, 29.855303 ], [ -94.953835, 29.855522 ], [ -94.954971, 29.855665 ], [ -94.955699, 29.855845 ], [ -94.957034, 29.855984 ], [ -94.958602, 29.856261 ], [ -94.965948, 29.858082 ], [ -94.967999, 29.859154 ], [ -94.968905, 29.860433 ], [ -94.970913, 29.861595 ], [ -94.97272, 29.86321 ], [ -94.972658, 29.864345 ], [ -94.974008, 29.865964 ], [ -94.977138, 29.868181 ], [ -94.975929, 29.872998 ], [ -94.976677, 29.875507 ], [ -94.97633, 29.876986 ], [ -94.978735, 29.879773 ], [ -94.98146, 29.884276 ], [ -94.934857, 29.884894 ], [ -94.934584, 29.884899 ], [ -94.919554, 29.885134 ], [ -94.910275, 29.88521 ], [ -94.894984, 29.885402 ], [ -94.89461, 29.885407 ], [ -94.89384, 29.885413 ], [ -94.890446, 29.885444 ], [ -94.887154, 29.885474 ], [ -94.881757, 29.885524 ], [ -94.872964, 29.885546 ], [ -94.870287, 29.885584 ], [ -94.866012, 29.885658 ], [ -94.85476, 29.885825 ], [ -94.835474, 29.885992 ], [ -94.827844, 29.886084 ], [ -94.82617, 29.886114 ], [ -94.81604, 29.886231 ], [ -94.81409, 29.886266 ], [ -94.787803, 29.886641 ], [ -94.778794, 29.88672 ], [ -94.738857, 29.887217 ], [ -94.695837, 29.887663 ], [ -94.659943, 29.88812 ], [ -94.638396, 29.888392 ], [ -94.534569, 29.889506 ], [ -94.525217, 29.889621 ], [ -94.500191, 29.88994 ], [ -94.491536, 29.889508 ], [ -94.442235, 29.889538 ], [ -94.442204, 29.887053 ], [ -94.440633, 29.88699 ], [ -94.357976, 29.887464 ], [ -94.357292, 29.842779 ], [ -94.357019, 29.826033 ], [ -94.35703, 29.825482 ], [ -94.35673, 29.806045 ], [ -94.355791, 29.748417 ], [ -94.355489, 29.728608 ], [ -94.353979, 29.625226 ], [ -94.354087, 29.620349 ], [ -94.353948, 29.611497 ], [ -94.353383, 29.574844 ], [ -94.354094018520101, 29.5625650084448 ], [ -94.370823033909403, 29.556244522017099 ], [ -94.490073, 29.51119 ], [ -94.498569, 29.507086 ], [ -94.499669980643006, 29.506986378556899 ], [ -94.500923, 29.506873 ], [ -94.53556, 29.492934 ], [ -94.553266724023302, 29.4858174660876 ], [ -94.564335, 29.481369 ], [ -94.571536245014997, 29.478326484720501 ], [ -94.596186, 29.467912 ], [ -94.631607, 29.451802 ], [ -94.654825, 29.440103 ], [ -94.668271, 29.432586 ], [ -94.68127, 29.424642 ], [ -94.694158, 29.415632 ], [ -94.694301341022395, 29.415506002089799 ], [ -94.708473, 29.403049 ], [ -94.717777, 29.390753 ], [ -94.723712, 29.382142 ], [ -94.728585, 29.372304 ], [ -94.731047, 29.369141 ], [ -94.733413, 29.36799 ], [ -94.737259, 29.369589 ], [ -94.738266, 29.370437 ], [ -94.737748, 29.372471 ], [ -94.739232, 29.37493 ], [ -94.741054, 29.375735 ], [ -94.742019, 29.375877 ], [ -94.754729, 29.367643 ], [ -94.754155, 29.366174 ], [ -94.758146, 29.363344 ], [ -94.761491, 29.361883 ], [ -94.76247, 29.362993 ], [ -94.762185, 29.364553 ], [ -94.763365, 29.365849 ], [ -94.766401, 29.365723 ], [ -94.770037, 29.364859 ], [ -94.774864, 29.362666 ], [ -94.778691, 29.361483 ], [ -94.780703, 29.365069 ], [ -94.778869, 29.367378 ], [ -94.777309, 29.371061 ], [ -94.777903, 29.373443 ], [ -94.777784, 29.375825 ], [ -94.779681950543605, 29.375492656901301 ], [ -94.782958, 29.374919 ], [ -94.784439, 29.375721 ], [ -94.78337, 29.377482 ], [ -94.774564, 29.385033 ], [ -94.77106, 29.386849 ], [ -94.767208, 29.390426 ], [ -94.766376, 29.392393 ] ] ], [ [ [ -94.713849, 29.731445 ], [ -94.715156, 29.729793 ], [ -94.716185, 29.727775 ], [ -94.716746, 29.727687 ], [ -94.717886, 29.728116 ], [ -94.718296, 29.728855 ], [ -94.717207, 29.732114 ], [ -94.716514, 29.733515 ], [ -94.714443, 29.732992 ], [ -94.713849, 29.731445 ] ] ] ] } },
{ "type": "Feature", "properties": { "FederalDivisionName": "Houston", "FederalJudicialDistrict": "Southern" }, "geometry": { "type": "MultiPolygon", "coordinates": [ [ [ [ -95.84586, 29.261054 ], [ -95.842381, 29.259812 ], [ -95.841948, 29.258707 ], [ -95.874028, 29.229702 ], [ -95.87523, 29.228507 ], [ -95.884086, 29.220622 ], [ -95.884683, 29.219881 ], [ -95.912773, 29.194358 ], [ -95.933701, 29.175398 ], [ -95.964049, 29.147905 ], [ -95.965196, 29.146865 ], [ -95.984189, 29.136266 ], [ -96.038643, 29.106552 ], [ -96.119129, 29.063916 ], [ -96.207276, 29.017108 ], [ -96.240018, 28.99966 ], [ -96.257821, 28.990018 ], [ -96.265863, 28.986169 ], [ -96.297557, 28.969453 ], [ -96.297999, 28.968949 ], [ -96.309178, 28.963291 ], [ -96.330511, 28.981826 ], [ -96.331515, 28.982818 ], [ -96.429938, 29.067353 ], [ -96.448495, 29.083387 ], [ -96.531837, 29.155159 ], [ -96.541186, 29.16325 ], [ -96.546354, 29.167733 ], [ -96.568496, 29.186852 ], [ -96.61337, 29.225583 ], [ -96.625251, 29.234372 ], [ -96.633831, 29.242023 ], [ -96.634506, 29.242625 ], [ -96.640315, 29.247804 ], [ -96.643316, 29.25025 ], [ -96.658466, 29.263876 ], [ -96.573182, 29.326144 ], [ -96.560555, 29.335439 ], [ -96.687582, 29.466496 ], [ -96.688914, 29.467968 ], [ -96.703613, 29.483805 ], [ -96.706155, 29.486696 ], [ -96.706877, 29.487566 ], [ -96.757798, 29.54065 ], [ -96.761287, 29.544276 ], [ -96.792988, 29.577228 ], [ -96.793132, 29.577378 ], [ -96.832812, 29.576863 ], [ -96.834794, 29.579934 ], [ -96.83653, 29.580907 ], [ -96.838745, 29.583046 ], [ -96.839287, 29.585245 ], [ -96.838947, 29.586163 ], [ -96.836311, 29.588556 ], [ -96.835765, 29.592773 ], [ -96.833362, 29.595298 ], [ -96.833324, 29.595903 ], [ -96.836112, 29.598487 ], [ -96.836873, 29.598569 ], [ -96.837566, 29.60029 ], [ -96.837931, 29.603793 ], [ -96.840354, 29.605227 ], [ -96.841261, 29.607647 ], [ -96.84428, 29.609041 ], [ -96.843564, 29.611056 ], [ -96.842338, 29.612826 ], [ -96.843131, 29.61485 ], [ -96.842861, 29.616082 ], [ -96.844497, 29.616889 ], [ -96.847348, 29.61706 ], [ -96.848953, 29.618918 ], [ -96.847242, 29.620172 ], [ -96.848029, 29.620969 ], [ -96.850987, 29.621513 ], [ -96.854581, 29.623024 ], [ -96.857136, 29.62321 ], [ -96.859144, 29.624376 ], [ -96.859075, 29.626725 ], [ -96.863085, 29.628334 ], [ -96.86289, 29.629742 ], [ -96.865566, 29.630153 ], [ -96.864996, 29.632706 ], [ -96.874222, 29.632706 ], [ -96.905413, 29.632198 ], [ -96.926987, 29.63168 ], [ -96.927117, 29.631955 ], [ -96.963634, 29.631506 ], [ -96.993244, 29.631024 ], [ -96.995126, 29.631081 ], [ -97.02106, 29.630153 ], [ -97.039475, 29.630026 ], [ -97.04525, 29.629722 ], [ -97.12209, 29.628387 ], [ -97.125264, 29.628424 ], [ -97.130431, 29.628322 ], [ -97.142643, 29.628101 ], [ -97.143262, 29.628089 ], [ -97.130517, 29.643296 ], [ -97.133444, 29.645806 ], [ -97.13625, 29.647665 ], [ -97.179139, 29.679924 ], [ -97.270441, 29.748965 ], [ -97.272686, 29.750229 ], [ -97.317893, 29.784658 ], [ -97.315823, 29.786541 ], [ -97.221837, 29.871837 ], [ -97.194235, 29.896776 ], [ -97.165346, 29.922973 ], [ -97.14403, 29.942245 ], [ -97.130912, 29.95406 ], [ -97.128501, 29.956473 ], [ -97.121134, 29.962585 ], [ -97.107179, 29.975232 ], [ -97.106961, 29.97543 ], [ -97.086458, 29.994298 ], [ -97.044365, 30.033151 ], [ -97.044335, 30.033192 ], [ -97.024461, 30.051435 ], [ -97.019163, 30.032 ], [ -96.991442, 30.045688 ], [ -96.987139, 30.047785 ], [ -96.984382, 30.048836 ], [ -96.98319, 30.0496 ], [ -96.892419, 30.093788 ], [ -96.881791, 30.098953 ], [ -96.863451, 30.107906 ], [ -96.861725, 30.108644 ], [ -96.845857, 30.116027 ], [ -96.806259, 30.150408 ], [ -96.801371, 30.154641 ], [ -96.794552, 30.160545 ], [ -96.780751, 30.152124 ], [ -96.773016, 30.149466 ], [ -96.766937, 30.138745 ], [ -96.747229, 30.144173 ], [ -96.735967, 30.147225 ], [ -96.735445, 30.147393 ], [ -96.732136, 30.147016 ], [ -96.714989, 30.144983 ], [ -96.705462, 30.154414 ], [ -96.702002, 30.157839 ], [ -96.693755, 30.161456 ], [ -96.687141, 30.16435 ], [ -96.683394, 30.151038 ], [ -96.668606, 30.149729 ], [ -96.661872, 30.149133 ], [ -96.647223, 30.145174 ], [ -96.653062, 30.13012 ], [ -96.653112, 30.12999 ], [ -96.640649, 30.120579 ], [ -96.633673, 30.106142 ], [ -96.633186, 30.092951 ], [ -96.632478, 30.08404 ], [ -96.634289, 30.075701 ], [ -96.630847, 30.070287 ], [ -96.626018, 30.067796 ], [ -96.623863, 30.066713 ], [ -96.62198, 30.044283 ], [ -96.620848, 30.045203 ], [ -96.594141, 30.071022 ], [ -96.592321, 30.070671 ], [ -96.591638, 30.069396 ], [ -96.588161, 30.067016 ], [ -96.587194, 30.065339 ], [ -96.585899, 30.064668 ], [ -96.57436, 30.06476 ], [ -96.531821, 30.0651 ], [ -96.518814, 30.065198 ], [ -96.50452, 30.06729 ], [ -96.436225, 30.076487 ], [ -96.375236, 30.084787 ], [ -96.374575, 30.085098 ], [ -96.370091, 30.085383 ], [ -96.35724, 30.0866 ], [ -96.35652, 30.08682 ], [ -96.33748, 30.09005 ], [ -96.334061, 30.090646 ], [ -96.292849, 30.09615 ], [ -96.28983, 30.096235 ], [ -96.288998, 30.096829 ], [ -96.285746, 30.096387 ], [ -96.284469, 30.09553 ], [ -96.28392, 30.094271 ], [ -96.281828, 30.093292 ], [ -96.280089, 30.094132 ], [ -96.276171, 30.092378 ], [ -96.273869, 30.093976 ], [ -96.272479, 30.094432 ], [ -96.271057, 30.093882 ], [ -96.270634, 30.09248 ], [ -96.26932, 30.091001 ], [ -96.270016, 30.09005 ], [ -96.268759, 30.087681 ], [ -96.268823, 30.086318 ], [ -96.267516, 30.083893 ], [ -96.267902, 30.082931 ], [ -96.265595, 30.082326 ], [ -96.264237, 30.080814 ], [ -96.263847, 30.07829 ], [ -96.260947, 30.078117 ], [ -96.259821, 30.077277 ], [ -96.259336, 30.075744 ], [ -96.257939, 30.076216 ], [ -96.25483, 30.075681 ], [ -96.254337, 30.074494 ], [ -96.253869, 30.075823 ], [ -96.250881, 30.074063 ], [ -96.247417, 30.075256 ], [ -96.244926, 30.073987 ], [ -96.243781, 30.07241 ], [ -96.24095, 30.072977 ], [ -96.239561, 30.075572 ], [ -96.23654, 30.075469 ], [ -96.233931, 30.076294 ], [ -96.22859, 30.075592 ], [ -96.225385, 30.073801 ], [ -96.225018, 30.072372 ], [ -96.219837, 30.07262 ], [ -96.218414, 30.071785 ], [ -96.218686, 30.070757 ], [ -96.216916, 30.070521 ], [ -96.216152, 30.06968 ], [ -96.21382, 30.068988 ], [ -96.214059, 30.066388 ], [ -96.212719, 30.065883 ], [ -96.209174, 30.062245 ], [ -96.208441, 30.063613 ], [ -96.208511, 30.065224 ], [ -96.206786, 30.066961 ], [ -96.202375, 30.066197 ], [ -96.200568, 30.066588 ], [ -96.199569, 30.065659 ], [ -96.197023, 30.064703 ], [ -96.192479, 30.065181 ], [ -96.18908, 30.064389 ], [ -96.185838, 30.06235 ], [ -96.18364, 30.063015 ], [ -96.182875, 30.06235 ], [ -96.181352, 30.0628 ], [ -96.179773, 30.062047 ], [ -96.179545, 30.060877 ], [ -96.1777, 30.060541 ], [ -96.177915, 30.059563 ], [ -96.175495, 30.058991 ], [ -96.173796, 30.057935 ], [ -96.173727, 30.056847 ], [ -96.170681, 30.055758 ], [ -96.168451, 30.056115 ], [ -96.168837, 30.054411 ], [ -96.1654, 30.053218 ], [ -96.162816, 30.052882 ], [ -96.162228, 30.054201 ], [ -96.160472, 30.053409 ], [ -96.159442, 30.053832 ], [ -96.15735, 30.055926 ], [ -96.155706, 30.058789 ], [ -96.156299, 30.060141 ], [ -96.157424, 30.060609 ], [ -96.157209, 30.061895 ], [ -96.156014, 30.06273 ], [ -96.154357, 30.065851 ], [ -96.155223, 30.067132 ], [ -96.152973, 30.067197 ], [ -96.150527, 30.068175 ], [ -96.149308, 30.067993 ], [ -96.148562, 30.069175 ], [ -96.146052, 30.070224 ], [ -96.150005, 30.071726 ], [ -96.151305, 30.073445 ], [ -96.151878, 30.075161 ], [ -96.151247, 30.076396 ], [ -96.149129, 30.076632 ], [ -96.146294, 30.074946 ], [ -96.142858, 30.070942 ], [ -96.137, 30.066997 ], [ -96.134661, 30.067529 ], [ -96.133567, 30.068965 ], [ -96.13378, 30.07096 ], [ -96.135379, 30.073242 ], [ -96.139674, 30.075562 ], [ -96.14092, 30.076839 ], [ -96.141315, 30.078807 ], [ -96.141193, 30.081175 ], [ -96.141649, 30.083197 ], [ -96.143502, 30.084979 ], [ -96.145326, 30.085245 ], [ -96.15046, 30.084713 ], [ -96.152071, 30.085032 ], [ -96.15435, 30.086522 ], [ -96.158421, 30.091709 ], [ -96.159241, 30.094103 ], [ -96.158998, 30.097029 ], [ -96.157661, 30.098306 ], [ -96.156173, 30.098838 ], [ -96.152557, 30.102535 ], [ -96.152496, 30.104211 ], [ -96.153347, 30.107217 ], [ -96.153985, 30.107989 ], [ -96.154988, 30.108521 ], [ -96.157661, 30.108547 ], [ -96.160271, 30.108066 ], [ -96.162371, 30.103467 ], [ -96.164285, 30.101152 ], [ -96.168144, 30.098998 ], [ -96.169936, 30.098785 ], [ -96.172823, 30.099343 ], [ -96.173643, 30.100035 ], [ -96.17466, 30.102702 ], [ -96.171425, 30.108095 ], [ -96.171456, 30.109345 ], [ -96.17261, 30.110755 ], [ -96.175046, 30.112435 ], [ -96.183548, 30.109212 ], [ -96.186101, 30.109266 ], [ -96.188653, 30.110463 ], [ -96.191099, 30.113872 ], [ -96.191708, 30.115235 ], [ -96.191235, 30.117577 ], [ -96.189761, 30.118481 ], [ -96.187418, 30.118594 ], [ -96.183002, 30.117086 ], [ -96.179811, 30.117352 ], [ -96.178869, 30.118443 ], [ -96.1789, 30.120943 ], [ -96.179872, 30.122992 ], [ -96.182446, 30.125217 ], [ -96.186368, 30.128147 ], [ -96.1872, 30.129458 ], [ -96.188288, 30.132011 ], [ -96.191418, 30.134669 ], [ -96.192208, 30.136664 ], [ -96.191782, 30.13842 ], [ -96.190172, 30.140202 ], [ -96.187802, 30.141692 ], [ -96.186131, 30.141931 ], [ -96.181827, 30.140903 ], [ -96.179052, 30.138819 ], [ -96.175922, 30.137728 ], [ -96.174403, 30.137755 ], [ -96.17261, 30.138633 ], [ -96.17176, 30.13983 ], [ -96.171942, 30.14116 ], [ -96.174585, 30.14366 ], [ -96.178231, 30.144991 ], [ -96.181877, 30.148129 ], [ -96.183153, 30.15071 ], [ -96.183214, 30.152439 ], [ -96.182546, 30.153982 ], [ -96.180662, 30.155684 ], [ -96.178729, 30.155804 ], [ -96.176289, 30.154821 ], [ -96.172609, 30.151602 ], [ -96.168448, 30.149167 ], [ -96.164502, 30.146572 ], [ -96.160639, 30.143128 ], [ -96.158846, 30.142144 ], [ -96.15596, 30.141293 ], [ -96.153529, 30.141958 ], [ -96.152527, 30.143128 ], [ -96.151082, 30.146851 ], [ -96.151129, 30.149912 ], [ -96.1504, 30.152066 ], [ -96.150126, 30.155445 ], [ -96.153408, 30.159488 ], [ -96.157327, 30.160632 ], [ -96.160031, 30.161829 ], [ -96.162006, 30.164915 ], [ -96.160912, 30.168559 ], [ -96.156841, 30.171299 ], [ -96.1552, 30.173161 ], [ -96.154562, 30.177124 ], [ -96.156628, 30.17888 ], [ -96.159231, 30.180413 ], [ -96.159775, 30.18318 ], [ -96.157264, 30.188105 ], [ -96.157092, 30.190498 ], [ -96.158482, 30.192633 ], [ -96.159094, 30.195859 ], [ -96.158282, 30.199219 ], [ -96.159071, 30.201297 ], [ -96.15933, 30.203402 ], [ -96.15901, 30.206613 ], [ -96.151551, 30.211525 ], [ -96.149885, 30.213024 ], [ -96.148454, 30.216578 ], [ -96.147428, 30.217976 ], [ -96.145075, 30.218566 ], [ -96.143531, 30.216809 ], [ -96.14188, 30.213879 ], [ -96.14019, 30.212224 ], [ -96.136315, 30.210806 ], [ -96.133983, 30.210557 ], [ -96.130107, 30.210755 ], [ -96.128228, 30.211605 ], [ -96.118018, 30.224212 ], [ -96.117159, 30.227275 ], [ -96.114778, 30.227898 ], [ -96.113704, 30.227203 ], [ -96.110982, 30.222315 ], [ -96.109406, 30.219914 ], [ -96.103384, 30.216572 ], [ -96.098936, 30.214525 ], [ -96.096706, 30.214872 ], [ -96.093122, 30.220447 ], [ -96.092662, 30.22364 ], [ -96.093165, 30.225187 ], [ -96.09557, 30.22876 ], [ -96.098248, 30.230439 ], [ -96.101477, 30.23076 ], [ -96.104367, 30.231473 ], [ -96.105379, 30.23287 ], [ -96.103145, 30.238681 ], [ -96.101346, 30.24088 ], [ -96.098571, 30.242736 ], [ -96.096936, 30.243007 ], [ -96.094423, 30.242386 ], [ -96.090396, 30.238883 ], [ -96.087671, 30.23777 ], [ -96.083327, 30.238312 ], [ -96.081741, 30.240882 ], [ -96.080839, 30.244305 ], [ -96.08304, 30.248753 ], [ -96.084578, 30.251253 ], [ -96.08605, 30.252541 ], [ -96.089438, 30.253041 ], [ -96.094873, 30.252392 ], [ -96.09874, 30.254488 ], [ -96.099253, 30.258049 ], [ -96.098039, 30.261674 ], [ -96.095514, 30.265597 ], [ -96.094859, 30.268309 ], [ -96.094683, 30.271205 ], [ -96.093798, 30.274316 ], [ -96.091737, 30.278013 ], [ -96.090602, 30.279071 ], [ -96.085089, 30.282607 ], [ -96.084382, 30.28376 ], [ -96.084068, 30.286456 ], [ -96.084382, 30.28766 ], [ -96.085893, 30.288983 ], [ -96.087691, 30.289623 ], [ -96.089809, 30.289668 ], [ -96.09393, 30.289078 ], [ -96.096933, 30.289 ], [ -96.099316, 30.290258 ], [ -96.10058, 30.292805 ], [ -96.100046, 30.29669 ], [ -96.098768, 30.299555 ], [ -96.097614, 30.300984 ], [ -96.095342, 30.302824 ], [ -96.093637, 30.305195 ], [ -96.093513, 30.306532 ], [ -96.094404, 30.309371 ], [ -96.097193, 30.311112 ], [ -96.100871, 30.310214 ], [ -96.10408, 30.30882 ], [ -96.112305, 30.306601 ], [ -96.115056, 30.306001 ], [ -96.117372, 30.304195 ], [ -96.119506, 30.304821 ], [ -96.120477, 30.305689 ], [ -96.122703, 30.309368 ], [ -96.125273, 30.311563 ], [ -96.131635, 30.312434 ], [ -96.135057, 30.313508 ], [ -96.136547, 30.314752 ], [ -96.137078, 30.316669 ], [ -96.137298, 30.321058 ], [ -96.138866, 30.322453 ], [ -96.145244, 30.323592 ], [ -96.147462, 30.324168 ], [ -96.149386, 30.325187 ], [ -96.152789, 30.32801 ], [ -96.15463, 30.330288 ], [ -96.160445, 30.339364 ], [ -96.16016, 30.341739 ], [ -96.155539, 30.347521 ], [ -96.15263, 30.350311 ], [ -96.152364, 30.352879 ], [ -96.153456, 30.357466 ], [ -96.15527, 30.36158 ], [ -96.155438, 30.363141 ], [ -96.151598, 30.365455 ], [ -96.1504, 30.366694 ], [ -96.149872, 30.36879 ], [ -96.151447, 30.371485 ], [ -96.153315, 30.372403 ], [ -96.157194, 30.375741 ], [ -96.158438, 30.378368 ], [ -96.15904, 30.378621 ], [ -96.160523, 30.378709 ], [ -96.164186, 30.3775 ], [ -96.167219, 30.375246 ], [ -96.171543, 30.37379 ], [ -96.173038, 30.373911 ], [ -96.175545, 30.375012 ], [ -96.176568, 30.376103 ], [ -96.176455, 30.378345 ], [ -96.17495, 30.381977 ], [ -96.174151, 30.385084 ], [ -96.17327, 30.38645 ], [ -96.173467, 30.389221 ], [ -96.174461, 30.390878 ], [ -96.177095, 30.393587 ], [ -96.178661, 30.394718 ], [ -96.180522, 30.395099 ], [ -96.183814, 30.394281 ], [ -96.184744, 30.39459 ], [ -96.187711, 30.397013 ], [ -96.189971, 30.397841 ], [ -96.190775, 30.398706 ], [ -96.1945, 30.39989 ], [ -96.196516, 30.398729 ], [ -96.198228, 30.395118 ], [ -96.199211, 30.387383 ], [ -96.199544, 30.38291 ], [ -96.201239, 30.381145 ], [ -96.204931, 30.380108 ], [ -96.206507, 30.379 ], [ -96.209217, 30.375842 ], [ -96.2096, 30.374173 ], [ -96.212171, 30.373679 ], [ -96.214732, 30.375881 ], [ -96.218036, 30.376693 ], [ -96.221552, 30.376241 ], [ -96.224011, 30.375377 ], [ -96.23058, 30.372206 ], [ -96.235086, 30.36972 ], [ -96.23869, 30.369006 ], [ -96.243205, 30.369719 ], [ -96.246606, 30.368514 ], [ -96.249556, 30.366277 ], [ -96.25175, 30.365384 ], [ -96.257222, 30.366403 ], [ -96.258944, 30.36735 ], [ -96.259539, 30.368723 ], [ -96.261458, 30.36997 ], [ -96.262915, 30.370021 ], [ -96.26354, 30.368192 ], [ -96.262302, 30.364658 ], [ -96.263648, 30.362343 ], [ -96.268675, 30.358675 ], [ -96.271232, 30.35835 ], [ -96.272455, 30.358468 ], [ -96.276579, 30.360266 ], [ -96.277792, 30.362837 ], [ -96.279437, 30.364468 ], [ -96.28336, 30.364326 ], [ -96.285753, 30.364689 ], [ -96.287654, 30.366334 ], [ -96.289191, 30.371485 ], [ -96.290575, 30.373394 ], [ -96.294546, 30.376218 ], [ -96.298632, 30.377022 ], [ -96.299635, 30.377772 ], [ -96.299634, 30.378808 ], [ -96.299173, 30.379152 ], [ -96.296325, 30.379062 ], [ -96.294068, 30.380235 ], [ -96.293471, 30.38145 ], [ -96.293617, 30.383574 ], [ -96.294939, 30.385623 ], [ -96.298014, 30.386957 ], [ -96.302421, 30.389695 ], [ -96.305209, 30.390492 ], [ -96.306356, 30.391715 ], [ -96.306931, 30.394586 ], [ -96.305193, 30.397216 ], [ -96.302498, 30.399403 ], [ -96.297599, 30.400421 ], [ -96.297633, 30.401827 ], [ -96.299701, 30.405057 ], [ -96.300253, 30.407269 ], [ -96.298866, 30.410502 ], [ -96.29749, 30.411787 ], [ -96.295201, 30.412367 ], [ -96.291324, 30.411968 ], [ -96.28936, 30.412401 ], [ -96.28659, 30.411661 ], [ -96.282817, 30.40982 ], [ -96.278998, 30.407422 ], [ -96.276916, 30.407031 ], [ -96.272837, 30.409042 ], [ -96.272323, 30.410202 ], [ -96.272898, 30.413887 ], [ -96.271816, 30.416388 ], [ -96.273547, 30.418325 ], [ -96.277283, 30.41554 ], [ -96.281109, 30.414831 ], [ -96.283537, 30.415588 ], [ -96.285907, 30.416922 ], [ -96.28688, 30.418834 ], [ -96.287988, 30.421287 ], [ -96.284889, 30.423715 ], [ -96.282564, 30.426614 ], [ -96.286449, 30.433756 ], [ -96.286883, 30.438557 ], [ -96.286052, 30.44286 ], [ -96.284252, 30.446705 ], [ -96.28485, 30.448089 ], [ -96.286048, 30.448206 ], [ -96.288964, 30.445279 ], [ -96.290895, 30.443999 ], [ -96.292865, 30.444276 ], [ -96.301772, 30.447851 ], [ -96.303543, 30.449023 ], [ -96.306458, 30.453089 ], [ -96.308921, 30.455199 ], [ -96.311541, 30.455556 ], [ -96.312979, 30.454501 ], [ -96.313984, 30.4528 ], [ -96.315954, 30.450843 ], [ -96.318082, 30.449805 ], [ -96.320946, 30.449567 ], [ -96.321884, 30.451813 ], [ -96.32147, 30.454824 ], [ -96.321648, 30.456951 ], [ -96.322466, 30.45875 ], [ -96.324879, 30.460371 ], [ -96.328504, 30.462175 ], [ -96.330828, 30.463791 ], [ -96.335636, 30.468215 ], [ -96.337323, 30.469352 ], [ -96.340665, 30.473717 ], [ -96.339781, 30.475399 ], [ -96.335813, 30.474204 ], [ -96.333193, 30.474153 ], [ -96.331597, 30.474544 ], [ -96.330021, 30.476297 ], [ -96.329935, 30.477882 ], [ -96.333901, 30.483456 ], [ -96.336348, 30.488482 ], [ -96.33978, 30.494255 ], [ -96.343105, 30.498656 ], [ -96.344894, 30.499795 ], [ -96.346878, 30.499918 ], [ -96.348297, 30.50058 ], [ -96.351966, 30.501264 ], [ -96.35365, 30.502683 ], [ -96.354986, 30.504876 ], [ -96.355628, 30.50641 ], [ -96.35478, 30.511407 ], [ -96.355001, 30.512779 ], [ -96.356047, 30.513861 ], [ -96.356971, 30.514079 ], [ -96.359295, 30.513315 ], [ -96.363335, 30.51053 ], [ -96.367086, 30.510612 ], [ -96.368877, 30.511368 ], [ -96.371094, 30.513411 ], [ -96.371298, 30.514996 ], [ -96.370433, 30.516728 ], [ -96.367964, 30.518177 ], [ -96.36548, 30.517746 ], [ -96.360926, 30.518141 ], [ -96.357292, 30.519535 ], [ -96.355744, 30.52112 ], [ -96.354589, 30.525021 ], [ -96.355226, 30.529936 ], [ -96.356635, 30.533511 ], [ -96.358817, 30.541753 ], [ -96.360519, 30.542912 ], [ -96.365357, 30.542906 ], [ -96.369201, 30.543944 ], [ -96.373376, 30.546616 ], [ -96.376526, 30.546727 ], [ -96.37722, 30.54588 ], [ -96.376975, 30.544056 ], [ -96.375102, 30.541636 ], [ -96.374265, 30.5384 ], [ -96.375762, 30.535989 ], [ -96.377698, 30.536099 ], [ -96.379222, 30.537677 ], [ -96.38021, 30.542689 ], [ -96.382205, 30.543961 ], [ -96.38522, 30.544123 ], [ -96.38598, 30.543768 ], [ -96.387082, 30.542074 ], [ -96.386446, 30.53956 ], [ -96.383685, 30.537994 ], [ -96.382877, 30.535409 ], [ -96.38369, 30.533516 ], [ -96.385309, 30.532727 ], [ -96.387955, 30.532443 ], [ -96.391023, 30.532939 ], [ -96.397116, 30.534487 ], [ -96.400299, 30.535565 ], [ -96.402361, 30.537069 ], [ -96.403021, 30.538512 ], [ -96.404662, 30.540088 ], [ -96.406212, 30.540485 ], [ -96.411258, 30.539296 ], [ -96.413057, 30.539535 ], [ -96.416356, 30.541917 ], [ -96.419261, 30.545941 ], [ -96.422238, 30.55258 ], [ -96.423429, 30.559088 ], [ -96.423527, 30.562669 ], [ -96.422654, 30.566515 ], [ -96.422173, 30.570044 ], [ -96.422499, 30.572573 ], [ -96.423734, 30.575654 ], [ -96.424087, 30.578045 ], [ -96.422859, 30.579613 ], [ -96.420498, 30.581299 ], [ -96.419809, 30.582799 ], [ -96.420065, 30.584309 ], [ -96.426088, 30.590752 ], [ -96.427657, 30.591307 ], [ -96.430751, 30.590564 ], [ -96.431517, 30.589061 ], [ -96.430659, 30.585855 ], [ -96.428102, 30.581754 ], [ -96.42674, 30.578902 ], [ -96.4267, 30.577113 ], [ -96.427508, 30.575054 ], [ -96.429336, 30.573389 ], [ -96.430577, 30.572879 ], [ -96.432062, 30.572703 ], [ -96.43547, 30.573187 ], [ -96.438327, 30.575143 ], [ -96.439903, 30.579369 ], [ -96.442991, 30.58351 ], [ -96.44744, 30.587213 ], [ -96.449625, 30.588978 ], [ -96.450464, 30.590479 ], [ -96.449651, 30.594069 ], [ -96.450706, 30.596183 ], [ -96.45168, 30.596855 ], [ -96.455504, 30.597636 ], [ -96.458744, 30.597595 ], [ -96.461433, 30.598209 ], [ -96.46401, 30.599923 ], [ -96.465723, 30.603639 ], [ -96.469338, 30.606881 ], [ -96.471375, 30.607222 ], [ -96.473522, 30.606644 ], [ -96.478148, 30.604644 ], [ -96.482038, 30.604357 ], [ -96.48505, 30.603844 ], [ -96.487626, 30.604881 ], [ -96.489428, 30.60685 ], [ -96.489067, 30.609421 ], [ -96.48674, 30.614891 ], [ -96.486323, 30.617436 ], [ -96.487399, 30.620478 ], [ -96.489157, 30.621733 ], [ -96.491419, 30.621745 ], [ -96.492459, 30.620603 ], [ -96.492512, 30.618955 ], [ -96.493284, 30.6171 ], [ -96.49582, 30.614627 ], [ -96.499488, 30.612853 ], [ -96.502635, 30.613366 ], [ -96.506803, 30.615307 ], [ -96.507983, 30.616989 ], [ -96.508245, 30.620579 ], [ -96.507451, 30.623005 ], [ -96.50807, 30.625228 ], [ -96.510494, 30.627828 ], [ -96.5141, 30.626692 ], [ -96.518343, 30.626224 ], [ -96.525564, 30.627615 ], [ -96.529003, 30.628072 ], [ -96.539011, 30.628388 ], [ -96.543984, 30.628017 ], [ -96.544216, 30.627996 ], [ -96.548214, 30.627883 ], [ -96.550599, 30.630802 ], [ -96.554505, 30.632264 ], [ -96.56, 30.631903 ], [ -96.562251, 30.631165 ], [ -96.565498, 30.629472 ], [ -96.566632, 30.629387 ], [ -96.567768, 30.631441 ], [ -96.567999, 30.633618 ], [ -96.568744, 30.63558 ], [ -96.570253, 30.636683 ], [ -96.574762, 30.637242 ], [ -96.579018, 30.636922 ], [ -96.583675, 30.637346 ], [ -96.586395, 30.638277 ], [ -96.589063, 30.639699 ], [ -96.591201, 30.640002 ], [ -96.598909, 30.639255 ], [ -96.601047, 30.639808 ], [ -96.601723, 30.640564 ], [ -96.601831, 30.641926 ], [ -96.599906, 30.643905 ], [ -96.596616, 30.646281 ], [ -96.595222, 30.649054 ], [ -96.595496, 30.650284 ], [ -96.594308, 30.652589 ], [ -96.590999, 30.653591 ], [ -96.58617, 30.656847 ], [ -96.583688, 30.660469 ], [ -96.582804, 30.663792 ], [ -96.58352, 30.674949 ], [ -96.584308, 30.68111 ], [ -96.584171, 30.683191 ], [ -96.582676, 30.687177 ], [ -96.581519, 30.68889 ], [ -96.578993, 30.689573 ], [ -96.575761, 30.688304 ], [ -96.573005, 30.688497 ], [ -96.569757, 30.690293 ], [ -96.568034, 30.691622 ], [ -96.567333, 30.692667 ], [ -96.566983, 30.69567 ], [ -96.550549, 30.702982 ], [ -96.503491, 30.72395 ], [ -96.490842, 30.729703 ], [ -96.478222, 30.734876 ], [ -96.462347, 30.741931 ], [ -96.45763, 30.744474 ], [ -96.456599, 30.746302 ], [ -96.45612, 30.747206 ], [ -96.452841, 30.753113 ], [ -96.444743, 30.763827 ], [ -96.440996, 30.770255 ], [ -96.438783, 30.774035 ], [ -96.430649, 30.784721 ], [ -96.423395, 30.79271 ], [ -96.422893, 30.793509 ], [ -96.421897, 30.795668 ], [ -96.419381, 30.804745 ], [ -96.418031, 30.808074 ], [ -96.409838, 30.826446 ], [ -96.404063, 30.83438 ], [ -96.398808, 30.840038 ], [ -96.391042, 30.854538 ], [ -96.387408, 30.864012 ], [ -96.382611, 30.870342 ], [ -96.381946, 30.871004 ], [ -96.374133, 30.87692 ], [ -96.367451, 30.882783 ], [ -96.365642, 30.884547 ], [ -96.364324, 30.886802 ], [ -96.362695, 30.894974 ], [ -96.362226, 30.896286 ], [ -96.36182, 30.896874 ], [ -96.353107, 30.906066 ], [ -96.349085, 30.911692 ], [ -96.337378, 30.920965 ], [ -96.325687, 30.928495 ], [ -96.315185, 30.934345 ], [ -96.305951, 30.94019 ], [ -96.300791, 30.942992 ], [ -96.286768, 30.949971 ], [ -96.281474, 30.952647 ], [ -96.268166, 30.96062 ], [ -96.266289, 30.961966 ], [ -96.263223, 30.964123 ], [ -96.248973, 30.970915 ], [ -96.24102, 30.973737 ], [ -96.234522, 30.976013 ], [ -96.229109, 30.980434 ], [ -96.223305, 30.980672 ], [ -96.215018, 30.981367 ], [ -96.209847, 30.982885 ], [ -96.207559, 30.983802 ], [ -96.199208, 30.988385 ], [ -96.192494, 30.991335 ], [ -96.185427, 30.992089 ], [ -96.181922, 30.993015 ], [ -96.177321, 30.993804 ], [ -96.173117, 30.993912 ], [ -96.171568, 30.99428 ], [ -96.163041, 30.999073 ], [ -96.146646, 31.008743 ], [ -96.136997, 31.013385 ], [ -96.121692, 31.022015 ], [ -96.11718, 31.024716 ], [ -96.112174, 31.028057 ], [ -96.109331, 31.030434 ], [ -96.106677, 31.032113 ], [ -96.097649, 31.037419 ], [ -96.087785, 31.042097 ], [ -96.083153, 31.044614 ], [ -96.061643, 31.058294 ], [ -96.048912, 31.068136 ], [ -96.04789, 31.068728 ], [ -96.045856, 31.069494 ], [ -96.044102, 31.069783 ], [ -96.033193, 31.069304 ], [ -96.031836, 31.069617 ], [ -96.026863, 31.071869 ], [ -96.025261, 31.071927 ], [ -96.021209, 31.070032 ], [ -96.017471, 31.070015 ], [ -96.008068, 31.073112 ], [ -96.004258, 31.075493 ], [ -95.996126, 31.081174 ], [ -95.991691, 31.084272 ], [ -95.99003, 31.085405 ], [ -95.988775, 31.086167 ], [ -95.977147, 31.091409 ], [ -95.975218, 31.091967 ], [ -95.973841, 31.09215 ], [ -95.962949, 31.092321 ], [ -95.955002, 31.092671 ], [ -95.952124, 31.092319 ], [ -95.927762, 31.092562 ], [ -95.914018, 31.092946 ], [ -95.905982, 31.092834 ], [ -95.87523, 31.093001 ], [ -95.76441, 31.094211 ], [ -95.763986, 31.092909 ], [ -95.761667, 31.089663 ], [ -95.760626, 31.088928 ], [ -95.756683, 31.088593 ], [ -95.754378, 31.09062 ], [ -95.752545, 31.091644 ], [ -95.750226, 31.092195 ], [ -95.746787, 31.090817 ], [ -95.742602, 31.090875 ], [ -95.740819, 31.090259 ], [ -95.739769, 31.088374 ], [ -95.739429, 31.085888 ], [ -95.73811, 31.084482 ], [ -95.736356, 31.083772 ], [ -95.733595, 31.083881 ], [ -95.731568, 31.08647 ], [ -95.729909, 31.087731 ], [ -95.72841, 31.087874 ], [ -95.726785, 31.085379 ], [ -95.725909, 31.082012 ], [ -95.723383, 31.079834 ], [ -95.720303, 31.079787 ], [ -95.71528, 31.080372 ], [ -95.711729, 31.08174 ], [ -95.71031, 31.081359 ], [ -95.707672, 31.078188 ], [ -95.705931, 31.078191 ], [ -95.705028, 31.078776 ], [ -95.704322, 31.082286 ], [ -95.703569, 31.082486 ], [ -95.700928, 31.079646 ], [ -95.699751, 31.077537 ], [ -95.699139, 31.076876 ], [ -95.695959, 31.07761 ], [ -95.694504, 31.080976 ], [ -95.692388, 31.08196 ], [ -95.689698, 31.0814 ], [ -95.687856, 31.080169 ], [ -95.685565, 31.077081 ], [ -95.682625, 31.077204 ], [ -95.679812, 31.078641 ], [ -95.677558, 31.076545 ], [ -95.675514, 31.075965 ], [ -95.674593, 31.076289 ], [ -95.670329, 31.079674 ], [ -95.665222, 31.083051 ], [ -95.663546, 31.083884 ], [ -95.662464, 31.083562 ], [ -95.661288, 31.080353 ], [ -95.657119, 31.079789 ], [ -95.655359, 31.076969 ], [ -95.654454, 31.074051 ], [ -95.652822, 31.072336 ], [ -95.648538, 31.070005 ], [ -95.64919, 31.068726 ], [ -95.654231, 31.068209 ], [ -95.654913, 31.067311 ], [ -95.652196, 31.062938 ], [ -95.647686, 31.058115 ], [ -95.647546, 31.055382 ], [ -95.645064, 31.054701 ], [ -95.633805, 31.053901 ], [ -95.631299, 31.052929 ], [ -95.629983, 31.05175 ], [ -95.62925, 31.046373 ], [ -95.628213, 31.043291 ], [ -95.628625, 31.042388 ], [ -95.631595, 31.040216 ], [ -95.631214, 31.037001 ], [ -95.63253, 31.036764 ], [ -95.634704, 31.037321 ], [ -95.636401, 31.038849 ], [ -95.637884, 31.042045 ], [ -95.639265, 31.042443 ], [ -95.6419, 31.041867 ], [ -95.644041, 31.038387 ], [ -95.647272, 31.036155 ], [ -95.653286, 31.034566 ], [ -95.660615, 31.034292 ], [ -95.66318, 31.033216 ], [ -95.665285, 31.030396 ], [ -95.668847, 31.026861 ], [ -95.669505, 31.024601 ], [ -95.668722, 31.022286 ], [ -95.666512, 31.019879 ], [ -95.660011, 31.017991 ], [ -95.658652, 31.017295 ], [ -95.658418, 31.01631 ], [ -95.65978, 31.013699 ], [ -95.661269, 31.011679 ], [ -95.663032, 31.008203 ], [ -95.664155, 31.004351 ], [ -95.666499, 31.001108 ], [ -95.670101, 30.996802 ], [ -95.669793, 30.99597 ], [ -95.670384, 30.993729 ], [ -95.677127, 30.991421 ], [ -95.678933, 30.990411 ], [ -95.681305, 30.987499 ], [ -95.675354, 30.98549 ], [ -95.674148, 30.983647 ], [ -95.673435, 30.978854 ], [ -95.672597, 30.976278 ], [ -95.669215, 30.973598 ], [ -95.666199, 30.972355 ], [ -95.664954, 30.970883 ], [ -95.662834, 30.965005 ], [ -95.662623, 30.962713 ], [ -95.661381, 30.960451 ], [ -95.660165, 30.957164 ], [ -95.65536, 30.953197 ], [ -95.655, 30.950695 ], [ -95.651384, 30.948208 ], [ -95.650547, 30.947278 ], [ -95.649961, 30.945187 ], [ -95.649761, 30.935951 ], [ -95.647633, 30.935146 ], [ -95.643397, 30.934673 ], [ -95.642247, 30.93304 ], [ -95.640898, 30.928599 ], [ -95.638683, 30.926736 ], [ -95.637423, 30.926305 ], [ -95.635073, 30.926441 ], [ -95.630971, 30.925879 ], [ -95.627985, 30.926216 ], [ -95.624224, 30.927238 ], [ -95.621984, 30.928886 ], [ -95.617872, 30.930418 ], [ -95.434781, 31.058098 ], [ -95.434424, 30.940931 ], [ -95.434397, 30.940061 ], [ -95.434335, 30.937405 ], [ -95.432673, 30.937144 ], [ -95.428901, 30.937572 ], [ -95.424844, 30.937345 ], [ -95.421074, 30.936433 ], [ -95.414992, 30.933591 ], [ -95.410825, 30.930353 ], [ -95.410087, 30.929259 ], [ -95.410077, 30.927695 ], [ -95.413228, 30.921363 ], [ -95.413995, 30.918058 ], [ -95.410927, 30.913735 ], [ -95.411267, 30.911533 ], [ -95.415153, 30.909572 ], [ -95.415504, 30.907862 ], [ -95.412908, 30.906481 ], [ -95.407409, 30.906474 ], [ -95.406243, 30.905839 ], [ -95.406545, 30.904058 ], [ -95.406241, 30.901407 ], [ -95.404737, 30.898062 ], [ -95.399695, 30.892895 ], [ -95.398108, 30.891939 ], [ -95.392401, 30.890447 ], [ -95.389524, 30.889161 ], [ -95.385906, 30.889282 ], [ -95.384014, 30.888672 ], [ -95.381253, 30.887062 ], [ -95.380232, 30.880079 ], [ -95.381351, 30.879303 ], [ -95.386403, 30.878667 ], [ -95.392493, 30.880064 ], [ -95.396067, 30.882768 ], [ -95.397175, 30.883244 ], [ -95.398763, 30.882261 ], [ -95.399581, 30.88066 ], [ -95.398635, 30.879846 ], [ -95.395446, 30.879082 ], [ -95.392199, 30.877389 ], [ -95.391567, 30.875965 ], [ -95.392106, 30.874141 ], [ -95.394325, 30.872342 ], [ -95.397312, 30.869099 ], [ -95.398375, 30.867184 ], [ -95.398984, 30.864651 ], [ -95.398748, 30.86112 ], [ -95.398442, 30.859934 ], [ -95.398351, 30.859651 ], [ -95.396697, 30.857706 ], [ -95.388628, 30.855907 ], [ -95.385343, 30.853659 ], [ -95.383279, 30.852961 ], [ -95.382435, 30.85377 ], [ -95.378097, 30.855134 ], [ -95.375218, 30.855724 ], [ -95.371364, 30.856119 ], [ -95.367839, 30.855648 ], [ -95.363639, 30.854672 ], [ -95.35587, 30.855754 ], [ -95.352072, 30.856951 ], [ -95.349748, 30.860452 ], [ -95.351061, 30.86568 ], [ -95.350247, 30.86855 ], [ -95.348608, 30.870029 ], [ -95.345335, 30.875335 ], [ -95.342526, 30.875655 ], [ -95.338757, 30.873546 ], [ -95.336919, 30.871621 ], [ -95.334933, 30.86768 ], [ -95.332923, 30.864491 ], [ -95.331052, 30.860961 ], [ -95.328852, 30.859312 ], [ -95.32748, 30.859547 ], [ -95.325307, 30.860683 ], [ -95.324104, 30.861893 ], [ -95.32322, 30.865441 ], [ -95.321411, 30.8678 ], [ -95.317242, 30.869465 ], [ -95.315044, 30.871149 ], [ -95.313903, 30.873101 ], [ -95.314804, 30.875938 ], [ -95.316698, 30.878841 ], [ -95.316299, 30.880747 ], [ -95.312386, 30.883903 ], [ -95.311267, 30.88582 ], [ -95.310731, 30.88838 ], [ -95.310857, 30.890703 ], [ -95.311734, 30.892143 ], [ -95.313217, 30.893241 ], [ -95.314322, 30.89535 ], [ -95.312898, 30.897873 ], [ -95.307383, 30.900488 ], [ -95.300826, 30.902308 ], [ -95.298445, 30.902601 ], [ -95.289242, 30.902845 ], [ -95.285593, 30.901811 ], [ -95.280181, 30.901294 ], [ -95.276563, 30.902721 ], [ -95.272299, 30.903861 ], [ -95.265822, 30.905033 ], [ -95.254896, 30.906545 ], [ -95.252385, 30.906719 ], [ -95.249611, 30.906038 ], [ -95.24628, 30.904013 ], [ -95.241742, 30.898423 ], [ -95.240731, 30.896745 ], [ -95.238027, 30.893905 ], [ -95.233892, 30.890258 ], [ -95.230777, 30.887007 ], [ -95.231936, 30.884441 ], [ -95.23618, 30.876848 ], [ -95.237739, 30.873601 ], [ -95.239506, 30.870857 ], [ -95.241373, 30.86909 ], [ -95.243097, 30.866856 ], [ -95.243054, 30.866008 ], [ -95.242101, 30.864518 ], [ -95.239088, 30.862205 ], [ -95.236261, 30.858438 ], [ -95.235843, 30.857301 ], [ -95.235911, 30.854693 ], [ -95.233324, 30.845709 ], [ -95.232092, 30.842816 ], [ -95.230989, 30.841149 ], [ -95.222899, 30.83632 ], [ -95.216559, 30.83372 ], [ -95.213716, 30.833208 ], [ -95.209287, 30.832809 ], [ -95.207641, 30.832379 ], [ -95.204574, 30.83017 ], [ -95.203399, 30.828898 ], [ -95.201128, 30.825378 ], [ -95.20018, 30.824566 ], [ -95.198712, 30.824241 ], [ -95.193003, 30.82384 ], [ -95.191012, 30.821789 ], [ -95.190379, 30.820723 ], [ -95.189239, 30.818808 ], [ -95.187376, 30.818039 ], [ -95.1816, 30.818922 ], [ -95.180993, 30.818819 ], [ -95.180374, 30.818426 ], [ -95.179231, 30.81396 ], [ -95.176416, 30.810269 ], [ -95.17404, 30.807583 ], [ -95.170084, 30.805132 ], [ -95.167591, 30.803044 ], [ -95.156345, 30.800068 ], [ -95.156141, 30.799922 ], [ -95.155815, 30.799689 ], [ -95.15395, 30.798353 ], [ -95.148887, 30.792524 ], [ -95.140923, 30.788948 ], [ -95.138285, 30.784661 ], [ -95.136649, 30.783866 ], [ -95.133035, 30.783756 ], [ -95.13194, 30.783162 ], [ -95.131205, 30.781703 ], [ -95.13415, 30.779046 ], [ -95.13822, 30.77712 ], [ -95.139382, 30.776197 ], [ -95.139108, 30.773712 ], [ -95.135151, 30.768471 ], [ -95.131971, 30.762429 ], [ -95.131306, 30.759421 ], [ -95.132198, 30.755338 ], [ -95.134088, 30.750191 ], [ -95.136896, 30.747041 ], [ -95.139297, 30.745784 ], [ -95.144771, 30.744036 ], [ -95.146034, 30.742367 ], [ -95.146027, 30.740561 ], [ -95.144779, 30.737034 ], [ -95.142667, 30.732039 ], [ -95.142251, 30.728633 ], [ -95.14346, 30.72527 ], [ -95.146152, 30.722415 ], [ -95.14707, 30.719801 ], [ -95.147073, 30.71739 ], [ -95.146441, 30.715268 ], [ -95.145426, 30.713799 ], [ -95.138584, 30.707219 ], [ -95.137374, 30.705007 ], [ -95.135283, 30.699221 ], [ -95.135052, 30.697269 ], [ -95.135384, 30.693816 ], [ -95.134899, 30.693308 ], [ -95.132669, 30.693403 ], [ -95.125215, 30.695778 ], [ -95.119291, 30.696577 ], [ -95.115937, 30.696188 ], [ -95.11071, 30.694948 ], [ -95.109861, 30.694191 ], [ -95.10955, 30.692748 ], [ -95.113084, 30.69042 ], [ -95.115026, 30.68828 ], [ -95.115999, 30.686077 ], [ -95.116589, 30.683367 ], [ -95.118361, 30.680228 ], [ -95.119528, 30.677332 ], [ -95.118919, 30.675632 ], [ -95.116543, 30.674596 ], [ -95.111885, 30.673798 ], [ -95.11069, 30.671986 ], [ -95.111347, 30.669993 ], [ -95.114515, 30.6669 ], [ -95.116211, 30.664395 ], [ -95.115005, 30.661005 ], [ -95.11384, 30.660136 ], [ -95.109013, 30.658104 ], [ -95.104841, 30.657878 ], [ -95.102374, 30.658495 ], [ -95.098858, 30.659831 ], [ -95.095536, 30.660683 ], [ -95.092682, 30.662614 ], [ -95.091614, 30.664188 ], [ -95.090938, 30.670752 ], [ -95.08999, 30.671834 ], [ -95.088352, 30.672062 ], [ -95.083843, 30.671191 ], [ -95.079762, 30.669334 ], [ -95.073948, 30.672624 ], [ -95.070607, 30.67358 ], [ -95.067469, 30.673512 ], [ -95.065245, 30.674378 ], [ -95.063171, 30.675824 ], [ -95.062456, 30.67697 ], [ -95.060614, 30.678367 ], [ -95.05705, 30.680065 ], [ -95.054602, 30.680173 ], [ -95.053548, 30.67907 ], [ -95.053359, 30.677433 ], [ -95.055112, 30.673101 ], [ -95.054542, 30.671433 ], [ -95.053638, 30.671241 ], [ -95.046645, 30.67154 ], [ -95.043723, 30.672559 ], [ -95.042198, 30.674141 ], [ -95.038606, 30.675766 ], [ -95.035588, 30.675044 ], [ -95.034227, 30.674207 ], [ -95.032725, 30.671798 ], [ -95.034147, 30.66991 ], [ -95.038642, 30.668179 ], [ -95.041339, 30.665434 ], [ -95.041458, 30.664378 ], [ -95.03898, 30.662882 ], [ -95.035115, 30.662491 ], [ -95.031045, 30.661278 ], [ -95.028382, 30.660781 ], [ -95.024443, 30.660503 ], [ -95.022766, 30.659779 ], [ -95.021833, 30.658047 ], [ -95.021643, 30.654902 ], [ -95.020833, 30.654371 ], [ -95.019883, 30.654485 ], [ -95.013101, 30.658176 ], [ -95.011676, 30.658137 ], [ -95.010278, 30.656671 ], [ -95.009112, 30.65456 ], [ -95.009361, 30.652334 ], [ -95.011249, 30.649954 ], [ -95.013183, 30.648541 ], [ -95.016348, 30.648433 ], [ -95.019096, 30.64943 ], [ -95.021341, 30.650855 ], [ -95.023947, 30.650627 ], [ -95.024663, 30.649779 ], [ -95.024305, 30.645958 ], [ -95.022476, 30.642526 ], [ -95.021801, 30.638309 ], [ -95.021027, 30.636472 ], [ -95.018875, 30.635095 ], [ -95.016258, 30.634299 ], [ -95.015395, 30.631805 ], [ -95.015475, 30.631499 ], [ -95.016374, 30.628953 ], [ -95.015874, 30.627077 ], [ -95.013812, 30.627077 ], [ -95.010587, 30.628162 ], [ -95.00895, 30.627699 ], [ -95.0089, 30.625059 ], [ -95.009119, 30.619976 ], [ -95.008604, 30.61274 ], [ -95.008295, 30.611204 ], [ -95.006871, 30.609051 ], [ -95.00715, 30.60705 ], [ -95.008529, 30.606106 ], [ -95.012781, 30.605322 ], [ -95.01428, 30.604248 ], [ -95.015974, 30.600987 ], [ -95.018104, 30.600381 ], [ -95.020776, 30.600678 ], [ -95.022506, 30.600314 ], [ -95.024981, 30.597279 ], [ -95.027466, 30.596915 ], [ -95.02954, 30.597906 ], [ -95.03114, 30.598091 ], [ -95.031822, 30.597342 ], [ -95.031094, 30.595066 ], [ -95.028991, 30.591638 ], [ -95.029391, 30.590661 ], [ -95.035351, 30.588301 ], [ -95.035807, 30.587657 ], [ -95.035491, 30.585647 ], [ -95.030889, 30.580259 ], [ -95.028628, 30.578485 ], [ -95.02606, 30.577752 ], [ -95.02259, 30.577286 ], [ -95.013819, 30.577597 ], [ -95.008656, 30.579455 ], [ -95.004959, 30.580123 ], [ -95.000212, 30.579975 ], [ -94.994659, 30.579146 ], [ -94.988178, 30.576676 ], [ -94.985391, 30.576144 ], [ -94.97032, 30.576889 ], [ -94.965729, 30.576586 ], [ -94.961449, 30.574871 ], [ -94.957451, 30.572147 ], [ -94.950113, 30.570914 ], [ -94.949359, 30.570503 ], [ -94.945247, 30.56592 ], [ -94.94275, 30.561811 ], [ -94.940266, 30.55947 ], [ -94.937278, 30.557984 ], [ -94.934296, 30.557588 ], [ -94.927342, 30.557987 ], [ -94.920162, 30.559702 ], [ -94.916712, 30.560217 ], [ -94.913614, 30.561055 ], [ -94.910452, 30.561514 ], [ -94.9067, 30.56072 ], [ -94.904287, 30.559678 ], [ -94.900995, 30.557464 ], [ -94.898813, 30.556859 ], [ -94.895227, 30.556412 ], [ -94.891554, 30.556868 ], [ -94.889567, 30.556361 ], [ -94.885556, 30.552981 ], [ -94.880913, 30.551199 ], [ -94.878013, 30.549653 ], [ -94.875209, 30.546067 ], [ -94.864376, 30.546449 ], [ -94.860013, 30.546862 ], [ -94.857376, 30.546583 ], [ -94.851946, 30.544344 ], [ -94.848862, 30.544378 ], [ -94.842876, 30.546152 ], [ -94.839867, 30.545541 ], [ -94.834179, 30.54305 ], [ -94.830429, 30.541613 ], [ -94.829984, 30.541112 ], [ -94.829719, 30.539512 ], [ -94.833374, 30.530522 ], [ -94.834815, 30.529652 ], [ -94.837855, 30.528608 ], [ -94.846221, 30.526144 ], [ -94.850078, 30.525286 ], [ -94.852581, 30.524354 ], [ -94.854655, 30.522882 ], [ -94.856604, 30.51811 ], [ -94.858466, 30.516207 ], [ -94.859926, 30.515362 ], [ -94.863792, 30.513987 ], [ -94.865978, 30.512545 ], [ -94.867393, 30.510755 ], [ -94.867648, 30.508833 ], [ -94.867145, 30.505302 ], [ -94.86638, 30.502821 ], [ -94.865917, 30.495998 ], [ -94.865509, 30.495023 ], [ -94.864368, 30.494491 ], [ -94.860731, 30.494065 ], [ -94.853539, 30.494958 ], [ -94.850514, 30.494201 ], [ -94.849414, 30.493553 ], [ -94.847722, 30.492557 ], [ -94.842621, 30.487458 ], [ -94.947403, 30.440422 ], [ -94.959046, 30.434992 ], [ -95.006645, 30.413998 ], [ -95.03246, 30.404091 ], [ -95.048056, 30.396863 ], [ -95.055247, 30.393486 ], [ -95.060194, 30.391164 ], [ -95.060512, 30.391015 ], [ -95.061519, 30.390582 ], [ -95.081538, 30.38133 ], [ -95.09825, 30.37461 ], [ -95.110382, 30.369139 ], [ -95.132026, 30.359698 ], [ -95.138369, 30.356589 ], [ -95.165897, 30.344976 ], [ -95.162558, 30.336365 ], [ -95.157493, 30.323473 ], [ -95.155844, 30.319207 ], [ -95.154973, 30.316969 ], [ -95.154531, 30.315832 ], [ -95.143333, 30.287219 ], [ -95.140147, 30.27897 ], [ -95.137255, 30.271502 ], [ -95.136922, 30.270634 ], [ -95.129447, 30.250503 ], [ -95.128946, 30.250212 ], [ -95.125594, 30.241875 ], [ -95.108958, 30.199253 ], [ -95.108639, 30.198408 ], [ -95.108474, 30.197967 ], [ -95.105597, 30.190642 ], [ -95.104005, 30.186549 ], [ -95.100547, 30.176801 ], [ -95.098022, 30.171147 ], [ -95.096708, 30.167214 ], [ -95.073285, 30.103709 ], [ -95.072603, 30.103054 ], [ -95.0496, 30.04149 ], [ -95.048489, 30.038726 ], [ -95.04844, 30.038581 ], [ -95.046215, 30.033181 ], [ -95.045132, 30.029209 ], [ -95.031179, 29.993324 ], [ -95.028668, 29.994634 ], [ -95.026772, 29.996739 ], [ -95.024732, 29.996579 ], [ -95.021908, 29.996909 ], [ -95.018667, 29.996457 ], [ -95.017057, 29.995797 ], [ -95.003148, 29.992328 ], [ -94.999834, 29.991322 ], [ -94.995266, 29.979447 ], [ -94.99542, 29.977826 ], [ -94.988269, 29.974707 ], [ -94.985911, 29.973012 ], [ -94.985531, 29.972536 ], [ -94.984762, 29.968025 ], [ -94.982095, 29.964754 ], [ -94.980645, 29.957083 ], [ -94.981175, 29.95556 ], [ -94.987696, 29.952835 ], [ -94.991971, 29.940758 ], [ -94.994734, 29.937342 ], [ -94.995112, 29.936236 ], [ -94.996144, 29.930082 ], [ -94.995202, 29.929049 ], [ -94.992878, 29.927752 ], [ -94.99306, 29.926031 ], [ -94.994165, 29.925728 ], [ -94.995458, 29.924039 ], [ -94.996512, 29.923769 ], [ -94.997748, 29.921987 ], [ -94.998656, 29.919771 ], [ -94.996446, 29.918106 ], [ -94.994771, 29.915417 ], [ -94.993703, 29.912404 ], [ -94.992869, 29.911871 ], [ -94.987917, 29.904736 ], [ -94.984498, 29.894255 ], [ -94.984364, 29.893244 ], [ -94.985978, 29.890549 ], [ -94.984987, 29.889659 ], [ -94.98146, 29.884276 ], [ -94.978735, 29.879773 ], [ -94.97633, 29.876986 ], [ -94.976677, 29.875507 ], [ -94.975929, 29.872998 ], [ -94.977138, 29.868181 ], [ -94.974008, 29.865964 ], [ -94.972658, 29.864345 ], [ -94.97272, 29.86321 ], [ -94.970913, 29.861595 ], [ -94.968905, 29.860433 ], [ -94.967999, 29.859154 ], [ -94.965948, 29.858082 ], [ -94.958602, 29.856261 ], [ -94.957034, 29.855984 ], [ -94.955699, 29.855845 ], [ -94.954971, 29.855665 ], [ -94.953835, 29.855522 ], [ -94.95309, 29.855303 ], [ -94.952636, 29.855028 ], [ -94.95205, 29.854553 ], [ -94.951952, 29.854468 ], [ -94.949908, 29.852724 ], [ -94.947589, 29.850816 ], [ -94.947343, 29.85039 ], [ -94.947241, 29.850153 ], [ -94.947085, 29.849511 ], [ -94.945891, 29.845768 ], [ -94.944725, 29.844291 ], [ -94.944516, 29.844096 ], [ -94.943422, 29.842961 ], [ -94.943308, 29.842845 ], [ -94.941885, 29.841402 ], [ -94.941513, 29.840962 ], [ -94.940715, 29.840167 ], [ -94.940645, 29.840094 ], [ -94.937732, 29.837065 ], [ -94.937186, 29.836497 ], [ -94.934599, 29.834292 ], [ -94.926734, 29.833692 ], [ -94.917911, 29.830681 ], [ -94.911722, 29.828848 ], [ -94.908971, 29.82673 ], [ -94.908609, 29.825488 ], [ -94.90966, 29.821643 ], [ -94.909816, 29.821223 ], [ -94.910004, 29.820624 ], [ -94.910066, 29.820142 ], [ -94.909894, 29.819644 ], [ -94.910678, 29.819446 ], [ -94.910775, 29.819123 ], [ -94.910402, 29.818772 ], [ -94.91044, 29.818411 ], [ -94.911064, 29.818335 ], [ -94.911129, 29.818169 ], [ -94.910077, 29.816459 ], [ -94.910201, 29.816181 ], [ -94.910734, 29.815852 ], [ -94.908498, 29.814936 ], [ -94.909219, 29.813626 ], [ -94.910725, 29.814023 ], [ -94.910389, 29.812116 ], [ -94.910711, 29.811917 ], [ -94.911371, 29.811989 ], [ -94.91165, 29.812209 ], [ -94.911753, 29.814053 ], [ -94.913247, 29.812918 ], [ -94.91334, 29.812402 ], [ -94.912874, 29.811766 ], [ -94.912041, 29.811397 ], [ -94.911973, 29.810957 ], [ -94.913633, 29.810478 ], [ -94.912985, 29.809669 ], [ -94.912441, 29.808785 ], [ -94.916169, 29.806453 ], [ -94.917224, 29.804735 ], [ -94.916884, 29.803298 ], [ -94.919408, 29.802761 ], [ -94.921577, 29.803118 ], [ -94.922942, 29.802381 ], [ -94.922164, 29.799995 ], [ -94.923176, 29.798693 ], [ -94.922498, 29.796637 ], [ -94.923812, 29.796401 ], [ -94.923836, 29.79472 ], [ -94.91944, 29.793657 ], [ -94.921124, 29.791929 ], [ -94.919625, 29.791458 ], [ -94.917828, 29.789042 ], [ -94.918608, 29.787544 ], [ -94.91711, 29.786222 ], [ -94.918199, 29.785638 ], [ -94.918374, 29.783552 ], [ -94.921372, 29.782075 ], [ -94.920033, 29.781004 ], [ -94.920008, 29.778999 ], [ -94.920071, 29.775357 ], [ -94.917237, 29.774905 ], [ -94.916305, 29.773663 ], [ -94.917694, 29.771926 ], [ -94.919151, 29.772891 ], [ -94.919634, 29.771285 ], [ -94.916618, 29.770271 ], [ -94.914254, 29.769146 ], [ -94.913372, 29.7681 ], [ -94.913813, 29.7663 ], [ -94.917035, 29.766843 ], [ -94.919016, 29.765389 ], [ -94.919168, 29.76458 ], [ -94.917783, 29.761038 ], [ -94.918786, 29.759228 ], [ -94.918368, 29.756112 ], [ -94.919551, 29.755274 ], [ -94.921645, 29.755557 ], [ -94.923402, 29.755263 ], [ -94.925941, 29.752373 ], [ -94.928797, 29.751375 ], [ -94.929826, 29.75 ], [ -94.929955, 29.746559 ], [ -94.928891, 29.743537 ], [ -94.928596, 29.741156 ], [ -94.928297, 29.738753 ], [ -94.929019, 29.737057 ], [ -94.932317, 29.733884 ], [ -94.934827, 29.732584 ], [ -94.939183, 29.726845 ], [ -94.941473, 29.724675 ], [ -94.942346, 29.720922 ], [ -94.943312, 29.719629 ], [ -94.945223, 29.718301 ], [ -94.945399, 29.716237 ], [ -94.943797, 29.714283 ], [ -94.942522, 29.713336 ], [ -94.941494, 29.713228 ], [ -94.934995, 29.715167 ], [ -94.933935, 29.715124 ], [ -94.933078, 29.714826 ], [ -94.932971, 29.714724 ], [ -94.932491, 29.713571 ], [ -94.934203, 29.711632 ], [ -94.934562, 29.710416 ], [ -94.933671, 29.706391 ], [ -94.932964, 29.705208 ], [ -94.930979, 29.704429 ], [ -94.927397, 29.704306 ], [ -94.925274, 29.703687 ], [ -94.925211, 29.702512 ], [ -94.926498, 29.700913 ], [ -94.92892, 29.700351 ], [ -94.929677, 29.699971 ], [ -94.930285, 29.69919 ], [ -94.929909, 29.69737 ], [ -94.926949, 29.696658 ], [ -94.925364, 29.696804 ], [ -94.92386, 29.699161 ], [ -94.920169, 29.699601 ], [ -94.918564, 29.698746 ], [ -94.917063, 29.699136 ], [ -94.91581, 29.698434 ], [ -94.916282, 29.696153 ], [ -94.921609, 29.693234 ], [ -94.921456, 29.69114 ], [ -94.919671, 29.688454 ], [ -94.919869, 29.686856 ], [ -94.922417, 29.6839 ], [ -94.927726, 29.680693 ], [ -94.929468, 29.676474 ], [ -94.929731, 29.673985 ], [ -94.930708691215003, 29.6737462591277 ], [ -94.93366, 29.678581 ], [ -94.936575, 29.680425 ], [ -94.936198, 29.682621 ], [ -94.936101721158195, 29.691527234514201 ], [ -94.936089, 29.692704 ], [ -94.940232663622595, 29.695893464384302 ], [ -94.941142938042105, 29.696594121605902 ], [ -94.942681, 29.697778 ], [ -94.946656, 29.699139 ], [ -94.949174942465902, 29.698856095014602 ], [ -94.950823, 29.698671 ], [ -94.965963, 29.70033 ], [ -94.972088, 29.70172 ], [ -94.973989, 29.702649 ], [ -94.976247, 29.706881 ], [ -94.978386, 29.709049 ], [ -94.982926114869898, 29.709529849604401 ], [ -94.983258, 29.709565 ], [ -94.988163, 29.709143 ], [ -94.989849, 29.713383 ], [ -94.992698, 29.713486 ], [ -94.994419589030699, 29.710618947220802 ], [ -94.994450776422596, 29.710567009216501 ], [ -94.994981, 29.709684 ], [ -94.997626, 29.708866 ], [ -95.003483, 29.712222 ], [ -95.004878574350002, 29.711385296969301 ], [ -95.013136883220994, 29.706434108190798 ], [ -95.013489, 29.706223 ], [ -95.013744845448201, 29.706278139105201 ], [ -95.0160955242619, 29.706784750918501 ], [ -95.016505, 29.706873 ], [ -95.0185855644323, 29.7052360276071 ], [ -95.019685, 29.704371 ], [ -95.019603951024607, 29.704000195197601 ], [ -95.019152371359695, 29.701934186249101 ], [ -95.018979, 29.701141 ], [ -95.013596, 29.698989 ], [ -95.000728, 29.696765 ], [ -94.993954, 29.690055 ], [ -94.990151, 29.685822 ], [ -94.989319, 29.682724 ], [ -94.987656, 29.681382 ], [ -94.98433, 29.682094 ], [ -94.982783, 29.681898 ], [ -94.982318547291499, 29.678181639933399 ], [ -94.982154, 29.676865 ], [ -94.983837, 29.675908 ], [ -94.986496306626094, 29.674181490607499 ], [ -94.997836128310098, 29.666819305120899 ], [ -95.001045, 29.664736 ], [ -95.001939496739396, 29.663391360079402 ], [ -95.002281, 29.662878 ], [ -95.002614962107003, 29.662501716740501 ], [ -95.005398, 29.659366 ], [ -95.011024904508204, 29.650803436003699 ], [ -95.011683, 29.649802 ], [ -95.014356323934393, 29.642805911939998 ], [ -95.015636, 29.639457 ], [ -95.015189, 29.632451 ], [ -95.013499, 29.629194 ], [ -95.010566, 29.626433 ], [ -95.008946461332897, 29.624162581002 ], [ -95.008558, 29.623618 ], [ -95.005235271021704, 29.621239787960601 ], [ -95.001881, 29.618839 ], [ -94.999032, 29.620952 ], [ -94.998570683210701, 29.620689231387999 ], [ -94.99817, 29.620461 ], [ -94.998296613403994, 29.619955552392799 ], [ -94.999011639310496, 29.617101130016799 ], [ -94.999051, 29.616944 ], [ -94.99709, 29.615281 ], [ -94.996035248989202, 29.614610922887302 ], [ -94.99233, 29.612257 ], [ -94.989, 29.609593 ], [ -94.985895, 29.605267 ], [ -94.985530067410295, 29.605120836895001 ], [ -94.983975, 29.604498 ], [ -94.982706, 29.601344 ], [ -94.984582, 29.598822 ], [ -94.987142, 29.597023 ], [ -94.987752685441393, 29.5947587546009 ], [ -94.987946, 29.594042 ], [ -94.990136, 29.593431 ], [ -94.993462, 29.590476 ], [ -94.993617496353394, 29.5898208549084 ], [ -94.993945, 29.588441 ], [ -94.994193594012202, 29.588232622562899 ], [ -94.997328263679506, 29.585605067597299 ], [ -95.000386, 29.583042 ], [ -95.004085, 29.579585 ], [ -95.007319, 29.575133 ], [ -95.007408347344906, 29.574993397446701 ], [ -95.011497, 29.568605 ], [ -95.013814, 29.564141 ], [ -95.016627, 29.558487 ], [ -95.016818, 29.557158 ], [ -95.018253, 29.554885 ], [ -95.02118, 29.55376 ], [ -95.02099, 29.551527 ], [ -95.017772, 29.550128 ], [ -95.017379244426806, 29.549277814817 ], [ -95.017105521073304, 29.548685294798901 ], [ -95.019415, 29.548492 ], [ -95.02308, 29.549437 ], [ -95.025068, 29.549242 ], [ -95.028719, 29.547651 ], [ -95.02956, 29.552193 ], [ -95.032941, 29.552229 ], [ -95.03545, 29.55307 ], [ -95.041886, 29.554597 ], [ -95.044988, 29.555848 ], [ -95.046766, 29.557365 ], [ -95.049883, 29.558477 ], [ -95.05379, 29.558982 ], [ -95.057213, 29.559114 ], [ -95.05817, 29.559134 ], [ -95.063236, 29.558981 ], [ -95.064265, 29.558844 ], [ -95.068329, 29.557485 ], [ -95.069007, 29.55638 ], [ -95.069764, 29.554994 ], [ -95.07112, 29.550705 ], [ -95.072096, 29.549259 ], [ -95.073792, 29.548274 ], [ -95.077301, 29.54757 ], [ -95.078252, 29.547303 ], [ -95.080894, 29.545717 ], [ -95.079212, 29.543243 ], [ -95.080433, 29.541021 ], [ -95.07867, 29.537825 ], [ -95.079224, 29.534737 ], [ -95.081588, 29.533999 ], [ -95.086138, 29.534745 ], [ -95.087107, 29.53289 ], [ -95.089627, 29.531134 ], [ -95.090833, 29.531489 ], [ -95.092329, 29.534346 ], [ -95.094035, 29.535384 ], [ -95.095074, 29.535528 ], [ -95.096258, 29.53518 ], [ -95.096954, 29.534065 ], [ -95.095426, 29.530738 ], [ -95.095222, 29.528923 ], [ -95.093624, 29.525801 ], [ -95.09487, 29.522393 ], [ -95.097379, 29.520384 ], [ -95.09809, 29.518322 ], [ -95.101318, 29.521307 ], [ -95.102437, 29.521395 ], [ -95.102636, 29.52127 ], [ -95.103553, 29.517904 ], [ -95.106073, 29.51686 ], [ -95.10602, 29.515781 ], [ -95.104036, 29.512562 ], [ -95.103874, 29.51129 ], [ -95.10547, 29.510328 ], [ -95.108048, 29.509597 ], [ -95.111623, 29.510846 ], [ -95.113114, 29.510825 ], [ -95.117153, 29.508054 ], [ -95.118489, 29.506983 ], [ -95.122011, 29.510409 ], [ -95.125094, 29.510263 ], [ -95.127525, 29.509366 ], [ -95.128575, 29.508435 ], [ -95.129518, 29.505146 ], [ -95.130832, 29.504938 ], [ -95.13389, 29.506425 ], [ -95.141707, 29.506361 ], [ -95.142733, 29.505823 ], [ -95.144948, 29.502635 ], [ -95.147496, 29.501526 ], [ -95.148885, 29.498703 ], [ -95.150227, 29.498537 ], [ -95.151375, 29.500289 ], [ -95.152769, 29.500373 ], [ -95.155572, 29.498828 ], [ -95.156722, 29.498185 ], [ -95.158702, 29.498347 ], [ -95.160701, 29.49752 ], [ -95.163931, 29.498056 ], [ -95.163089, 29.500119 ], [ -95.162921, 29.50134 ], [ -95.164066, 29.502335 ], [ -95.166432, 29.502105 ], [ -95.167725, 29.504408 ], [ -95.167225, 29.505744 ], [ -95.170318, 29.506932 ], [ -95.170996, 29.50772 ], [ -95.171059, 29.510019 ], [ -95.168259, 29.510833 ], [ -95.167498, 29.512549 ], [ -95.16868, 29.512992 ], [ -95.169668, 29.514892 ], [ -95.170591, 29.51515 ], [ -95.171822, 29.51425 ], [ -95.174327, 29.515177 ], [ -95.173717, 29.517197 ], [ -95.175034, 29.518286 ], [ -95.175839, 29.517028 ], [ -95.177611, 29.516941 ], [ -95.178788, 29.517991 ], [ -95.179287, 29.519851 ], [ -95.179974, 29.518443 ], [ -95.182712, 29.51882 ], [ -95.182774, 29.52018 ], [ -95.18517, 29.521639 ], [ -95.184796, 29.523213 ], [ -95.186288, 29.523425 ], [ -95.187846, 29.524341 ], [ -95.186828, 29.527077 ], [ -95.189806, 29.527174 ], [ -95.187775, 29.52784 ], [ -95.190601, 29.53072 ], [ -95.187513, 29.534044 ], [ -95.188277, 29.535411 ], [ -95.192201, 29.535896 ], [ -95.19398, 29.536574 ], [ -95.194527, 29.538267 ], [ -95.192225, 29.53866 ], [ -95.193033, 29.539382 ], [ -95.192251, 29.540497 ], [ -95.194621, 29.541336 ], [ -95.194014, 29.542851 ], [ -95.195062, 29.543609 ], [ -95.195686, 29.542395 ], [ -95.197235, 29.541992 ], [ -95.199469, 29.544529 ], [ -95.197737, 29.547054 ], [ -95.197385, 29.549443 ], [ -95.199963, 29.552332 ], [ -95.199068, 29.554144 ], [ -95.197682, 29.557279 ], [ -95.195924, 29.557633 ], [ -95.194814, 29.556059 ], [ -95.193154, 29.559518 ], [ -95.197022, 29.560078 ], [ -95.196015, 29.558962 ], [ -95.197795, 29.558214 ], [ -95.199286, 29.558956 ], [ -95.200041, 29.5606 ], [ -95.19906, 29.561178 ], [ -95.200638, 29.561645 ], [ -95.200985, 29.563212 ], [ -95.201297, 29.561322 ], [ -95.204324, 29.558906 ], [ -95.205936, 29.559163 ], [ -95.205575, 29.557762 ], [ -95.207726, 29.557795 ], [ -95.206952, 29.559159 ], [ -95.208764, 29.559169 ], [ -95.210657, 29.558388 ], [ -95.211418, 29.559202 ], [ -95.213606, 29.558453 ], [ -95.212776, 29.557871 ], [ -95.213203, 29.55575 ], [ -95.216349, 29.555766 ], [ -95.215424, 29.556897 ], [ -95.214799, 29.557136 ], [ -95.215845, 29.557651 ], [ -95.215952, 29.557787 ], [ -95.217086, 29.558929 ], [ -95.218236, 29.559365 ], [ -95.221342, 29.557016 ], [ -95.223607, 29.559133 ], [ -95.228569, 29.560016 ], [ -95.231191, 29.557723 ], [ -95.233669, 29.557144 ], [ -95.236311, 29.559849 ], [ -95.237721, 29.561371 ], [ -95.239737, 29.560751 ], [ -95.241607, 29.559714 ], [ -95.241951, 29.556283 ], [ -95.243132, 29.555018 ], [ -95.245535, 29.55461 ], [ -95.24737, 29.553097 ], [ -95.248227, 29.555708 ], [ -95.250799, 29.555503 ], [ -95.253952, 29.553943 ], [ -95.254196, 29.554625 ], [ -95.254886, 29.555515 ], [ -95.254943, 29.55727 ], [ -95.252533, 29.55811 ], [ -95.252492, 29.560785 ], [ -95.254997, 29.563876 ], [ -95.255448, 29.567178 ], [ -95.258508, 29.571084 ], [ -95.258677, 29.573286 ], [ -95.259666, 29.574423 ], [ -95.258955, 29.578163 ], [ -95.2602, 29.579654 ], [ -95.261154, 29.58108 ], [ -95.260344, 29.584076 ], [ -95.262134, 29.587135 ], [ -95.260292, 29.589883 ], [ -95.261021, 29.591033 ], [ -95.260881, 29.591736 ], [ -95.261606, 29.593157 ], [ -95.266327, 29.594635 ], [ -95.266925, 29.594572 ], [ -95.26757, 29.593842 ], [ -95.270419, 29.594709 ], [ -95.273798, 29.594399 ], [ -95.276658, 29.594854 ], [ -95.277488, 29.596123 ], [ -95.280244, 29.595521 ], [ -95.282809, 29.597749 ], [ -95.286493, 29.597886 ], [ -95.288028, 29.598331 ], [ -95.29272, 29.597637 ], [ -95.293573, 29.596516 ], [ -95.296257, 29.596242 ], [ -95.297157, 29.596548 ], [ -95.297411, 29.596522 ], [ -95.298595, 29.597038 ], [ -95.299715, 29.596122 ], [ -95.30394, 29.595174 ], [ -95.308648, 29.594916 ], [ -95.309749, 29.595037 ], [ -95.314702, 29.598008 ], [ -95.319699, 29.598226 ], [ -95.321551, 29.597015 ], [ -95.322442, 29.596725 ], [ -95.325545, 29.59806 ], [ -95.328225, 29.59812 ], [ -95.331146, 29.599108 ], [ -95.332258, 29.598934 ], [ -95.335056, 29.596296 ], [ -95.336831, 29.59544 ], [ -95.337421, 29.59386 ], [ -95.340576, 29.592737 ], [ -95.344399, 29.589104 ], [ -95.344204, 29.587405 ], [ -95.346447, 29.585548 ], [ -95.347867, 29.58576 ], [ -95.349114, 29.586526 ], [ -95.351907, 29.585455 ], [ -95.35293, 29.585452 ], [ -95.356812, 29.586781 ], [ -95.36073, 29.584937 ], [ -95.36253, 29.585547 ], [ -95.363033, 29.58569 ], [ -95.363417, 29.585898 ], [ -95.364047, 29.585942 ], [ -95.368222, 29.584714 ], [ -95.371928, 29.586818 ], [ -95.376181, 29.588284 ], [ -95.3809, 29.587021 ], [ -95.383693, 29.586852 ], [ -95.384152, 29.586868 ], [ -95.386044, 29.585556 ], [ -95.386484, 29.585577 ], [ -95.388127, 29.58567 ], [ -95.393275, 29.581687 ], [ -95.394263, 29.582259 ], [ -95.39637, 29.582699 ], [ -95.400605, 29.581964 ], [ -95.403855, 29.581816 ], [ -95.408352, 29.582867 ], [ -95.412428, 29.583197 ], [ -95.417108, 29.583277 ], [ -95.424286, 29.580312 ], [ -95.424562, 29.579302 ], [ -95.426767, 29.57121 ], [ -95.427134, 29.569866 ], [ -95.428204, 29.565935 ], [ -95.431168, 29.554985 ], [ -95.433775, 29.545534 ], [ -95.435305, 29.539925 ], [ -95.437241, 29.532827 ], [ -95.440422, 29.521178 ], [ -95.44121, 29.518293 ], [ -95.442756, 29.512631 ], [ -95.443391, 29.510211 ], [ -95.443951, 29.508199 ], [ -95.4463, 29.499637 ], [ -95.44687, 29.497553 ], [ -95.44701, 29.496682 ], [ -95.452265, 29.47726 ], [ -95.462602, 29.439238 ], [ -95.476635, 29.439038 ], [ -95.535703, 29.438527 ], [ -95.538949, 29.437762 ], [ -95.540992, 29.43849 ], [ -95.550622, 29.438306 ], [ -95.549906, 29.437191 ], [ -95.550088, 29.435211 ], [ -95.551301, 29.43193 ], [ -95.551775, 29.428817 ], [ -95.552783, 29.427278 ], [ -95.555936, 29.425344 ], [ -95.556322, 29.423591 ], [ -95.55596, 29.422779 ], [ -95.551925, 29.419644 ], [ -95.5496, 29.415412 ], [ -95.548949, 29.413479 ], [ -95.546985, 29.410645 ], [ -95.545825, 29.407735 ], [ -95.546923, 29.40514 ], [ -95.549121, 29.403806 ], [ -95.549863, 29.402619 ], [ -95.548853, 29.399412 ], [ -95.54725, 29.397131 ], [ -95.547577, 29.395197 ], [ -95.553034, 29.393544 ], [ -95.556204, 29.391489 ], [ -95.558857, 29.390488 ], [ -95.562884, 29.391098 ], [ -95.565568, 29.390792 ], [ -95.566652, 29.390224 ], [ -95.56729, 29.389695 ], [ -95.57034, 29.386165 ], [ -95.572341, 29.383826 ], [ -95.574583, 29.377627 ], [ -95.57574, 29.37593 ], [ -95.575722, 29.372688 ], [ -95.577077, 29.368087 ], [ -95.57794, 29.365102 ], [ -95.579946, 29.363492 ], [ -95.580837, 29.362084 ], [ -95.580483, 29.360863 ], [ -95.575483, 29.357894 ], [ -95.573968, 29.356394 ], [ -95.574061, 29.354663 ], [ -95.576101, 29.352855 ], [ -95.580266, 29.352538 ], [ -95.582102, 29.351546 ], [ -95.58264, 29.349905 ], [ -95.581343, 29.346181 ], [ -95.578837, 29.342863 ], [ -95.5792, 29.34062 ], [ -95.581182, 29.339119 ], [ -95.587187, 29.336904 ], [ -95.5883, 29.335908 ], [ -95.589106, 29.33462 ], [ -95.589765, 29.329061 ], [ -95.590793, 29.327485 ], [ -95.594365, 29.327722 ], [ -95.595306, 29.328288 ], [ -95.596366, 29.327633 ], [ -95.599597, 29.327594 ], [ -95.603161, 29.328302 ], [ -95.60394, 29.330391 ], [ -95.604975, 29.330737 ], [ -95.605244, 29.329445 ], [ -95.607039, 29.329185 ], [ -95.60796, 29.327349 ], [ -95.610011, 29.326556 ], [ -95.610443, 29.325704 ], [ -95.613315, 29.323575 ], [ -95.614539, 29.32336 ], [ -95.614826, 29.321607 ], [ -95.615773, 29.32082 ], [ -95.616117, 29.319363 ], [ -95.620137, 29.316409 ], [ -95.621078, 29.316562 ], [ -95.622269, 29.315072 ], [ -95.625777, 29.312981 ], [ -95.628194, 29.309502 ], [ -95.627943, 29.309062 ], [ -95.623492, 29.306501 ], [ -95.622024, 29.305094 ], [ -95.62167, 29.301108 ], [ -95.620816, 29.299839 ], [ -95.622722, 29.298651 ], [ -95.624019, 29.295659 ], [ -95.625179, 29.295108 ], [ -95.626535, 29.293146 ], [ -95.627362, 29.293806 ], [ -95.629106, 29.292856 ], [ -95.630398, 29.293241 ], [ -95.631333, 29.29267 ], [ -95.632699, 29.293644 ], [ -95.634888, 29.294194 ], [ -95.635753, 29.295569 ], [ -95.636211, 29.295003 ], [ -95.637634, 29.295723 ], [ -95.63727, 29.296839 ], [ -95.64065, 29.296637 ], [ -95.641755, 29.294328 ], [ -95.64385, 29.293823 ], [ -95.646797, 29.294286 ], [ -95.648491, 29.29366 ], [ -95.650999, 29.294732 ], [ -95.65273, 29.294397 ], [ -95.653342, 29.293483 ], [ -95.654619, 29.290951 ], [ -95.656023, 29.292177 ], [ -95.659898, 29.29452 ], [ -95.661397, 29.294278 ], [ -95.663642, 29.295708 ], [ -95.66442, 29.296621 ], [ -95.66509, 29.298891 ], [ -95.669468, 29.29876 ], [ -95.672785, 29.299527 ], [ -95.747213, 29.322711 ], [ -95.750241, 29.323535 ], [ -95.752866, 29.324503 ], [ -95.784013, 29.296249 ], [ -95.79782, 29.307971 ], [ -95.847656, 29.26259 ], [ -95.84586, 29.261054 ] ] ], [ [ [ -94.97185, 29.685305 ], [ -94.969948, 29.683654 ], [ -94.968576, 29.682546 ], [ -94.969379, 29.682517 ], [ -94.969366, 29.681676 ], [ -94.970049, 29.681519 ], [ -94.976099, 29.678265 ], [ -94.977911, 29.681176 ], [ -94.978386, 29.683654 ], [ -94.977435, 29.685202 ], [ -94.976128, 29.685202 ], [ -94.973751, 29.686131 ], [ -94.97185, 29.685305 ] ] ], [ [ [ -94.982783, 29.697487 ], [ -94.980169, 29.696042 ], [ -94.979931, 29.695113 ], [ -94.979337, 29.693874 ], [ -94.977673, 29.694184 ], [ -94.976009, 29.69439 ], [ -94.975177, 29.693977 ], [ -94.975059, 29.692945 ], [ -94.973276, 29.691397 ], [ -94.973276, 29.690364 ], [ -94.973751, 29.689125 ], [ -94.975177, 29.687886 ], [ -94.979574, 29.688299 ], [ -94.98207, 29.690158 ], [ -94.984566, 29.691293 ], [ -94.985516, 29.692842 ], [ -94.98718, 29.69439 ], [ -94.988844, 29.695526 ], [ -94.990745, 29.696042 ], [ -94.992409, 29.697797 ], [ -94.992053, 29.698416 ], [ -94.989676, 29.698004 ], [ -94.986705, 29.6979 ], [ -94.985635, 29.69852 ], [ -94.982783, 29.697487 ] ] ] ] } },
{ "type": "Feature", "properties": { "FederalDivisionName": "Laredo", "FederalJudicialDistrict": "Southern" }, "geometry": { "type": "Polygon", "coordinates": [ [ [ -98.750643, 27.354382 ], [ -98.749467, 27.354471 ], [ -98.749403, 27.355951 ], [ -98.749377, 27.35667 ], [ -98.693521, 27.357149 ], [ -98.67082, 27.357285 ], [ -98.648793, 27.357514 ], [ -98.625027, 27.357727 ], [ -98.624929, 27.338067 ], [ -98.60675, 27.338153 ], [ -98.589478, 27.338236 ], [ -98.589537, 27.358695 ], [ -98.552617, 27.359101 ], [ -98.552448, 27.343764 ], [ -98.522346, 27.343285 ], [ -98.522293, 27.343284 ], [ -98.523284, 27.26515 ], [ -98.536646, 27.265196 ], [ -98.53411, 27.261885 ], [ -98.533661, 27.260723 ], [ -98.533612, 27.258071 ], [ -98.531575, 27.254796 ], [ -98.530048, 27.253849 ], [ -98.527277, 27.253 ], [ -98.522276, 27.254089 ], [ -98.520916, 27.253032 ], [ -98.519347, 27.25023 ], [ -98.518608, 27.25018 ], [ -98.514241, 27.251505 ], [ -98.512437, 27.251196 ], [ -98.510897, 27.249997 ], [ -98.510313, 27.247845 ], [ -98.509798, 27.24375 ], [ -98.505928, 27.238608 ], [ -98.496471, 27.236913 ], [ -98.492943, 27.235012 ], [ -98.492915, 27.17469 ], [ -98.492917, 27.17466 ], [ -98.49291, 27.142062 ], [ -98.467284, 27.142006 ], [ -98.466542, 27.054711 ], [ -98.417883, 27.055285 ], [ -98.421171, 26.877031 ], [ -98.421416, 26.87452 ], [ -98.422616, 26.783535 ], [ -98.502256, 26.783832 ], [ -98.508875, 26.783695 ], [ -98.642932, 26.78413 ], [ -98.808875, 26.785146 ], [ -98.809551, 26.784916 ], [ -98.814183, 26.784771 ], [ -98.824297, 26.785207 ], [ -98.85127, 26.785335 ], [ -98.874718, 26.785494 ], [ -98.8753, 26.785394 ], [ -98.95423, 26.785694 ], [ -99.011112, 26.675023 ], [ -99.016376, 26.671048 ], [ -99.022316, 26.66711 ], [ -99.033527, 26.660503 ], [ -99.051848, 26.648073 ], [ -99.058415, 26.644189 ], [ -99.09139, 26.622797 ], [ -99.169463966400798, 26.571673559573998 ], [ -99.178064, 26.620547 ], [ -99.183422, 26.628855 ], [ -99.200522, 26.656443 ], [ -99.209948, 26.693938 ], [ -99.208907, 26.724761 ], [ -99.213282740561098, 26.727726817214101 ], [ -99.240023, 26.745851 ], [ -99.242444, 26.788262 ], [ -99.243132824455103, 26.789217167122899 ], [ -99.262208, 26.815668 ], [ -99.268613, 26.843213 ], [ -99.274832954433506, 26.8509971224316 ], [ -99.280471, 26.858053 ], [ -99.295146, 26.86544 ], [ -99.310519, 26.864738 ], [ -99.316753, 26.865831 ], [ -99.320874481617494, 26.8705574646199 ], [ -99.323529561640299, 26.8736022778583 ], [ -99.324131, 26.874292 ], [ -99.325703, 26.87717 ], [ -99.328619, 26.878592 ], [ -99.3289, 26.879761 ], [ -99.326527, 26.885519 ], [ -99.326231, 26.889971 ], [ -99.321819, 26.906846 ], [ -99.32297, 26.912464 ], [ -99.324684, 26.915973 ], [ -99.329632, 26.9192 ], [ -99.337297, 26.922759 ], [ -99.346748, 26.925201 ], [ -99.35165, 26.92514 ], [ -99.361144, 26.928921 ], [ -99.367054, 26.929034 ], [ -99.373112, 26.931164 ], [ -99.379149, 26.93449 ], [ -99.384337, 26.939639 ], [ -99.388253, 26.944217 ], [ -99.390498, 26.951742 ], [ -99.392637, 26.955343 ], [ -99.393748, 26.96073 ], [ -99.393112, 26.964029 ], [ -99.390189, 26.966348 ], [ -99.381102, 26.970816 ], [ -99.377312, 26.973819 ], [ -99.376593, 26.977717 ], [ -99.378435, 26.980034 ], [ -99.384336, 26.980992 ], [ -99.385423166588694, 26.981496666245501 ], [ -99.387367, 26.982399 ], [ -99.392178, 26.987492 ], [ -99.403694, 26.997356 ], [ -99.405936, 27.002581 ], [ -99.406955, 27.006563 ], [ -99.408507, 27.00952 ], [ -99.411175, 27.011597 ], [ -99.41206, 27.013121 ], [ -99.415476, 27.01724 ], [ -99.420447, 27.016568 ], [ -99.42938, 27.010833 ], [ -99.432155, 27.010699 ], [ -99.43496, 27.01187 ], [ -99.438721, 27.01463 ], [ -99.442876, 27.018175 ], [ -99.444932, 27.020419 ], [ -99.446086, 27.023338 ], [ -99.445283, 27.026505 ], [ -99.444062, 27.031253 ], [ -99.443977046296197, 27.036221359869401 ], [ -99.443973, 27.036458 ], [ -99.445646, 27.043441 ], [ -99.448143, 27.049744 ], [ -99.448701238221503, 27.050929278350999 ], [ -99.450926, 27.055653 ], [ -99.452009, 27.06006 ], [ -99.452316, 27.062669 ], [ -99.450282, 27.067705 ], [ -99.445225, 27.071639 ], [ -99.43447, 27.078517 ], [ -99.429209, 27.090982 ], [ -99.429239, 27.093073 ], [ -99.430275, 27.094872 ], [ -99.437646, 27.100442 ], [ -99.44181, 27.105394 ], [ -99.442123, 27.106839 ], [ -99.44175, 27.1088 ], [ -99.441109, 27.110042 ], [ -99.43337, 27.119218 ], [ -99.430581, 27.126612 ], [ -99.431355, 27.13758 ], [ -99.438265, 27.144792 ], [ -99.440026, 27.149119 ], [ -99.439971, 27.151072 ], [ -99.439475, 27.152369 ], [ -99.437951, 27.154121 ], [ -99.434889, 27.155922 ], [ -99.432598, 27.15682 ], [ -99.429984, 27.159149 ], [ -99.427716, 27.167789 ], [ -99.426348, 27.176262 ], [ -99.426534, 27.178861 ], [ -99.427715, 27.182307 ], [ -99.430924, 27.196488 ], [ -99.432126, 27.199849 ], [ -99.433098, 27.203818 ], [ -99.432715, 27.207687 ], [ -99.432795, 27.209693 ], [ -99.43328, 27.211294 ], [ -99.435379, 27.212866 ], [ -99.441928, 27.217985 ], [ -99.445238, 27.223341 ], [ -99.445069, 27.225956 ], [ -99.443624, 27.228995 ], [ -99.441407, 27.236758 ], [ -99.441067, 27.241781 ], [ -99.441549, 27.24992 ], [ -99.443076, 27.252651 ], [ -99.446811, 27.25758 ], [ -99.449094, 27.25975 ], [ -99.452391, 27.264046 ], [ -99.453795691732495, 27.265055646341601 ], [ -99.454208, 27.265352 ], [ -99.456234, 27.266322 ], [ -99.458377, 27.266227 ], [ -99.460192, 27.267613 ], [ -99.463309, 27.268437 ], [ -99.465825, 27.26797 ], [ -99.471753, 27.264933 ], [ -99.472973, 27.263386 ], [ -99.475229, 27.262643 ], [ -99.480688, 27.259989 ], [ -99.484738, 27.259371 ], [ -99.48791, 27.260721 ], [ -99.492407, 27.264118 ], [ -99.495658, 27.269053 ], [ -99.496615, 27.271708 ], [ -99.495547, 27.275565 ], [ -99.49377, 27.279441 ], [ -99.488467, 27.287071 ], [ -99.487513, 27.29024 ], [ -99.487937, 27.294941 ], [ -99.494604, 27.303542 ], [ -99.497419, 27.305279 ], [ -99.502036, 27.306121 ], [ -99.506369, 27.305745 ], [ -99.511531, 27.304077 ], [ -99.523658, 27.304138 ], [ -99.529654, 27.306051 ], [ -99.536443, 27.312538 ], [ -99.537771, 27.316073 ], [ -99.537806, 27.317587 ], [ -99.533828, 27.320843 ], [ -99.531376, 27.323809 ], [ -99.524698, 27.32399 ], [ -99.52126, 27.324784 ], [ -99.515042, 27.328862 ], [ -99.514148764628899, 27.3296124092669 ], [ -99.511157982017394, 27.332124973210998 ], [ -99.507500941206501, 27.335197262332901 ], [ -99.507237, 27.335419 ], [ -99.504837, 27.338289 ], [ -99.504397, 27.339896 ], [ -99.507088, 27.346067 ], [ -99.507831, 27.348637 ], [ -99.507779, 27.354247 ], [ -99.505266361442096, 27.3597023387794 ], [ -99.503958, 27.362543 ], [ -99.503929629699201, 27.362777 ], [ -99.503901350031995, 27.3630102524492 ], [ -99.5037, 27.364671 ], [ -99.502700028202995, 27.366502479487099 ], [ -99.499076, 27.37314 ], [ -99.495928, 27.375299 ], [ -99.495123, 27.377035 ], [ -99.492144, 27.380517 ], [ -99.491778, 27.384282 ], [ -99.492709, 27.386049 ], [ -99.492605, 27.3923 ], [ -99.491148, 27.395507 ], [ -99.489382, 27.399562 ], [ -99.487875840269496, 27.409948917776301 ], [ -99.487521, 27.412396 ], [ -99.489443, 27.417111 ], [ -99.490207, 27.421096 ], [ -99.495699, 27.438884 ], [ -99.495576139578702, 27.441655185058099 ], [ -99.495375, 27.446192 ], [ -99.49469, 27.449029 ], [ -99.494804104767198, 27.449715006679899 ], [ -99.495104, 27.451518 ], [ -99.487631, 27.460672 ], [ -99.485725, 27.463575 ], [ -99.485259380044496, 27.464484253659101 ], [ -99.483819, 27.467297 ], [ -99.483451591573001, 27.469452685878 ], [ -99.482282, 27.476315 ], [ -99.479251, 27.478635 ], [ -99.479354, 27.4811 ], [ -99.480219, 27.485796 ], [ -99.481452, 27.488667 ], [ -99.483519, 27.491096 ], [ -99.485806, 27.493188 ], [ -99.491457, 27.496976 ], [ -99.494418405080793, 27.4987024291121 ], [ -99.496826, 27.500106 ], [ -99.499002, 27.499154 ], [ -99.502683, 27.500606 ], [ -99.502694965472699, 27.500603120845501 ], [ -99.509694, 27.498919 ], [ -99.510331034825001, 27.499020370406502 ], [ -99.51332, 27.499496 ], [ -99.516428, 27.498435 ], [ -99.51932, 27.496896 ], [ -99.526644, 27.49703 ], [ -99.52832, 27.498896 ], [ -99.527264, 27.503922 ], [ -99.52532, 27.510395 ], [ -99.525361025773805, 27.516329803917301 ], [ -99.525373, 27.518062 ], [ -99.524702, 27.524327 ], [ -99.523296933013597, 27.530252397319199 ], [ -99.52222, 27.534794 ], [ -99.522200141935798, 27.535407554808899 ], [ -99.522027183314606, 27.5407514590514 ], [ -99.521919, 27.544094 ], [ -99.518819, 27.553194 ], [ -99.514016, 27.556842 ], [ -99.511119, 27.564494 ], [ -99.512219, 27.568094 ], [ -99.512800423469699, 27.568718423130399 ], [ -99.515978, 27.572131 ], [ -99.525439, 27.57661 ], [ -99.528696541150396, 27.579103589171702 ], [ -99.530138, 27.580207 ], [ -99.533043207603299, 27.585709105504002 ], [ -99.536197, 27.591682 ], [ -99.53681, 27.596271 ], [ -99.537198741195496, 27.597206808990499 ], [ -99.539722, 27.603281 ], [ -99.541889, 27.606001 ], [ -99.5499, 27.610749 ], [ -99.554388542366695, 27.614042079102699 ], [ -99.55495, 27.614454 ], [ -99.556812, 27.614336 ], [ -99.55864, 27.611132 ], [ -99.558656, 27.608915 ], [ -99.561233, 27.607569 ], [ -99.562869, 27.607264 ], [ -99.569065, 27.605883 ], [ -99.57215, 27.60471 ], [ -99.578784, 27.602609 ], [ -99.580006, 27.602251 ], [ -99.584843, 27.603903 ], [ -99.584432, 27.606213 ], [ -99.581449, 27.607117 ], [ -99.579759, 27.608031 ], [ -99.577399, 27.610897 ], [ -99.577117, 27.614512 ], [ -99.576958, 27.617234 ], [ -99.577877691196306, 27.618815449717101 ], [ -99.578099, 27.619196 ], [ -99.579475, 27.62023 ], [ -99.580841, 27.620349 ], [ -99.584782, 27.622007 ], [ -99.591372, 27.627464 ], [ -99.592353, 27.628613 ], [ -99.592757, 27.634654 ], [ -99.594038, 27.638573 ], [ -99.596231, 27.639858 ], [ -99.602062860998799, 27.641562353789599 ], [ -99.603533, 27.641992 ], [ -99.612282, 27.639197 ], [ -99.615598, 27.637751 ], [ -99.617582, 27.638358 ], [ -99.619093, 27.640148 ], [ -99.621111, 27.643314 ], [ -99.622342, 27.644 ], [ -99.624311, 27.644001 ], [ -99.626294, 27.64245 ], [ -99.627057, 27.640778 ], [ -99.627123, 27.638412 ], [ -99.623246, 27.634644 ], [ -99.623415, 27.633558 ], [ -99.625322, 27.631137 ], [ -99.627395, 27.629798 ], [ -99.632812, 27.627869 ], [ -99.638929, 27.626758 ], [ -99.647954, 27.629864 ], [ -99.650518, 27.630495 ], [ -99.654324, 27.629616 ], [ -99.658853, 27.631138 ], [ -99.659255, 27.63231 ], [ -99.665948, 27.635968 ], [ -99.666175, 27.638324 ], [ -99.665422, 27.640275 ], [ -99.661741, 27.642739 ], [ -99.6595, 27.645246 ], [ -99.658179, 27.647789 ], [ -99.658295, 27.650158 ], [ -99.659195, 27.652609 ], [ -99.661228, 27.653867 ], [ -99.661845, 27.655753 ], [ -99.664223, 27.657575 ], [ -99.668942, 27.659974 ], [ -99.671622, 27.660222 ], [ -99.678949, 27.658979 ], [ -99.68651, 27.66145 ], [ -99.688288, 27.662834 ], [ -99.689466, 27.664995 ], [ -99.689403, 27.66856 ], [ -99.691253, 27.668732 ], [ -99.693121, 27.667148 ], [ -99.696573, 27.663136 ], [ -99.698724, 27.657357 ], [ -99.699356, 27.655417 ], [ -99.704601, 27.654954 ], [ -99.711511, 27.658365 ], [ -99.721519, 27.666155 ], [ -99.723634, 27.669532 ], [ -99.723716, 27.673328 ], [ -99.72829, 27.679071 ], [ -99.732448, 27.685425 ], [ -99.737812, 27.692281 ], [ -99.742003067338104, 27.696550639057801 ], [ -99.742666, 27.697226 ], [ -99.745302593323899, 27.6998189839675 ], [ -99.745453800139998, 27.699967689817001 ], [ -99.757539, 27.711853 ], [ -99.758534, 27.717071 ], [ -99.761754, 27.722589 ], [ -99.766326, 27.7276 ], [ -99.77074, 27.732134 ], [ -99.774901, 27.73354 ], [ -99.785366, 27.730355 ], [ -99.788845, 27.730718 ], [ -99.791685, 27.731978 ], [ -99.796342, 27.735586 ], [ -99.801651, 27.741771 ], [ -99.802267, 27.745394 ], [ -99.80567, 27.758688 ], [ -99.810137, 27.769548 ], [ -99.813086, 27.773952 ], [ -99.815187, 27.775334 ], [ -99.817164, 27.776159 ], [ -99.819092, 27.776019 ], [ -99.822193, 27.766855 ], [ -99.825793, 27.764374 ], [ -99.835127, 27.762881 ], [ -99.838791, 27.764181 ], [ -99.841708, 27.766464 ], [ -99.843025, 27.768887 ], [ -99.843195, 27.773655 ], [ -99.844737, 27.778809 ], [ -99.84887, 27.787399 ], [ -99.84922, 27.791577 ], [ -99.850877, 27.793974 ], [ -99.852465, 27.794608 ], [ -99.854506, 27.794649 ], [ -99.855531, 27.794132 ], [ -99.857183, 27.794189 ], [ -99.86038, 27.793673 ], [ -99.863031, 27.794255 ], [ -99.870066, 27.794627 ], [ -99.873244, 27.79573 ], [ -99.876553, 27.797359 ], [ -99.877975, 27.800722 ], [ -99.876923, 27.804813 ], [ -99.874646, 27.809264 ], [ -99.873785, 27.813012 ], [ -99.874169, 27.81565 ], [ -99.87533, 27.818178 ], [ -99.876262, 27.819509 ], [ -99.876561, 27.821217 ], [ -99.87784, 27.824376 ], [ -99.877978, 27.827946 ], [ -99.876241, 27.83382 ], [ -99.876003, 27.837968 ], [ -99.877202, 27.842179 ], [ -99.882015, 27.850392 ], [ -99.884023, 27.850978 ], [ -99.88968, 27.853833 ], [ -99.89365, 27.856193 ], [ -99.895686, 27.857684 ], [ -99.895755, 27.85923 ], [ -99.901486, 27.864162 ], [ -99.904385, 27.875284 ], [ -99.904005, 27.879746 ], [ -99.901232, 27.884406 ], [ -99.896897, 27.888428 ], [ -99.894091, 27.89295 ], [ -99.893456, 27.899208 ], [ -99.895828, 27.904178 ], [ -99.896875, 27.907685 ], [ -99.90008, 27.912142 ], [ -99.917461, 27.917973 ], [ -99.922046, 27.922119 ], [ -99.9252, 27.92636 ], [ -99.926228, 27.927322 ], [ -99.92435, 27.929514 ], [ -99.924159, 27.931132 ], [ -99.92648, 27.935567 ], [ -99.928259, 27.936512 ], [ -99.932866, 27.93727 ], [ -99.934619, 27.938245 ], [ -99.937142, 27.940537 ], [ -99.938958, 27.949323 ], [ -99.938541, 27.954059 ], [ -99.934388, 27.96148 ], [ -99.932161, 27.96771 ], [ -99.931262, 27.97907 ], [ -99.931812, 27.980967 ], [ -99.935389, 27.981835 ], [ -99.940843, 27.982449 ], [ -99.947117, 27.98217 ], [ -99.950209, 27.983266 ], [ -99.962769, 27.983536 ], [ -99.971171, 27.986264 ], [ -99.977067, 27.989397 ], [ -99.978393, 27.98933 ], [ -99.984923, 27.990729 ], [ -99.989762, 27.992876 ], [ -99.991447, 27.99456 ], [ -99.996843, 28.00238 ], [ -100.00018, 28.01075 ], [ -100.003966, 28.015163 ], [ -100.007448, 28.020892 ], [ -100.008631, 28.023964 ], [ -100.012839, 28.037203 ], [ -100.01298, 28.041712 ], [ -100.013307, 28.04449 ], [ -100.014987, 28.04888 ], [ -100.016835, 28.058921 ], [ -100.017143, 28.062274 ], [ -100.017914, 28.064787 ], [ -100.018951, 28.066441 ], [ -100.020594, 28.067819 ], [ -100.028725, 28.073118 ], [ -100.039704, 28.076687 ], [ -100.046108, 28.079068 ], [ -100.053123, 28.08473 ], [ -100.055358, 28.08905 ], [ -100.056983, 28.094207 ], [ -100.055596, 28.101141 ], [ -100.056493, 28.104186 ], [ -100.057845, 28.106182 ], [ -100.060077, 28.108205 ], [ -100.064696, 28.111108 ], [ -100.067652, 28.113602 ], [ -100.072639, 28.122236 ], [ -100.075474, 28.124882 ], [ -100.076313, 28.127112 ], [ -100.077784, 28.128663 ], [ -100.080629, 28.135474 ], [ -100.080746, 28.137633 ], [ -100.082742, 28.140358 ], [ -100.083393, 28.144035 ], [ -100.086898, 28.146783 ], [ -100.090289, 28.148313 ], [ -100.108218, 28.153319 ], [ -100.110714, 28.153646 ], [ -100.115331, 28.154862 ], [ -100.119628, 28.155588 ], [ -100.141098, 28.168149 ], [ -100.157945, 28.16745 ], [ -100.16059, 28.16816 ], [ -100.168438, 28.171542 ], [ -100.171322, 28.17623 ], [ -100.174413, 28.179448 ], [ -100.185694, 28.185781 ], [ -100.196499, 28.190218 ], [ -100.208059, 28.190383 ], [ -100.210514, 28.192695 ], [ -100.212105, 28.19651 ], [ -100.212165531127994, 28.196837162978301 ], [ -100.113719, 28.197819 ], [ -99.99159, 28.198816 ], [ -99.875329, 28.200068 ], [ -99.874736, 28.199818 ], [ -99.394177, 28.204627 ], [ -99.39463, 28.349818 ], [ -99.395926, 28.426299 ], [ -99.396681, 28.500268 ], [ -99.395944, 28.500263 ], [ -99.396086, 28.592636 ], [ -99.395707, 28.625258 ], [ -99.395736, 28.640784 ], [ -99.214562, 28.644065 ], [ -99.213682, 28.643888 ], [ -99.205866, 28.644111 ], [ -99.179068, 28.644122 ], [ -99.177155, 28.644168 ], [ -99.161901, 28.64422 ], [ -99.161249, 28.644185 ], [ -99.117349, 28.644611 ], [ -99.053798, 28.645155 ], [ -98.800841, 28.647487 ], [ -98.800848, 28.647306 ], [ -98.776383, 28.647632 ], [ -98.620859, 28.648352 ], [ -98.610824, 28.64834 ], [ -98.392164, 28.648172 ], [ -98.335047, 28.648275 ], [ -98.335031, 28.612658 ], [ -98.334324, 28.448122 ], [ -98.334252, 28.383108 ], [ -98.334462, 28.295378 ], [ -98.334347, 28.266147 ], [ -98.334315, 28.161464 ], [ -98.334323, 28.0578 ], [ -98.465029, 28.05758 ], [ -98.499178, 28.057539 ], [ -98.50029, 28.057476 ], [ -98.803325, 28.05748 ], [ -98.803059, 28.011162 ], [ -98.802282, 27.792957 ], [ -98.802222, 27.775191 ], [ -98.801947, 27.7503 ], [ -98.799235, 27.504338 ], [ -98.798499, 27.391144 ], [ -98.798323, 27.354029 ], [ -98.750643, 27.354382 ] ] ] } },
{ "type": "Feature", "properties": { "FederalDivisionName": "McAllen", "FederalJudicialDistrict": "Southern" }, "geometry": { "type": "Polygon", "coordinates": [ [ [ -98.077753, 26.781798 ], [ -98.077276, 26.781749 ], [ -97.985494, 26.780917 ], [ -97.985303, 26.615809 ], [ -97.957405, 26.611769 ], [ -97.964423, 26.568751 ], [ -97.968087, 26.568919 ], [ -97.968657, 26.5622 ], [ -97.968244, 26.560175 ], [ -97.96876, 26.55398 ], [ -97.970067, 26.552253 ], [ -97.96884, 26.551355 ], [ -97.963912, 26.5335 ], [ -97.980479, 26.53599 ], [ -97.984367, 26.536578 ], [ -97.992285, 26.491308 ], [ -97.996514, 26.49191 ], [ -98.004189, 26.448784 ], [ -98.000378, 26.448222 ], [ -97.925943, 26.437457 ], [ -97.924445, 26.437407 ], [ -97.922664, 26.437047 ], [ -97.908296, 26.434908 ], [ -97.908273, 26.433243 ], [ -97.890307, 26.433308 ], [ -97.872384, 26.433535 ], [ -97.862227, 26.433579 ], [ -97.861822, 26.385778 ], [ -97.861875, 26.371241 ], [ -97.861875, 26.348156 ], [ -97.861881, 26.307617 ], [ -97.861897, 26.259014 ], [ -97.86191, 26.233605 ], [ -97.861913, 26.230051 ], [ -97.862097, 26.171837 ], [ -97.861876, 26.161082 ], [ -97.861843, 26.159621 ], [ -97.861808, 26.157775 ], [ -97.861782, 26.156518 ], [ -97.861688, 26.151956 ], [ -97.861876, 26.149485 ], [ -97.861874, 26.135469 ], [ -97.861875, 26.129972 ], [ -97.861875, 26.084383 ], [ -97.861791, 26.070125 ], [ -97.861666115959807, 26.069783317266101 ], [ -97.863325, 26.069177 ], [ -97.865701, 26.063953 ], [ -97.868606, 26.057156 ], [ -97.870744, 26.057598 ], [ -97.872237, 26.059723 ], [ -97.873814, 26.062137 ], [ -97.876935, 26.064582 ], [ -97.881278, 26.065631 ], [ -97.885389, 26.066187 ], [ -97.887411, 26.066749 ], [ -97.888435, 26.064868 ], [ -97.888393, 26.062428 ], [ -97.891318, 26.0605 ], [ -97.893652, 26.060171 ], [ -97.899904, 26.061218 ], [ -97.905403, 26.059503 ], [ -97.909862, 26.056864 ], [ -97.913882, 26.056539 ], [ -97.917994, 26.057902 ], [ -97.921388, 26.057768 ], [ -97.921755546859899, 26.057569494082699 ], [ -97.92523, 26.055693 ], [ -97.927981, 26.055906 ], [ -97.930137, 26.061111 ], [ -97.931397, 26.06342 ], [ -97.932153, 26.064477 ], [ -97.933924, 26.064834 ], [ -97.936238, 26.063756 ], [ -97.936967, 26.061926 ], [ -97.935502, 26.059304 ], [ -97.932868, 26.057308 ], [ -97.931801, 26.055944 ], [ -97.932383, 26.054324 ], [ -97.93542, 26.052688 ], [ -97.938778, 26.054324 ], [ -97.944345, 26.059621 ], [ -97.946999151963993, 26.0606397327625 ], [ -97.950095, 26.061828 ], [ -97.954551, 26.061182 ], [ -97.957001, 26.059963 ], [ -97.958988, 26.057274 ], [ -97.964342, 26.053117 ], [ -97.967358, 26.051718 ], [ -97.971818, 26.054831 ], [ -97.975045, 26.05816 ], [ -97.978769, 26.059708 ], [ -97.979966, 26.063886 ], [ -97.979869, 26.066002 ], [ -97.981335, 26.067182 ], [ -97.984254, 26.066525 ], [ -97.986894, 26.06583 ], [ -97.988121, 26.06464 ], [ -97.989463, 26.060395 ], [ -97.991493, 26.058585 ], [ -97.993553, 26.059197 ], [ -97.994693, 26.060722 ], [ -97.996494, 26.063302 ], [ -97.998689, 26.06472 ], [ -98.001262, 26.06499 ], [ -98.003516, 26.064453 ], [ -98.005919, 26.063293 ], [ -98.007909198564107, 26.0607299403108 ], [ -98.009949, 26.058103 ], [ -98.011833, 26.05602 ], [ -98.013031, 26.056395 ], [ -98.012428, 26.058316 ], [ -98.011013, 26.060922 ], [ -98.010918, 26.06297 ], [ -98.011932, 26.065859 ], [ -98.014233, 26.066022 ], [ -98.01547, 26.062371 ], [ -98.016675, 26.060662 ], [ -98.020382, 26.058762 ], [ -98.022275, 26.059789 ], [ -98.023533, 26.062423 ], [ -98.024872, 26.064944 ], [ -98.026355, 26.066544 ], [ -98.028759, 26.06647 ], [ -98.030132, 26.065673 ], [ -98.032097, 26.063237 ], [ -98.033102, 26.061039 ], [ -98.034115, 26.057556 ], [ -98.034372, 26.054291 ], [ -98.034403, 26.051375 ], [ -98.035178, 26.049219 ], [ -98.0376, 26.045259 ], [ -98.038241, 26.042647 ], [ -98.039239, 26.041275 ], [ -98.044116, 26.04355 ], [ -98.047027, 26.044377 ], [ -98.053546, 26.044556 ], [ -98.061868, 26.046464 ], [ -98.064893, 26.04479 ], [ -98.070145, 26.037969 ], [ -98.073242, 26.036481 ], [ -98.07662, 26.036415 ], [ -98.07875, 26.039156 ], [ -98.080003, 26.04196 ], [ -98.07366, 26.043142 ], [ -98.070857, 26.045947 ], [ -98.070021, 26.047992 ], [ -98.070025, 26.051466 ], [ -98.071257, 26.055433 ], [ -98.075073, 26.059871 ], [ -98.076336320374295, 26.0668883968583 ], [ -98.076544, 26.068042 ], [ -98.080495, 26.070932 ], [ -98.084755, 26.070808 ], [ -98.085849, 26.069208 ], [ -98.081567, 26.066108 ], [ -98.081884, 26.063724 ], [ -98.091038, 26.059169 ], [ -98.094432, 26.058625 ], [ -98.097643, 26.060271 ], [ -98.102203, 26.065426 ], [ -98.105505, 26.067537 ], [ -98.119758, 26.064447 ], [ -98.123996, 26.062375 ], [ -98.128331, 26.061929 ], [ -98.130776, 26.063689 ], [ -98.131014, 26.066843 ], [ -98.128964, 26.070238 ], [ -98.128367, 26.072399 ], [ -98.129333, 26.073963 ], [ -98.130004948004597, 26.074036693510902 ], [ -98.131494, 26.0742 ], [ -98.133485, 26.073498 ], [ -98.135221, 26.072148 ], [ -98.136804, 26.067862 ], [ -98.136976, 26.061703 ], [ -98.141122, 26.054387 ], [ -98.144787, 26.049607 ], [ -98.147398, 26.049483 ], [ -98.149463, 26.051579 ], [ -98.149463, 26.055813 ], [ -98.151731, 26.058187 ], [ -98.153526, 26.058108 ], [ -98.155609, 26.056648 ], [ -98.156682, 26.054979 ], [ -98.159262, 26.053743 ], [ -98.16188, 26.054539 ], [ -98.162489, 26.056096 ], [ -98.158334, 26.06058 ], [ -98.158422, 26.0627 ], [ -98.160733, 26.064231 ], [ -98.16655, 26.062356 ], [ -98.168829, 26.062987 ], [ -98.170140761057695, 26.0663931256789 ], [ -98.171598, 26.070177 ], [ -98.173976, 26.073063 ], [ -98.176296, 26.075075 ], [ -98.177534, 26.075023 ], [ -98.179376, 26.073784 ], [ -98.180197, 26.071688 ], [ -98.180059, 26.068179 ], [ -98.179829, 26.064961 ], [ -98.177785, 26.063728 ], [ -98.17654, 26.06162 ], [ -98.177875, 26.060017 ], [ -98.179406, 26.06001 ], [ -98.181032, 26.061482 ], [ -98.184322, 26.063917 ], [ -98.18649, 26.064294 ], [ -98.18906, 26.063258 ], [ -98.190006, 26.058093 ], [ -98.191547, 26.054984 ], [ -98.192305, 26.053453 ], [ -98.193985, 26.053324 ], [ -98.196572, 26.054138 ], [ -98.199446, 26.056862 ], [ -98.203600440355402, 26.0640625778885 ], [ -98.20496, 26.066419 ], [ -98.205093165780895, 26.066499862512799 ], [ -98.207366, 26.06788 ], [ -98.211395, 26.068513 ], [ -98.213584, 26.069753 ], [ -98.215214, 26.072416 ], [ -98.216832, 26.074437 ], [ -98.220673, 26.076467 ], [ -98.230097, 26.077155 ], [ -98.243682, 26.073745 ], [ -98.246305, 26.07229 ], [ -98.248737, 26.072042 ], [ -98.250957, 26.074089 ], [ -98.251934, 26.079215 ], [ -98.256413, 26.081288 ], [ -98.260780276084105, 26.083360145497299 ], [ -98.26317, 26.084494 ], [ -98.265394, 26.087011 ], [ -98.266082, 26.089907 ], [ -98.268423, 26.093167 ], [ -98.271151081900598, 26.094914895566799 ], [ -98.271859456249103, 26.095368754515501 ], [ -98.277218, 26.098802 ], [ -98.283008766478403, 26.100675218394301 ], [ -98.283584583622996, 26.100861485837601 ], [ -98.284291, 26.10109 ], [ -98.286476, 26.102292 ], [ -98.288199906894505, 26.104820508412601 ], [ -98.288535, 26.105312 ], [ -98.286925, 26.106732 ], [ -98.284771, 26.10725 ], [ -98.281187, 26.10773 ], [ -98.277422618006497, 26.107000370900799 ], [ -98.275811, 26.106688 ], [ -98.272605, 26.106237 ], [ -98.270034, 26.10709 ], [ -98.270435850669202, 26.108066150860399 ], [ -98.271798, 26.111375 ], [ -98.271292179820705, 26.113711014563801 ], [ -98.271185, 26.114206 ], [ -98.269144, 26.115965 ], [ -98.26639, 26.116697 ], [ -98.265373, 26.11869 ], [ -98.266258, 26.120722 ], [ -98.26854, 26.120613 ], [ -98.270235, 26.119355 ], [ -98.272319, 26.116741 ], [ -98.274646, 26.115944 ], [ -98.276964107001305, 26.116502244330199 ], [ -98.279139, 26.117026 ], [ -98.287779, 26.119682 ], [ -98.2921, 26.120646 ], [ -98.296195, 26.120321 ], [ -98.299003, 26.118415 ], [ -98.299549320882406, 26.117411766753701 ], [ -98.299944, 26.116687 ], [ -98.301464464137396, 26.113229630015802 ], [ -98.302131, 26.111714 ], [ -98.302801, 26.109945 ], [ -98.302339, 26.107682 ], [ -98.300364, 26.105601 ], [ -98.298179, 26.10501 ], [ -98.297859, 26.103778 ], [ -98.298819, 26.102594 ], [ -98.302803, 26.102354 ], [ -98.306515, 26.10429 ], [ -98.3090110824579, 26.111554311747799 ], [ -98.309636, 26.113373 ], [ -98.3106, 26.114991 ], [ -98.311037430541404, 26.1151618207948 ], [ -98.313171, 26.115995 ], [ -98.316275, 26.116197 ], [ -98.317973522463802, 26.1169053200062 ], [ -98.32027, 26.117863 ], [ -98.323828, 26.121249 ], [ -98.335204, 26.137617 ], [ -98.335396, 26.139825 ], [ -98.334196, 26.141313 ], [ -98.327412, 26.142129 ], [ -98.32706, 26.143809 ], [ -98.328082, 26.144656 ], [ -98.332068, 26.145377 ], [ -98.334763, 26.145958 ], [ -98.3369, 26.147505 ], [ -98.33842, 26.151344 ], [ -98.337648, 26.153825 ], [ -98.33517, 26.156091 ], [ -98.333316, 26.1588 ], [ -98.333156, 26.162336 ], [ -98.334725, 26.165559 ], [ -98.336837, 26.166432 ], [ -98.33914, 26.166724 ], [ -98.342568, 26.167159 ], [ -98.345781, 26.166016 ], [ -98.347258, 26.164463 ], [ -98.348517, 26.160848 ], [ -98.348742, 26.154892 ], [ -98.349253, 26.152592 ], [ -98.350437, 26.151568 ], [ -98.352341, 26.15112 ], [ -98.353909, 26.152096 ], [ -98.356701, 26.156305 ], [ -98.358453, 26.161024 ], [ -98.357477, 26.167648 ], [ -98.358069, 26.170112 ], [ -98.359836, 26.172285 ], [ -98.362159, 26.172244 ], [ -98.364901, 26.169888 ], [ -98.3666, 26.168782 ], [ -98.367092, 26.166848 ], [ -98.366077, 26.165 ], [ -98.365033, 26.163318 ], [ -98.364702, 26.160891 ], [ -98.365029, 26.159156 ], [ -98.367237, 26.15768 ], [ -98.36907, 26.157093 ], [ -98.370911691363503, 26.157260514260301 ], [ -98.372885, 26.15744 ], [ -98.375726, 26.157263 ], [ -98.379062, 26.157056 ], [ -98.383924, 26.1566 ], [ -98.386487422291594, 26.157943414485501 ], [ -98.387206, 26.15832 ], [ -98.390118, 26.163264 ], [ -98.392038, 26.166576 ], [ -98.394278, 26.168592 ], [ -98.398646, 26.170896 ], [ -98.401542, 26.171648 ], [ -98.402745, 26.173259 ], [ -98.402249, 26.179523 ], [ -98.404433, 26.182564 ], [ -98.407467, 26.183404 ], [ -98.411003, 26.183564 ], [ -98.41812, 26.184648 ], [ -98.424279, 26.190879 ], [ -98.429495, 26.194095 ], [ -98.434055, 26.195903 ], [ -98.442536, 26.199151 ], [ -98.444376, 26.201407 ], [ -98.444504, 26.203743 ], [ -98.44356, 26.205727 ], [ -98.439203, 26.210923 ], [ -98.438822, 26.21422 ], [ -98.439322968322699, 26.216050690399602 ], [ -98.440251, 26.219442 ], [ -98.443406, 26.223653 ], [ -98.446658, 26.224389 ], [ -98.449305, 26.223307 ], [ -98.452957, 26.219983 ], [ -98.4536878396746, 26.2184558880735 ], [ -98.454342, 26.217089 ], [ -98.455242283827502, 26.217682965033902 ], [ -98.456367, 26.218425 ], [ -98.456724, 26.222883 ], [ -98.458402, 26.225317 ], [ -98.460689, 26.226064 ], [ -98.462714, 26.225802 ], [ -98.462965175249707, 26.225616000835899 ], [ -98.466167, 26.223245 ], [ -98.470365, 26.220702 ], [ -98.477789, 26.22019 ], [ -98.481582, 26.219379 ], [ -98.483269, 26.216439 ], [ -98.482918, 26.213867 ], [ -98.481241, 26.212174 ], [ -98.479049, 26.209367 ], [ -98.478161, 26.206513 ], [ -98.477961, 26.203647 ], [ -98.478425, 26.202255 ], [ -98.480361, 26.201311 ], [ -98.48274, 26.201644 ], [ -98.482815, 26.204035 ], [ -98.481751, 26.205967 ], [ -98.482021, 26.208588 ], [ -98.48375, 26.211628 ], [ -98.486988, 26.212923 ], [ -98.490138, 26.213177 ], [ -98.495133, 26.212128 ], [ -98.500333, 26.20975 ], [ -98.504072, 26.208798 ], [ -98.50608, 26.209019 ], [ -98.507332, 26.210171 ], [ -98.507105, 26.211675 ], [ -98.503859, 26.217451 ], [ -98.500916, 26.222211 ], [ -98.501547, 26.223077 ], [ -98.502908, 26.223486 ], [ -98.506343, 26.224135 ], [ -98.508284, 26.22528 ], [ -98.508691006137994, 26.225489049274199 ], [ -98.511623, 26.226995 ], [ -98.514847, 26.227218 ], [ -98.519058, 26.224939 ], [ -98.521918, 26.221574 ], [ -98.523414, 26.220894 ], [ -98.524787, 26.221878 ], [ -98.526366, 26.224684 ], [ -98.526625, 26.226219 ], [ -98.525956, 26.228662 ], [ -98.521788, 26.23253 ], [ -98.521814, 26.235642 ], [ -98.524456, 26.235565 ], [ -98.526904, 26.232837 ], [ -98.529503, 26.227727 ], [ -98.531592, 26.226544 ], [ -98.53408, 26.225604 ], [ -98.535578, 26.226002 ], [ -98.537109, 26.227721 ], [ -98.538017, 26.231331 ], [ -98.540914, 26.237147 ], [ -98.543549, 26.242436 ], [ -98.545328, 26.244536 ], [ -98.55172, 26.246304 ], [ -98.552214096701505, 26.2464629842192 ], [ -98.555409, 26.247491 ], [ -98.557349, 26.247482 ], [ -98.558816, 26.245932 ], [ -98.558197, 26.243979 ], [ -98.552335, 26.241192 ], [ -98.549822, 26.241161 ], [ -98.547567, 26.241371 ], [ -98.546023, 26.2392 ], [ -98.546005, 26.236889 ], [ -98.547343, 26.234647 ], [ -98.550145, 26.233502 ], [ -98.551157205559605, 26.2333350568213 ], [ -98.55408, 26.232853 ], [ -98.557587, 26.231042 ], [ -98.559181, 26.226274 ], [ -98.561701, 26.224811 ], [ -98.563414, 26.22534 ], [ -98.564953, 26.226912 ], [ -98.564257, 26.232852 ], [ -98.564329957020306, 26.233429943868401 ], [ -98.564985, 26.238619 ], [ -98.565351235428196, 26.2393161981819 ], [ -98.565961, 26.240477 ], [ -98.567645, 26.241566 ], [ -98.571006, 26.240471 ], [ -98.574106, 26.238585 ], [ -98.576643, 26.233834 ], [ -98.57839, 26.23384 ], [ -98.579966, 26.234995 ], [ -98.581103, 26.237881 ], [ -98.58392, 26.242023 ], [ -98.58512, 26.243716 ], [ -98.584674, 26.24545 ], [ -98.579958, 26.24943 ], [ -98.579546, 26.251716 ], [ -98.580112, 26.253648 ], [ -98.582917, 26.256472 ], [ -98.5865199903579, 26.257518330821298 ], [ -98.587545, 26.257816 ], [ -98.591377, 26.257563 ], [ -98.596334, 26.257972 ], [ -98.600049, 26.257265 ], [ -98.602978, 26.256056 ], [ -98.607545, 26.253782 ], [ -98.609624, 26.253268 ], [ -98.612913, 26.252727 ], [ -98.614799, 26.247727 ], [ -98.616128, 26.246795 ], [ -98.616475196900097, 26.246799271315101 ], [ -98.617266, 26.246809 ], [ -98.618272, 26.247768 ], [ -98.618816, 26.25035 ], [ -98.619519, 26.254659 ], [ -98.621654, 26.258774 ], [ -98.622947, 26.259654 ], [ -98.624759, 26.259221 ], [ -98.627709, 26.255763 ], [ -98.630622, 26.253595 ], [ -98.632436, 26.251682 ], [ -98.63306, 26.248668 ], [ -98.633399, 26.244358 ], [ -98.63418, 26.242612 ], [ -98.636253, 26.241866 ], [ -98.640339, 26.24195 ], [ -98.644404, 26.24123 ], [ -98.648528, 26.239481 ], [ -98.651573, 26.237239 ], [ -98.654221, 26.23596 ], [ -98.66198, 26.235246 ], [ -98.669397, 26.23632 ], [ -98.675206, 26.239989 ], [ -98.679042, 26.245554 ], [ -98.679522, 26.250679 ], [ -98.677766, 26.255568 ], [ -98.678524508269604, 26.258428950654501 ], [ -98.678958, 26.260064 ], [ -98.681167, 26.26271 ], [ -98.683757, 26.264393 ], [ -98.687156, 26.26512 ], [ -98.693613, 26.26489 ], [ -98.698856, 26.265619 ], [ -98.710942, 26.268692 ], [ -98.718412, 26.271417 ], [ -98.719885, 26.272705 ], [ -98.720181, 26.274507 ], [ -98.719508, 26.276242 ], [ -98.717792, 26.277624 ], [ -98.712157, 26.278977 ], [ -98.703226, 26.27717 ], [ -98.701159, 26.278023 ], [ -98.699943, 26.280005 ], [ -98.700452, 26.283005 ], [ -98.7018, 26.286163 ], [ -98.705049, 26.288206 ], [ -98.706474891667597, 26.288531662525401 ], [ -98.709353, 26.289189 ], [ -98.714802, 26.286077 ], [ -98.718218, 26.287253 ], [ -98.719907, 26.291052 ], [ -98.721853, 26.294789 ], [ -98.724135, 26.297054 ], [ -98.727765, 26.29877 ], [ -98.731056, 26.299103 ], [ -98.733666, 26.298692 ], [ -98.73608, 26.297866 ], [ -98.739153, 26.295555 ], [ -98.741513, 26.294122 ], [ -98.744008, 26.294251 ], [ -98.750202, 26.295694 ], [ -98.753081, 26.299853 ], [ -98.754805, 26.30172 ], [ -98.756123, 26.304249 ], [ -98.755566, 26.306338 ], [ -98.754216, 26.307928 ], [ -98.750353, 26.307657 ], [ -98.744323, 26.303422 ], [ -98.740419, 26.302777 ], [ -98.737692, 26.304418 ], [ -98.736224, 26.307649 ], [ -98.736312, 26.31024 ], [ -98.737457, 26.31245 ], [ -98.738305, 26.313831 ], [ -98.740563, 26.31479 ], [ -98.743477, 26.314897 ], [ -98.746167, 26.317381 ], [ -98.748223, 26.320582 ], [ -98.749184, 26.324272 ], [ -98.749232644324394, 26.325247617397899 ], [ -98.749469, 26.329988 ], [ -98.751021, 26.331833 ], [ -98.753776, 26.331666 ], [ -98.756606, 26.330981 ], [ -98.759855, 26.328648 ], [ -98.764007, 26.326473 ], [ -98.76824, 26.325308 ], [ -98.771327515023899, 26.3251426421491 ], [ -98.771937, 26.32511 ], [ -98.774906, 26.32534 ], [ -98.779912, 26.326542 ], [ -98.788165, 26.330094 ], [ -98.789822, 26.331575 ], [ -98.78813, 26.33565 ], [ -98.78809, 26.337327 ], [ -98.790062, 26.34052 ], [ -98.793073, 26.343515 ], [ -98.796252, 26.349104 ], [ -98.797629, 26.354211 ], [ -98.797865937094599, 26.356635330581199 ], [ -98.798211, 26.360166 ], [ -98.802238, 26.365456 ], [ -98.802469825836198, 26.365669567876601 ], [ -98.805006, 26.368006 ], [ -98.807348, 26.369421 ], [ -98.812928, 26.366309 ], [ -98.81507, 26.366478 ], [ -98.816622, 26.367733 ], [ -98.819438, 26.370461 ], [ -98.820452, 26.371002 ], [ -98.824571, 26.370715 ], [ -98.826346948478104, 26.369681399249298 ], [ -98.827382, 26.369079 ], [ -98.832909, 26.363338 ], [ -98.841562, 26.358943 ], [ -98.845703, 26.35893 ], [ -98.846822, 26.359501 ], [ -98.848972, 26.360796 ], [ -98.850608, 26.363674 ], [ -98.853248984550802, 26.3649432155892 ], [ -98.853415, 26.365023 ], [ -98.857278, 26.365904 ], [ -98.861354, 26.36599 ], [ -98.864709, 26.365261 ], [ -98.867314, 26.363778 ], [ -98.872862, 26.36172 ], [ -98.878494, 26.360694 ], [ -98.887098, 26.357688 ], [ -98.896734, 26.35333 ], [ -98.898362, 26.354745 ], [ -98.900494, 26.35853 ], [ -98.900993, 26.361385 ], [ -98.899697, 26.365823 ], [ -98.900126, 26.368121 ], [ -98.901035113260406, 26.370689313902499 ], [ -98.901108149168905, 26.370895645882499 ], [ -98.901115, 26.370915 ], [ -98.903175, 26.371964 ], [ -98.911058, 26.371767 ], [ -98.915694, 26.373429 ], [ -98.919342, 26.376704 ], [ -98.922305, 26.379508 ], [ -98.923862, 26.38294 ], [ -98.923692, 26.386282 ], [ -98.923959, 26.388804 ], [ -98.923803, 26.392087 ], [ -98.92467, 26.393326 ], [ -98.926863, 26.394471 ], [ -98.927584631555604, 26.394163130015698 ], [ -98.928703, 26.393686 ], [ -98.931741, 26.390518 ], [ -98.934509, 26.387736 ], [ -98.935841, 26.3843 ], [ -98.935808, 26.382745 ], [ -98.934307, 26.377464 ], [ -98.934696, 26.374093 ], [ -98.936164, 26.371533 ], [ -98.938669, 26.369744 ], [ -98.942152, 26.369687 ], [ -98.946694, 26.370003 ], [ -98.950288, 26.372366 ], [ -98.956128, 26.377561 ], [ -98.955984, 26.379466 ], [ -98.954653, 26.38133 ], [ -98.953316, 26.384747 ], [ -98.953108478550206, 26.3900251641731 ], [ -98.953042, 26.391716 ], [ -98.954089, 26.393903 ], [ -98.954570584168295, 26.394280864781599 ], [ -98.956392, 26.39571 ], [ -98.961377, 26.398046 ], [ -98.964768, 26.398845 ], [ -98.968619, 26.398983 ], [ -98.973187, 26.400841 ], [ -98.975227, 26.40114 ], [ -98.976191087168601, 26.400841393276298 ], [ -98.979153, 26.399924 ], [ -98.982019, 26.396833 ], [ -98.982385257743104, 26.396486257743099 ], [ -98.983256727077801, 26.395661223325 ], [ -98.984424452756897, 26.3945557181308 ], [ -98.986298, 26.392782 ], [ -98.98859, 26.391806 ], [ -98.991181, 26.391621 ], [ -98.998214, 26.39244 ], [ -99.000849, 26.392418 ], [ -99.003674, 26.393698 ], [ -99.005749, 26.393199 ], [ -99.009505, 26.392152 ], [ -99.01165, 26.392496 ], [ -99.013174, 26.394122 ], [ -99.014562, 26.396375 ], [ -99.015329, 26.398592 ], [ -99.016748, 26.401361 ], [ -99.017495754128205, 26.402303945778399 ], [ -99.018856631206901, 26.404020062410702 ], [ -99.021935, 26.407902 ], [ -99.024165, 26.409367 ], [ -99.025256764640901, 26.4097711281768 ], [ -99.026283, 26.410151 ], [ -99.03172, 26.412964 ], [ -99.032318368474904, 26.413057252229901 ], [ -99.037187, 26.413816 ], [ -99.041241, 26.412266 ], [ -99.045466, 26.409816 ], [ -99.047575, 26.406922 ], [ -99.04997, 26.405259 ], [ -99.053185, 26.402006 ], [ -99.062093, 26.397371 ], [ -99.064166, 26.397168 ], [ -99.069041, 26.397639 ], [ -99.07284, 26.396906 ], [ -99.076165, 26.396762 ], [ -99.079736, 26.397158 ], [ -99.082002, 26.39651 ], [ -99.085126, 26.398782 ], [ -99.089413, 26.4081 ], [ -99.091029, 26.409333 ], [ -99.094783, 26.410953 ], [ -99.096348, 26.412337 ], [ -99.099021, 26.416617 ], [ -99.101274, 26.418829 ], [ -99.104515, 26.421517 ], [ -99.106064, 26.423452 ], [ -99.108411, 26.425082 ], [ -99.110855, 26.426278 ], [ -99.113546, 26.43253 ], [ -99.113808, 26.434002 ], [ -99.113163, 26.43518 ], [ -99.1089, 26.436948 ], [ -99.106702, 26.437966 ], [ -99.104518, 26.439734 ], [ -99.102543, 26.44244 ], [ -99.102445, 26.443831 ], [ -99.102359, 26.447981 ], [ -99.100822, 26.450212 ], [ -99.100647, 26.451918 ], [ -99.099966, 26.454375 ], [ -99.100357, 26.458748 ], [ -99.099091, 26.461857 ], [ -99.096912, 26.464589 ], [ -99.093618, 26.4683 ], [ -99.091976, 26.472376 ], [ -99.091635, 26.476977 ], [ -99.095479, 26.481678 ], [ -99.096638, 26.484415 ], [ -99.105031, 26.500335 ], [ -99.111992, 26.507381 ], [ -99.113065, 26.509473 ], [ -99.117207, 26.51465 ], [ -99.119127, 26.517118 ], [ -99.12151, 26.518345 ], [ -99.127782, 26.525199 ], [ -99.13531, 26.526197 ], [ -99.138555, 26.527641 ], [ -99.143659, 26.527901 ], [ -99.162302, 26.534946 ], [ -99.166742, 26.536079 ], [ -99.170704, 26.540316 ], [ -99.171748, 26.543706 ], [ -99.171404, 26.549848 ], [ -99.169665, 26.553928 ], [ -99.168551, 26.555277 ], [ -99.167998, 26.55779 ], [ -99.16741, 26.560001 ], [ -99.169463966400798, 26.571673559573998 ], [ -99.09139, 26.622797 ], [ -99.058415, 26.644189 ], [ -99.051848, 26.648073 ], [ -99.033527, 26.660503 ], [ -99.022316, 26.66711 ], [ -99.016376, 26.671048 ], [ -99.011112, 26.675023 ], [ -98.95423, 26.785694 ], [ -98.8753, 26.785394 ], [ -98.874718, 26.785494 ], [ -98.85127, 26.785335 ], [ -98.824297, 26.785207 ], [ -98.814183, 26.784771 ], [ -98.809551, 26.784916 ], [ -98.808875, 26.785146 ], [ -98.642932, 26.78413 ], [ -98.508875, 26.783695 ], [ -98.502256, 26.783832 ], [ -98.422616, 26.783535 ], [ -98.32067, 26.783081 ], [ -98.077753, 26.781798 ] ] ] } },
{ "type": "Feature", "properties": { "FederalDivisionName": "Victoria", "FederalJudicialDistrict": "Southern" }, "geometry": { "type": "MultiPolygon", "coordinates": [ [ [ [ -96.797586, 28.269007 ], [ -96.794734, 28.264297 ], [ -96.789257, 28.258599 ], [ -96.788079, 28.255504 ], [ -96.787181, 28.251526 ], [ -96.786296, 28.248595 ], [ -96.785821, 28.245559 ], [ -96.784276, 28.243675 ], [ -96.779998, 28.244512 ], [ -96.776789, 28.244826 ], [ -96.780711, 28.240534 ], [ -96.784437, 28.2377 ], [ -96.783325, 28.232682 ], [ -96.785226, 28.22954 ], [ -96.789267, 28.227342 ], [ -96.795803, 28.224096 ], [ -96.800913, 28.222211 ], [ -96.804479, 28.223153 ], [ -96.809352703572799, 28.2205944147045 ], [ -96.798718112219902, 28.275947999820801 ], [ -96.798418, 28.275601 ], [ -96.797586, 28.269007 ] ] ], [ [ [ -97.494181, 28.227825 ], [ -97.479076, 28.248476 ], [ -97.47809, 28.250285 ], [ -97.408493, 28.344114 ], [ -97.395705, 28.3615 ], [ -97.38065, 28.381777 ], [ -97.375579, 28.388684 ], [ -97.376737, 28.390075 ], [ -97.380587, 28.390792 ], [ -97.383953, 28.389677 ], [ -97.385869, 28.389793 ], [ -97.388394, 28.391208 ], [ -97.389258, 28.39298 ], [ -97.38805, 28.395697 ], [ -97.389772, 28.397078 ], [ -97.392604, 28.3961 ], [ -97.393961, 28.393493 ], [ -97.395778, 28.392261 ], [ -97.399373, 28.392191 ], [ -97.40137, 28.393836 ], [ -97.401717, 28.395674 ], [ -97.401399, 28.397918 ], [ -97.400222, 28.400998 ], [ -97.397882, 28.403038 ], [ -97.39805, 28.404078 ], [ -97.400463, 28.405696 ], [ -97.406231, 28.405879 ], [ -97.408228, 28.406529 ], [ -97.410237, 28.40802 ], [ -97.41728, 28.405942 ], [ -97.419048, 28.404369 ], [ -97.420547, 28.404182 ], [ -97.424286, 28.407593 ], [ -97.426874, 28.411681 ], [ -97.429271, 28.413018 ], [ -97.431104, 28.413029 ], [ -97.434645, 28.410631 ], [ -97.439237, 28.409338 ], [ -97.441061, 28.409353 ], [ -97.442957, 28.408573 ], [ -97.444581, 28.403022 ], [ -97.445359, 28.402692 ], [ -97.447238, 28.403248 ], [ -97.448078, 28.40453 ], [ -97.448551, 28.406889 ], [ -97.449428, 28.408331 ], [ -97.451158, 28.409486 ], [ -97.452203, 28.409497 ], [ -97.45397, 28.408061 ], [ -97.456726, 28.407362 ], [ -97.459265, 28.407499 ], [ -97.461324, 28.408637 ], [ -97.464224, 28.411283 ], [ -97.464922, 28.41559 ], [ -97.465563, 28.416773 ], [ -97.468134, 28.417564 ], [ -97.469932, 28.418692 ], [ -97.470225, 28.419534 ], [ -97.469118, 28.422114 ], [ -97.470239, 28.425106 ], [ -97.474253, 28.42642 ], [ -97.478561, 28.431007 ], [ -97.4805, 28.433889 ], [ -97.481585, 28.434631 ], [ -97.48521, 28.436391 ], [ -97.489473, 28.437148 ], [ -97.491814, 28.438451 ], [ -97.494011, 28.438846 ], [ -97.498038, 28.438256 ], [ -97.499749, 28.437513 ], [ -97.502049, 28.437813 ], [ -97.503941, 28.437099 ], [ -97.505299, 28.434586 ], [ -97.508219, 28.4327 ], [ -97.510472, 28.432178 ], [ -97.513696, 28.432587 ], [ -97.516353, 28.431878 ], [ -97.517853, 28.431972 ], [ -97.520292, 28.433508 ], [ -97.521199, 28.437634 ], [ -97.523879, 28.440738 ], [ -97.523064, 28.442773 ], [ -97.520599, 28.444081 ], [ -97.520418, 28.446007 ], [ -97.521886, 28.446876 ], [ -97.525508, 28.44735 ], [ -97.529194, 28.446394 ], [ -97.531907, 28.446301 ], [ -97.533818, 28.447798 ], [ -97.53535, 28.448105 ], [ -97.538337, 28.446154 ], [ -97.541829, 28.446689 ], [ -97.544654, 28.449929 ], [ -97.546571, 28.450254 ], [ -97.548027, 28.451316 ], [ -97.551369, 28.450441 ], [ -97.552683, 28.451812 ], [ -97.553916, 28.455278 ], [ -97.553685, 28.458452 ], [ -97.554624, 28.462925 ], [ -97.553858, 28.465565 ], [ -97.551692, 28.46754 ], [ -97.551392, 28.468475 ], [ -97.551597, 28.472117 ], [ -97.553172, 28.473696 ], [ -97.552817, 28.475391 ], [ -97.551709, 28.476859 ], [ -97.552349, 28.481866 ], [ -97.553962, 28.484055 ], [ -97.55512, 28.484903 ], [ -97.553999, 28.486872 ], [ -97.553943, 28.488324 ], [ -97.554882, 28.490706 ], [ -97.554733, 28.49223 ], [ -97.55259, 28.494326 ], [ -97.552516, 28.494964 ], [ -97.554085, 28.497555 ], [ -97.554165, 28.499354 ], [ -97.553608, 28.500894 ], [ -97.553932, 28.502864 ], [ -97.556105, 28.503986 ], [ -97.557487, 28.508398 ], [ -97.558608, 28.514241 ], [ -97.560066, 28.51374 ], [ -97.561585, 28.515534 ], [ -97.563024, 28.516408 ], [ -97.565509, 28.515077 ], [ -97.568953, 28.515402 ], [ -97.569203, 28.516848 ], [ -97.571539, 28.519533 ], [ -97.573613, 28.520903 ], [ -97.577058, 28.522547 ], [ -97.582446, 28.522238 ], [ -97.584134, 28.522535 ], [ -97.58627, 28.524372 ], [ -97.590755, 28.523909 ], [ -97.59506, 28.52508 ], [ -97.599525, 28.523627 ], [ -97.601494, 28.523423 ], [ -97.60477, 28.52422 ], [ -97.60588, 28.526354 ], [ -97.607438, 28.5267 ], [ -97.608422, 28.526188 ], [ -97.608626, 28.523487 ], [ -97.610401, 28.523233 ], [ -97.612601, 28.525053 ], [ -97.616283, 28.526631 ], [ -97.617673, 28.528225 ], [ -97.619796, 28.527152 ], [ -97.623081, 28.529588 ], [ -97.623189, 28.528012 ], [ -97.62654, 28.528265 ], [ -97.627413, 28.527236 ], [ -97.630191, 28.527056 ], [ -97.633886, 28.524802 ], [ -97.637001, 28.524996 ], [ -97.638814, 28.523434 ], [ -97.640147, 28.524359 ], [ -97.642452, 28.524304 ], [ -97.642869, 28.523683 ], [ -97.641861, 28.522109 ], [ -97.644889, 28.520812 ], [ -97.646595, 28.520928 ], [ -97.649896, 28.523135 ], [ -97.652188, 28.52362 ], [ -97.654081, 28.525304 ], [ -97.653919, 28.527323 ], [ -97.654859, 28.52833 ], [ -97.65603, 28.528478 ], [ -97.659213, 28.527329 ], [ -97.662552, 28.527935 ], [ -97.668139, 28.53045 ], [ -97.668575, 28.534439 ], [ -97.669397, 28.53533 ], [ -97.671608, 28.535776 ], [ -97.679533, 28.535177 ], [ -97.680423, 28.536382 ], [ -97.683071, 28.536399 ], [ -97.684772, 28.537197 ], [ -97.684928, 28.539276 ], [ -97.686105, 28.540024 ], [ -97.691793, 28.541075 ], [ -97.693506, 28.542071 ], [ -97.696572, 28.541537 ], [ -97.698441, 28.545267 ], [ -97.698802, 28.547768 ], [ -97.699986, 28.548612 ], [ -97.701027, 28.550614 ], [ -97.698815, 28.550846 ], [ -97.698971, 28.552078 ], [ -97.700292, 28.554851 ], [ -97.702299, 28.555802 ], [ -97.703365, 28.557904 ], [ -97.701626, 28.560413 ], [ -97.704998, 28.561122 ], [ -97.703521, 28.563125 ], [ -97.704475, 28.566348 ], [ -97.705933, 28.567465 ], [ -97.706164, 28.5696 ], [ -97.707903, 28.568301 ], [ -97.709018, 28.56862 ], [ -97.709156, 28.572053 ], [ -97.70829, 28.573329 ], [ -97.708365, 28.574776 ], [ -97.710004, 28.574803 ], [ -97.712653, 28.576283 ], [ -97.711631, 28.578038 ], [ -97.712517, 28.580118 ], [ -97.71243, 28.582351 ], [ -97.714007, 28.583886 ], [ -97.713048, 28.586406 ], [ -97.714027, 28.587726 ], [ -97.715978, 28.588941 ], [ -97.716452, 28.591208 ], [ -97.719021, 28.592693 ], [ -97.719688, 28.594063 ], [ -97.721745, 28.595806 ], [ -97.719894, 28.596973 ], [ -97.720781, 28.601132 ], [ -97.723811, 28.604003 ], [ -97.72499, 28.604547 ], [ -97.726873, 28.607424 ], [ -97.727129, 28.608662 ], [ -97.728882, 28.610493 ], [ -97.729606, 28.612584 ], [ -97.72856, 28.616804 ], [ -97.728336, 28.620908 ], [ -97.729378, 28.622982 ], [ -97.730975, 28.622734 ], [ -97.731935, 28.623515 ], [ -97.731406, 28.625 ], [ -97.732214, 28.625996 ], [ -97.731158, 28.62663 ], [ -97.731603, 28.628063 ], [ -97.736571, 28.63026 ], [ -97.737915, 28.630346 ], [ -97.738945, 28.63264 ], [ -97.739899, 28.632628 ], [ -97.742357, 28.635675 ], [ -97.744659, 28.636939 ], [ -97.746592, 28.636564 ], [ -97.750483, 28.639235 ], [ -97.751953, 28.641887 ], [ -97.753368, 28.642641 ], [ -97.753779, 28.644199 ], [ -97.752455, 28.647625 ], [ -97.753575, 28.651901 ], [ -97.754593, 28.654165 ], [ -97.7554, 28.655037 ], [ -97.758518, 28.655974 ], [ -97.759921, 28.65796 ], [ -97.762553, 28.657928 ], [ -97.763351, 28.658539 ], [ -97.762302, 28.659947 ], [ -97.765532, 28.661726 ], [ -97.766641, 28.664807 ], [ -97.769866, 28.664599 ], [ -97.772004, 28.668324 ], [ -97.773377, 28.667851 ], [ -97.773875, 28.669018 ], [ -97.778336, 28.667649 ], [ -97.77853, 28.668027 ], [ -97.653782, 28.756962 ], [ -97.606673, 28.790497 ], [ -97.574639, 28.8133 ], [ -97.597906, 28.838538 ], [ -97.598366, 28.838909 ], [ -97.612614, 28.854296 ], [ -97.740474, 28.991377 ], [ -97.754691, 29.006789 ], [ -97.75511, 29.007113 ], [ -97.751977, 29.009365 ], [ -97.745589, 29.013546 ], [ -97.725691, 29.028271 ], [ -97.655712, 29.079511 ], [ -97.630208, 29.098363 ], [ -97.624957, 29.100801 ], [ -97.613132, 29.109765 ], [ -97.603331, 29.11738 ], [ -97.600988, 29.118938 ], [ -97.556513, 29.152313 ], [ -97.450564, 29.230813 ], [ -97.444486, 29.235217 ], [ -97.379051, 29.282973 ], [ -97.33368, 29.316167 ], [ -97.289155, 29.34871 ], [ -97.253742, 29.374662 ], [ -97.240108, 29.384488 ], [ -97.239601, 29.385512 ], [ -97.229184, 29.419242 ], [ -97.211244, 29.478298 ], [ -97.204794, 29.500238 ], [ -97.202331, 29.507527 ], [ -97.202595, 29.517846 ], [ -97.202635, 29.519381 ], [ -97.203744, 29.559316 ], [ -97.204087, 29.580613 ], [ -97.197872, 29.585472 ], [ -97.148402, 29.624138 ], [ -97.142643, 29.628101 ], [ -97.130431, 29.628322 ], [ -97.125264, 29.628424 ], [ -97.12209, 29.628387 ], [ -97.04525, 29.629722 ], [ -97.039475, 29.630026 ], [ -97.02106, 29.630153 ], [ -96.995126, 29.631081 ], [ -96.993244, 29.631024 ], [ -96.963634, 29.631506 ], [ -96.927117, 29.631955 ], [ -96.926987, 29.63168 ], [ -96.905413, 29.632198 ], [ -96.874222, 29.632706 ], [ -96.864996, 29.632706 ], [ -96.865566, 29.630153 ], [ -96.86289, 29.629742 ], [ -96.863085, 29.628334 ], [ -96.859075, 29.626725 ], [ -96.859144, 29.624376 ], [ -96.857136, 29.62321 ], [ -96.854581, 29.623024 ], [ -96.850987, 29.621513 ], [ -96.848029, 29.620969 ], [ -96.847242, 29.620172 ], [ -96.848953, 29.618918 ], [ -96.847348, 29.61706 ], [ -96.844497, 29.616889 ], [ -96.842861, 29.616082 ], [ -96.843131, 29.61485 ], [ -96.842338, 29.612826 ], [ -96.843564, 29.611056 ], [ -96.84428, 29.609041 ], [ -96.841261, 29.607647 ], [ -96.840354, 29.605227 ], [ -96.837931, 29.603793 ], [ -96.837566, 29.60029 ], [ -96.836873, 29.598569 ], [ -96.836112, 29.598487 ], [ -96.833324, 29.595903 ], [ -96.833362, 29.595298 ], [ -96.835765, 29.592773 ], [ -96.836311, 29.588556 ], [ -96.838947, 29.586163 ], [ -96.839287, 29.585245 ], [ -96.838745, 29.583046 ], [ -96.83653, 29.580907 ], [ -96.834794, 29.579934 ], [ -96.832812, 29.576863 ], [ -96.793132, 29.577378 ], [ -96.792988, 29.577228 ], [ -96.761287, 29.544276 ], [ -96.757798, 29.54065 ], [ -96.706877, 29.487566 ], [ -96.706155, 29.486696 ], [ -96.703613, 29.483805 ], [ -96.688914, 29.467968 ], [ -96.687582, 29.466496 ], [ -96.560555, 29.335439 ], [ -96.573182, 29.326144 ], [ -96.658466, 29.263876 ], [ -96.643316, 29.25025 ], [ -96.640315, 29.247804 ], [ -96.634506, 29.242625 ], [ -96.633831, 29.242023 ], [ -96.625251, 29.234372 ], [ -96.61337, 29.225583 ], [ -96.568496, 29.186852 ], [ -96.546354, 29.167733 ], [ -96.541186, 29.16325 ], [ -96.531837, 29.155159 ], [ -96.448495, 29.083387 ], [ -96.429938, 29.067353 ], [ -96.331515, 28.982818 ], [ -96.330511, 28.981826 ], [ -96.309178, 28.963291 ], [ -96.31006, 28.941035 ], [ -96.310623, 28.930112 ], [ -96.310686, 28.922589 ], [ -96.315301, 28.829111 ], [ -96.317336, 28.790066 ], [ -96.31815, 28.776352 ], [ -96.323522, 28.675597 ], [ -96.322731, 28.642944 ], [ -96.352288, 28.509531 ], [ -96.361009, 28.470727 ], [ -96.364588, 28.454239 ], [ -96.367547, 28.440465 ], [ -96.378326524119402, 28.390777479321599 ], [ -96.38224, 28.387946 ], [ -96.390376, 28.381815 ], [ -96.389663, 28.379305 ], [ -96.389421, 28.37507 ], [ -96.390732, 28.372718 ], [ -96.400477, 28.357137 ], [ -96.407197, 28.348733 ], [ -96.412837, 28.342808 ], [ -96.426503, 28.330779 ], [ -96.442849, 28.317666 ], [ -96.45228, 28.312505 ], [ -96.46795, 28.305705 ], [ -96.492356, 28.296103 ], [ -96.519391, 28.284023 ], [ -96.542877, 28.272719 ], [ -96.560568, 28.264033 ], [ -96.582986, 28.251832 ], [ -96.604777, 28.238953 ], [ -96.63201, 28.222821 ], [ -96.65636, 28.207433 ], [ -96.672214, 28.197012 ], [ -96.693307, 28.182978 ], [ -96.724596, 28.161123 ], [ -96.752181, 28.141105 ], [ -96.787021, 28.11449 ], [ -96.812889, 28.094381 ], [ -96.851367, 28.062368 ], [ -96.853053963155901, 28.060847271843301 ], [ -96.853988, 28.063105 ], [ -96.853688, 28.063904 ], [ -96.849713, 28.066905 ], [ -96.847129, 28.070604 ], [ -96.846903, 28.074545 ], [ -96.846044, 28.076095 ], [ -96.845627, 28.079595 ], [ -96.844083, 28.084351 ], [ -96.842277, 28.08789 ], [ -96.840098, 28.09061 ], [ -96.837646, 28.094673 ], [ -96.838021, 28.096954 ], [ -96.837736, 28.099491 ], [ -96.834182, 28.103307 ], [ -96.830861, 28.108 ], [ -96.830200830653098, 28.110881644063699 ], [ -96.829378, 28.110586 ], [ -96.825585, 28.112161 ], [ -96.823112, 28.11531 ], [ -96.820888, 28.116142 ], [ -96.810943, 28.123354 ], [ -96.809367, 28.126543 ], [ -96.810747, 28.131804 ], [ -96.810463, 28.133 ], [ -96.80531, 28.134426 ], [ -96.803171, 28.135579 ], [ -96.801983, 28.140818 ], [ -96.802937, 28.14434 ], [ -96.805572, 28.144508 ], [ -96.808519, 28.144696 ], [ -96.81149, 28.143229 ], [ -96.815887, 28.141552 ], [ -96.818264, 28.143753 ], [ -96.819334, 28.143333 ], [ -96.81969, 28.144696 ], [ -96.818502, 28.145534 ], [ -96.818264, 28.148049 ], [ -96.817551, 28.150459 ], [ -96.818026, 28.152659 ], [ -96.8166, 28.154545 ], [ -96.816719, 28.158527 ], [ -96.818858, 28.160203 ], [ -96.820330552428501, 28.163417128858399 ], [ -96.819460459077305, 28.168071581853798 ], [ -96.818739, 28.167956 ], [ -96.817194, 28.17068 ], [ -96.816957, 28.17508 ], [ -96.815174, 28.175604 ], [ -96.812322, 28.174975 ], [ -96.805667, 28.178327 ], [ -96.801745, 28.182203 ], [ -96.798418, 28.185555 ], [ -96.794139, 28.188069 ], [ -96.790574, 28.188907 ], [ -96.786415, 28.189745 ], [ -96.77141, 28.188154 ], [ -96.7463, 28.188645 ], [ -96.735394, 28.190094 ], [ -96.732249, 28.186928 ], [ -96.720379, 28.186001 ], [ -96.717321, 28.188586 ], [ -96.717049, 28.191029 ], [ -96.716223, 28.193168 ], [ -96.708219, 28.19661 ], [ -96.702185, 28.197503 ], [ -96.697641, 28.202209 ], [ -96.697047, 28.20378 ], [ -96.699662, 28.205351 ], [ -96.701444, 28.209854 ], [ -96.702752, 28.214567 ], [ -96.702633, 28.215509 ], [ -96.696097, 28.216975 ], [ -96.689917, 28.218022 ], [ -96.681955, 28.22085 ], [ -96.673992, 28.224619 ], [ -96.666862, 28.22598 ], [ -96.662703, 28.22598 ], [ -96.659375, 28.227446 ], [ -96.658187, 28.229331 ], [ -96.660445, 28.231006 ], [ -96.662703, 28.232367 ], [ -96.659409, 28.237825 ], [ -96.657495, 28.238154 ], [ -96.65632, 28.236932 ], [ -96.655843, 28.235062 ], [ -96.654434, 28.23497 ], [ -96.653161, 28.235757 ], [ -96.652493, 28.237999 ], [ -96.653498, 28.240235 ], [ -96.653117, 28.242467 ], [ -96.650318, 28.243189 ], [ -96.649436, 28.244635 ], [ -96.65025, 28.246127 ], [ -96.649536, 28.248158 ], [ -96.650005, 28.250243 ], [ -96.648475, 28.25204 ], [ -96.635933, 28.259267 ], [ -96.629071, 28.261994 ], [ -96.616247, 28.262923 ], [ -96.615731, 28.264888 ], [ -96.618475, 28.266997 ], [ -96.623459, 28.266392 ], [ -96.624665, 28.266626 ], [ -96.625031, 28.268009 ], [ -96.624583, 28.269024 ], [ -96.614341, 28.271335 ], [ -96.612511, 28.273088 ], [ -96.606892, 28.27522 ], [ -96.606527, 28.277226 ], [ -96.604118, 28.277609 ], [ -96.602214, 28.27653 ], [ -96.595946, 28.277305 ], [ -96.593107, 28.280629 ], [ -96.592979, 28.282904 ], [ -96.595028, 28.283707 ], [ -96.60354, 28.282144 ], [ -96.609472, 28.27974 ], [ -96.611232, 28.28013 ], [ -96.61127, 28.281422 ], [ -96.606372, 28.284224 ], [ -96.604828, 28.287008 ], [ -96.603639, 28.292554 ], [ -96.601993, 28.293217 ], [ -96.599004, 28.293287 ], [ -96.591161, 28.297577 ], [ -96.582129, 28.301553 ], [ -96.575593, 28.300821 ], [ -96.571434, 28.301972 ], [ -96.567987, 28.301344 ], [ -96.558599, 28.301658 ], [ -96.553845, 28.302704 ], [ -96.549686, 28.303855 ], [ -96.547428, 28.305425 ], [ -96.54517, 28.312121 ], [ -96.541486, 28.31641 ], [ -96.533999, 28.3207 ], [ -96.525205, 28.323001 ], [ -96.505121, 28.326349 ], [ -96.482541, 28.330114 ], [ -96.467924, 28.332939 ], [ -96.450336, 28.33775 ], [ -96.440591, 28.34298 ], [ -96.441066, 28.34936 ], [ -96.441779, 28.352289 ], [ -96.433698, 28.363688 ], [ -96.438689, 28.368812 ], [ -96.444869, 28.370276 ], [ -96.465145, 28.366744 ], [ -96.47137, 28.365152 ], [ -96.471252, 28.367557 ], [ -96.468518, 28.37174 ], [ -96.461388, 28.37519 ], [ -96.452831, 28.380209 ], [ -96.450217, 28.388469 ], [ -96.447484, 28.392337 ], [ -96.437382, 28.396728 ], [ -96.427994, 28.400805 ], [ -96.420626, 28.404359 ], [ -96.419794, 28.40645 ], [ -96.416348, 28.413871 ], [ -96.420032, 28.416902 ], [ -96.42942, 28.41732 ], [ -96.441898, 28.418156 ], [ -96.45295, 28.418679 ], [ -96.460912, 28.414289 ], [ -96.466023, 28.409899 ], [ -96.479214, 28.402791 ], [ -96.511538, 28.383346 ], [ -96.523422, 28.378118 ], [ -96.534712, 28.374145 ], [ -96.550042, 28.369335 ], [ -96.557767, 28.366197 ], [ -96.573097, 28.358773 ], [ -96.581416, 28.353335 ], [ -96.5851, 28.350824 ], [ -96.601619, 28.337018 ], [ -96.620633, 28.31913 ], [ -96.625149, 28.316201 ], [ -96.623604, 28.313585 ], [ -96.621346, 28.310656 ], [ -96.618613, 28.309819 ], [ -96.616949, 28.307831 ], [ -96.61683, 28.306052 ], [ -96.618898, 28.304734 ], [ -96.620396, 28.30396 ], [ -96.624674, 28.303541 ], [ -96.626813, 28.305111 ], [ -96.625506, 28.309819 ], [ -96.626456, 28.312853 ], [ -96.632398, 28.318712 ], [ -96.651769, 28.317666 ], [ -96.656761, 28.31777 ], [ -96.664485, 28.315573 ], [ -96.663918, 28.310377 ], [ -96.665198, 28.30961 ], [ -96.684355, 28.314464 ], [ -96.685401, 28.315782 ], [ -96.685044, 28.317875 ], [ -96.687897, 28.328127 ], [ -96.699899, 28.342144 ], [ -96.705247, 28.348811 ], [ -96.706911, 28.354694 ], [ -96.706911, 28.356786 ], [ -96.704415, 28.356263 ], [ -96.702794, 28.357629 ], [ -96.700731, 28.360551 ], [ -96.700612, 28.36306 ], [ -96.699305, 28.370171 ], [ -96.699424, 28.380836 ], [ -96.700494, 28.382614 ], [ -96.701682, 28.384496 ], [ -96.705841, 28.387946 ], [ -96.709609, 28.388773 ], [ -96.709902, 28.389925 ], [ -96.706298, 28.392815 ], [ -96.705469, 28.395755 ], [ -96.705245, 28.400561 ], [ -96.706194, 28.403006 ], [ -96.706171, 28.404596 ], [ -96.708342339770894, 28.4065563824715 ], [ -96.708456, 28.406659 ], [ -96.712394, 28.408092 ], [ -96.725379240413801, 28.4092278646709 ], [ -96.727027, 28.409372 ], [ -96.727659381314794, 28.409088277577499 ], [ -96.729559, 28.408236 ], [ -96.732212409849396, 28.408710539293001 ], [ -96.73472, 28.409159 ], [ -96.740386, 28.410394 ], [ -96.742591, 28.41204 ], [ -96.744636, 28.411918 ], [ -96.745612, 28.41089 ], [ -96.746248, 28.40944 ], [ -96.747911, 28.409481 ], [ -96.748505, 28.412721 ], [ -96.752546, 28.421187 ], [ -96.752783, 28.433415 ], [ -96.753972, 28.436759 ], [ -96.758844, 28.441253 ], [ -96.776195, 28.450761 ], [ -96.783682, 28.455463 ], [ -96.792951, 28.465806 ], [ -96.793545, 28.468314 ], [ -96.793189, 28.476149 ], [ -96.79307, 28.480432 ], [ -96.795803, 28.480223 ], [ -96.799963, 28.481894 ], [ -96.805192, 28.479805 ], [ -96.815055, 28.475209 ], [ -96.823136, 28.470299 ], [ -96.827415, 28.46612 ], [ -96.826702, 28.461732 ], [ -96.828722, 28.459956 ], [ -96.82682, 28.458598 ], [ -96.825751, 28.45703 ], [ -96.823018, 28.45703 ], [ -96.820047, 28.459016 ], [ -96.81835, 28.459258 ], [ -96.816838, 28.457971 ], [ -96.815531, 28.456821 ], [ -96.81256, 28.457239 ], [ -96.810658, 28.455672 ], [ -96.8084, 28.455568 ], [ -96.807687, 28.456821 ], [ -96.805905, 28.457344 ], [ -96.804716, 28.458598 ], [ -96.801626, 28.459225 ], [ -96.800319, 28.461836 ], [ -96.796516, 28.460269 ], [ -96.793545, 28.458389 ], [ -96.792357, 28.456821 ], [ -96.790574, 28.452538 ], [ -96.785108, 28.448254 ], [ -96.784203276890807, 28.446822325152802 ], [ -96.781542, 28.442611 ], [ -96.779284, 28.438536 ], [ -96.779141174792201, 28.438387025761799 ], [ -96.774174, 28.433206 ], [ -96.773078373510799, 28.431744104876 ], [ -96.770728, 28.428608 ], [ -96.766331, 28.427458 ], [ -96.764638, 28.425502 ], [ -96.766989000205797, 28.420443993764898 ], [ -96.767055, 28.420302 ], [ -96.766999495259398, 28.4201581691167 ], [ -96.765856, 28.417195 ], [ -96.764786, 28.412826 ], [ -96.768352, 28.410389 ], [ -96.772867, 28.408331 ], [ -96.775985, 28.405809 ], [ -96.77869, 28.404463 ], [ -96.780948, 28.401118 ], [ -96.783444, 28.401327 ], [ -96.786771, 28.402164 ], [ -96.802696, 28.413348 ], [ -96.806855, 28.418156 ], [ -96.812485, 28.420329 ], [ -96.818739, 28.426518 ], [ -96.8248, 28.429235 ], [ -96.826939, 28.429339 ], [ -96.829316, 28.428399 ], [ -96.83811, 28.432788 ], [ -96.847499, 28.429339 ], [ -96.851183, 28.425891 ], [ -96.850351, 28.424323 ], [ -96.851064, 28.423591 ], [ -96.853916, 28.423173 ], [ -96.857125, 28.419411 ], [ -96.859145, 28.415857 ], [ -96.85962, 28.413348 ], [ -96.857956, 28.412408 ], [ -96.857719, 28.411153 ], [ -96.857838, 28.408645 ], [ -96.855699, 28.406972 ], [ -96.851064, 28.40415 ], [ -96.84631, 28.400073 ], [ -96.844875481526699, 28.398277298558298 ], [ -96.841890077616398, 28.3945402298448 ], [ -96.84013, 28.392337 ], [ -96.837546, 28.391586 ], [ -96.837873, 28.389619 ], [ -96.835852, 28.387737 ], [ -96.828841, 28.38115 ], [ -96.825989, 28.37885 ], [ -96.824087, 28.379059 ], [ -96.821473, 28.375922 ], [ -96.815768, 28.372472 ], [ -96.811965, 28.371321 ], [ -96.806261, 28.367557 ], [ -96.799131, 28.364838 ], [ -96.7945, 28.364634 ], [ -96.794368, 28.3621 ], [ -96.791881, 28.360341 ], [ -96.791525, 28.357518 ], [ -96.793831, 28.35183 ], [ -96.794971, 28.348105 ], [ -96.794696077197003, 28.347914885013001 ], [ -96.793308, 28.346955 ], [ -96.792713, 28.345804 ], [ -96.793046602935803, 28.345668615507599 ], [ -96.793585157705195, 28.345450056387602 ], [ -96.794258, 28.345177 ], [ -96.794734, 28.34298 ], [ -96.793051, 28.340355 ], [ -96.792399861540602, 28.336457874559301 ], [ -96.790099, 28.322687 ], [ -96.790534646413505, 28.319233011803199 ], [ -96.791467, 28.319027 ], [ -96.867144, 28.308307 ], [ -96.86882, 28.308234 ], [ -96.91989, 28.300848 ], [ -97.083376, 28.278186 ], [ -97.123072, 28.272817 ], [ -97.12396, 28.27231 ], [ -97.124252, 28.271435 ], [ -97.122642, 28.270298 ], [ -97.120915, 28.26988 ], [ -97.121473, 28.267619 ], [ -97.12085, 28.264193 ], [ -97.118985, 28.263071 ], [ -97.117474, 28.260041 ], [ -97.11756, 28.259128 ], [ -97.119354, 28.256322 ], [ -97.120739, 28.255837 ], [ -97.123802, 28.256232 ], [ -97.125, 28.255249 ], [ -97.125604, 28.253709 ], [ -97.125337, 28.253263 ], [ -97.121495, 28.252267 ], [ -97.118514, 28.249842 ], [ -97.118171, 28.247081 ], [ -97.1175, 28.246608 ], [ -97.112885, 28.246357 ], [ -97.112077, 28.245197 ], [ -97.112703, 28.243343 ], [ -97.112169, 28.242166 ], [ -97.108932, 28.240594 ], [ -97.108447, 28.239653 ], [ -97.108589, 28.237255 ], [ -97.107744, 28.236463 ], [ -97.10439, 28.236101 ], [ -97.10398, 28.234049 ], [ -97.103184, 28.232993 ], [ -97.101427, 28.234023 ], [ -97.097865, 28.232045 ], [ -97.097991, 28.230663 ], [ -97.099345, 28.229302 ], [ -97.102469, 28.227634 ], [ -97.102162, 28.22649 ], [ -97.098045, 28.225659 ], [ -97.09258, 28.223809 ], [ -97.087958, 28.220689 ], [ -97.084335, 28.220924 ], [ -97.079157, 28.219809 ], [ -97.076052, 28.219781 ], [ -97.073834, 28.218596 ], [ -97.07315, 28.216811 ], [ -97.071879, 28.216562 ], [ -97.070829, 28.214498 ], [ -97.069868, 28.214117 ], [ -97.065035, 28.214545 ], [ -97.064564, 28.212759 ], [ -97.065148, 28.211064 ], [ -97.063789, 28.207945 ], [ -97.062281, 28.206478 ], [ -97.059821, 28.205673 ], [ -97.056301, 28.205246 ], [ -97.054242, 28.203845 ], [ -97.053678, 28.204883 ], [ -97.05106, 28.205401 ], [ -97.049332, 28.206832 ], [ -97.047501, 28.206004 ], [ -97.046944, 28.206957 ], [ -97.048078, 28.207633 ], [ -97.045847, 28.208061 ], [ -97.044247, 28.207426 ], [ -97.0432, 28.209 ], [ -97.039147, 28.207275 ], [ -97.03857, 28.206258 ], [ -97.03912, 28.204129 ], [ -97.037422, 28.201296 ], [ -97.028507, 28.203225 ], [ -97.017543356203305, 28.2028650363719 ], [ -97.019464, 28.201761 ], [ -97.026032, 28.193568 ], [ -97.031941, 28.188712 ], [ -97.046472, 28.184979 ], [ -97.07535, 28.174609 ], [ -97.085927, 28.169685 ], [ -97.095078, 28.165704 ], [ -97.11326, 28.156484 ], [ -97.127996, 28.146006 ], [ -97.138454, 28.143386 ], [ -97.145941, 28.14108 ], [ -97.148321289848994, 28.139764293440699 ], [ -97.153903, 28.136679 ], [ -97.164124, 28.127247 ], [ -97.168034, 28.130385 ], [ -97.169185, 28.130512 ], [ -97.175664, 28.122872 ], [ -97.17594, 28.11978 ], [ -97.185752, 28.114041 ], [ -97.187267296047494, 28.112879265086001 ], [ -97.198468, 28.104292 ], [ -97.199355385853806, 28.103586445165501 ], [ -97.206810977406306, 28.097658551858402 ], [ -97.206906, 28.097583 ], [ -97.212254, 28.092236 ], [ -97.21772, 28.085946 ], [ -97.22081, 28.079026 ], [ -97.22283, 28.077348 ], [ -97.2225895207619, 28.076959034107599 ], [ -97.221038486474598, 28.074450295970301 ], [ -97.234426, 28.062458 ], [ -97.240219, 28.061538 ], [ -97.250269, 28.068513 ], [ -97.257204, 28.072391 ], [ -97.257525, 28.073279 ], [ -97.260818, 28.075759 ], [ -97.2617, 28.077301 ], [ -97.263176, 28.081631 ], [ -97.260595, 28.083839 ], [ -97.26083, 28.086032 ], [ -97.261521, 28.08722 ], [ -97.262794, 28.087323 ], [ -97.264272, 28.088884 ], [ -97.269686, 28.089566 ], [ -97.273683, 28.090345 ], [ -97.278141, 28.090426 ], [ -97.282414, 28.090129 ], [ -97.283984, 28.091331 ], [ -97.284271, 28.092858 ], [ -97.284467, 28.100061 ], [ -97.285334, 28.101633 ], [ -97.286747, 28.107657 ], [ -97.287259, 28.110734 ], [ -97.288863, 28.113675 ], [ -97.291783, 28.115433 ], [ -97.29387, 28.11533 ], [ -97.294912, 28.114541 ], [ -97.295608, 28.112873 ], [ -97.294845, 28.109 ], [ -97.294967, 28.107278 ], [ -97.295681, 28.106074 ], [ -97.298869, 28.104401 ], [ -97.30134, 28.103829 ], [ -97.303816, 28.104005 ], [ -97.307294, 28.105764 ], [ -97.310121, 28.107841 ], [ -97.312742, 28.108947 ], [ -97.316044, 28.109352 ], [ -97.317525, 28.110991 ], [ -97.318153, 28.112909 ], [ -97.316954, 28.11575 ], [ -97.315556, 28.116349 ], [ -97.311774, 28.115313 ], [ -97.310275, 28.11603 ], [ -97.309205, 28.117557 ], [ -97.309037, 28.120017 ], [ -97.311188, 28.123959 ], [ -97.313066, 28.130265 ], [ -97.315819, 28.135807 ], [ -97.317803, 28.137495 ], [ -97.319515, 28.137333 ], [ -97.324503, 28.1356 ], [ -97.326855, 28.1342 ], [ -97.327503, 28.133117 ], [ -97.326707, 28.131886 ], [ -97.324639, 28.131754 ], [ -97.320579, 28.13361 ], [ -97.318829, 28.133482 ], [ -97.317664, 28.131872 ], [ -97.317575, 28.129092 ], [ -97.319199, 28.125958 ], [ -97.321638, 28.123113 ], [ -97.325274, 28.119519 ], [ -97.327183, 28.11874 ], [ -97.329719, 28.118855 ], [ -97.330681, 28.119898 ], [ -97.329777, 28.121507 ], [ -97.324918, 28.124181 ], [ -97.324708, 28.126003 ], [ -97.326159, 28.127012 ], [ -97.333397, 28.128603 ], [ -97.337441, 28.129768 ], [ -97.340108, 28.131973 ], [ -97.341518, 28.132171 ], [ -97.34326, 28.13019 ], [ -97.343327, 28.126935 ], [ -97.343902, 28.120633 ], [ -97.345424, 28.118371 ], [ -97.346432, 28.118778 ], [ -97.350204, 28.123055 ], [ -97.351825, 28.123502 ], [ -97.355886, 28.123142 ], [ -97.357801, 28.123807 ], [ -97.361655, 28.126375 ], [ -97.367109, 28.128597 ], [ -97.369617, 28.130257 ], [ -97.374728, 28.13429 ], [ -97.376974, 28.138472 ], [ -97.378614, 28.139002 ], [ -97.379803, 28.137386 ], [ -97.38065, 28.130949 ], [ -97.381879, 28.126462 ], [ -97.382777, 28.125165 ], [ -97.384469, 28.124109 ], [ -97.385722, 28.123925 ], [ -97.386931, 28.124906 ], [ -97.387573, 28.12823 ], [ -97.390018, 28.129809 ], [ -97.39355, 28.13027 ], [ -97.395879, 28.130004 ], [ -97.398922, 28.130288 ], [ -97.402613, 28.130993 ], [ -97.403842, 28.130129 ], [ -97.404311, 28.126926 ], [ -97.405625, 28.124614 ], [ -97.405447, 28.123483 ], [ -97.403814, 28.121996 ], [ -97.401984, 28.121009 ], [ -97.398081, 28.120289 ], [ -97.396225, 28.118841 ], [ -97.397281, 28.118156 ], [ -97.399799, 28.119953 ], [ -97.400919, 28.119506 ], [ -97.401178, 28.118081 ], [ -97.400476, 28.11435 ], [ -97.400646, 28.112525 ], [ -97.401852, 28.110699 ], [ -97.403932, 28.109003 ], [ -97.405578, 28.110074 ], [ -97.405163, 28.113098 ], [ -97.405244, 28.116212 ], [ -97.404795, 28.117973 ], [ -97.405384, 28.119216 ], [ -97.407384, 28.119382 ], [ -97.410969, 28.120609 ], [ -97.418142, 28.122136 ], [ -97.420136, 28.121569 ], [ -97.421275, 28.120476 ], [ -97.42249, 28.117922 ], [ -97.426733, 28.117259 ], [ -97.427266, 28.11874 ], [ -97.426948, 28.120881 ], [ -97.427083, 28.124333 ], [ -97.427998, 28.128111 ], [ -97.428839, 28.128501 ], [ -97.432292, 28.128424 ], [ -97.434704, 28.129095 ], [ -97.435277, 28.129908 ], [ -97.434419, 28.130577 ], [ -97.429712, 28.131356 ], [ -97.427915, 28.133337 ], [ -97.423548, 28.13501 ], [ -97.423802, 28.138235 ], [ -97.422141, 28.141749 ], [ -97.422259, 28.142305 ], [ -97.4242, 28.142592 ], [ -97.42506, 28.141434 ], [ -97.427739, 28.13952 ], [ -97.430683, 28.139227 ], [ -97.43411, 28.137971 ], [ -97.438847, 28.13897 ], [ -97.44062, 28.136425 ], [ -97.440492, 28.133475 ], [ -97.44092, 28.132116 ], [ -97.442795, 28.131907 ], [ -97.444644, 28.132809 ], [ -97.44645, 28.132793 ], [ -97.447598, 28.133475 ], [ -97.447604, 28.135516 ], [ -97.447027, 28.137172 ], [ -97.444502, 28.140643 ], [ -97.4421, 28.142673 ], [ -97.442808, 28.146871 ], [ -97.44264, 28.148147 ], [ -97.440946, 28.151074 ], [ -97.44192, 28.153522 ], [ -97.443112, 28.154473 ], [ -97.445371, 28.152823 ], [ -97.445793, 28.149973 ], [ -97.447761, 28.148174 ], [ -97.450138, 28.147767 ], [ -97.45187, 28.149016 ], [ -97.452503, 28.151755 ], [ -97.45349, 28.154066 ], [ -97.457339, 28.154868 ], [ -97.458208, 28.155831 ], [ -97.455918, 28.159726 ], [ -97.456291, 28.160535 ], [ -97.459549, 28.160045 ], [ -97.463528, 28.157602 ], [ -97.468115, 28.15584 ], [ -97.46881, 28.154745 ], [ -97.470076, 28.154387 ], [ -97.471882, 28.155003 ], [ -97.472807, 28.156021 ], [ -97.474223, 28.158298 ], [ -97.475393, 28.16452 ], [ -97.474947, 28.16842 ], [ -97.473744, 28.172987 ], [ -97.473485, 28.177542 ], [ -97.474137, 28.178758 ], [ -97.475528, 28.179296 ], [ -97.477421, 28.178779 ], [ -97.478569, 28.177128 ], [ -97.479319, 28.173624 ], [ -97.481174, 28.169827 ], [ -97.482384, 28.168616 ], [ -97.485041, 28.168049 ], [ -97.489039, 28.167959 ], [ -97.495091, 28.1659 ], [ -97.499838, 28.162877 ], [ -97.508464, 28.159093 ], [ -97.509724, 28.158175 ], [ -97.511998, 28.155359 ], [ -97.514922, 28.153291 ], [ -97.517902, 28.152605 ], [ -97.521211, 28.151341 ], [ -97.522576, 28.151688 ], [ -97.523879, 28.153129 ], [ -97.524666, 28.156194 ], [ -97.526447, 28.159539 ], [ -97.527415, 28.160568 ], [ -97.530797, 28.162258 ], [ -97.533324, 28.162374 ], [ -97.538153, 28.163278 ], [ -97.541071, 28.164669 ], [ -97.540851, 28.164963 ], [ -97.500271, 28.220079 ], [ -97.498197, 28.221965 ], [ -97.494181, 28.227825 ] ] ] ] } }
]
}
