{
"type": "FeatureCollection",
"name": "TX_FedDistrict_Western",
"crs": { "type": "name", "properties": { "name": "urn:ogc:def:crs:EPSG::4269" } },
"features": [
{ "type": "Feature", "properties": { "FederalDivisionName": "Austin", "FederalJudicialDistrict": "Western" }, "geometry": { "type": "Polygon", "coordinates": [ [ [ -98.298118, 30.037505 ], [ -98.324933, 30.014194 ], [ -98.408388, 29.942402 ], [ -98.410135, 29.940923 ], [ -98.41034, 29.940752 ], [ -98.411638, 29.939622 ], [ -98.414018, 29.937557 ], [ -98.438585, 29.966242 ], [ -98.52965, 30.07128 ], [ -98.532351, 30.073812 ], [ -98.544942, 30.089001 ], [ -98.553768, 30.099106 ], [ -98.587897, 30.138954 ], [ -98.624601, 30.138886 ], [ -98.625306, 30.138945 ], [ -98.656658, 30.138837 ], [ -98.667658, 30.138799 ], [ -98.73003, 30.138589 ], [ -98.749684, 30.138523 ], [ -98.75031, 30.138188 ], [ -98.772046, 30.13798 ], [ -98.90678, 30.138312 ], [ -98.920147, 30.13829 ], [ -98.958694, 30.137969 ], [ -98.979419, 30.137726 ], [ -99.064964, 30.136736 ], [ -99.125445, 30.136061 ], [ -99.155645, 30.135725 ], [ -99.187187, 30.135372 ], [ -99.214513, 30.135067 ], [ -99.300988, 30.134298 ], [ -99.301012, 30.135947 ], [ -99.301425, 30.187937 ], [ -99.301656, 30.227924 ], [ -99.301952, 30.28107 ], [ -99.301718, 30.286653 ], [ -99.420271, 30.287692 ], [ -99.476678, 30.288188 ], [ -99.597285, 30.289247 ], [ -99.754142, 30.290698 ], [ -99.875346, 30.290228 ], [ -99.910959, 30.290407 ], [ -99.914897, 30.290292 ], [ -99.936735, 30.290431 ], [ -99.942849, 30.290071 ], [ -99.958414, 30.289992 ], [ -99.959768, 30.290177 ], [ -100.116461, 30.290296 ], [ -100.116533, 30.500522 ], [ -100.116234, 30.710366 ], [ -99.860771, 30.710623 ], [ -99.771199, 30.710793 ], [ -99.625342, 30.710544 ], [ -99.617931, 30.711018 ], [ -99.51413, 30.710769 ], [ -99.483869, 30.710771 ], [ -99.484366, 30.823445 ], [ -99.484699, 30.909603 ], [ -99.484694, 30.909617 ], [ -99.484755, 30.940605 ], [ -99.603627, 30.940726 ], [ -99.603682, 30.980737 ], [ -99.603223, 31.087296 ], [ -99.601894, 31.121647 ], [ -99.601736, 31.121784 ], [ -99.602505, 31.392843 ], [ -99.60185, 31.49195 ], [ -99.598296, 31.490666 ], [ -99.591882, 31.489588 ], [ -99.590678, 31.488674 ], [ -99.588859, 31.489404 ], [ -99.580506, 31.491597 ], [ -99.575909, 31.493312 ], [ -99.572559, 31.49365 ], [ -99.568734, 31.49262 ], [ -99.565455, 31.49212 ], [ -99.563982, 31.490525 ], [ -99.561652, 31.490181 ], [ -99.559395, 31.489359 ], [ -99.555992, 31.489004 ], [ -99.552084, 31.486296 ], [ -99.550411, 31.485622 ], [ -99.545027, 31.484476 ], [ -99.544075, 31.483653 ], [ -99.538812, 31.483272 ], [ -99.536723, 31.483429 ], [ -99.535827, 31.482448 ], [ -99.534618, 31.479793 ], [ -99.533961, 31.474962 ], [ -99.534142, 31.472666 ], [ -99.53381, 31.470476 ], [ -99.532921, 31.469201 ], [ -99.53233, 31.466345 ], [ -99.529716, 31.460574 ], [ -99.527305, 31.456909 ], [ -99.525787, 31.455492 ], [ -99.525246, 31.452975 ], [ -99.522858, 31.449819 ], [ -99.519675, 31.446397 ], [ -99.517636, 31.439434 ], [ -99.516703, 31.432289 ], [ -99.514513, 31.426823 ], [ -99.513678, 31.425495 ], [ -99.511477, 31.424401 ], [ -99.508753, 31.425421 ], [ -99.507966, 31.429127 ], [ -99.506698, 31.431782 ], [ -99.505877, 31.436819 ], [ -99.50499, 31.438258 ], [ -99.49759, 31.444289 ], [ -99.495661, 31.444975 ], [ -99.493, 31.444513 ], [ -99.488036, 31.440849 ], [ -99.485332, 31.437009 ], [ -99.480765, 31.4341 ], [ -99.479885, 31.434178 ], [ -99.479074, 31.432478 ], [ -99.478401, 31.426213 ], [ -99.476543, 31.423782 ], [ -99.47247, 31.421702 ], [ -99.470901, 31.421733 ], [ -99.468302, 31.42522 ], [ -99.469803, 31.428419 ], [ -99.46925, 31.430367 ], [ -99.465438, 31.432755 ], [ -99.462639, 31.43249 ], [ -99.4606, 31.434507 ], [ -99.457633, 31.436266 ], [ -99.456409, 31.438289 ], [ -99.454096, 31.439632 ], [ -99.453342, 31.440509 ], [ -99.450542, 31.441372 ], [ -99.444167, 31.443983 ], [ -99.441174, 31.444323 ], [ -99.436896, 31.446032 ], [ -99.434872, 31.448627 ], [ -99.435596, 31.44963 ], [ -99.440782, 31.450049 ], [ -99.444301, 31.449702 ], [ -99.446342, 31.450493 ], [ -99.446669, 31.452104 ], [ -99.448028, 31.453618 ], [ -99.449803, 31.45766 ], [ -99.450138, 31.460689 ], [ -99.449595, 31.469476 ], [ -99.449239, 31.470252 ], [ -99.448053, 31.472224 ], [ -99.444609, 31.474779 ], [ -99.440824, 31.475009 ], [ -99.436701, 31.472844 ], [ -99.434882, 31.470036 ], [ -99.432936, 31.469502 ], [ -99.429508, 31.467815 ], [ -99.427301, 31.465279 ], [ -99.424033, 31.463891 ], [ -99.416887, 31.461391 ], [ -99.411471, 31.460656 ], [ -99.409843, 31.462006 ], [ -99.404836, 31.459574 ], [ -99.400536, 31.460304 ], [ -99.398793, 31.460083 ], [ -99.398435, 31.458268 ], [ -99.399418, 31.455485 ], [ -99.401931, 31.454592 ], [ -99.402434, 31.453155 ], [ -99.404749, 31.450892 ], [ -99.405654, 31.448782 ], [ -99.402284, 31.446198 ], [ -99.399375, 31.445269 ], [ -99.397549, 31.445514 ], [ -99.39163, 31.444196 ], [ -99.388943, 31.442965 ], [ -99.385614, 31.443741 ], [ -99.383467, 31.443482 ], [ -99.380676, 31.440304 ], [ -99.367029, 31.437872 ], [ -99.365913, 31.437459 ], [ -99.362452, 31.434584 ], [ -99.361323, 31.433094 ], [ -99.357498, 31.431038 ], [ -99.354454, 31.432182 ], [ -99.350244, 31.437739 ], [ -99.350126, 31.438995 ], [ -99.348542, 31.439762 ], [ -99.346422, 31.443109 ], [ -99.345259, 31.44375 ], [ -99.343865, 31.443282 ], [ -99.342392, 31.441253 ], [ -99.341075, 31.435377 ], [ -99.341264, 31.431647 ], [ -99.34312, 31.428567 ], [ -99.347155, 31.424992 ], [ -99.34625, 31.421907 ], [ -99.342063, 31.418835 ], [ -99.33793, 31.416849 ], [ -99.334376, 31.416515 ], [ -99.329566, 31.414812 ], [ -99.320842, 31.415429 ], [ -99.318963, 31.414329 ], [ -99.315712, 31.410283 ], [ -99.314014, 31.409778 ], [ -99.311438, 31.411224 ], [ -99.308231, 31.415206 ], [ -99.308642, 31.41617 ], [ -99.304252, 31.42059 ], [ -99.304038, 31.422101 ], [ -99.305656, 31.42504 ], [ -99.30666, 31.425853 ], [ -99.306796, 31.427496 ], [ -99.30514, 31.430164 ], [ -99.302605, 31.432504 ], [ -99.299626, 31.432485 ], [ -99.298013, 31.431948 ], [ -99.293236, 31.429086 ], [ -99.288647, 31.428715 ], [ -99.287407, 31.42962 ], [ -99.28637, 31.432822 ], [ -99.287885, 31.437213 ], [ -99.289228, 31.43917 ], [ -99.289954, 31.441447 ], [ -99.289807, 31.442898 ], [ -99.288684, 31.444225 ], [ -99.285801, 31.446073 ], [ -99.281971, 31.447431 ], [ -99.278063, 31.445814 ], [ -99.276051, 31.44553 ], [ -99.271492, 31.446789 ], [ -99.27064, 31.449186 ], [ -99.271301, 31.452354 ], [ -99.272381, 31.454557 ], [ -99.271178, 31.456283 ], [ -99.268925, 31.458095 ], [ -99.263596, 31.461405 ], [ -99.25852, 31.46651 ], [ -99.256932, 31.467572 ], [ -99.254765, 31.470312 ], [ -99.253251, 31.475022 ], [ -99.251788, 31.476629 ], [ -99.247184, 31.479712 ], [ -99.241097, 31.482489 ], [ -99.238447, 31.483127 ], [ -99.235071, 31.48177 ], [ -99.235133, 31.479664 ], [ -99.232514, 31.477737 ], [ -99.22864, 31.477627 ], [ -99.221673, 31.476388 ], [ -99.21878, 31.475048 ], [ -99.216565, 31.473248 ], [ -99.21623, 31.471414 ], [ -99.209172, 31.465272 ], [ -99.205767, 31.465879 ], [ -99.202768, 31.467234 ], [ -99.201573, 31.467763 ], [ -99.197543, 31.472269 ], [ -99.195637, 31.473549 ], [ -99.194023, 31.473375 ], [ -99.188558, 31.470337 ], [ -99.187425, 31.468465 ], [ -99.186643, 31.46436 ], [ -99.184629, 31.460417 ], [ -99.184464, 31.45739 ], [ -99.184874, 31.454963 ], [ -99.184441, 31.453936 ], [ -99.183736, 31.453726 ], [ -99.18223, 31.455117 ], [ -99.180706, 31.454959 ], [ -99.177732, 31.456177 ], [ -99.174643, 31.458704 ], [ -99.172091, 31.461758 ], [ -99.171762, 31.462846 ], [ -99.165804, 31.466319 ], [ -99.162124, 31.467848 ], [ -99.159463, 31.468198 ], [ -99.153668, 31.467948 ], [ -99.150868, 31.465686 ], [ -99.148495, 31.465653 ], [ -99.14337, 31.46716 ], [ -99.141313, 31.467169 ], [ -99.136067, 31.465967 ], [ -99.133208, 31.464811 ], [ -99.127603, 31.45957 ], [ -99.126848, 31.458034 ], [ -99.125081, 31.456502 ], [ -99.124012, 31.456604 ], [ -99.123496, 31.457789 ], [ -99.119537, 31.460372 ], [ -99.11883, 31.461147 ], [ -99.120133, 31.463598 ], [ -99.120208, 31.466879 ], [ -99.119382, 31.467713 ], [ -99.11615, 31.46824 ], [ -99.11339, 31.46678 ], [ -99.110384, 31.466511 ], [ -99.108124, 31.465055 ], [ -99.107244, 31.463571 ], [ -99.108009, 31.461954 ], [ -99.109108, 31.455984 ], [ -99.107851, 31.454499 ], [ -99.104531, 31.453658 ], [ -99.100137, 31.449274 ], [ -99.097937, 31.448186 ], [ -99.095564, 31.448469 ], [ -99.094425, 31.450253 ], [ -99.096116, 31.452799 ], [ -99.096947, 31.455555 ], [ -99.096019, 31.457431 ], [ -99.090622, 31.460927 ], [ -99.088568, 31.461229 ], [ -99.087758, 31.460678 ], [ -99.086579, 31.458241 ], [ -99.088356, 31.456944 ], [ -99.087506, 31.456017 ], [ -99.085808, 31.455891 ], [ -99.084821, 31.456513 ], [ -99.085226, 31.457847 ], [ -99.083285, 31.458557 ], [ -99.080319, 31.460506 ], [ -99.075538, 31.463252 ], [ -99.072618, 31.467078 ], [ -99.068866, 31.466059 ], [ -99.067499, 31.465255 ], [ -99.06593, 31.46335 ], [ -99.064212, 31.462383 ], [ -99.062995, 31.462722 ], [ -99.060155, 31.464962 ], [ -99.060605, 31.467501 ], [ -99.062264, 31.469886 ], [ -99.06228, 31.470712 ], [ -99.060026, 31.4728 ], [ -99.056503, 31.473689 ], [ -99.05533, 31.474445 ], [ -99.053121, 31.478468 ], [ -99.05057, 31.484205 ], [ -99.049816, 31.485095 ], [ -99.047255, 31.486601 ], [ -99.046276, 31.486733 ], [ -99.04287, 31.488903 ], [ -99.041741, 31.490302 ], [ -99.039387, 31.490209 ], [ -99.037623, 31.489536 ], [ -99.034306, 31.487528 ], [ -99.032474, 31.485808 ], [ -99.029914, 31.482063 ], [ -99.027745, 31.480484 ], [ -99.027057, 31.479465 ], [ -99.025311, 31.478812 ], [ -99.024336, 31.477035 ], [ -99.02174, 31.475104 ], [ -99.019011, 31.469599 ], [ -99.014428, 31.470263 ], [ -99.010644, 31.471246 ], [ -99.009132, 31.472619 ], [ -99.007585, 31.476756 ], [ -99.006358, 31.478871 ], [ -99.006103, 31.480274 ], [ -99.003435, 31.480873 ], [ -99.002304, 31.480388 ], [ -98.99739, 31.48124 ], [ -98.991608, 31.484071 ], [ -98.990188, 31.48391 ], [ -98.987428, 31.482076 ], [ -98.986828, 31.480031 ], [ -98.986941, 31.478929 ], [ -98.991764, 31.474309 ], [ -98.993153, 31.474083 ], [ -98.994723, 31.470985 ], [ -98.995029, 31.466674 ], [ -98.99452, 31.466001 ], [ -98.991572, 31.464579 ], [ -98.990673, 31.464666 ], [ -98.987464, 31.462669 ], [ -98.985388, 31.461804 ], [ -98.983584, 31.459743 ], [ -98.978228, 31.456253 ], [ -98.976326, 31.455524 ], [ -98.972105, 31.454694 ], [ -98.967853, 31.454191 ], [ -98.965018, 31.453298 ], [ -98.964321, 31.452255 ], [ -98.9642, 31.448523 ], [ -98.963593, 31.446251 ], [ -98.964818, 31.444952 ], [ -98.966857, 31.444321 ], [ -98.967122, 31.44292 ], [ -98.966476, 31.441724 ], [ -98.967602, 31.437887 ], [ -98.966878, 31.435548 ], [ -98.964545, 31.434879 ], [ -98.96367, 31.434894 ], [ -98.961536, 31.437385 ], [ -98.960272, 31.440035 ], [ -98.956761, 31.443978 ], [ -98.952985, 31.447309 ], [ -98.953349, 31.4492 ], [ -98.955253, 31.450258 ], [ -98.955426, 31.452391 ], [ -98.95336, 31.454688 ], [ -98.95141, 31.455649 ], [ -98.950219, 31.456973 ], [ -98.94626, 31.458319 ], [ -98.942737, 31.458629 ], [ -98.939827, 31.458247 ], [ -98.93591, 31.455931 ], [ -98.935172, 31.452899 ], [ -98.935778, 31.449696 ], [ -98.935541, 31.446503 ], [ -98.933821, 31.438543 ], [ -98.933188, 31.436928 ], [ -98.929097, 31.435112 ], [ -98.926766, 31.434808 ], [ -98.925192, 31.433988 ], [ -98.921757, 31.434318 ], [ -98.918852, 31.435833 ], [ -98.916994, 31.43584 ], [ -98.914432, 31.435074 ], [ -98.913351, 31.434313 ], [ -98.910485, 31.434141 ], [ -98.908499, 31.434425 ], [ -98.904868, 31.436168 ], [ -98.901936, 31.436021 ], [ -98.895846, 31.433567 ], [ -98.893511, 31.434653 ], [ -98.887479, 31.439862 ], [ -98.885453, 31.442914 ], [ -98.881752, 31.443789 ], [ -98.879668, 31.443756 ], [ -98.875566, 31.444596 ], [ -98.8725, 31.444299 ], [ -98.867526, 31.441581 ], [ -98.865937, 31.440524 ], [ -98.859294, 31.434958 ], [ -98.858498, 31.433655 ], [ -98.856511, 31.428117 ], [ -98.854906, 31.424462 ], [ -98.853401, 31.422473 ], [ -98.852463, 31.420408 ], [ -98.852544, 31.418776 ], [ -98.854701, 31.415489 ], [ -98.8549, 31.414169 ], [ -98.854292, 31.413425 ], [ -98.851627, 31.412493 ], [ -98.84936, 31.412598 ], [ -98.84712, 31.410676 ], [ -98.846241, 31.410478 ], [ -98.837658, 31.410574 ], [ -98.83452, 31.410436 ], [ -98.832048, 31.410077 ], [ -98.829935, 31.410331 ], [ -98.826983, 31.411601 ], [ -98.823842, 31.413981 ], [ -98.818983, 31.416449 ], [ -98.816021, 31.417075 ], [ -98.814997, 31.416322 ], [ -98.814215, 31.413659 ], [ -98.814558, 31.412198 ], [ -98.816385, 31.408808 ], [ -98.816865, 31.406929 ], [ -98.814243, 31.404972 ], [ -98.813559, 31.404717 ], [ -98.808726, 31.405471 ], [ -98.804993, 31.406939 ], [ -98.802118, 31.408728 ], [ -98.801505, 31.409965 ], [ -98.799405, 31.410601 ], [ -98.798145, 31.410378 ], [ -98.79433, 31.409237 ], [ -98.791473, 31.407886 ], [ -98.789154, 31.407477 ], [ -98.787457, 31.407916 ], [ -98.782326, 31.41103 ], [ -98.778889, 31.413521 ], [ -98.777243, 31.414012 ], [ -98.775969, 31.413564 ], [ -98.773997, 31.412433 ], [ -98.773, 31.410926 ], [ -98.773228, 31.406884 ], [ -98.77466, 31.402943 ], [ -98.774464, 31.395741 ], [ -98.775853, 31.391812 ], [ -98.775625, 31.38759 ], [ -98.776826, 31.383741 ], [ -98.779478, 31.379165 ], [ -98.77878, 31.377672 ], [ -98.776493, 31.377279 ], [ -98.773074, 31.380279 ], [ -98.771696, 31.380794 ], [ -98.770594, 31.379992 ], [ -98.767514, 31.375993 ], [ -98.763724, 31.375216 ], [ -98.762589, 31.375282 ], [ -98.759825, 31.37794 ], [ -98.756957, 31.382234 ], [ -98.752984, 31.385204 ], [ -98.751406, 31.387605 ], [ -98.751716, 31.389089 ], [ -98.753905, 31.393734 ], [ -98.755382, 31.395932 ], [ -98.755911, 31.398997 ], [ -98.755672, 31.400444 ], [ -98.753491, 31.402455 ], [ -98.751101, 31.403606 ], [ -98.747445, 31.404035 ], [ -98.7454, 31.403918 ], [ -98.742271, 31.405273 ], [ -98.74027, 31.4076 ], [ -98.738765, 31.411365 ], [ -98.738572, 31.413768 ], [ -98.736783, 31.417127 ], [ -98.737149, 31.420631 ], [ -98.739612, 31.424312 ], [ -98.74216, 31.426571 ], [ -98.742815, 31.428135 ], [ -98.738114, 31.430362 ], [ -98.734123, 31.430079 ], [ -98.728395, 31.429063 ], [ -98.724493, 31.427432 ], [ -98.724031, 31.425114 ], [ -98.724301, 31.422701 ], [ -98.7252, 31.419432 ], [ -98.725577, 31.415806 ], [ -98.726615, 31.414832 ], [ -98.728738, 31.414411 ], [ -98.728846, 31.41187 ], [ -98.727116, 31.409768 ], [ -98.723839, 31.40727 ], [ -98.722074, 31.40682 ], [ -98.719201, 31.40441 ], [ -98.718125, 31.40403 ], [ -98.711992, 31.405444 ], [ -98.708945, 31.406997 ], [ -98.706427, 31.407559 ], [ -98.70158, 31.407091 ], [ -98.698661, 31.407602 ], [ -98.696634, 31.407287 ], [ -98.695644, 31.405803 ], [ -98.695274, 31.404213 ], [ -98.695247, 31.398846 ], [ -98.695892, 31.394257 ], [ -98.694812, 31.391903 ], [ -98.693029, 31.389975 ], [ -98.693028, 31.38743 ], [ -98.697525, 31.385984 ], [ -98.699516, 31.384792 ], [ -98.704348, 31.380186 ], [ -98.704693, 31.377461 ], [ -98.704129, 31.375776 ], [ -98.705101, 31.369258 ], [ -98.702796, 31.36544 ], [ -98.702599, 31.364212 ], [ -98.703054, 31.360983 ], [ -98.704636, 31.357603 ], [ -98.706161, 31.355912 ], [ -98.707752, 31.355553 ], [ -98.710056, 31.356403 ], [ -98.712542, 31.355562 ], [ -98.713131, 31.34883 ], [ -98.712352, 31.347157 ], [ -98.711383, 31.346768 ], [ -98.708282, 31.347501 ], [ -98.706372, 31.346797 ], [ -98.70498, 31.342724 ], [ -98.702695, 31.339148 ], [ -98.698999, 31.338718 ], [ -98.695351, 31.339963 ], [ -98.690832, 31.342943 ], [ -98.690451, 31.343901 ], [ -98.682773, 31.346157 ], [ -98.679819, 31.3485 ], [ -98.67726, 31.350941 ], [ -98.677132, 31.351898 ], [ -98.675277, 31.352808 ], [ -98.6726, 31.352935 ], [ -98.670865, 31.353886 ], [ -98.670167, 31.355111 ], [ -98.669936, 31.357672 ], [ -98.670349, 31.360186 ], [ -98.669947, 31.361182 ], [ -98.667675, 31.363083 ], [ -98.665569, 31.364204 ], [ -98.663355, 31.363939 ], [ -98.657104, 31.368723 ], [ -98.653977, 31.370088 ], [ -98.651354, 31.368793 ], [ -98.650119, 31.366875 ], [ -98.650356, 31.365175 ], [ -98.652142, 31.362625 ], [ -98.654464, 31.360363 ], [ -98.654614, 31.358493 ], [ -98.653023, 31.357299 ], [ -98.651268, 31.357 ], [ -98.64944, 31.358363 ], [ -98.648653, 31.359658 ], [ -98.646076, 31.359707 ], [ -98.644316, 31.358863 ], [ -98.642821, 31.356553 ], [ -98.63834, 31.354431 ], [ -98.636375, 31.352912 ], [ -98.636786, 31.350804 ], [ -98.638377, 31.346552 ], [ -98.641857, 31.345966 ], [ -98.643813, 31.344239 ], [ -98.646969, 31.340685 ], [ -98.644901, 31.335441 ], [ -98.643453, 31.334534 ], [ -98.640626, 31.333614 ], [ -98.639668, 31.33281 ], [ -98.639722, 31.33187 ], [ -98.641719, 31.328359 ], [ -98.644271, 31.325911 ], [ -98.64809, 31.323985 ], [ -98.648531, 31.323469 ], [ -98.649095, 31.317585 ], [ -98.647633, 31.31486 ], [ -98.643921, 31.31407 ], [ -98.639618, 31.317168 ], [ -98.636186, 31.320518 ], [ -98.632643, 31.324969 ], [ -98.631432, 31.325832 ], [ -98.629946, 31.326021 ], [ -98.626361, 31.325378 ], [ -98.622826, 31.325488 ], [ -98.620324, 31.324895 ], [ -98.618579, 31.323824 ], [ -98.618097, 31.322728 ], [ -98.619295, 31.3215 ], [ -98.621285, 31.321472 ], [ -98.622616, 31.320547 ], [ -98.623205, 31.31867 ], [ -98.624954, 31.317641 ], [ -98.629818, 31.316433 ], [ -98.630926, 31.315345 ], [ -98.631372, 31.311901 ], [ -98.630771, 31.310163 ], [ -98.627426, 31.309488 ], [ -98.623894, 31.309374 ], [ -98.620452, 31.310034 ], [ -98.606849, 31.312149 ], [ -98.604941, 31.312593 ], [ -98.603072, 31.313692 ], [ -98.599418, 31.316625 ], [ -98.597301, 31.31872 ], [ -98.59576, 31.320772 ], [ -98.595229, 31.32281 ], [ -98.595882, 31.323707 ], [ -98.594411, 31.326354 ], [ -98.592306, 31.326945 ], [ -98.587268, 31.325463 ], [ -98.585987, 31.321557 ], [ -98.586656, 31.319429 ], [ -98.590454, 31.317289 ], [ -98.590675, 31.314896 ], [ -98.594372, 31.311486 ], [ -98.596281, 31.305833 ], [ -98.59722, 31.301231 ], [ -98.59736, 31.297078 ], [ -98.597955, 31.295612 ], [ -98.598385, 31.291859 ], [ -98.597843, 31.288809 ], [ -98.598539, 31.286581 ], [ -98.604435, 31.284067 ], [ -98.612011, 31.282207 ], [ -98.613815, 31.281595 ], [ -98.619474, 31.284621 ], [ -98.622135, 31.285088 ], [ -98.626926, 31.281182 ], [ -98.628369, 31.274251 ], [ -98.625628, 31.269798 ], [ -98.624347, 31.2695 ], [ -98.619628, 31.267142 ], [ -98.618481, 31.267013 ], [ -98.616643, 31.265286 ], [ -98.613133, 31.263 ], [ -98.607451, 31.261308 ], [ -98.605903, 31.260534 ], [ -98.601481, 31.257329 ], [ -98.597889, 31.25389 ], [ -98.595651, 31.253059 ], [ -98.593918, 31.254925 ], [ -98.593736, 31.258537 ], [ -98.594642, 31.261145 ], [ -98.594404, 31.263032 ], [ -98.592897, 31.265924 ], [ -98.588543, 31.267592 ], [ -98.58648, 31.267096 ], [ -98.5838, 31.266167 ], [ -98.57981, 31.265386 ], [ -98.578219, 31.26302 ], [ -98.578216, 31.260993 ], [ -98.576174, 31.257981 ], [ -98.575136, 31.254153 ], [ -98.57139, 31.248585 ], [ -98.56843, 31.244808 ], [ -98.565237, 31.242626 ], [ -98.565099, 31.241385 ], [ -98.56355, 31.23785 ], [ -98.562963, 31.235781 ], [ -98.562732, 31.230443 ], [ -98.55801, 31.23334 ], [ -98.55782, 31.23349 ], [ -98.530911, 31.249817 ], [ -98.530176, 31.250166 ], [ -98.401998, 31.328399 ], [ -98.389511, 31.335967 ], [ -98.385824, 31.338221 ], [ -98.31058, 31.38363 ], [ -98.266794, 31.410521 ], [ -98.27107, 31.416398 ], [ -98.253255, 31.425789 ], [ -98.249659, 31.428109 ], [ -98.231056, 31.437619 ], [ -98.230778, 31.43776 ], [ -98.180006, 31.463717 ], [ -98.076817, 31.314655 ], [ -98.076758, 31.314555 ], [ -98.054547, 31.282789 ], [ -98.050744, 31.277265 ], [ -98.014284, 31.224906 ], [ -98.005351, 31.212246 ], [ -97.967993, 31.15777 ], [ -97.950099, 31.132284 ], [ -97.935207, 31.110688 ], [ -97.928672, 31.101276 ], [ -97.92855, 31.10114 ], [ -97.928044, 31.10037 ], [ -97.92636, 31.097883 ], [ -97.92537, 31.09644 ], [ -97.918638, 31.086515 ], [ -97.9071, 31.069374 ], [ -97.913847, 31.065882 ], [ -97.911689, 31.035009 ], [ -97.906166, 31.027603 ], [ -97.889944, 31.006071 ], [ -97.886578, 31.001664 ], [ -97.875544, 30.983767 ], [ -97.874351, 30.981626 ], [ -97.866426, 30.96942 ], [ -97.863334, 30.96548 ], [ -97.862892, 30.96481 ], [ -97.840365, 30.929318 ], [ -97.829882, 30.909521 ], [ -97.8281, 30.904414 ], [ -97.800349, 30.89963 ], [ -97.773835, 30.895094 ], [ -97.72987, 30.887623 ], [ -97.705432, 30.883471 ], [ -97.6803, 30.879085 ], [ -97.625279, 30.870189 ], [ -97.624051, 30.870004 ], [ -97.589397, 30.85681 ], [ -97.550732, 30.842112 ], [ -97.54002, 30.838003 ], [ -97.513067, 30.827711 ], [ -97.460436, 30.807676 ], [ -97.444918, 30.801752 ], [ -97.419373, 30.792068 ], [ -97.419175, 30.79199 ], [ -97.402486, 30.785582 ], [ -97.38834, 30.780257 ], [ -97.375365, 30.775307 ], [ -97.373841, 30.774281 ], [ -97.359001, 30.76873 ], [ -97.356846, 30.767807 ], [ -97.331004, 30.758234 ], [ -97.328987, 30.757347 ], [ -97.315485, 30.752363 ], [ -97.307122, 30.749306 ], [ -97.28625, 30.741324 ], [ -97.27455, 30.737071 ], [ -97.269949, 30.735362 ], [ -97.252409, 30.693473 ], [ -97.236852, 30.654725 ], [ -97.226166, 30.629707 ], [ -97.22203, 30.619935 ], [ -97.220024, 30.614839 ], [ -97.218861, 30.611883 ], [ -97.218237, 30.610253 ], [ -97.217865, 30.609256 ], [ -97.215946, 30.604411 ], [ -97.214774, 30.602328 ], [ -97.164933, 30.481016 ], [ -97.162104, 30.474156 ], [ -97.155219, 30.457344 ], [ -97.13472, 30.468137 ], [ -97.126449, 30.472532 ], [ -97.085749, 30.493669 ], [ -97.051648, 30.51156 ], [ -96.96363, 30.557198 ], [ -96.945083, 30.566642 ], [ -96.877384, 30.601104 ], [ -96.801094, 30.640019 ], [ -96.800381, 30.640367 ], [ -96.799861, 30.640539 ], [ -96.729597, 30.675628 ], [ -96.700906, 30.690045 ], [ -96.621423, 30.730764 ], [ -96.620456, 30.729549 ], [ -96.618234, 30.728638 ], [ -96.616345, 30.728477 ], [ -96.607327, 30.72941 ], [ -96.604042, 30.729311 ], [ -96.599467, 30.728634 ], [ -96.596157, 30.726641 ], [ -96.594632, 30.724273 ], [ -96.594436, 30.721216 ], [ -96.596977, 30.717452 ], [ -96.596467, 30.71564 ], [ -96.595776, 30.715072 ], [ -96.591914, 30.713811 ], [ -96.586945, 30.71077 ], [ -96.583667, 30.709187 ], [ -96.577609, 30.706953 ], [ -96.573363, 30.704821 ], [ -96.570369, 30.702942 ], [ -96.568795, 30.701387 ], [ -96.567405, 30.698257 ], [ -96.566983, 30.69567 ], [ -96.567333, 30.692667 ], [ -96.568034, 30.691622 ], [ -96.569757, 30.690293 ], [ -96.573005, 30.688497 ], [ -96.575761, 30.688304 ], [ -96.578993, 30.689573 ], [ -96.581519, 30.68889 ], [ -96.582676, 30.687177 ], [ -96.584171, 30.683191 ], [ -96.584308, 30.68111 ], [ -96.58352, 30.674949 ], [ -96.582804, 30.663792 ], [ -96.583688, 30.660469 ], [ -96.58617, 30.656847 ], [ -96.590999, 30.653591 ], [ -96.594308, 30.652589 ], [ -96.595496, 30.650284 ], [ -96.595222, 30.649054 ], [ -96.596616, 30.646281 ], [ -96.599906, 30.643905 ], [ -96.601831, 30.641926 ], [ -96.601723, 30.640564 ], [ -96.601047, 30.639808 ], [ -96.598909, 30.639255 ], [ -96.591201, 30.640002 ], [ -96.589063, 30.639699 ], [ -96.586395, 30.638277 ], [ -96.583675, 30.637346 ], [ -96.579018, 30.636922 ], [ -96.574762, 30.637242 ], [ -96.570253, 30.636683 ], [ -96.568744, 30.63558 ], [ -96.567999, 30.633618 ], [ -96.567768, 30.631441 ], [ -96.566632, 30.629387 ], [ -96.565498, 30.629472 ], [ -96.562251, 30.631165 ], [ -96.56, 30.631903 ], [ -96.554505, 30.632264 ], [ -96.550599, 30.630802 ], [ -96.548214, 30.627883 ], [ -96.544216, 30.627996 ], [ -96.543984, 30.628017 ], [ -96.539011, 30.628388 ], [ -96.529003, 30.628072 ], [ -96.525564, 30.627615 ], [ -96.518343, 30.626224 ], [ -96.5141, 30.626692 ], [ -96.510494, 30.627828 ], [ -96.50807, 30.625228 ], [ -96.507451, 30.623005 ], [ -96.508245, 30.620579 ], [ -96.507983, 30.616989 ], [ -96.506803, 30.615307 ], [ -96.502635, 30.613366 ], [ -96.499488, 30.612853 ], [ -96.49582, 30.614627 ], [ -96.493284, 30.6171 ], [ -96.492512, 30.618955 ], [ -96.492459, 30.620603 ], [ -96.491419, 30.621745 ], [ -96.489157, 30.621733 ], [ -96.487399, 30.620478 ], [ -96.486323, 30.617436 ], [ -96.48674, 30.614891 ], [ -96.489067, 30.609421 ], [ -96.489428, 30.60685 ], [ -96.487626, 30.604881 ], [ -96.48505, 30.603844 ], [ -96.482038, 30.604357 ], [ -96.478148, 30.604644 ], [ -96.473522, 30.606644 ], [ -96.471375, 30.607222 ], [ -96.469338, 30.606881 ], [ -96.465723, 30.603639 ], [ -96.46401, 30.599923 ], [ -96.461433, 30.598209 ], [ -96.458744, 30.597595 ], [ -96.455504, 30.597636 ], [ -96.45168, 30.596855 ], [ -96.450706, 30.596183 ], [ -96.449651, 30.594069 ], [ -96.450464, 30.590479 ], [ -96.449625, 30.588978 ], [ -96.44744, 30.587213 ], [ -96.442991, 30.58351 ], [ -96.439903, 30.579369 ], [ -96.438327, 30.575143 ], [ -96.43547, 30.573187 ], [ -96.432062, 30.572703 ], [ -96.430577, 30.572879 ], [ -96.429336, 30.573389 ], [ -96.427508, 30.575054 ], [ -96.4267, 30.577113 ], [ -96.42674, 30.578902 ], [ -96.428102, 30.581754 ], [ -96.430659, 30.585855 ], [ -96.431517, 30.589061 ], [ -96.430751, 30.590564 ], [ -96.427657, 30.591307 ], [ -96.426088, 30.590752 ], [ -96.420065, 30.584309 ], [ -96.419809, 30.582799 ], [ -96.420498, 30.581299 ], [ -96.422859, 30.579613 ], [ -96.424087, 30.578045 ], [ -96.423734, 30.575654 ], [ -96.422499, 30.572573 ], [ -96.422173, 30.570044 ], [ -96.422654, 30.566515 ], [ -96.423527, 30.562669 ], [ -96.423429, 30.559088 ], [ -96.422238, 30.55258 ], [ -96.419261, 30.545941 ], [ -96.416356, 30.541917 ], [ -96.413057, 30.539535 ], [ -96.411258, 30.539296 ], [ -96.406212, 30.540485 ], [ -96.404662, 30.540088 ], [ -96.403021, 30.538512 ], [ -96.402361, 30.537069 ], [ -96.400299, 30.535565 ], [ -96.397116, 30.534487 ], [ -96.391023, 30.532939 ], [ -96.387955, 30.532443 ], [ -96.385309, 30.532727 ], [ -96.38369, 30.533516 ], [ -96.382877, 30.535409 ], [ -96.383685, 30.537994 ], [ -96.386446, 30.53956 ], [ -96.387082, 30.542074 ], [ -96.38598, 30.543768 ], [ -96.38522, 30.544123 ], [ -96.382205, 30.543961 ], [ -96.38021, 30.542689 ], [ -96.379222, 30.537677 ], [ -96.377698, 30.536099 ], [ -96.375762, 30.535989 ], [ -96.374265, 30.5384 ], [ -96.375102, 30.541636 ], [ -96.376975, 30.544056 ], [ -96.37722, 30.54588 ], [ -96.376526, 30.546727 ], [ -96.373376, 30.546616 ], [ -96.369201, 30.543944 ], [ -96.365357, 30.542906 ], [ -96.360519, 30.542912 ], [ -96.358817, 30.541753 ], [ -96.356635, 30.533511 ], [ -96.355226, 30.529936 ], [ -96.354589, 30.525021 ], [ -96.355744, 30.52112 ], [ -96.357292, 30.519535 ], [ -96.360926, 30.518141 ], [ -96.36548, 30.517746 ], [ -96.367964, 30.518177 ], [ -96.370433, 30.516728 ], [ -96.371298, 30.514996 ], [ -96.371094, 30.513411 ], [ -96.368877, 30.511368 ], [ -96.367086, 30.510612 ], [ -96.363335, 30.51053 ], [ -96.359295, 30.513315 ], [ -96.356971, 30.514079 ], [ -96.356047, 30.513861 ], [ -96.355001, 30.512779 ], [ -96.35478, 30.511407 ], [ -96.355628, 30.50641 ], [ -96.354986, 30.504876 ], [ -96.35365, 30.502683 ], [ -96.351966, 30.501264 ], [ -96.348297, 30.50058 ], [ -96.346878, 30.499918 ], [ -96.344894, 30.499795 ], [ -96.343105, 30.498656 ], [ -96.33978, 30.494255 ], [ -96.336348, 30.488482 ], [ -96.333901, 30.483456 ], [ -96.329935, 30.477882 ], [ -96.330021, 30.476297 ], [ -96.331597, 30.474544 ], [ -96.333193, 30.474153 ], [ -96.335813, 30.474204 ], [ -96.339781, 30.475399 ], [ -96.340665, 30.473717 ], [ -96.337323, 30.469352 ], [ -96.335636, 30.468215 ], [ -96.330828, 30.463791 ], [ -96.328504, 30.462175 ], [ -96.324879, 30.460371 ], [ -96.322466, 30.45875 ], [ -96.321648, 30.456951 ], [ -96.32147, 30.454824 ], [ -96.321884, 30.451813 ], [ -96.320946, 30.449567 ], [ -96.318082, 30.449805 ], [ -96.315954, 30.450843 ], [ -96.313984, 30.4528 ], [ -96.312979, 30.454501 ], [ -96.311541, 30.455556 ], [ -96.308921, 30.455199 ], [ -96.306458, 30.453089 ], [ -96.303543, 30.449023 ], [ -96.301772, 30.447851 ], [ -96.292865, 30.444276 ], [ -96.290895, 30.443999 ], [ -96.288964, 30.445279 ], [ -96.286048, 30.448206 ], [ -96.28485, 30.448089 ], [ -96.284252, 30.446705 ], [ -96.286052, 30.44286 ], [ -96.286883, 30.438557 ], [ -96.286449, 30.433756 ], [ -96.282564, 30.426614 ], [ -96.284889, 30.423715 ], [ -96.287988, 30.421287 ], [ -96.28688, 30.418834 ], [ -96.285907, 30.416922 ], [ -96.283537, 30.415588 ], [ -96.281109, 30.414831 ], [ -96.277283, 30.41554 ], [ -96.273547, 30.418325 ], [ -96.271816, 30.416388 ], [ -96.272898, 30.413887 ], [ -96.272323, 30.410202 ], [ -96.272837, 30.409042 ], [ -96.276916, 30.407031 ], [ -96.278998, 30.407422 ], [ -96.282817, 30.40982 ], [ -96.28659, 30.411661 ], [ -96.28936, 30.412401 ], [ -96.291324, 30.411968 ], [ -96.295201, 30.412367 ], [ -96.29749, 30.411787 ], [ -96.298866, 30.410502 ], [ -96.300253, 30.407269 ], [ -96.299701, 30.405057 ], [ -96.297633, 30.401827 ], [ -96.297599, 30.400421 ], [ -96.302498, 30.399403 ], [ -96.305193, 30.397216 ], [ -96.306931, 30.394586 ], [ -96.306356, 30.391715 ], [ -96.305209, 30.390492 ], [ -96.302421, 30.389695 ], [ -96.298014, 30.386957 ], [ -96.294939, 30.385623 ], [ -96.293617, 30.383574 ], [ -96.293471, 30.38145 ], [ -96.294068, 30.380235 ], [ -96.296325, 30.379062 ], [ -96.299173, 30.379152 ], [ -96.299634, 30.378808 ], [ -96.299635, 30.377772 ], [ -96.298632, 30.377022 ], [ -96.294546, 30.376218 ], [ -96.290575, 30.373394 ], [ -96.289191, 30.371485 ], [ -96.287654, 30.366334 ], [ -96.285753, 30.364689 ], [ -96.28336, 30.364326 ], [ -96.279437, 30.364468 ], [ -96.277792, 30.362837 ], [ -96.276579, 30.360266 ], [ -96.272455, 30.358468 ], [ -96.271232, 30.35835 ], [ -96.268675, 30.358675 ], [ -96.263648, 30.362343 ], [ -96.262302, 30.364658 ], [ -96.26354, 30.368192 ], [ -96.262915, 30.370021 ], [ -96.261458, 30.36997 ], [ -96.259539, 30.368723 ], [ -96.258944, 30.36735 ], [ -96.257222, 30.366403 ], [ -96.25175, 30.365384 ], [ -96.249556, 30.366277 ], [ -96.246606, 30.368514 ], [ -96.243205, 30.369719 ], [ -96.23869, 30.369006 ], [ -96.235086, 30.36972 ], [ -96.23058, 30.372206 ], [ -96.224011, 30.375377 ], [ -96.221552, 30.376241 ], [ -96.218036, 30.376693 ], [ -96.214732, 30.375881 ], [ -96.212171, 30.373679 ], [ -96.2096, 30.374173 ], [ -96.209217, 30.375842 ], [ -96.206507, 30.379 ], [ -96.204931, 30.380108 ], [ -96.201239, 30.381145 ], [ -96.199544, 30.38291 ], [ -96.199211, 30.387383 ], [ -96.198228, 30.395118 ], [ -96.196516, 30.398729 ], [ -96.1945, 30.39989 ], [ -96.190775, 30.398706 ], [ -96.189971, 30.397841 ], [ -96.187711, 30.397013 ], [ -96.184744, 30.39459 ], [ -96.183814, 30.394281 ], [ -96.180522, 30.395099 ], [ -96.178661, 30.394718 ], [ -96.177095, 30.393587 ], [ -96.174461, 30.390878 ], [ -96.173467, 30.389221 ], [ -96.17327, 30.38645 ], [ -96.174151, 30.385084 ], [ -96.17495, 30.381977 ], [ -96.176455, 30.378345 ], [ -96.176568, 30.376103 ], [ -96.175545, 30.375012 ], [ -96.173038, 30.373911 ], [ -96.171543, 30.37379 ], [ -96.167219, 30.375246 ], [ -96.164186, 30.3775 ], [ -96.160523, 30.378709 ], [ -96.15904, 30.378621 ], [ -96.158438, 30.378368 ], [ -96.157194, 30.375741 ], [ -96.153315, 30.372403 ], [ -96.151447, 30.371485 ], [ -96.149872, 30.36879 ], [ -96.1504, 30.366694 ], [ -96.151598, 30.365455 ], [ -96.155438, 30.363141 ], [ -96.15527, 30.36158 ], [ -96.153456, 30.357466 ], [ -96.152364, 30.352879 ], [ -96.15263, 30.350311 ], [ -96.155539, 30.347521 ], [ -96.16016, 30.341739 ], [ -96.160445, 30.339364 ], [ -96.15463, 30.330288 ], [ -96.152789, 30.32801 ], [ -96.149386, 30.325187 ], [ -96.147462, 30.324168 ], [ -96.145244, 30.323592 ], [ -96.138866, 30.322453 ], [ -96.137298, 30.321058 ], [ -96.137078, 30.316669 ], [ -96.136547, 30.314752 ], [ -96.135057, 30.313508 ], [ -96.131635, 30.312434 ], [ -96.125273, 30.311563 ], [ -96.122703, 30.309368 ], [ -96.120477, 30.305689 ], [ -96.119506, 30.304821 ], [ -96.117372, 30.304195 ], [ -96.115056, 30.306001 ], [ -96.112305, 30.306601 ], [ -96.10408, 30.30882 ], [ -96.100871, 30.310214 ], [ -96.097193, 30.311112 ], [ -96.094404, 30.309371 ], [ -96.093513, 30.306532 ], [ -96.093637, 30.305195 ], [ -96.095342, 30.302824 ], [ -96.097614, 30.300984 ], [ -96.098768, 30.299555 ], [ -96.100046, 30.29669 ], [ -96.10058, 30.292805 ], [ -96.099316, 30.290258 ], [ -96.096933, 30.289 ], [ -96.09393, 30.289078 ], [ -96.089809, 30.289668 ], [ -96.087691, 30.289623 ], [ -96.085893, 30.288983 ], [ -96.084382, 30.28766 ], [ -96.084068, 30.286456 ], [ -96.084382, 30.28376 ], [ -96.085089, 30.282607 ], [ -96.090602, 30.279071 ], [ -96.091737, 30.278013 ], [ -96.093798, 30.274316 ], [ -96.094683, 30.271205 ], [ -96.094859, 30.268309 ], [ -96.095514, 30.265597 ], [ -96.098039, 30.261674 ], [ -96.099253, 30.258049 ], [ -96.09874, 30.254488 ], [ -96.094873, 30.252392 ], [ -96.089438, 30.253041 ], [ -96.08605, 30.252541 ], [ -96.084578, 30.251253 ], [ -96.08304, 30.248753 ], [ -96.080839, 30.244305 ], [ -96.081741, 30.240882 ], [ -96.083327, 30.238312 ], [ -96.087671, 30.23777 ], [ -96.090396, 30.238883 ], [ -96.094423, 30.242386 ], [ -96.096936, 30.243007 ], [ -96.098571, 30.242736 ], [ -96.101346, 30.24088 ], [ -96.103145, 30.238681 ], [ -96.105379, 30.23287 ], [ -96.104367, 30.231473 ], [ -96.101477, 30.23076 ], [ -96.098248, 30.230439 ], [ -96.09557, 30.22876 ], [ -96.093165, 30.225187 ], [ -96.092662, 30.22364 ], [ -96.093122, 30.220447 ], [ -96.096706, 30.214872 ], [ -96.098936, 30.214525 ], [ -96.103384, 30.216572 ], [ -96.109406, 30.219914 ], [ -96.110982, 30.222315 ], [ -96.113704, 30.227203 ], [ -96.114778, 30.227898 ], [ -96.117159, 30.227275 ], [ -96.118018, 30.224212 ], [ -96.128228, 30.211605 ], [ -96.130107, 30.210755 ], [ -96.133983, 30.210557 ], [ -96.136315, 30.210806 ], [ -96.14019, 30.212224 ], [ -96.14188, 30.213879 ], [ -96.143531, 30.216809 ], [ -96.145075, 30.218566 ], [ -96.147428, 30.217976 ], [ -96.148454, 30.216578 ], [ -96.149885, 30.213024 ], [ -96.151551, 30.211525 ], [ -96.15901, 30.206613 ], [ -96.15933, 30.203402 ], [ -96.159071, 30.201297 ], [ -96.158282, 30.199219 ], [ -96.159094, 30.195859 ], [ -96.158482, 30.192633 ], [ -96.157092, 30.190498 ], [ -96.157264, 30.188105 ], [ -96.159775, 30.18318 ], [ -96.159231, 30.180413 ], [ -96.156628, 30.17888 ], [ -96.154562, 30.177124 ], [ -96.1552, 30.173161 ], [ -96.156841, 30.171299 ], [ -96.160912, 30.168559 ], [ -96.162006, 30.164915 ], [ -96.160031, 30.161829 ], [ -96.157327, 30.160632 ], [ -96.153408, 30.159488 ], [ -96.150126, 30.155445 ], [ -96.1504, 30.152066 ], [ -96.151129, 30.149912 ], [ -96.151082, 30.146851 ], [ -96.152527, 30.143128 ], [ -96.153529, 30.141958 ], [ -96.15596, 30.141293 ], [ -96.158846, 30.142144 ], [ -96.160639, 30.143128 ], [ -96.164502, 30.146572 ], [ -96.168448, 30.149167 ], [ -96.172609, 30.151602 ], [ -96.176289, 30.154821 ], [ -96.178729, 30.155804 ], [ -96.180662, 30.155684 ], [ -96.182546, 30.153982 ], [ -96.183214, 30.152439 ], [ -96.183153, 30.15071 ], [ -96.181877, 30.148129 ], [ -96.178231, 30.144991 ], [ -96.174585, 30.14366 ], [ -96.171942, 30.14116 ], [ -96.17176, 30.13983 ], [ -96.17261, 30.138633 ], [ -96.174403, 30.137755 ], [ -96.175922, 30.137728 ], [ -96.179052, 30.138819 ], [ -96.181827, 30.140903 ], [ -96.186131, 30.141931 ], [ -96.187802, 30.141692 ], [ -96.190172, 30.140202 ], [ -96.191782, 30.13842 ], [ -96.192208, 30.136664 ], [ -96.191418, 30.134669 ], [ -96.188288, 30.132011 ], [ -96.1872, 30.129458 ], [ -96.186368, 30.128147 ], [ -96.182446, 30.125217 ], [ -96.179872, 30.122992 ], [ -96.1789, 30.120943 ], [ -96.178869, 30.118443 ], [ -96.179811, 30.117352 ], [ -96.183002, 30.117086 ], [ -96.187418, 30.118594 ], [ -96.189761, 30.118481 ], [ -96.191235, 30.117577 ], [ -96.191708, 30.115235 ], [ -96.191099, 30.113872 ], [ -96.188653, 30.110463 ], [ -96.186101, 30.109266 ], [ -96.183548, 30.109212 ], [ -96.175046, 30.112435 ], [ -96.17261, 30.110755 ], [ -96.171456, 30.109345 ], [ -96.171425, 30.108095 ], [ -96.17466, 30.102702 ], [ -96.173643, 30.100035 ], [ -96.172823, 30.099343 ], [ -96.169936, 30.098785 ], [ -96.168144, 30.098998 ], [ -96.164285, 30.101152 ], [ -96.162371, 30.103467 ], [ -96.160271, 30.108066 ], [ -96.157661, 30.108547 ], [ -96.154988, 30.108521 ], [ -96.153985, 30.107989 ], [ -96.153347, 30.107217 ], [ -96.152496, 30.104211 ], [ -96.152557, 30.102535 ], [ -96.156173, 30.098838 ], [ -96.157661, 30.098306 ], [ -96.158998, 30.097029 ], [ -96.159241, 30.094103 ], [ -96.158421, 30.091709 ], [ -96.15435, 30.086522 ], [ -96.152071, 30.085032 ], [ -96.15046, 30.084713 ], [ -96.145326, 30.085245 ], [ -96.143502, 30.084979 ], [ -96.141649, 30.083197 ], [ -96.141193, 30.081175 ], [ -96.141315, 30.078807 ], [ -96.14092, 30.076839 ], [ -96.139674, 30.075562 ], [ -96.135379, 30.073242 ], [ -96.13378, 30.07096 ], [ -96.133567, 30.068965 ], [ -96.134661, 30.067529 ], [ -96.137, 30.066997 ], [ -96.142858, 30.070942 ], [ -96.146294, 30.074946 ], [ -96.149129, 30.076632 ], [ -96.151247, 30.076396 ], [ -96.151878, 30.075161 ], [ -96.151305, 30.073445 ], [ -96.150005, 30.071726 ], [ -96.146052, 30.070224 ], [ -96.148562, 30.069175 ], [ -96.149308, 30.067993 ], [ -96.150527, 30.068175 ], [ -96.152973, 30.067197 ], [ -96.155223, 30.067132 ], [ -96.154357, 30.065851 ], [ -96.156014, 30.06273 ], [ -96.157209, 30.061895 ], [ -96.157424, 30.060609 ], [ -96.156299, 30.060141 ], [ -96.155706, 30.058789 ], [ -96.15735, 30.055926 ], [ -96.159442, 30.053832 ], [ -96.160472, 30.053409 ], [ -96.162228, 30.054201 ], [ -96.162816, 30.052882 ], [ -96.1654, 30.053218 ], [ -96.168837, 30.054411 ], [ -96.168451, 30.056115 ], [ -96.170681, 30.055758 ], [ -96.173727, 30.056847 ], [ -96.173796, 30.057935 ], [ -96.175495, 30.058991 ], [ -96.177915, 30.059563 ], [ -96.1777, 30.060541 ], [ -96.179545, 30.060877 ], [ -96.179773, 30.062047 ], [ -96.181352, 30.0628 ], [ -96.182875, 30.06235 ], [ -96.18364, 30.063015 ], [ -96.185838, 30.06235 ], [ -96.18908, 30.064389 ], [ -96.192479, 30.065181 ], [ -96.197023, 30.064703 ], [ -96.199569, 30.065659 ], [ -96.200568, 30.066588 ], [ -96.202375, 30.066197 ], [ -96.206786, 30.066961 ], [ -96.208511, 30.065224 ], [ -96.208441, 30.063613 ], [ -96.209174, 30.062245 ], [ -96.212719, 30.065883 ], [ -96.214059, 30.066388 ], [ -96.21382, 30.068988 ], [ -96.216152, 30.06968 ], [ -96.216916, 30.070521 ], [ -96.218686, 30.070757 ], [ -96.218414, 30.071785 ], [ -96.219837, 30.07262 ], [ -96.225018, 30.072372 ], [ -96.225385, 30.073801 ], [ -96.22859, 30.075592 ], [ -96.233931, 30.076294 ], [ -96.23654, 30.075469 ], [ -96.239561, 30.075572 ], [ -96.24095, 30.072977 ], [ -96.243781, 30.07241 ], [ -96.244926, 30.073987 ], [ -96.247417, 30.075256 ], [ -96.250881, 30.074063 ], [ -96.253869, 30.075823 ], [ -96.254337, 30.074494 ], [ -96.25483, 30.075681 ], [ -96.257939, 30.076216 ], [ -96.259336, 30.075744 ], [ -96.259821, 30.077277 ], [ -96.260947, 30.078117 ], [ -96.263847, 30.07829 ], [ -96.264237, 30.080814 ], [ -96.265595, 30.082326 ], [ -96.267902, 30.082931 ], [ -96.267516, 30.083893 ], [ -96.268823, 30.086318 ], [ -96.268759, 30.087681 ], [ -96.270016, 30.09005 ], [ -96.26932, 30.091001 ], [ -96.270634, 30.09248 ], [ -96.271057, 30.093882 ], [ -96.272479, 30.094432 ], [ -96.273869, 30.093976 ], [ -96.276171, 30.092378 ], [ -96.280089, 30.094132 ], [ -96.281828, 30.093292 ], [ -96.28392, 30.094271 ], [ -96.284469, 30.09553 ], [ -96.285746, 30.096387 ], [ -96.288998, 30.096829 ], [ -96.28983, 30.096235 ], [ -96.292849, 30.09615 ], [ -96.334061, 30.090646 ], [ -96.33748, 30.09005 ], [ -96.35652, 30.08682 ], [ -96.35724, 30.0866 ], [ -96.370091, 30.085383 ], [ -96.374575, 30.085098 ], [ -96.375236, 30.084787 ], [ -96.436225, 30.076487 ], [ -96.50452, 30.06729 ], [ -96.518814, 30.065198 ], [ -96.531821, 30.0651 ], [ -96.57436, 30.06476 ], [ -96.585899, 30.064668 ], [ -96.587194, 30.065339 ], [ -96.588161, 30.067016 ], [ -96.591638, 30.069396 ], [ -96.592321, 30.070671 ], [ -96.594141, 30.071022 ], [ -96.620848, 30.045203 ], [ -96.62198, 30.044283 ], [ -96.623863, 30.066713 ], [ -96.626018, 30.067796 ], [ -96.630847, 30.070287 ], [ -96.634289, 30.075701 ], [ -96.632478, 30.08404 ], [ -96.633186, 30.092951 ], [ -96.633673, 30.106142 ], [ -96.640649, 30.120579 ], [ -96.653112, 30.12999 ], [ -96.653062, 30.13012 ], [ -96.647223, 30.145174 ], [ -96.661872, 30.149133 ], [ -96.668606, 30.149729 ], [ -96.683394, 30.151038 ], [ -96.687141, 30.16435 ], [ -96.693755, 30.161456 ], [ -96.702002, 30.157839 ], [ -96.705462, 30.154414 ], [ -96.714989, 30.144983 ], [ -96.732136, 30.147016 ], [ -96.735445, 30.147393 ], [ -96.735967, 30.147225 ], [ -96.747229, 30.144173 ], [ -96.766937, 30.138745 ], [ -96.773016, 30.149466 ], [ -96.780751, 30.152124 ], [ -96.794552, 30.160545 ], [ -96.801371, 30.154641 ], [ -96.806259, 30.150408 ], [ -96.845857, 30.116027 ], [ -96.861725, 30.108644 ], [ -96.863451, 30.107906 ], [ -96.881791, 30.098953 ], [ -96.892419, 30.093788 ], [ -96.98319, 30.0496 ], [ -96.984382, 30.048836 ], [ -96.987139, 30.047785 ], [ -96.991442, 30.045688 ], [ -97.019163, 30.032 ], [ -97.024461, 30.051435 ], [ -97.044335, 30.033192 ], [ -97.044365, 30.033151 ], [ -97.086458, 29.994298 ], [ -97.106961, 29.97543 ], [ -97.107179, 29.975232 ], [ -97.121134, 29.962585 ], [ -97.128501, 29.956473 ], [ -97.130912, 29.95406 ], [ -97.14403, 29.942245 ], [ -97.165346, 29.922973 ], [ -97.194235, 29.896776 ], [ -97.221837, 29.871837 ], [ -97.315823, 29.786541 ], [ -97.317893, 29.784658 ], [ -97.409777, 29.734258 ], [ -97.451439, 29.711354 ], [ -97.511442, 29.678372 ], [ -97.595145, 29.632185 ], [ -97.597695, 29.630745 ], [ -97.599632, 29.631176 ], [ -97.599947, 29.632367 ], [ -97.598583, 29.633651 ], [ -97.598629, 29.635155 ], [ -97.600368, 29.635713 ], [ -97.60003, 29.637613 ], [ -97.602272, 29.63954 ], [ -97.603731, 29.641786 ], [ -97.606368, 29.640434 ], [ -97.604644, 29.63648 ], [ -97.60585, 29.635093 ], [ -97.607492, 29.635401 ], [ -97.609104, 29.636994 ], [ -97.611885, 29.636879 ], [ -97.615969, 29.634898 ], [ -97.617497, 29.633553 ], [ -97.618456, 29.633809 ], [ -97.618836, 29.635547 ], [ -97.617894, 29.63688 ], [ -97.618077, 29.637931 ], [ -97.61674, 29.639421 ], [ -97.616242, 29.641117 ], [ -97.617161, 29.64318 ], [ -97.617477, 29.645105 ], [ -97.621229, 29.644026 ], [ -97.62199, 29.642948 ], [ -97.624692, 29.642993 ], [ -97.628168, 29.642304 ], [ -97.627676, 29.640225 ], [ -97.629429, 29.639783 ], [ -97.630188, 29.643199 ], [ -97.629951, 29.644413 ], [ -97.631131, 29.645606 ], [ -97.630369, 29.64682 ], [ -97.631707, 29.646614 ], [ -97.633879, 29.647507 ], [ -97.632965, 29.648884 ], [ -97.633176, 29.649863 ], [ -97.631432, 29.650606 ], [ -97.63102, 29.653472 ], [ -97.635269, 29.653717 ], [ -97.635627, 29.655229 ], [ -97.637444, 29.654674 ], [ -97.63794, 29.653291 ], [ -97.638997, 29.653265 ], [ -97.640492, 29.651883 ], [ -97.641661, 29.652136 ], [ -97.642885, 29.654609 ], [ -97.64771, 29.654188 ], [ -97.65035, 29.655268 ], [ -97.651654, 29.653965 ], [ -97.651895, 29.655245 ], [ -97.653559, 29.656183 ], [ -97.654344, 29.658035 ], [ -97.653219, 29.658824 ], [ -97.653627, 29.659899 ], [ -97.652225, 29.66182 ], [ -97.650141, 29.661323 ], [ -97.649106, 29.659303 ], [ -97.649648, 29.657437 ], [ -97.648672, 29.656964 ], [ -97.647921, 29.658079 ], [ -97.647785, 29.662127 ], [ -97.648983, 29.662221 ], [ -97.650073, 29.665021 ], [ -97.651902, 29.666575 ], [ -97.652236, 29.666957 ], [ -97.652612, 29.667843 ], [ -97.654005, 29.666991 ], [ -97.656849, 29.664672 ], [ -97.656462, 29.662863 ], [ -97.65865, 29.663249 ], [ -97.65939, 29.666539 ], [ -97.661045, 29.668513 ], [ -97.663366, 29.666983 ], [ -97.665002, 29.668801 ], [ -97.665209, 29.668043 ], [ -97.66591, 29.666905 ], [ -97.669162, 29.66753 ], [ -97.670864, 29.667063 ], [ -97.67117, 29.664116 ], [ -97.673466, 29.663197 ], [ -97.675135, 29.666085 ], [ -97.673878, 29.668222 ], [ -97.675933, 29.668134 ], [ -97.677592, 29.668775 ], [ -97.676575, 29.667099 ], [ -97.678368, 29.666761 ], [ -97.678484, 29.664469 ], [ -97.680498, 29.663623 ], [ -97.683823, 29.664269 ], [ -97.682072, 29.665919 ], [ -97.683594, 29.66717 ], [ -97.683864, 29.666057 ], [ -97.685813, 29.665667 ], [ -97.68723, 29.666673 ], [ -97.686587, 29.667295 ], [ -97.685326, 29.666261 ], [ -97.685188, 29.667446 ], [ -97.686128, 29.669503 ], [ -97.688301, 29.672589 ], [ -97.689791, 29.671823 ], [ -97.691617, 29.672366 ], [ -97.690701, 29.673096 ], [ -97.698284, 29.669249 ], [ -97.697325, 29.667923 ], [ -97.698511, 29.666988 ], [ -97.699477, 29.667424 ], [ -97.700536, 29.668413 ], [ -97.702229, 29.668592 ], [ -97.702197, 29.670099 ], [ -97.703421, 29.670482 ], [ -97.703299, 29.673072 ], [ -97.703849, 29.674249 ], [ -97.706075, 29.67455 ], [ -97.705317, 29.675889 ], [ -97.705862, 29.67715 ], [ -97.704784, 29.679112 ], [ -97.705641, 29.680218 ], [ -97.703855, 29.681267 ], [ -97.704558, 29.682615 ], [ -97.706378, 29.682712 ], [ -97.708451, 29.683733 ], [ -97.711705, 29.6815 ], [ -97.715574, 29.682105 ], [ -97.717215, 29.681797 ], [ -97.717737, 29.682614 ], [ -97.716759, 29.683742 ], [ -97.71764, 29.684115 ], [ -97.721852, 29.682088 ], [ -97.722852, 29.682557 ], [ -97.72145, 29.684163 ], [ -97.722104, 29.68552 ], [ -97.725625, 29.685672 ], [ -97.727576, 29.687892 ], [ -97.731985, 29.690127 ], [ -97.733415, 29.690541 ], [ -97.734592, 29.691075 ], [ -97.73572, 29.691198 ], [ -97.735409, 29.693618 ], [ -97.737992, 29.696254 ], [ -97.740339, 29.696784 ], [ -97.742698, 29.69667 ], [ -97.743629, 29.697496 ], [ -97.743347, 29.698841 ], [ -97.736996, 29.701954 ], [ -97.735942, 29.705629 ], [ -97.73677, 29.711046 ], [ -97.738369, 29.712905 ], [ -97.744108, 29.711887 ], [ -97.744933, 29.71269 ], [ -97.746091, 29.711298 ], [ -97.749654, 29.711422 ], [ -97.74665, 29.712556 ], [ -97.74772, 29.714398 ], [ -97.749984, 29.714631 ], [ -97.7519, 29.71586 ], [ -97.75294, 29.716626 ], [ -97.756548, 29.717825 ], [ -97.758627, 29.715735 ], [ -97.758689, 29.714889 ], [ -97.763364, 29.713042 ], [ -97.765661, 29.717128 ], [ -97.768459, 29.719103 ], [ -97.768333, 29.720267 ], [ -97.766466, 29.721759 ], [ -97.763536, 29.721766 ], [ -97.758601, 29.725047 ], [ -97.760808, 29.725405 ], [ -97.760691, 29.727763 ], [ -97.761873, 29.728389 ], [ -97.763739, 29.727899 ], [ -97.771582, 29.733032 ], [ -97.772325, 29.733973 ], [ -97.771274, 29.732839 ], [ -97.770212, 29.735177 ], [ -97.770699, 29.737819 ], [ -97.769976, 29.739508 ], [ -97.768234, 29.74108 ], [ -97.768764, 29.74173 ], [ -97.774364, 29.742157 ], [ -97.774002, 29.743938 ], [ -97.775123, 29.7444 ], [ -97.77772, 29.747112 ], [ -97.78204, 29.747699 ], [ -97.781127, 29.748619 ], [ -97.779464, 29.748209 ], [ -97.781237, 29.752709 ], [ -97.780228, 29.754759 ], [ -97.780383, 29.756795 ], [ -97.781724, 29.757831 ], [ -97.780503, 29.758245 ], [ -97.780917, 29.759258 ], [ -97.781616, 29.759719 ], [ -97.78638, 29.760959 ], [ -97.790921, 29.75959 ], [ -97.792683, 29.759393 ], [ -97.793271, 29.757861 ], [ -97.792916, 29.754192 ], [ -97.793971, 29.752943 ], [ -97.795925, 29.752333 ], [ -97.799678, 29.752301 ], [ -97.800848, 29.75293 ], [ -97.801361, 29.754194 ], [ -97.803416, 29.753651 ], [ -97.803979, 29.754914 ], [ -97.80302, 29.756366 ], [ -97.80382, 29.757432 ], [ -97.802978, 29.758651 ], [ -97.800872, 29.759167 ], [ -97.799745, 29.763216 ], [ -97.800194, 29.765932 ], [ -97.801214, 29.767025 ], [ -97.802115, 29.766584 ], [ -97.804898, 29.767238 ], [ -97.807056, 29.768987 ], [ -97.811171, 29.774501 ], [ -97.807969, 29.774642 ], [ -97.805892, 29.773066 ], [ -97.805234, 29.773444 ], [ -97.806462, 29.775338 ], [ -97.80565, 29.777058 ], [ -97.806253, 29.777746 ], [ -97.808214, 29.779639 ], [ -97.811371, 29.780295 ], [ -97.812931, 29.778319 ], [ -97.815102, 29.780726 ], [ -97.811953, 29.783469 ], [ -97.814341, 29.784747 ], [ -97.814724, 29.785542 ], [ -97.815121, 29.787499 ], [ -97.815393, 29.788208 ], [ -97.817138, 29.790383 ], [ -97.819566, 29.78943 ], [ -97.821379, 29.785672 ], [ -97.821837, 29.782721 ], [ -97.823997, 29.783537 ], [ -97.822654, 29.784629 ], [ -97.823274, 29.785492 ], [ -97.826233, 29.784527 ], [ -97.826317, 29.783359 ], [ -97.824086, 29.781662 ], [ -97.825102, 29.781007 ], [ -97.828535, 29.781426 ], [ -97.828902, 29.780538 ], [ -97.827653, 29.779247 ], [ -97.829259, 29.779597 ], [ -97.830146, 29.780874 ], [ -97.830501, 29.781859 ], [ -97.831398, 29.783013 ], [ -97.832374, 29.784496 ], [ -97.831349, 29.787916 ], [ -97.830043, 29.789983 ], [ -97.829484, 29.793502 ], [ -97.830265, 29.795533 ], [ -97.833524, 29.795009 ], [ -97.834393, 29.794648 ], [ -97.83686, 29.795179 ], [ -97.837997, 29.79596 ], [ -97.838504, 29.797606 ], [ -97.839808, 29.797808 ], [ -97.842351, 29.799224 ], [ -97.843181, 29.801216 ], [ -97.842254, 29.802311 ], [ -97.842007, 29.806242 ], [ -97.842414, 29.808303 ], [ -97.844842, 29.808455 ], [ -97.845413, 29.807355 ], [ -97.846362, 29.808648 ], [ -97.845221, 29.811115 ], [ -97.842283, 29.81316 ], [ -97.84075, 29.815758 ], [ -97.839747, 29.820402 ], [ -97.842202, 29.821656 ], [ -97.842704, 29.824015 ], [ -97.841549, 29.824941 ], [ -97.838342, 29.825417 ], [ -97.837141, 29.824984 ], [ -97.836691, 29.82691 ], [ -97.837614, 29.828497 ], [ -97.839334, 29.828807 ], [ -97.840744, 29.829983 ], [ -97.84131, 29.83192 ], [ -97.842349, 29.832131 ], [ -97.843898, 29.832841 ], [ -97.844253, 29.836444 ], [ -97.84484, 29.839111 ], [ -97.846104, 29.839904 ], [ -97.846645, 29.841671 ], [ -97.848635, 29.843348 ], [ -97.853701, 29.843119 ], [ -97.855533, 29.843913 ], [ -97.856203, 29.848884 ], [ -97.860939, 29.853719 ], [ -97.861442, 29.855003 ], [ -97.863718, 29.856279 ], [ -97.867167, 29.854535 ], [ -97.867493, 29.851723 ], [ -97.872196, 29.852519 ], [ -97.873044, 29.855939 ], [ -97.875228, 29.858136 ], [ -97.875259, 29.858208 ], [ -97.905173, 29.835664 ], [ -97.905297, 29.835573 ], [ -97.919255, 29.825138 ], [ -97.928116, 29.818403 ], [ -97.930509, 29.816604 ], [ -97.932916, 29.81482 ], [ -97.943564, 29.806914 ], [ -97.944443, 29.806993 ], [ -97.944572, 29.805869 ], [ -97.961814, 29.789027 ], [ -97.999271, 29.752444 ], [ -98.012943, 29.794735 ], [ -98.015044, 29.801057 ], [ -98.01518, 29.801485 ], [ -98.018657, 29.812175 ], [ -98.018682, 29.812253 ], [ -98.030523, 29.848539 ], [ -98.071531, 29.877729 ], [ -98.12127, 29.912844 ], [ -98.151587, 29.934318 ], [ -98.188144, 29.960341 ], [ -98.196608, 29.96631 ], [ -98.198395, 29.967524 ], [ -98.198953, 29.967995 ], [ -98.203141, 29.97099 ], [ -98.224261, 29.986049 ], [ -98.246305, 30.001774 ], [ -98.253898, 30.007115 ], [ -98.254522, 30.007635 ], [ -98.2976, 30.037994 ], [ -98.298118, 30.037505 ] ] ] } },
{ "type": "Feature", "properties": { "FederalDivisionName": "Del Rio", "FederalJudicialDistrict": "Western" }, "geometry": { "type": "Polygon", "coordinates": [ [ [ -100.11402, 28.489864 ], [ -100.113719, 28.197819 ], [ -100.212165531127994, 28.196837162978301 ], [ -100.213624, 28.20472 ], [ -100.213451, 28.207516 ], [ -100.21345, 28.210416 ], [ -100.214383, 28.212438 ], [ -100.216203, 28.221467 ], [ -100.217565, 28.226934 ], [ -100.220284, 28.23221 ], [ -100.22363, 28.235224 ], [ -100.227575, 28.235857 ], [ -100.232228, 28.236058 ], [ -100.23487, 28.235314 ], [ -100.239925, 28.234937 ], [ -100.2462, 28.234092 ], [ -100.251634, 28.236177 ], [ -100.257789, 28.24034 ], [ -100.260786, 28.244629 ], [ -100.267604, 28.250269 ], [ -100.27763, 28.262453 ], [ -100.280518, 28.267969 ], [ -100.282984, 28.270441 ], [ -100.285404, 28.271924 ], [ -100.289384, 28.273491 ], [ -100.291397, 28.275397 ], [ -100.293468, 28.278475 ], [ -100.294291, 28.280999 ], [ -100.294296, 28.284381 ], [ -100.287554, 28.301093 ], [ -100.286088, 28.30855 ], [ -100.286471, 28.312296 ], [ -100.288639, 28.316978 ], [ -100.294838, 28.323213 ], [ -100.304147, 28.334392 ], [ -100.309368, 28.338554 ], [ -100.309837, 28.341557 ], [ -100.310675, 28.34347 ], [ -100.313139, 28.344788 ], [ -100.314198, 28.345859 ], [ -100.316023, 28.349955 ], [ -100.317246, 28.357382 ], [ -100.320393, 28.362117 ], [ -100.329347, 28.372326 ], [ -100.330941, 28.373334 ], [ -100.331947, 28.375366 ], [ -100.341869, 28.384953 ], [ -100.3444, 28.389662 ], [ -100.346799, 28.395752 ], [ -100.348122, 28.398052 ], [ -100.349586, 28.402604 ], [ -100.349327, 28.403887 ], [ -100.346988, 28.407232 ], [ -100.345248, 28.407889 ], [ -100.343945, 28.410119 ], [ -100.337059, 28.427151 ], [ -100.336186, 28.430181 ], [ -100.337604, 28.437983 ], [ -100.337797, 28.44296 ], [ -100.339215, 28.445959 ], [ -100.341533, 28.449571 ], [ -100.348425, 28.456047 ], [ -100.350786, 28.459246 ], [ -100.357498, 28.463642 ], [ -100.362721, 28.469947 ], [ -100.367549, 28.474796 ], [ -100.368288, 28.477196 ], [ -100.368108, 28.478999 ], [ -100.365982, 28.481116 ], [ -100.36189, 28.482301 ], [ -100.357174, 28.482091 ], [ -100.352235, 28.482638 ], [ -100.344181, 28.486249 ], [ -100.33714, 28.491729 ], [ -100.335195, 28.494625 ], [ -100.333912, 28.49734 ], [ -100.333814, 28.499252 ], [ -100.334894, 28.500321 ], [ -100.338518, 28.501833 ], [ -100.344432, 28.503354 ], [ -100.350774, 28.504124 ], [ -100.356037, 28.504871 ], [ -100.359712, 28.507287 ], [ -100.362148, 28.508399 ], [ -100.376959, 28.512023 ], [ -100.379079, 28.511639 ], [ -100.386963, 28.514023 ], [ -100.38886, 28.515748 ], [ -100.394988, 28.528358 ], [ -100.397167, 28.530129 ], [ -100.398934, 28.530478 ], [ -100.400492, 28.531315 ], [ -100.405058, 28.53578 ], [ -100.409662, 28.545131 ], [ -100.411414, 28.551899 ], [ -100.408542, 28.557614 ], [ -100.404915, 28.560696 ], [ -100.404335, 28.56378 ], [ -100.39727, 28.575637 ], [ -100.3968, 28.580401 ], [ -100.398385, 28.584884 ], [ -100.400399, 28.586892 ], [ -100.402445830033002, 28.587516432756399 ], [ -100.406214, 28.588666 ], [ -100.409218, 28.589042 ], [ -100.419389, 28.593429 ], [ -100.423167, 28.594241 ], [ -100.429856, 28.596441 ], [ -100.431892, 28.597535 ], [ -100.43208, 28.599002 ], [ -100.433304, 28.604581 ], [ -100.433623, 28.606117 ], [ -100.435334, 28.606986 ], [ -100.441268, 28.607604 ], [ -100.444975, 28.607806 ], [ -100.445266401257996, 28.607994758426301 ], [ -100.445474606985002, 28.608129626016801 ], [ -100.44732, 28.609325 ], [ -100.448648, 28.616774 ], [ -100.447368, 28.622902 ], [ -100.446984, 28.633214 ], [ -100.445529, 28.637144 ], [ -100.446076, 28.638913 ], [ -100.445749, 28.640626 ], [ -100.447091, 28.642197 ], [ -100.447636791028998, 28.642336286006 ], [ -100.450312, 28.643019 ], [ -100.457447, 28.641878 ], [ -100.460526, 28.641026 ], [ -100.462866, 28.641364 ], [ -100.474494, 28.647071 ], [ -100.479454417579007, 28.6549370530796 ], [ -100.479636, 28.655225 ], [ -100.483286, 28.655647 ], [ -100.485787, 28.656821 ], [ -100.48926, 28.658002 ], [ -100.491507, 28.657671 ], [ -100.495863, 28.658569 ], [ -100.498115, 28.659605 ], [ -100.500354, 28.66196 ], [ -100.501449, 28.666188 ], [ -100.502451246649997, 28.669045322980502 ], [ -100.503537600678996, 28.672142429195901 ], [ -100.510055, 28.690723 ], [ -100.510485902737997, 28.696349192238198 ], [ -100.510795, 28.700385 ], [ -100.511998, 28.705352 ], [ -100.512109, 28.707454 ], [ -100.510298, 28.709008 ], [ -100.509069093416997, 28.711063674236101 ], [ -100.508662462258002, 28.711743873373599 ], [ -100.508003, 28.712847 ], [ -100.506701, 28.716745 ], [ -100.507254367493005, 28.7188642038717 ], [ -100.507787, 28.720904 ], [ -100.507698, 28.725537 ], [ -100.506791, 28.732015 ], [ -100.507366847187001, 28.7380284698989 ], [ -100.507613, 28.740599 ], [ -100.507721285105006, 28.7406578980791 ], [ -100.50915, 28.741435 ], [ -100.512385, 28.741557 ], [ -100.514238, 28.742101 ], [ -100.515332, 28.743374 ], [ -100.515536, 28.744943 ], [ -100.514399, 28.750252 ], [ -100.515866, 28.752921 ], [ -100.519226, 28.756161 ], [ -100.52157, 28.75764 ], [ -100.523862, 28.757464 ], [ -100.527216, 28.756168 ], [ -100.52941, 28.756417 ], [ -100.532192, 28.757161 ], [ -100.533408, 28.759207 ], [ -100.533017, 28.76328 ], [ -100.530452, 28.766808 ], [ -100.530004, 28.768713 ], [ -100.530333, 28.771288 ], [ -100.531782, 28.773574 ], [ -100.536445, 28.777622 ], [ -100.537772, 28.780776 ], [ -100.537637, 28.782883 ], [ -100.536944, 28.784292 ], [ -100.533807, 28.787371 ], [ -100.532431, 28.791063 ], [ -100.533657, 28.800273 ], [ -100.53583, 28.805888 ], [ -100.540449, 28.807441 ], [ -100.542173, 28.808466 ], [ -100.545481, 28.812638 ], [ -100.546052, 28.814872 ], [ -100.545479, 28.819954 ], [ -100.547324, 28.825817 ], [ -100.548129255323005, 28.8261543029531 ], [ -100.55313, 28.828249 ], [ -100.561443, 28.829174 ], [ -100.563955, 28.828899 ], [ -100.567637, 28.827588 ], [ -100.57051, 28.826317 ], [ -100.572751, 28.827098 ], [ -100.574699, 28.828787 ], [ -100.576846, 28.836168 ], [ -100.572992, 28.848464 ], [ -100.580502, 28.856008 ], [ -100.588192, 28.860238 ], [ -100.59104, 28.863054 ], [ -100.591342, 28.865262 ], [ -100.5908, 28.870567 ], [ -100.590527, 28.87238 ], [ -100.592033, 28.873232 ], [ -100.597553, 28.873806 ], [ -100.598682, 28.875247 ], [ -100.598498, 28.879086 ], [ -100.596118, 28.881581 ], [ -100.59031, 28.883875 ], [ -100.589489, 28.885803 ], [ -100.591183, 28.888918 ], [ -100.592875, 28.889356 ], [ -100.594287, 28.888831 ], [ -100.59729, 28.887811 ], [ -100.59987, 28.886469 ], [ -100.602172, 28.886617 ], [ -100.603841, 28.888391 ], [ -100.603568, 28.890758 ], [ -100.602562, 28.895315 ], [ -100.601299, 28.899088 ], [ -100.600768, 28.900764 ], [ -100.602054, 28.901944 ], [ -100.607439, 28.902327 ], [ -100.613559, 28.901478 ], [ -100.616138, 28.903918 ], [ -100.617016, 28.907072 ], [ -100.618216, 28.908522 ], [ -100.619974, 28.909115 ], [ -100.623482, 28.909601 ], [ -100.624899, 28.90827 ], [ -100.62493, 28.905735 ], [ -100.627206, 28.903734 ], [ -100.631611, 28.902839 ], [ -100.633277, 28.904583 ], [ -100.633763, 28.906039 ], [ -100.634691, 28.908708 ], [ -100.63626, 28.911034 ], [ -100.637279, 28.911828 ], [ -100.639267, 28.912278 ], [ -100.640568, 28.914212 ], [ -100.640672, 28.915249 ], [ -100.63917, 28.916289 ], [ -100.636015, 28.916567 ], [ -100.632367, 28.916354 ], [ -100.629993, 28.918282 ], [ -100.629706, 28.921146 ], [ -100.63072, 28.924006 ], [ -100.632744, 28.925148 ], [ -100.635672, 28.925859 ], [ -100.638857, 28.927622 ], [ -100.641692, 28.932048 ], [ -100.642983, 28.935576 ], [ -100.644362, 28.938273 ], [ -100.645841, 28.939867 ], [ -100.648816, 28.941031 ], [ -100.65066, 28.941978 ], [ -100.651512, 28.943432 ], [ -100.651027, 28.946888 ], [ -100.648911, 28.952632 ], [ -100.647382, 28.955203 ], [ -100.646993, 28.957079 ], [ -100.647399, 28.958895 ], [ -100.648285, 28.960656 ], [ -100.649515, 28.961159 ], [ -100.650325, 28.961993 ], [ -100.649912, 28.963224 ], [ -100.648157, 28.965504 ], [ -100.646636, 28.966929 ], [ -100.646382, 28.970724 ], [ -100.647844, 28.973702 ], [ -100.648654, 28.977422 ], [ -100.648275, 28.982865 ], [ -100.647286, 28.985298 ], [ -100.645894, 28.986421 ], [ -100.646903, 28.991777 ], [ -100.647826, 28.992933 ], [ -100.649136, 28.996466 ], [ -100.648934, 28.9987 ], [ -100.648763, 29.000589 ], [ -100.650946, 29.008254 ], [ -100.653758, 29.015356 ], [ -100.65611, 29.017224 ], [ -100.660208, 29.031497 ], [ -100.660351, 29.035849 ], [ -100.661457, 29.038375 ], [ -100.663212, 29.048042 ], [ -100.662508, 29.058107 ], [ -100.664021, 29.074164 ], [ -100.665873, 29.076782 ], [ -100.666848, 29.082596 ], [ -100.667522988428004, 29.0842931847587 ], [ -100.669836, 29.090109 ], [ -100.674656, 29.099777 ], [ -100.680526, 29.107006 ], [ -100.684472, 29.110657 ], [ -100.692327, 29.115228 ], [ -100.709966, 29.119684 ], [ -100.727462, 29.129123 ], [ -100.729049, 29.131466 ], [ -100.737795, 29.139079 ], [ -100.739116, 29.141658 ], [ -100.737709, 29.145489 ], [ -100.737591, 29.147407 ], [ -100.738023, 29.148815 ], [ -100.739681, 29.150486 ], [ -100.74614, 29.154149 ], [ -100.756574, 29.156029 ], [ -100.759726, 29.15715 ], [ -100.762851, 29.159681 ], [ -100.763627, 29.161259 ], [ -100.763605, 29.164728 ], [ -100.766111, 29.166359 ], [ -100.768634, 29.165988 ], [ -100.772649, 29.168492 ], [ -100.775905, 29.173344 ], [ -100.774905, 29.175271 ], [ -100.772968, 29.176719 ], [ -100.768771, 29.181544 ], [ -100.766031, 29.185849 ], [ -100.765888, 29.188518 ], [ -100.766121, 29.191296 ], [ -100.767059, 29.195287 ], [ -100.769341, 29.198911 ], [ -100.772926, 29.199662 ], [ -100.775294, 29.199698 ], [ -100.776254, 29.200929 ], [ -100.77702, 29.204329 ], [ -100.775944, 29.206951 ], [ -100.774539, 29.209728 ], [ -100.775042, 29.211637 ], [ -100.777088, 29.213506 ], [ -100.779664, 29.218632 ], [ -100.781196, 29.219719 ], [ -100.783077, 29.224454 ], [ -100.784499, 29.226881 ], [ -100.786329, 29.228501 ], [ -100.791372, 29.225945 ], [ -100.793677, 29.226466 ], [ -100.795681, 29.22773 ], [ -100.796751, 29.230963 ], [ -100.797046, 29.235586 ], [ -100.795637, 29.238277 ], [ -100.794748, 29.239942 ], [ -100.794855840552003, 29.241597089451499 ], [ -100.794912, 29.242459 ], [ -100.797671, 29.246943 ], [ -100.802052, 29.249954 ], [ -100.807917, 29.252691 ], [ -100.813764, 29.253491 ], [ -100.815743, 29.25365 ], [ -100.816673, 29.254479 ], [ -100.816251, 29.256658 ], [ -100.814316, 29.259085 ], [ -100.813507, 29.260665 ], [ -100.813321, 29.262158 ], [ -100.81478, 29.263724 ], [ -100.816994, 29.264332 ], [ -100.820969, 29.262866 ], [ -100.823533, 29.261742 ], [ -100.83404, 29.2614 ], [ -100.839016, 29.263259 ], [ -100.842939, 29.267137 ], [ -100.848664, 29.271421 ], [ -100.852176, 29.272071 ], [ -100.85356, 29.272818 ], [ -100.855067, 29.274946 ], [ -100.856469, 29.275664 ], [ -100.864659, 29.276076 ], [ -100.876049, 29.279585 ], [ -100.878126, 29.28086 ], [ -100.878883, 29.282193 ], [ -100.88024, 29.286296 ], [ -100.880435, 29.290448 ], [ -100.882052, 29.299045 ], [ -100.885551, 29.304001 ], [ -100.886252, 29.306764 ], [ -100.886842, 29.307848 ], [ -100.892273, 29.309521 ], [ -100.894931, 29.310351 ], [ -100.896646, 29.309105 ], [ -100.904835, 29.31201 ], [ -100.906754, 29.313532 ], [ -100.908394, 29.316927 ], [ -100.910104, 29.317708 ], [ -100.912234, 29.317636 ], [ -100.914867, 29.318579 ], [ -100.916628, 29.319204 ], [ -100.917279, 29.320462 ], [ -100.918284, 29.324147 ], [ -100.919499, 29.325318 ], [ -100.921343, 29.326197 ], [ -100.9236, 29.326785 ], [ -100.926678, 29.326584 ], [ -100.928505, 29.326976 ], [ -100.934158, 29.330649 ], [ -100.940615, 29.333109 ], [ -100.943196, 29.341985 ], [ -100.945683804295001, 29.344714006717599 ], [ -100.945888, 29.344938 ], [ -100.948972, 29.347246 ], [ -100.951096, 29.347698 ], [ -100.956691, 29.347294 ], [ -100.96079, 29.346914 ], [ -100.964325, 29.347342 ], [ -100.971743, 29.351371 ], [ -100.972916, 29.354545 ], [ -100.983246, 29.359121 ], [ -100.995607, 29.363403 ], [ -101.002679, 29.365259 ], [ -101.004207, 29.364772 ], [ -101.010614, 29.368669 ], [ -101.014274, 29.374123 ], [ -101.013137, 29.379343 ], [ -101.013444, 29.38088 ], [ -101.014473, 29.38211 ], [ -101.016726, 29.387275 ], [ -101.01958, 29.391341 ], [ -101.021418, 29.393001 ], [ -101.024016, 29.393698 ], [ -101.036604, 29.406108 ], [ -101.0386, 29.410714 ], [ -101.037642, 29.414681 ], [ -101.039203, 29.416189 ], [ -101.04072, 29.422858 ], [ -101.043364, 29.42988 ], [ -101.050505, 29.434621 ], [ -101.056957, 29.440773 ], [ -101.056844, 29.447599 ], [ -101.058206, 29.447767 ], [ -101.058576589607995, 29.4498426828725 ], [ -101.060151, 29.458661 ], [ -101.063958318862007, 29.459896875417499 ], [ -101.077184, 29.46419 ], [ -101.087149, 29.469414 ], [ -101.103699, 29.47055 ], [ -101.115254, 29.468459 ], [ -101.123072, 29.473318 ], [ -101.12728, 29.477071 ], [ -101.130038, 29.47842 ], [ -101.132928, 29.477364 ], [ -101.137503, 29.473542 ], [ -101.144337, 29.473246 ], [ -101.151877, 29.477005 ], [ -101.162181, 29.489924 ], [ -101.167986, 29.500432 ], [ -101.171663, 29.50395 ], [ -101.173821, 29.514566 ], [ -101.179989, 29.515325 ], [ -101.19272, 29.520285 ], [ -101.227419, 29.52235 ], [ -101.235275, 29.524854 ], [ -101.24977, 29.520869 ], [ -101.254895, 29.520342 ], [ -101.260837, 29.529933 ], [ -101.261175, 29.536777 ], [ -101.260158, 29.539607 ], [ -101.255275, 29.549307 ], [ -101.250385, 29.556621 ], [ -101.248149, 29.55953 ], [ -101.241151, 29.565429 ], [ -101.248793, 29.590707 ], [ -101.252297, 29.604167 ], [ -101.248374, 29.614712 ], [ -101.247418, 29.618158 ], [ -101.24792, 29.619598 ], [ -101.250383, 29.624171 ], [ -101.252274, 29.625634 ], [ -101.254725, 29.627193 ], [ -101.262816, 29.630786 ], [ -101.265993, 29.631043 ], [ -101.269217, 29.630027 ], [ -101.272867, 29.626519 ], [ -101.277709, 29.621025 ], [ -101.279018, 29.618841 ], [ -101.280488, 29.614835 ], [ -101.277557, 29.607097 ], [ -101.27786, 29.599336 ], [ -101.27761, 29.593231 ], [ -101.277875, 29.590851 ], [ -101.279449, 29.588238 ], [ -101.285075, 29.58224 ], [ -101.290962, 29.571537 ], [ -101.293219, 29.571828 ], [ -101.296664, 29.573051 ], [ -101.305533, 29.577925 ], [ -101.311768, 29.58547 ], [ -101.313327, 29.599439 ], [ -101.313327, 29.605465 ], [ -101.312346, 29.607955 ], [ -101.313089, 29.611044 ], [ -101.310927, 29.61678 ], [ -101.306918, 29.623445 ], [ -101.30404, 29.62908 ], [ -101.301332, 29.635033 ], [ -101.300075, 29.640496 ], [ -101.301444, 29.647233 ], [ -101.302371, 29.649994 ], [ -101.303884, 29.652616 ], [ -101.306584, 29.655398 ], [ -101.310372, 29.657682 ], [ -101.314972, 29.659133 ], [ -101.322682, 29.659864 ], [ -101.331844, 29.660734 ], [ -101.337483, 29.660786 ], [ -101.345493, 29.662196 ], [ -101.348653, 29.661929 ], [ -101.350327, 29.66066 ], [ -101.353484, 29.65471 ], [ -101.355226, 29.651425 ], [ -101.35714, 29.649267 ], [ -101.358713, 29.649106 ], [ -101.361312, 29.650063 ], [ -101.363218, 29.652638 ], [ -101.364831, 29.662506 ], [ -101.365682, 29.667213 ], [ -101.367105, 29.670898 ], [ -101.370426, 29.674834 ], [ -101.372549, 29.677848 ], [ -101.373054, 29.680191 ], [ -101.372274, 29.689875 ], [ -101.371878, 29.693954 ], [ -101.372773, 29.699428 ], [ -101.375386, 29.701807 ], [ -101.378732, 29.703454 ], [ -101.388098, 29.707466 ], [ -101.391085, 29.709465 ], [ -101.396948, 29.713947 ], [ -101.398362, 29.717 ], [ -101.398071, 29.720831 ], [ -101.396294, 29.727055 ], [ -101.397009, 29.733963 ], [ -101.400636, 29.738079 ], [ -101.410024, 29.741498 ], [ -101.413471, 29.743841 ], [ -101.415584, 29.746534 ], [ -101.415722, 29.750206 ], [ -101.414816, 29.752698 ], [ -101.411342, 29.754269 ], [ -101.403926, 29.757587 ], [ -101.400155, 29.760083 ], [ -101.398445, 29.76463 ], [ -101.398654, 29.767451 ], [ -101.400884, 29.770069 ], [ -101.403067, 29.771437 ], [ -101.40596, 29.771653 ], [ -101.409795, 29.770619 ], [ -101.413583, 29.768468 ], [ -101.424208, 29.761312 ], [ -101.435573, 29.752454 ], [ -101.439116, 29.750618 ], [ -101.445477, 29.749397 ], [ -101.448881, 29.750699 ], [ -101.450438, 29.753297 ], [ -101.451434, 29.757118 ], [ -101.455224, 29.771874 ], [ -101.453951, 29.77809 ], [ -101.452488, 29.782821 ], [ -101.45378, 29.785911 ], [ -101.455678, 29.78792 ], [ -101.458607, 29.789278 ], [ -101.461639, 29.789834 ], [ -101.465436, 29.789003 ], [ -101.475157, 29.785909 ], [ -101.478864, 29.784085 ], [ -101.480796, 29.782169 ], [ -101.48598, 29.774869 ], [ -101.493894, 29.769838 ], [ -101.503223, 29.764582 ], [ -101.507155, 29.763841 ], [ -101.511908, 29.764589 ], [ -101.519325, 29.764595 ], [ -101.527872, 29.760618 ], [ -101.531573, 29.759272 ], [ -101.535847, 29.758934 ], [ -101.538046, 29.76003 ], [ -101.539191, 29.761774 ], [ -101.5383, 29.772965 ], [ -101.538103, 29.786415 ], [ -101.537287, 29.790326 ], [ -101.535571, 29.794623 ], [ -101.53501, 29.797679 ], [ -101.537864, 29.804095 ], [ -101.540736, 29.808852 ], [ -101.541901, 29.810781 ], [ -101.544392, 29.811856 ], [ -101.547994, 29.810052 ], [ -101.552485, 29.804233 ], [ -101.555559, 29.802959 ], [ -101.567749, 29.798727 ], [ -101.573789, 29.788995 ], [ -101.574321, 29.786576 ], [ -101.573199, 29.784072 ], [ -101.572878, 29.781391 ], [ -101.572506, 29.774555 ], [ -101.572402, 29.773062 ], [ -101.574945, 29.769854 ], [ -101.577035, 29.769119 ], [ -101.580247, 29.76966 ], [ -101.586329, 29.770981 ], [ -101.588421, 29.770952 ], [ -101.594509, 29.771914 ], [ -101.59889, 29.773827 ], [ -101.603681, 29.774399 ], [ -101.607958, 29.773678 ], [ -101.613013, 29.771453 ], [ -101.617906, 29.76993 ], [ -101.620833, 29.769954 ], [ -101.625958, 29.771063 ], [ -101.628179, 29.770406 ], [ -101.630319, 29.768729 ], [ -101.63253, 29.764666 ], [ -101.63265, 29.761365 ], [ -101.635128, 29.758675 ], [ -101.641123, 29.756354 ], [ -101.642883, 29.754548 ], [ -101.646418, 29.754304 ], [ -101.649578, 29.756166 ], [ -101.652401, 29.758795 ], [ -101.653145, 29.762195 ], [ -101.654578, 29.765163 ], [ -101.65862, 29.766702 ], [ -101.662453, 29.77128 ], [ -101.66614, 29.769926 ], [ -101.669411, 29.76891 ], [ -101.671733, 29.768189 ], [ -101.674957, 29.764975 ], [ -101.675024, 29.762957 ], [ -101.675299, 29.761084 ], [ -101.677804, 29.760292 ], [ -101.68144, 29.760784 ], [ -101.684921, 29.765229 ], [ -101.685588, 29.76739 ], [ -101.687307, 29.769587 ], [ -101.689992, 29.771213 ], [ -101.693945, 29.76893 ], [ -101.699364, 29.765363 ], [ -101.706636, 29.762737 ], [ -101.708873, 29.761642 ], [ -101.712056, 29.762777 ], [ -101.713755, 29.766798 ], [ -101.716914, 29.771693 ], [ -101.718713, 29.774738 ], [ -101.721058, 29.776081 ], [ -101.7238, 29.776426 ], [ -101.725443, 29.775396 ], [ -101.726806, 29.773795 ], [ -101.729843, 29.77184 ], [ -101.732345, 29.771292 ], [ -101.735202, 29.771592 ], [ -101.739228, 29.773535 ], [ -101.739673, 29.775784 ], [ -101.740883, 29.777564 ], [ -101.742458, 29.778735 ], [ -101.745191, 29.779107 ], [ -101.749487, 29.777491 ], [ -101.754323, 29.777662 ], [ -101.755347, 29.778984 ], [ -101.757881, 29.780064 ], [ -101.760308, 29.781702 ], [ -101.760923744511004, 29.781861528896201 ], [ -101.764299, 29.782736 ], [ -101.7711, 29.787512 ], [ -101.773825, 29.788675 ], [ -101.777161, 29.789327 ], [ -101.781912, 29.789628 ], [ -101.785668, 29.788252 ], [ -101.785586, 29.78416 ], [ -101.788122, 29.779542 ], [ -101.794631, 29.779134 ], [ -101.801026, 29.779498 ], [ -101.807536, 29.781373 ], [ -101.810989, 29.783873 ], [ -101.813135, 29.787207 ], [ -101.814521, 29.79186 ], [ -101.813462, 29.794412 ], [ -101.809501, 29.797284 ], [ -101.806961, 29.799023 ], [ -101.805581, 29.800746 ], [ -101.803613, 29.803446 ], [ -101.810558, 29.807804 ], [ -101.812209, 29.809555 ], [ -101.815832, 29.811073 ], [ -101.818275, 29.811621 ], [ -101.820882, 29.811117 ], [ -101.825062, 29.808255 ], [ -101.825815, 29.805233 ], [ -101.823966, 29.800478 ], [ -101.821443, 29.797937 ], [ -101.81899, 29.79365 ], [ -101.818634, 29.790556 ], [ -101.821155, 29.788411 ], [ -101.824101, 29.787152 ], [ -101.826547, 29.78786 ], [ -101.831232, 29.789323 ], [ -101.839056, 29.794718 ], [ -101.843714, 29.799671 ], [ -101.84713, 29.80271 ], [ -101.847178, 29.804217 ], [ -101.848948, 29.806743 ], [ -101.850958, 29.807881 ], [ -101.853334, 29.807715 ], [ -101.855624, 29.807353 ], [ -101.857252, 29.805843 ], [ -101.862399, 29.801446 ], [ -101.86738, 29.797493 ], [ -101.8754, 29.794023 ], [ -101.877463, 29.794404 ], [ -101.879599, 29.795713 ], [ -101.880967, 29.795384 ], [ -101.882915, 29.793485 ], [ -101.884707, 29.793853 ], [ -101.88816, 29.796425 ], [ -101.892739, 29.797891 ], [ -101.902729, 29.798027 ], [ -101.907883, 29.798806 ], [ -101.912406, 29.79785 ], [ -101.91518, 29.795803 ], [ -101.917557, 29.792676 ], [ -101.921428, 29.787473 ], [ -101.924915, 29.784031 ], [ -101.929323, 29.782576 ], [ -101.933528, 29.785193 ], [ -101.934174, 29.787993 ], [ -101.932541, 29.789769 ], [ -101.932656, 29.791817 ], [ -101.933806, 29.797033 ], [ -101.937277, 29.800412 ], [ -101.941868, 29.800823 ], [ -101.946664, 29.801344 ], [ -101.950561, 29.798214 ], [ -101.95548, 29.795333 ], [ -101.95872, 29.796564 ], [ -101.961382, 29.797966 ], [ -101.963377, 29.800149 ], [ -101.963878, 29.802926 ], [ -101.965465, 29.805995 ], [ -101.964724, 29.809063 ], [ -101.965435, 29.810994 ], [ -101.967332, 29.813108 ], [ -101.969385, 29.813755 ], [ -101.971937, 29.813656 ], [ -101.972185, 29.81498 ], [ -101.973605, 29.815601 ], [ -101.976632, 29.815992 ], [ -101.979342, 29.815342 ], [ -101.981199, 29.815403 ], [ -101.982187, 29.813325 ], [ -101.983059, 29.809331 ], [ -101.981972, 29.805878 ], [ -101.984303, 29.799262 ], [ -101.986071, 29.797493 ], [ -101.988607, 29.796666 ], [ -101.991394, 29.798115 ], [ -101.994724, 29.805165 ], [ -101.997488, 29.806438 ], [ -102.001177, 29.80474 ], [ -102.006419, 29.801336 ], [ -102.010887, 29.799891 ], [ -102.014898, 29.797524 ], [ -102.018412, 29.798517 ], [ -102.019711, 29.801488 ], [ -102.021919, 29.802491 ], [ -102.023989, 29.803241 ], [ -102.0253, 29.802733 ], [ -102.028424, 29.80188 ], [ -102.032571, 29.803832 ], [ -102.034759, 29.804028 ], [ -102.039013, 29.802655 ], [ -102.041088, 29.79961 ], [ -102.039827, 29.79526 ], [ -102.038412, 29.792832 ], [ -102.039227, 29.790977 ], [ -102.041713, 29.78968 ], [ -102.043783, 29.790298 ], [ -102.045629, 29.790078 ], [ -102.047568, 29.788992 ], [ -102.048787, 29.786091 ], [ -102.050044, 29.78507 ], [ -102.052245, 29.785117 ], [ -102.054371, 29.786871 ], [ -102.063642, 29.786689 ], [ -102.073646, 29.786926 ], [ -102.076041, 29.78839 ], [ -102.076213, 29.790736 ], [ -102.077348, 29.792421 ], [ -102.078982, 29.793084 ], [ -102.080596, 29.792772 ], [ -102.082475, 29.793425 ], [ -102.082525, 29.794276 ], [ -102.084439, 29.794962 ], [ -102.091816, 29.792854 ], [ -102.093567, 29.791497 ], [ -102.096264, 29.79147 ], [ -102.101835, 29.793612 ], [ -102.106464, 29.792722 ], [ -102.108841, 29.792103 ], [ -102.111311, 29.793019 ], [ -102.113677, 29.793436 ], [ -102.115682, 29.79239 ], [ -102.117916, 29.796161 ], [ -102.118391, 29.799034 ], [ -102.117319, 29.800641 ], [ -102.120534, 29.802329 ], [ -102.123221, 29.802313 ], [ -102.124549, 29.801129 ], [ -102.127641, 29.798797 ], [ -102.129514, 29.798624 ], [ -102.132653, 29.800312 ], [ -102.137847, 29.802108 ], [ -102.142326, 29.802854 ], [ -102.145283, 29.805292 ], [ -102.149206, 29.810122 ], [ -102.151533, 29.811912 ], [ -102.154155, 29.811641 ], [ -102.159601, 29.814356 ], [ -102.161674, 29.819487 ], [ -102.165525, 29.822817 ], [ -102.166069, 29.824787 ], [ -102.167666, 29.826043 ], [ -102.17879, 29.825711 ], [ -102.180076, 29.826573 ], [ -102.181305, 29.83115 ], [ -102.178648, 29.836146 ], [ -102.178446, 29.838092 ], [ -102.178761, 29.840214 ], [ -102.181894, 29.846034 ], [ -102.183649072942998, 29.846923564682999 ], [ -102.18525, 29.847735 ], [ -102.188672, 29.848943 ], [ -102.191655, 29.846638 ], [ -102.193211, 29.842427 ], [ -102.193858, 29.838254 ], [ -102.197063, 29.83642 ], [ -102.20053, 29.837593 ], [ -102.205381, 29.842438 ], [ -102.209938, 29.844359 ], [ -102.215505, 29.843642 ], [ -102.219506, 29.841005 ], [ -102.223528, 29.84053 ], [ -102.227553, 29.843534 ], [ -102.229602, 29.84616 ], [ -102.230857, 29.847868 ], [ -102.232657, 29.848493 ], [ -102.238736, 29.847983 ], [ -102.24138, 29.847686 ], [ -102.244455, 29.848514 ], [ -102.245284, 29.850081 ], [ -102.245038, 29.852092 ], [ -102.243225, 29.858413 ], [ -102.24467, 29.861828 ], [ -102.245583, 29.863548 ], [ -102.246915, 29.86431 ], [ -102.248815, 29.864187 ], [ -102.249775, 29.863293 ], [ -102.251604, 29.859912 ], [ -102.251286, 29.855997 ], [ -102.252302, 29.853981 ], [ -102.254181, 29.852791 ], [ -102.257098, 29.852773 ], [ -102.261389, 29.853283 ], [ -102.26348, 29.854227 ], [ -102.264262, 29.855815 ], [ -102.264278, 29.857797 ], [ -102.263262, 29.861061 ], [ -102.262302, 29.862139 ], [ -102.261777, 29.864002 ], [ -102.263134, 29.866231 ], [ -102.264954, 29.867806 ], [ -102.268817, 29.867991 ], [ -102.276755, 29.862978 ], [ -102.281249, 29.863117 ], [ -102.283305, 29.864292 ], [ -102.284645, 29.867 ], [ -102.286187, 29.870534 ], [ -102.287981, 29.871604 ], [ -102.291802, 29.872631 ], [ -102.29529, 29.873341 ], [ -102.297331, 29.875194 ], [ -102.301381, 29.877674 ], [ -102.306667, 29.87765 ], [ -102.311481, 29.87701 ], [ -102.315389, 29.87992 ], [ -102.320619, 29.87898 ], [ -102.320703761477006, 29.8788549124151 ], [ -102.47726, 29.9893 ], [ -102.479952, 29.990655 ], [ -102.482041, 29.992555 ], [ -102.567049, 30.052808 ], [ -102.566937, 30.283269 ], [ -102.500424, 30.283835 ], [ -102.499024, 30.283713 ], [ -102.343085, 30.284116 ], [ -102.343062, 30.303887 ], [ -102.342843, 30.459466 ], [ -102.342928, 30.459948 ], [ -102.342986, 30.598759 ], [ -102.321666, 30.598613 ], [ -102.208723, 30.597961 ], [ -102.138406, 30.597521 ], [ -102.137778, 30.655982 ], [ -102.034385, 30.655268 ], [ -102.031813, 30.655503 ], [ -102.02388, 30.655141 ], [ -102.000408, 30.654933 ], [ -101.997614, 30.654086 ], [ -101.769353, 30.653369 ], [ -101.768806, 30.653133 ], [ -101.768377, 30.652938 ], [ -101.76842, 30.653077 ], [ -101.767976, 30.65467 ], [ -101.765835, 30.655794 ], [ -101.764227, 30.657441 ], [ -101.763182, 30.65666 ], [ -101.763442, 30.654668 ], [ -101.762852, 30.654016 ], [ -101.761764, 30.654167 ], [ -101.761483, 30.655548 ], [ -101.762083, 30.65817 ], [ -101.760671, 30.658323 ], [ -101.759042, 30.657522 ], [ -101.755659, 30.657134 ], [ -101.753996, 30.655545 ], [ -101.753304, 30.650795 ], [ -101.752326, 30.649695 ], [ -101.750433, 30.649691 ], [ -101.749073, 30.650978 ], [ -101.747283, 30.650491 ], [ -101.745294, 30.650771 ], [ -101.744558, 30.652193 ], [ -101.739153, 30.652401 ], [ -101.736784, 30.654048 ], [ -101.732828, 30.652496 ], [ -101.730989, 30.652219 ], [ -101.728526, 30.651228 ], [ -101.72678, 30.651408 ], [ -101.724304, 30.650974 ], [ -101.723609, 30.649896 ], [ -101.722148, 30.649919 ], [ -101.721153, 30.651011 ], [ -101.718854, 30.650358 ], [ -101.717727, 30.651142 ], [ -101.714003, 30.652459 ], [ -101.712065, 30.654643 ], [ -101.711285, 30.654415 ], [ -101.710905, 30.65299 ], [ -101.709223, 30.652688 ], [ -101.70867, 30.649711 ], [ -101.706776, 30.647732 ], [ -101.706074, 30.647726 ], [ -101.702982, 30.646031 ], [ -101.699895, 30.648431 ], [ -101.698511, 30.64855 ], [ -101.696127, 30.647583 ], [ -101.692655, 30.645687 ], [ -101.69201, 30.642915 ], [ -101.690965, 30.640578 ], [ -101.689683, 30.639047 ], [ -101.686697, 30.638119 ], [ -101.684247, 30.637956 ], [ -101.681424, 30.637174 ], [ -101.675907, 30.637456 ], [ -101.673527, 30.639328 ], [ -101.669744, 30.637812 ], [ -101.670563, 30.636543 ], [ -101.669259, 30.633589 ], [ -101.666682, 30.632345 ], [ -101.666427, 30.628972 ], [ -101.663674, 30.626959 ], [ -101.661178, 30.626218 ], [ -101.659864, 30.624772 ], [ -101.657064, 30.623434 ], [ -101.654234, 30.62298 ], [ -101.652446, 30.620471 ], [ -101.65263, 30.619374 ], [ -101.654242, 30.619416 ], [ -101.655032, 30.618678 ], [ -101.658565, 30.61693 ], [ -101.658628, 30.615712 ], [ -101.65582, 30.615474 ], [ -101.656038, 30.615015 ], [ -101.659612, 30.613425 ], [ -101.659817, 30.612651 ], [ -101.657971, 30.611461 ], [ -101.657939, 30.609986 ], [ -101.659179, 30.607965 ], [ -101.658697, 30.606127 ], [ -101.656261, 30.604563 ], [ -101.656276, 30.603627 ], [ -101.657998, 30.600302 ], [ -101.65824, 30.596344 ], [ -101.659792, 30.594391 ], [ -101.662488, 30.593099 ], [ -101.662625, 30.590943 ], [ -101.663509, 30.588727 ], [ -101.661138, 30.586521 ], [ -101.661012, 30.585359 ], [ -101.659696, 30.584596 ], [ -101.65748, 30.584613 ], [ -101.656714, 30.583735 ], [ -101.655827, 30.581926 ], [ -101.655023, 30.578638 ], [ -101.656326, 30.577859 ], [ -101.655642, 30.576476 ], [ -101.654581, 30.576315 ], [ -101.653427, 30.574004 ], [ -101.651922, 30.57296 ], [ -101.651213, 30.571127 ], [ -101.651266, 30.568217 ], [ -101.649027, 30.567706 ], [ -101.648039, 30.565445 ], [ -101.648485, 30.563691 ], [ -101.646245, 30.560763 ], [ -101.646655, 30.556974 ], [ -101.648467, 30.556101 ], [ -101.648179, 30.553567 ], [ -101.646599, 30.550952 ], [ -101.647665, 30.549663 ], [ -101.649708, 30.548731 ], [ -101.652245, 30.549079 ], [ -101.653587, 30.546127 ], [ -101.655132, 30.543693 ], [ -101.656469, 30.542519 ], [ -101.657066, 30.539872 ], [ -101.658591, 30.539136 ], [ -101.662145, 30.536473 ], [ -101.661423, 30.534826 ], [ -101.662258, 30.53328 ], [ -101.667367, 30.530855 ], [ -101.668135, 30.529044 ], [ -101.667598, 30.528024 ], [ -101.669783, 30.527357 ], [ -101.673233, 30.524223 ], [ -101.676921, 30.524616 ], [ -101.679184, 30.523493 ], [ -101.679959, 30.521795 ], [ -101.679284, 30.519709 ], [ -101.680135, 30.518486 ], [ -101.679583, 30.515188 ], [ -101.67982, 30.513594 ], [ -101.679235, 30.510833 ], [ -101.676945, 30.508657 ], [ -101.676559, 30.5078 ], [ -101.676657, 30.50478 ], [ -101.675111, 30.501862 ], [ -101.676964, 30.499449 ], [ -101.679239, 30.498774 ], [ -101.681107, 30.498988 ], [ -101.682215, 30.498232 ], [ -101.682007, 30.496721 ], [ -101.685273, 30.495181 ], [ -101.689154, 30.495606 ], [ -101.690138, 30.494367 ], [ -101.690689, 30.492349 ], [ -101.691825, 30.491418 ], [ -101.691461, 30.488284 ], [ -101.691744, 30.487191 ], [ -101.691047, 30.48532 ], [ -101.691155, 30.483498 ], [ -101.690038, 30.48246 ], [ -101.690323, 30.480948 ], [ -101.69148, 30.480491 ], [ -101.690255, 30.477296 ], [ -101.686824, 30.473684 ], [ -101.68785, 30.473589 ], [ -101.689266, 30.471221 ], [ -101.689443, 30.469814 ], [ -101.688867, 30.46762 ], [ -101.69004, 30.466706 ], [ -101.693767, 30.465367 ], [ -101.695904, 30.464917 ], [ -101.697665, 30.463431 ], [ -101.698235, 30.46168 ], [ -101.699652, 30.459775 ], [ -101.700101, 30.457599 ], [ -101.705508, 30.457485 ], [ -101.706944, 30.45864 ], [ -101.709672, 30.459237 ], [ -101.71225, 30.461523 ], [ -101.713273, 30.462953 ], [ -101.713659, 30.464691 ], [ -101.715098, 30.467105 ], [ -101.717098, 30.465899 ], [ -101.718709, 30.466613 ], [ -101.721303, 30.469516 ], [ -101.721896, 30.471016 ], [ -101.725589, 30.471885 ], [ -101.726535, 30.471042 ], [ -101.72839, 30.470776 ], [ -101.729638, 30.469018 ], [ -101.731846, 30.467339 ], [ -101.730457, 30.464656 ], [ -101.730946, 30.462964 ], [ -101.730655, 30.46153 ], [ -101.731673, 30.459888 ], [ -101.730354, 30.459403 ], [ -101.728851, 30.460046 ], [ -101.724946, 30.456613 ], [ -101.719249, 30.455138 ], [ -101.718896, 30.454462 ], [ -101.719726, 30.451519 ], [ -101.721273, 30.44781 ], [ -101.720047, 30.443129 ], [ -101.720323, 30.442225 ], [ -101.724341, 30.439456 ], [ -101.726499, 30.437662 ], [ -101.729163, 30.434416 ], [ -101.730702, 30.43332 ], [ -101.732751, 30.430105 ], [ -101.735174, 30.428752 ], [ -101.737232, 30.428146 ], [ -101.739291, 30.425155 ], [ -101.739295, 30.423875 ], [ -101.740552, 30.421321 ], [ -101.740165, 30.420584 ], [ -101.737199, 30.418764 ], [ -101.735204, 30.414384 ], [ -101.73221, 30.412064 ], [ -101.730277, 30.410156 ], [ -101.729641, 30.408906 ], [ -101.728322, 30.408152 ], [ -101.726005, 30.408321 ], [ -101.723345, 30.405946 ], [ -101.721657, 30.405706 ], [ -101.719422, 30.406662 ], [ -101.71795, 30.406352 ], [ -101.716093, 30.405053 ], [ -101.714327, 30.404595 ], [ -101.709595, 30.405266 ], [ -101.704945, 30.403661 ], [ -101.703807, 30.402527 ], [ -101.700942, 30.401848 ], [ -101.699259, 30.399136 ], [ -101.696294, 30.39729 ], [ -101.695255, 30.395969 ], [ -101.694458, 30.393294 ], [ -101.695433, 30.389179 ], [ -101.695273, 30.384909 ], [ -101.695966, 30.384124 ], [ -101.698653, 30.383899 ], [ -101.698637, 30.382641 ], [ -101.697644, 30.380773 ], [ -101.695464, 30.378961 ], [ -101.693131, 30.378884 ], [ -101.691051, 30.377681 ], [ -101.690746, 30.375619 ], [ -101.688147, 30.372787 ], [ -101.686534, 30.371534 ], [ -101.685271, 30.369532 ], [ -101.68222, 30.367993 ], [ -101.681007, 30.368254 ], [ -101.677767, 30.366666 ], [ -101.674959, 30.366884 ], [ -101.673271, 30.364815 ], [ -101.669676, 30.364518 ], [ -101.666187, 30.36365 ], [ -101.663378, 30.361499 ], [ -101.661551, 30.359461 ], [ -101.658402, 30.357675 ], [ -101.658105, 30.356684 ], [ -101.659373, 30.35436 ], [ -101.658485, 30.352637 ], [ -101.657945, 30.349557 ], [ -101.657927, 30.345903 ], [ -101.659212, 30.343474 ], [ -101.658886, 30.342622 ], [ -101.660645, 30.341522 ], [ -101.662612, 30.340966 ], [ -101.665741, 30.341117 ], [ -101.667713, 30.340545 ], [ -101.669557, 30.339355 ], [ -101.676418, 30.339979 ], [ -101.679087, 30.341516 ], [ -101.682053, 30.341167 ], [ -101.683998, 30.342401 ], [ -101.685782, 30.342735 ], [ -101.688474, 30.34408 ], [ -101.689283, 30.345438 ], [ -101.691003, 30.346433 ], [ -101.694414, 30.346763 ], [ -101.700606, 30.345928 ], [ -101.702793, 30.344814 ], [ -101.704501, 30.344486 ], [ -101.705331, 30.34358 ], [ -101.708333, 30.343004 ], [ -101.712444, 30.339428 ], [ -101.715404, 30.339822 ], [ -101.717429, 30.338418 ], [ -101.718334, 30.337014 ], [ -101.721612, 30.335038 ], [ -101.723257, 30.334884 ], [ -101.724859, 30.332634 ], [ -101.728474, 30.332045 ], [ -101.731036, 30.328986 ], [ -101.732563, 30.327756 ], [ -101.734495, 30.327134 ], [ -101.737097, 30.326921 ], [ -101.737934, 30.323913 ], [ -101.739366, 30.321946 ], [ -101.740755, 30.321163 ], [ -101.741068, 30.319477 ], [ -101.740206, 30.318977 ], [ -101.741516, 30.315944 ], [ -101.740841, 30.312801 ], [ -101.742921, 30.308981 ], [ -101.74329, 30.306485 ], [ -101.744399, 30.303597 ], [ -101.744509, 30.301277 ], [ -101.745846, 30.299056 ], [ -101.747297, 30.297439 ], [ -101.748902, 30.296522 ], [ -101.750225, 30.296821 ], [ -101.752866, 30.295975 ], [ -101.758381, 30.289685 ], [ -101.7584, 30.288044 ], [ -101.64828, 30.288527 ], [ -101.633028, 30.288047 ], [ -101.547865, 30.28817 ], [ -101.375391, 30.288015 ], [ -101.250016, 30.28825 ], [ -101.246384, 30.28804 ], [ -101.071221, 30.287686 ], [ -101.005154, 30.287333 ], [ -101.000381, 30.288079 ], [ -100.972067, 30.287596 ], [ -100.960643, 30.287776 ], [ -100.800415, 30.288058 ], [ -100.700393, 30.288276 ], [ -100.645401, 30.28817 ], [ -100.116461, 30.290296 ], [ -99.959768, 30.290177 ], [ -99.958414, 30.289992 ], [ -99.942849, 30.290071 ], [ -99.936735, 30.290431 ], [ -99.914897, 30.290292 ], [ -99.910959, 30.290407 ], [ -99.875346, 30.290228 ], [ -99.754142, 30.290698 ], [ -99.757621, 30.074132 ], [ -99.918029, 30.073637 ], [ -99.917482, 30.078597 ], [ -99.928354, 30.079411 ], [ -99.943779, 30.080568 ], [ -99.967626, 30.082356 ], [ -99.968043, 30.077907 ], [ -99.973046, 30.024591 ], [ -99.989672, 30.025747 ], [ -100.000349, 29.919694 ], [ -100.000349, 29.915405 ], [ -100.002302, 29.896828 ], [ -100.009015, 29.897121 ], [ -100.009412, 29.894505 ], [ -100.010303, 29.893796 ], [ -100.016788, 29.891147 ], [ -100.019579, 29.888282 ], [ -100.020647, 29.885103 ], [ -100.023615, 29.882777 ], [ -100.022972, 29.881572 ], [ -100.022894, 29.878376 ], [ -100.023902, 29.875917 ], [ -100.023871, 29.874423 ], [ -100.022832, 29.873074 ], [ -100.021722, 29.872915 ], [ -100.019556, 29.869589 ], [ -100.019811, 29.867342 ], [ -100.019414, 29.865411 ], [ -100.02004, 29.86364 ], [ -100.022211, 29.86216 ], [ -100.022086, 29.859872 ], [ -100.022599, 29.85639 ], [ -100.022165, 29.854074 ], [ -100.023427, 29.85172 ], [ -100.024032, 29.849204 ], [ -100.026167, 29.848437 ], [ -100.03088, 29.848273 ], [ -100.033298, 29.846453 ], [ -100.034238, 29.846249 ], [ -100.034827, 29.844065 ], [ -100.033532, 29.84252 ], [ -100.031402, 29.841004 ], [ -100.031947, 29.839217 ], [ -100.031458, 29.836985 ], [ -100.03014, 29.835709 ], [ -100.028487, 29.83545 ], [ -100.027761, 29.834157 ], [ -100.027907, 29.83276 ], [ -100.026759, 29.830488 ], [ -100.025542, 29.829063 ], [ -100.026483, 29.826587 ], [ -100.027266, 29.82436 ], [ -100.025765, 29.822555 ], [ -100.025589, 29.820905 ], [ -100.023692, 29.817285 ], [ -100.023648, 29.815975 ], [ -100.022558, 29.81514 ], [ -100.020286, 29.815727 ], [ -100.019018, 29.815314 ], [ -100.017075, 29.812007 ], [ -100.016788, 29.809455 ], [ -100.017287, 29.807442 ], [ -100.016474, 29.805885 ], [ -100.016172, 29.802881 ], [ -100.01553, 29.801219 ], [ -100.015946, 29.800422 ], [ -100.013469, 29.796301 ], [ -100.013457, 29.795624 ], [ -100.013291, 29.794339 ], [ -100.01834, 29.791737 ], [ -100.020819, 29.792062 ], [ -100.02227, 29.790852 ], [ -100.024812, 29.789995 ], [ -100.026912, 29.79004 ], [ -100.02869, 29.789385 ], [ -100.029391, 29.786921 ], [ -100.028496, 29.785067 ], [ -100.029317, 29.783059 ], [ -100.031562, 29.781091 ], [ -100.036084, 29.778902 ], [ -100.036281, 29.775937 ], [ -100.035138, 29.77351 ], [ -100.032923, 29.771557 ], [ -100.031584, 29.770952 ], [ -100.030639, 29.767698 ], [ -100.030804, 29.766739 ], [ -100.029411, 29.763702 ], [ -100.029904, 29.761463 ], [ -100.028322, 29.758431 ], [ -100.02582, 29.757991 ], [ -100.0241, 29.75327 ], [ -100.025292, 29.751197 ], [ -100.024552, 29.748378 ], [ -100.021997, 29.745766 ], [ -100.022272, 29.743906 ], [ -100.024296, 29.742465 ], [ -100.025544, 29.742405 ], [ -100.028063, 29.741285 ], [ -100.029188, 29.738599 ], [ -100.029605, 29.73647 ], [ -100.029152, 29.733581 ], [ -100.027924, 29.731157 ], [ -100.024937, 29.729763 ], [ -100.024717, 29.728333 ], [ -100.026393, 29.726969 ], [ -100.025764, 29.724367 ], [ -100.02637, 29.723184 ], [ -100.030416, 29.721051 ], [ -100.033498, 29.721266 ], [ -100.037589, 29.72116 ], [ -100.038252, 29.720521 ], [ -100.039529, 29.718717 ], [ -100.063741, 29.71106 ], [ -100.060339, 29.709552 ], [ -100.057365, 29.709959 ], [ -100.055298, 29.708842 ], [ -100.053508, 29.708908 ], [ -100.052097, 29.709645 ], [ -100.04996, 29.708182 ], [ -100.046268, 29.706487 ], [ -100.047384, 29.704325 ], [ -100.047573, 29.702367 ], [ -100.045677, 29.697823 ], [ -100.045791, 29.694924 ], [ -100.044014, 29.693301 ], [ -100.040776, 29.692937 ], [ -100.039, 29.689917 ], [ -100.035755, 29.68919 ], [ -100.032234, 29.689008 ], [ -100.030407, 29.688584 ], [ -100.030718, 29.686293 ], [ -100.028122, 29.683182 ], [ -100.025186, 29.683428 ], [ -100.025142, 29.681366 ], [ -100.021786, 29.678603 ], [ -100.01716, 29.677154 ], [ -100.017013, 29.676178 ], [ -100.01903, 29.673417 ], [ -100.020025, 29.671129 ], [ -100.021249, 29.669689 ], [ -100.027975, 29.667509 ], [ -100.030143, 29.665893 ], [ -100.030451, 29.665005 ], [ -100.030303, 29.663256 ], [ -100.028423, 29.660525 ], [ -100.026715, 29.658769 ], [ -100.026234, 29.657134 ], [ -100.023577, 29.654295 ], [ -100.021254, 29.652726 ], [ -100.020108, 29.6503 ], [ -100.018353, 29.64828 ], [ -100.017388, 29.646204 ], [ -100.015932, 29.644543 ], [ -100.014582, 29.643883 ], [ -100.01363, 29.642321 ], [ -100.013616, 29.641111 ], [ -100.012035, 29.639862 ], [ -100.010271, 29.63919 ], [ -100.008436, 29.63706 ], [ -100.009202, 29.635221 ], [ -100.00843, 29.633022 ], [ -100.00738, 29.63228 ], [ -100.009001, 29.629239 ], [ -100.010072, 29.62801 ], [ -100.01323, 29.626541 ], [ -100.014247, 29.625226 ], [ -100.014188, 29.623495 ], [ -100.011625, 29.623499 ], [ -99.91422, 29.624142 ], [ -99.880137, 29.624348 ], [ -99.87534, 29.624377 ], [ -99.801272, 29.624525 ], [ -99.787856, 29.624591 ], [ -99.755369, 29.624763 ], [ -99.751765, 29.624772 ], [ -99.745505, 29.625219 ], [ -99.670042, 29.626205 ], [ -99.667282, 29.626244 ], [ -99.60313, 29.627181 ], [ -99.534606, 29.627497 ], [ -99.490464, 29.627691 ], [ -99.4295, 29.62754 ], [ -99.411817, 29.627514 ], [ -99.412227, 29.561277 ], [ -99.412588, 29.503491 ], [ -99.412906, 29.50023 ], [ -99.412372, 29.484117 ], [ -99.412541, 29.472429 ], [ -99.412378, 29.468121 ], [ -99.412623, 29.460368 ], [ -99.41226, 29.344947 ], [ -99.41236, 29.342601 ], [ -99.412442, 29.313679 ], [ -99.413104, 29.125241 ], [ -99.413443, 29.120599 ], [ -99.413862, 29.093096 ], [ -99.41388, 29.091335 ], [ -99.413383, 29.03308 ], [ -99.412345, 28.920603 ], [ -99.411981, 28.883326 ], [ -99.411735, 28.838022 ], [ -99.411596, 28.819232 ], [ -99.40968, 28.716267 ], [ -99.409684, 28.712098 ], [ -99.409759, 28.707642 ], [ -99.409366, 28.703522 ], [ -99.409021, 28.640566 ], [ -99.493421, 28.641402 ], [ -99.493381, 28.641336 ], [ -99.503898, 28.641281 ], [ -99.526761, 28.642573 ], [ -99.623932, 28.642867 ], [ -99.625323, 28.642952 ], [ -99.780854, 28.643827 ], [ -99.797866, 28.643861 ], [ -99.814529, 28.643902 ], [ -99.816766, 28.643938 ], [ -99.845042, 28.643959 ], [ -99.875286, 28.643934 ], [ -99.883101, 28.644326 ], [ -99.913051, 28.646756 ], [ -100.003333, 28.647317 ], [ -100.114336, 28.648122 ], [ -100.114269, 28.629686 ], [ -100.11402, 28.489864 ] ] ] } },
{ "type": "Feature", "properties": { "FederalDivisionName": "El Paso", "FederalJudicialDistrict": "Western" }, "geometry": { "type": "Polygon", "coordinates": [ [ [ -106.645479, 31.89867 ], [ -106.64084, 31.904598 ], [ -106.633668, 31.90979 ], [ -106.625947, 31.912227 ], [ -106.623445, 31.914034 ], [ -106.618870841296001, 31.916029256170599 ], [ -106.614773615005006, 31.917816473573499 ], [ -106.614346, 31.918003 ], [ -106.611846, 31.920003 ], [ -106.616219945086996, 31.9219325007201 ], [ -106.623933, 31.925335 ], [ -106.628663, 31.923614 ], [ -106.629747, 31.92657 ], [ -106.625322, 31.930053 ], [ -106.624063688275001, 31.9322200173285 ], [ -106.622529, 31.934863 ], [ -106.622117, 31.936621 ], [ -106.622377, 31.940863 ], [ -106.623659, 31.94551 ], [ -106.616136, 31.948439 ], [ -106.614702, 31.956 ], [ -106.617708, 31.956008 ], [ -106.622819, 31.952891 ], [ -106.625123, 31.954531 ], [ -106.625535, 31.957476 ], [ -106.625479651191, 31.957636224950299 ], [ -106.624299, 31.961054 ], [ -106.620454, 31.963403 ], [ -106.619371, 31.964777 ], [ -106.618745, 31.966955 ], [ -106.619569, 31.971578 ], [ -106.621873, 31.972933 ], [ -106.623216, 31.97291 ], [ -106.626466, 31.97069 ], [ -106.630114, 31.971258 ], [ -106.638186, 31.97682 ], [ -106.639529, 31.980348 ], [ -106.636492, 31.985719 ], [ -106.631182, 31.989809 ], [ -106.629738267253998, 31.990034642496401 ], [ -106.629395469947994, 31.9900882186448 ], [ -106.626910882874995, 31.990476537349402 ], [ -106.623568, 31.990999 ], [ -106.619448, 31.994733 ], [ -106.618582490047999, 31.999917062725899 ], [ -106.618486, 32.000495 ], [ -106.607003960449006, 32.000634750455603 ], [ -106.599096, 32.000731 ], [ -106.598639, 32.000754 ], [ -106.598587847317006, 32.0007543713443 ], [ -106.595333, 32.000778 ], [ -106.591890839803, 32.000764438982998 ], [ -106.587972, 32.000749 ], [ -106.582639021187006, 32.000751433372301 ], [ -106.582636656977002, 32.000751434451097 ], [ -106.582131596828006, 32.000751664903802 ], [ -106.570448009123993, 32.000756995980502 ], [ -106.566056, 32.000759 ], [ -106.565142, 32.000736 ], [ -106.562214799928995, 32.000747361716897 ], [ -106.517061631199994, 32.0009226204998 ], [ -106.513986530032994, 32.0009345562842 ], [ -106.476664052092005, 32.001079420802903 ], [ -106.462788584465997, 32.001133277434398 ], [ -106.443916071922004, 32.001206529736997 ], [ -106.411089898857995, 32.0013339421712 ], [ -106.411075, 32.001334 ], [ -106.408964681989005, 32.0013528679562 ], [ -106.394298, 32.001484 ], [ -106.377179820505006, 32.0011777046509 ], [ -106.376861, 32.001172 ], [ -106.360959545230003, 32.001257069305197 ], [ -106.356808566918005, 32.001279276131299 ], [ -106.340645302761004, 32.001365746059498 ], [ -106.327377040936, 32.0014367283583 ], [ -106.326502039229993, 32.001441409426 ], [ -106.323469336526003, 32.001457633722197 ], [ -106.323369075398006, 32.001458170097301 ], [ -106.313307, 32.001512 ], [ -106.267860017968999, 32.001617796944899 ], [ -106.205915, 32.001762 ], [ -106.200699, 32.001785 ], [ -106.200682849112994, 32.001785226946602 ], [ -106.18184, 32.00205 ], [ -106.125534, 32.002533 ], [ -106.099737346294006, 32.002491533109499 ], [ -105.998003, 32.002328 ], [ -105.997806, 32.000104 ], [ -105.997107, 31.933405 ], [ -105.99705, 31.927642 ], [ -105.996783, 31.901587 ], [ -105.996185, 31.829363 ], [ -105.995766, 31.750109 ], [ -105.995413, 31.748173 ], [ -105.994756, 31.679688 ], [ -105.993889, 31.606694 ], [ -105.993415, 31.563752 ], [ -105.992695, 31.500109 ], [ -105.993255, 31.478392 ], [ -105.959262, 31.478417 ], [ -105.958548, 31.423461 ], [ -105.954328, 31.423468 ], [ -105.972273, 31.408312 ], [ -105.997132001252993, 31.387246427541999 ], [ -106.002304, 31.391147 ], [ -106.004926, 31.392458 ], [ -106.007119, 31.392839 ], [ -106.013711, 31.393334 ], [ -106.027297, 31.394128 ], [ -106.056998, 31.396346 ], [ -106.074495, 31.397559 ], [ -106.076857, 31.397892 ], [ -106.080258, 31.398702 ], [ -106.082818, 31.399921 ], [ -106.084977, 31.401446 ], [ -106.088551, 31.404801 ], [ -106.09723, 31.412791 ], [ -106.102628370600002, 31.4179892669823 ], [ -106.103327, 31.418662 ], [ -106.106877, 31.421403 ], [ -106.108615, 31.422375 ], [ -106.110112, 31.423017 ], [ -106.112169, 31.423578 ], [ -106.115002, 31.423708 ], [ -106.123902736188995, 31.423727594869501 ], [ -106.124541, 31.423729 ], [ -106.125656, 31.423946 ], [ -106.127353, 31.423992 ], [ -106.129672, 31.424348 ], [ -106.130919596821997, 31.424756778508499 ], [ -106.132782, 31.425367 ], [ -106.142777166957003, 31.430118473334002 ], [ -106.142793, 31.430126 ], [ -106.154235, 31.435717 ], [ -106.156428, 31.437041 ], [ -106.159268, 31.439189 ], [ -106.163043, 31.443544 ], [ -106.166071, 31.446963 ], [ -106.170276, 31.451289 ], [ -106.171789, 31.452569 ], [ -106.174065, 31.45418 ], [ -106.175625, 31.455206 ], [ -106.178378, 31.456465 ], [ -106.180304, 31.457107 ], [ -106.194343, 31.460658 ], [ -106.194417, 31.461001 ], [ -106.199606, 31.462308 ], [ -106.203253, 31.46401 ], [ -106.205042, 31.465042 ], [ -106.206544, 31.466199 ], [ -106.208835, 31.46835 ], [ -106.213164156744, 31.473244648249601 ], [ -106.218259, 31.479005 ], [ -106.219074, 31.48028 ], [ -106.21962, 31.481561 ], [ -106.223664, 31.49842 ], [ -106.224337, 31.50019 ], [ -106.225392, 31.501847 ], [ -106.235579, 31.511631 ], [ -106.236823, 31.513192 ], [ -106.237462, 31.514457 ], [ -106.241528815875, 31.527369339628201 ], [ -106.245117, 31.538762 ], [ -106.246203, 31.541153 ], [ -106.247808047365993, 31.542988350440499 ], [ -106.248245, 31.543488 ], [ -106.25478, 31.547997 ], [ -106.261529862266002, 31.5515723129928 ], [ -106.279589, 31.561138 ], [ -106.280459640494996, 31.561741433729601 ], [ -106.280472, 31.56175 ], [ -106.281141, 31.56267 ], [ -106.285249583707994, 31.576135444046301 ], [ -106.287785, 31.584445 ], [ -106.288314885871003, 31.5859497649014 ], [ -106.288480809809997, 31.5864209541413 ], [ -106.28874, 31.587157 ], [ -106.292939, 31.594326 ], [ -106.295658269750007, 31.601017064875599 ], [ -106.296671, 31.603509 ], [ -106.297761, 31.604306 ], [ -106.300889, 31.609624 ], [ -106.300848, 31.611432 ], [ -106.300617, 31.613262 ], [ -106.302886, 31.6186 ], [ -106.302831, 31.620177 ], [ -106.303034, 31.62127 ], [ -106.303603991093993, 31.622467964040599 ], [ -106.303614, 31.622489 ], [ -106.307625558623997, 31.6289456053943 ], [ -106.308098, 31.629706 ], [ -106.312059, 31.634614 ], [ -106.320139106667, 31.644620060056599 ], [ -106.325136, 31.650808 ], [ -106.327254, 31.65438 ], [ -106.330250217230002, 31.658276724051699 ], [ -106.334737, 31.664112 ], [ -106.337958196274002, 31.671206640723401 ], [ -106.346981507671003, 31.6910803606232 ], [ -106.349538, 31.696711 ], [ -106.357006, 31.702187 ], [ -106.368301051686998, 31.7095172159088 ], [ -106.370139, 31.71071 ], [ -106.37237, 31.712569 ], [ -106.373839, 31.71481 ], [ -106.378039, 31.72831 ], [ -106.379375, 31.730263 ], [ -106.381039, 31.73211 ], [ -106.385816471414003, 31.734686269034899 ], [ -106.394602172681999, 31.739423990764301 ], [ -106.404166875559, 31.744581791977101 ], [ -106.41794, 31.752009 ], [ -106.421849, 31.752928 ], [ -106.421974510604997, 31.752944588844901 ], [ -106.431541, 31.754209 ], [ -106.435479, 31.755189 ], [ -106.438426, 31.756756 ], [ -106.444651376514997, 31.760484428140899 ], [ -106.451064, 31.764325 ], [ -106.451560045362001, 31.764354153543199 ], [ -106.453344, 31.764459 ], [ -106.455292, 31.764081 ], [ -106.466912, 31.759571 ], [ -106.4685, 31.758249 ], [ -106.470202, 31.753781 ], [ -106.470991, 31.752214 ], [ -106.472493, 31.750852 ], [ -106.473319434990998, 31.750650608987101 ], [ -106.475542, 31.750109 ], [ -106.482707276301994, 31.748297996099399 ], [ -106.484642, 31.747809 ], [ -106.486856, 31.747721 ], [ -106.489542, 31.748408 ], [ -106.494677, 31.751804 ], [ -106.496479, 31.753843 ], [ -106.500089, 31.755527 ], [ -106.501391, 31.757042 ], [ -106.503482, 31.758168 ], [ -106.505818, 31.760472 ], [ -106.507326, 31.761192 ], [ -106.51006, 31.761258 ], [ -106.510741339548005, 31.7626365885477 ], [ -106.511045, 31.763251 ], [ -106.511917, 31.767377 ], [ -106.512488, 31.769044 ], [ -106.513687, 31.770711 ], [ -106.514871, 31.771588 ], [ -106.516272, 31.771632 ], [ -106.517842, 31.771813 ], [ -106.523643, 31.776207 ], [ -106.525178, 31.778442 ], [ -106.528643, 31.781807 ], [ -106.528641, 31.782307 ], [ -106.52854, 31.782573 ], [ -106.528242, 31.783148 ], [ -106.528041, 31.78398 ], [ -106.528124, 31.784985 ], [ -106.527997, 31.786945 ], [ -106.527623, 31.789119 ], [ -106.527738, 31.789761 ], [ -106.527943, 31.790507 ], [ -106.530515, 31.792103 ], [ -106.53248, 31.791914 ], [ -106.533, 31.791829 ], [ -106.533043, 31.791907 ], [ -106.534743, 31.796107 ], [ -106.535154, 31.797089 ], [ -106.535343, 31.797507 ], [ -106.535843, 31.798607 ], [ -106.542097, 31.802146 ], [ -106.542144, 31.802107 ], [ -106.544714, 31.804287 ], [ -106.545344, 31.805007 ], [ -106.546576524958994, 31.806580523530901 ], [ -106.547144, 31.807305 ], [ -106.548532193957001, 31.807685954819501 ], [ -106.550827224242994, 31.808315767998 ], [ -106.558444, 31.810406 ], [ -106.562945, 31.811104 ], [ -106.563444, 31.812606 ], [ -106.566844, 31.813306 ], [ -106.569009504541995, 31.8116686672975 ], [ -106.570944, 31.810206 ], [ -106.577244, 31.810406 ], [ -106.581344, 31.813906 ], [ -106.582144, 31.815506 ], [ -106.588045, 31.822106 ], [ -106.589045, 31.822706 ], [ -106.590129357199999, 31.823203838120499 ], [ -106.593826, 31.824901 ], [ -106.601232944887002, 31.8250033541424 ], [ -106.602727, 31.825024 ], [ -106.605267, 31.827912 ], [ -106.603424989632998, 31.834395632517801 ], [ -106.601945, 31.839605 ], [ -106.602045, 31.844405 ], [ -106.605245, 31.845905 ], [ -106.605746, 31.846239 ], [ -106.605845, 31.846305 ], [ -106.612810724433999, 31.8464515717721 ], [ -106.614637, 31.84649 ], [ -106.621857, 31.852854 ], [ -106.625763, 31.856276 ], [ -106.627808, 31.860593 ], [ -106.629701387774006, 31.8619089021707 ], [ -106.633548142476002, 31.864582391949899 ], [ -106.635926, 31.866235 ], [ -106.63588, 31.871514 ], [ -106.634873, 31.874478 ], [ -106.631344967302994, 31.878997588278001 ], [ -106.631315897573003, 31.879034828072498 ], [ -106.630799, 31.879697 ], [ -106.630256993624002, 31.8810570909056 ], [ -106.629197, 31.883717 ], [ -106.630352870140001, 31.885799885723898 ], [ -106.630370691536996, 31.885832 ], [ -106.630692, 31.886411 ], [ -106.633927, 31.889184 ], [ -106.638154, 31.891663 ], [ -106.6429, 31.892933 ], [ -106.645296, 31.894859 ], [ -106.645646, 31.895649 ], [ -106.645479, 31.89867 ] ] ] } },
{ "type": "Feature", "properties": { "FederalDivisionName": "Midland-Odessa", "FederalJudicialDistrict": "Western" }, "geometry": { "type": "Polygon", "coordinates": [ [ [ -101.775654, 31.363379 ], [ -101.775381, 31.36064 ], [ -101.775544, 31.125154 ], [ -101.775808, 31.122899 ], [ -101.776191, 31.079784 ], [ -101.919909, 31.081488 ], [ -101.921246, 31.08158 ], [ -102.000409, 31.082373 ], [ -102.009444, 31.082669 ], [ -102.048242, 31.08316 ], [ -102.301212, 31.086212 ], [ -102.388804, 31.087156 ], [ -102.392251, 31.088198 ], [ -102.395512, 31.086732 ], [ -102.398827, 31.088203 ], [ -102.399427, 31.086262 ], [ -102.403959, 31.087605 ], [ -102.406153, 31.08787 ], [ -102.404184, 31.090277 ], [ -102.406424, 31.089933 ], [ -102.405828, 31.091663 ], [ -102.40674, 31.092395 ], [ -102.40655, 31.094911 ], [ -102.409691, 31.095108 ], [ -102.410894, 31.095949 ], [ -102.410109, 31.096808 ], [ -102.41166, 31.098014 ], [ -102.410676, 31.098961 ], [ -102.410906, 31.100654 ], [ -102.412685, 31.102598 ], [ -102.414028, 31.103107 ], [ -102.413154, 31.104219 ], [ -102.414621, 31.105163 ], [ -102.415927, 31.108018 ], [ -102.414136, 31.10803 ], [ -102.413601, 31.108916 ], [ -102.415883, 31.110437 ], [ -102.415805, 31.111806 ], [ -102.417342, 31.111368 ], [ -102.417375, 31.113286 ], [ -102.419918, 31.116265 ], [ -102.420143, 31.118208 ], [ -102.421618, 31.117101 ], [ -102.421587, 31.11857 ], [ -102.423046, 31.119647 ], [ -102.425144, 31.119466 ], [ -102.425655, 31.121935 ], [ -102.427219, 31.122373 ], [ -102.428144, 31.123928 ], [ -102.428292, 31.125824 ], [ -102.426867, 31.126221 ], [ -102.428182, 31.128533 ], [ -102.430127, 31.129058 ], [ -102.427439, 31.131228 ], [ -102.427781, 31.132169 ], [ -102.425519, 31.134249 ], [ -102.426681, 31.135521 ], [ -102.425294, 31.136973 ], [ -102.426058, 31.138429 ], [ -102.426706, 31.137007 ], [ -102.430157, 31.138656 ], [ -102.427631, 31.139059 ], [ -102.428557, 31.141582 ], [ -102.427258, 31.142496 ], [ -102.42931, 31.143603 ], [ -102.429751, 31.146618 ], [ -102.426215, 31.146371 ], [ -102.425921, 31.148039 ], [ -102.424196, 31.147609 ], [ -102.422872, 31.149248 ], [ -102.423834, 31.149807 ], [ -102.424411, 31.151725 ], [ -102.425629, 31.152198 ], [ -102.424664, 31.155016 ], [ -102.42344, 31.155821 ], [ -102.423283, 31.158109 ], [ -102.423847, 31.16027 ], [ -102.425052, 31.159186 ], [ -102.425936, 31.159766 ], [ -102.425716, 31.162003 ], [ -102.423451, 31.163316 ], [ -102.425273, 31.163615 ], [ -102.425805, 31.166493 ], [ -102.427862, 31.1665 ], [ -102.42774, 31.168096 ], [ -102.425852, 31.171294 ], [ -102.426214, 31.172706 ], [ -102.427451, 31.171714 ], [ -102.42865, 31.1738 ], [ -102.430101, 31.174249 ], [ -102.430217, 31.175375 ], [ -102.428744, 31.174641 ], [ -102.426548, 31.177712 ], [ -102.425107, 31.17816 ], [ -102.42567, 31.179771 ], [ -102.427205, 31.180021 ], [ -102.427576, 31.181431 ], [ -102.428936, 31.181919 ], [ -102.429444, 31.183249 ], [ -102.428186, 31.186071 ], [ -102.428545, 31.189325 ], [ -102.4295, 31.191185 ], [ -102.431199, 31.192214 ], [ -102.429595, 31.193279 ], [ -102.430123, 31.193918 ], [ -102.433055, 31.193759 ], [ -102.43187, 31.195682 ], [ -102.432131, 31.19672 ], [ -102.433834, 31.195573 ], [ -102.436107, 31.197356 ], [ -102.438508, 31.197747 ], [ -102.43802, 31.20079 ], [ -102.437155, 31.202336 ], [ -102.438022, 31.204807 ], [ -102.439746, 31.205579 ], [ -102.440476, 31.207229 ], [ -102.439121, 31.208031 ], [ -102.44081, 31.20899 ], [ -102.43992, 31.209929 ], [ -102.441851, 31.209692 ], [ -102.442183, 31.212774 ], [ -102.443641, 31.212518 ], [ -102.446683, 31.214662 ], [ -102.446958, 31.212842 ], [ -102.447866, 31.213556 ], [ -102.45015, 31.213326 ], [ -102.451647, 31.215299 ], [ -102.451475, 31.216443 ], [ -102.452909, 31.216221 ], [ -102.452469, 31.217668 ], [ -102.454414, 31.219136 ], [ -102.45294, 31.220019 ], [ -102.455729, 31.222107 ], [ -102.456207, 31.223643 ], [ -102.457234, 31.222585 ], [ -102.458057, 31.22357 ], [ -102.459124, 31.222042 ], [ -102.460181, 31.222668 ], [ -102.461367, 31.221616 ], [ -102.462948, 31.222039 ], [ -102.462553, 31.218903 ], [ -102.464362, 31.217878 ], [ -102.465393, 31.218891 ], [ -102.467178, 31.218548 ], [ -102.469258, 31.219703 ], [ -102.46851, 31.220581 ], [ -102.465957, 31.219504 ], [ -102.465439, 31.220664 ], [ -102.466963, 31.221218 ], [ -102.466397, 31.222194 ], [ -102.468694, 31.223431 ], [ -102.465491, 31.226215 ], [ -102.467568, 31.226924 ], [ -102.468945, 31.228336 ], [ -102.46995, 31.227842 ], [ -102.472379, 31.228422 ], [ -102.47248, 31.226736 ], [ -102.473383, 31.227182 ], [ -102.474012, 31.229451 ], [ -102.476482, 31.229248 ], [ -102.477608, 31.231871 ], [ -102.479254, 31.233351 ], [ -102.481629, 31.233874 ], [ -102.48214, 31.235903 ], [ -102.483822, 31.23542 ], [ -102.484027, 31.237528 ], [ -102.486049, 31.238006 ], [ -102.485767, 31.235566 ], [ -102.487452, 31.236004 ], [ -102.488764, 31.234341 ], [ -102.488564, 31.235791 ], [ -102.490101, 31.235134 ], [ -102.491102, 31.235638 ], [ -102.489655, 31.238006 ], [ -102.491008, 31.24071 ], [ -102.49384, 31.24038 ], [ -102.494041, 31.241525 ], [ -102.495506, 31.242206 ], [ -102.495835, 31.243538 ], [ -102.497194, 31.244217 ], [ -102.496098, 31.244887 ], [ -102.498265, 31.246236 ], [ -102.500396, 31.246201 ], [ -102.500359, 31.245132 ], [ -102.501902, 31.245813 ], [ -102.498978, 31.24756 ], [ -102.50223, 31.248915 ], [ -102.501899, 31.250675 ], [ -102.503231, 31.251284 ], [ -102.502299, 31.252975 ], [ -102.504184, 31.252876 ], [ -102.506679, 31.253978 ], [ -102.506965, 31.256625 ], [ -102.50889, 31.257183 ], [ -102.509233, 31.258488 ], [ -102.511191, 31.258466 ], [ -102.511156, 31.2595 ], [ -102.515158, 31.258877 ], [ -102.515165, 31.260472 ], [ -102.519139, 31.26104 ], [ -102.520365, 31.262565 ], [ -102.521483, 31.262588 ], [ -102.52257, 31.260599 ], [ -102.523063, 31.262698 ], [ -102.524406, 31.261874 ], [ -102.525313, 31.262449 ], [ -102.528579, 31.261774 ], [ -102.529976, 31.262108 ], [ -102.53134, 31.260956 ], [ -102.533161, 31.260727 ], [ -102.533692, 31.262193 ], [ -102.53493, 31.262196 ], [ -102.536165, 31.263427 ], [ -102.536213, 31.265343 ], [ -102.538102, 31.263889 ], [ -102.538237, 31.265474 ], [ -102.541002, 31.265713 ], [ -102.540573, 31.26721 ], [ -102.541741, 31.267269 ], [ -102.54217, 31.26594 ], [ -102.543503, 31.265088 ], [ -102.544306, 31.267311 ], [ -102.545623, 31.266344 ], [ -102.547703, 31.267344 ], [ -102.549296, 31.265744 ], [ -102.550358, 31.265791 ], [ -102.551225, 31.267546 ], [ -102.549433, 31.267924 ], [ -102.549641, 31.268988 ], [ -102.553267, 31.268446 ], [ -102.556723, 31.268642 ], [ -102.557934, 31.267783 ], [ -102.560599, 31.267573 ], [ -102.562424, 31.269008 ], [ -102.564497, 31.269267 ], [ -102.564054, 31.270865 ], [ -102.565965, 31.27116 ], [ -102.567042, 31.272675 ], [ -102.566359, 31.270165 ], [ -102.567308, 31.269769 ], [ -102.569393, 31.2708 ], [ -102.570919, 31.269983 ], [ -102.574953, 31.272627 ], [ -102.576108, 31.271371 ], [ -102.576134, 31.269415 ], [ -102.57493, 31.268983 ], [ -102.575784, 31.267735 ], [ -102.578091, 31.269619 ], [ -102.577346, 31.271024 ], [ -102.578943, 31.271745 ], [ -102.579844, 31.267736 ], [ -102.581594, 31.267298 ], [ -102.582058, 31.26558 ], [ -102.580194, 31.263857 ], [ -102.580455, 31.263054 ], [ -102.581422, 31.263034 ], [ -102.582395, 31.264956 ], [ -102.583318, 31.265214 ], [ -102.584047, 31.264683 ], [ -102.583891, 31.26288 ], [ -102.586157, 31.263288 ], [ -102.587771, 31.260238 ], [ -102.588705, 31.260289 ], [ -102.589287, 31.262059 ], [ -102.588877, 31.263527 ], [ -102.591624, 31.264138 ], [ -102.591766, 31.265282 ], [ -102.594076, 31.26735 ], [ -102.59529, 31.266343 ], [ -102.59613, 31.263987 ], [ -102.5969, 31.264847 ], [ -102.596597, 31.266568 ], [ -102.597852, 31.265854 ], [ -102.599566, 31.266176 ], [ -102.600677, 31.267097 ], [ -102.600198, 31.268226 ], [ -102.598748, 31.268601 ], [ -102.599323, 31.270427 ], [ -102.601629, 31.270054 ], [ -102.601283, 31.272021 ], [ -102.603144, 31.270584 ], [ -102.60412, 31.271087 ], [ -102.604359, 31.273416 ], [ -102.603355, 31.274071 ], [ -102.602728, 31.276055 ], [ -102.604491, 31.276434 ], [ -102.605083, 31.279228 ], [ -102.60618, 31.279002 ], [ -102.608688, 31.28042 ], [ -102.607142, 31.281685 ], [ -102.609045, 31.281517 ], [ -102.610278, 31.283446 ], [ -102.608088, 31.283919 ], [ -102.608596, 31.286082 ], [ -102.612552, 31.284567 ], [ -102.616804, 31.28582 ], [ -102.617074, 31.287714 ], [ -102.616377, 31.289386 ], [ -102.619094, 31.289677 ], [ -102.62048, 31.289112 ], [ -102.621987, 31.289809 ], [ -102.622117, 31.291111 ], [ -102.623598, 31.29232 ], [ -102.628955, 31.291026 ], [ -102.631115, 31.292416 ], [ -102.632037, 31.2939 ], [ -102.63412, 31.293427 ], [ -102.635712, 31.293917 ], [ -102.636225, 31.295381 ], [ -102.637907, 31.296377 ], [ -102.635571, 31.298108 ], [ -102.636844, 31.299208 ], [ -102.637007, 31.301291 ], [ -102.635151, 31.305029 ], [ -102.638015, 31.304873 ], [ -102.639894, 31.306498 ], [ -102.640208, 31.308116 ], [ -102.641703, 31.307329 ], [ -102.642135, 31.308423 ], [ -102.641008, 31.309682 ], [ -102.646287, 31.313581 ], [ -102.648229, 31.313509 ], [ -102.647842, 31.315527 ], [ -102.650082, 31.314085 ], [ -102.65061, 31.312474 ], [ -102.652728, 31.312775 ], [ -102.655154, 31.315676 ], [ -102.656689, 31.313533 ], [ -102.658478, 31.314619 ], [ -102.660772, 31.314335 ], [ -102.66198, 31.315902 ], [ -102.66385, 31.315367 ], [ -102.665419, 31.314054 ], [ -102.664387, 31.316935 ], [ -102.664388, 31.321336 ], [ -102.666224, 31.325136 ], [ -102.667909, 31.326819 ], [ -102.670288, 31.326992 ], [ -102.671522, 31.328208 ], [ -102.673244, 31.328105 ], [ -102.676104, 31.330084 ], [ -102.677247, 31.329272 ], [ -102.676333, 31.327157 ], [ -102.67889, 31.32645 ], [ -102.679914, 31.325349 ], [ -102.681677, 31.325162 ], [ -102.683287, 31.323294 ], [ -102.686524, 31.322166 ], [ -102.688719, 31.322086 ], [ -102.688918, 31.321007 ], [ -102.690602, 31.319997 ], [ -102.695853, 31.318753 ], [ -102.698964, 31.31611 ], [ -102.701357, 31.314586 ], [ -102.703452, 31.314659 ], [ -102.70647, 31.312045 ], [ -102.708332, 31.31113 ], [ -102.709994, 31.312536 ], [ -102.711607, 31.312292 ], [ -102.711787, 31.310357 ], [ -102.714904, 31.310019 ], [ -102.717745, 31.310793 ], [ -102.719026, 31.309032 ], [ -102.721905, 31.309675 ], [ -102.723055, 31.307126 ], [ -102.724875, 31.308418 ], [ -102.726076, 31.304619 ], [ -102.729445, 31.30306 ], [ -102.72878, 31.301554 ], [ -102.726744, 31.300043 ], [ -102.728935, 31.299977 ], [ -102.729348, 31.301103 ], [ -102.730676, 31.300643 ], [ -102.73059, 31.299251 ], [ -102.729354, 31.298797 ], [ -102.729972, 31.29779 ], [ -102.732142, 31.298402 ], [ -102.732054, 31.295617 ], [ -102.729185, 31.295264 ], [ -102.729181, 31.294107 ], [ -102.73216, 31.292975 ], [ -102.732595, 31.292129 ], [ -102.731403, 31.289347 ], [ -102.729976, 31.287703 ], [ -102.730463, 31.287211 ], [ -102.731491, 31.286492 ], [ -102.734984, 31.285591 ], [ -102.736891, 31.285638 ], [ -102.737558, 31.283748 ], [ -102.739244, 31.282596 ], [ -102.742082, 31.283179 ], [ -102.742316, 31.28481 ], [ -102.744492, 31.282908 ], [ -102.743225, 31.281564 ], [ -102.744331, 31.281358 ], [ -102.746454, 31.282554 ], [ -102.749497, 31.281776 ], [ -102.750532, 31.280372 ], [ -102.753248, 31.279151 ], [ -102.754796, 31.280199 ], [ -102.756894, 31.283254 ], [ -102.757053, 31.284996 ], [ -102.755154, 31.284813 ], [ -102.754401, 31.285672 ], [ -102.75599, 31.286724 ], [ -102.756487, 31.288258 ], [ -102.755132, 31.290422 ], [ -102.757636, 31.28992 ], [ -102.755688, 31.291253 ], [ -102.760148, 31.293131 ], [ -102.761748, 31.294495 ], [ -102.762548, 31.293022 ], [ -102.76459, 31.29421 ], [ -102.767365, 31.293803 ], [ -102.767562, 31.361601 ], [ -102.767502, 31.432791 ], [ -102.767382, 31.51568 ], [ -102.767427, 31.624486 ], [ -102.767533, 31.625179 ], [ -102.767687, 31.638548 ], [ -102.767246, 31.651714 ], [ -102.798939, 31.651783 ], [ -102.798381, 31.863573 ], [ -102.799086, 32.085795 ], [ -102.801559, 32.087153 ], [ -102.866486, 32.087145 ], [ -103.064344, 32.087051 ], [ -103.064348, 32.123041 ], [ -103.064422, 32.145006 ], [ -103.064513353785003, 32.270763153746202 ], [ -103.064559766108005, 32.334654120030898 ], [ -103.064695803863998, 32.5219230001425 ], [ -103.064696, 32.522193 ], [ -103.00047, 32.522875 ], [ -102.99628, 32.523154 ], [ -102.613521, 32.523153 ], [ -102.498863, 32.522985 ], [ -102.476311, 32.523329 ], [ -102.473262, 32.522923 ], [ -102.37544, 32.523109 ], [ -102.371534, 32.523371 ], [ -102.211037, 32.523244 ], [ -102.202703, 32.523271 ], [ -101.89383, 32.524323 ], [ -101.753158, 32.525166 ], [ -101.752487, 32.52517 ], [ -101.721478, 32.525179 ], [ -101.717103, 32.525173 ], [ -101.716726, 32.525128 ], [ -101.713558, 32.52521 ], [ -101.711646, 32.52532 ], [ -101.68874, 32.525222 ], [ -101.691853, 32.300048 ], [ -101.691866, 32.299196 ], [ -101.692269, 32.271062 ], [ -101.692342, 32.265213 ], [ -101.692441, 32.250119 ], [ -101.692545, 32.249274 ], [ -101.693448, 32.196112 ], [ -101.695011, 32.087532 ], [ -101.776085, 32.086925 ], [ -101.775878, 31.907452 ], [ -101.775886, 31.828203 ], [ -101.775802, 31.651319 ], [ -101.775654, 31.363379 ] ] ] } },
{ "type": "Feature", "properties": { "FederalDivisionName": "Pecos", "FederalJudicialDistrict": "Western" }, "geometry": { "type": "Polygon", "coordinates": [ [ [ -102.479952, 29.990655 ], [ -102.47726, 29.9893 ], [ -102.320703761477006, 29.8788549124151 ], [ -102.3246, 29.873105 ], [ -102.323185, 29.867395 ], [ -102.323463, 29.863917 ], [ -102.32532, 29.862929 ], [ -102.327815, 29.862661 ], [ -102.331567, 29.862806 ], [ -102.332891, 29.865443 ], [ -102.333384, 29.868046 ], [ -102.341033, 29.869305 ], [ -102.342244, 29.868187 ], [ -102.342128, 29.866924 ], [ -102.344551, 29.864682 ], [ -102.349861, 29.862317 ], [ -102.350671, 29.855403 ], [ -102.351951, 29.853115 ], [ -102.353471, 29.851967 ], [ -102.357734, 29.850547 ], [ -102.361236, 29.84913 ], [ -102.364542, 29.845387 ], [ -102.362514, 29.833156 ], [ -102.365117, 29.826965 ], [ -102.369522, 29.820395 ], [ -102.372558, 29.811195 ], [ -102.374339, 29.806417 ], [ -102.377254, 29.800163 ], [ -102.377313, 29.789971 ], [ -102.379379, 29.787762 ], [ -102.381756, 29.786898 ], [ -102.385053, 29.78585 ], [ -102.388554, 29.78361 ], [ -102.389674, 29.782601 ], [ -102.389736, 29.780908 ], [ -102.387263, 29.778473 ], [ -102.385408, 29.773398 ], [ -102.385134, 29.77147 ], [ -102.385455, 29.769242 ], [ -102.386861, 29.765731 ], [ -102.386361, 29.762412 ], [ -102.388323, 29.761266 ], [ -102.389993, 29.762228 ], [ -102.39079, 29.763668 ], [ -102.391791, 29.7661 ], [ -102.393931, 29.768689 ], [ -102.397619, 29.769642 ], [ -102.399712, 29.769003 ], [ -102.402188, 29.766981 ], [ -102.404537, 29.765181 ], [ -102.408183, 29.765011 ], [ -102.409769, 29.764717 ], [ -102.411108, 29.76641 ], [ -102.411731, 29.767725 ], [ -102.413289, 29.768269 ], [ -102.415445, 29.769418 ], [ -102.417545, 29.769591 ], [ -102.421474, 29.769258 ], [ -102.423319, 29.770237 ], [ -102.425297, 29.772577 ], [ -102.429275, 29.77453 ], [ -102.431439, 29.775205 ], [ -102.433301, 29.776608 ], [ -102.435106, 29.776758 ], [ -102.436597, 29.775743 ], [ -102.437736, 29.773896 ], [ -102.439297, 29.773259 ], [ -102.446315, 29.777424 ], [ -102.450082, 29.777171 ], [ -102.455615, 29.774722 ], [ -102.458269, 29.774775 ], [ -102.459274, 29.776034 ], [ -102.463036, 29.782054 ], [ -102.464819, 29.783133 ], [ -102.46643, 29.783646 ], [ -102.467968, 29.782531 ], [ -102.469728, 29.780796 ], [ -102.471314, 29.777078 ], [ -102.473233, 29.776018 ], [ -102.476153, 29.775977 ], [ -102.480257, 29.776011 ], [ -102.482027, 29.777357 ], [ -102.481579, 29.782441 ], [ -102.484262, 29.785076 ], [ -102.487252, 29.786585 ], [ -102.489977, 29.785395 ], [ -102.494728, 29.783053 ], [ -102.497566, 29.781789 ], [ -102.499602, 29.781433 ], [ -102.506048, 29.78237 ], [ -102.515839, 29.784298 ], [ -102.517531, 29.783955 ], [ -102.518185, 29.782309 ], [ -102.519433, 29.780448 ], [ -102.518345, 29.77889 ], [ -102.514798, 29.775497 ], [ -102.511517, 29.774565 ], [ -102.510571, 29.773178 ], [ -102.511323, 29.770258 ], [ -102.513103, 29.769089 ], [ -102.513381, 29.76576 ], [ -102.520026, 29.761009 ], [ -102.524962, 29.759068 ], [ -102.531724, 29.756349 ], [ -102.535744, 29.753611 ], [ -102.539003, 29.749911 ], [ -102.542384, 29.747098 ], [ -102.547108, 29.745445 ], [ -102.548261, 29.744596 ], [ -102.550704, 29.745191 ], [ -102.553433, 29.748089 ], [ -102.554864, 29.749086 ], [ -102.555127, 29.751329 ], [ -102.554408, 29.753769 ], [ -102.555184, 29.755862 ], [ -102.557228, 29.757545 ], [ -102.559343, 29.760377 ], [ -102.561754, 29.76609 ], [ -102.565544, 29.769628 ], [ -102.565529, 29.770724 ], [ -102.567663, 29.771463 ], [ -102.569467, 29.771378 ], [ -102.570964, 29.770501 ], [ -102.571815, 29.768964 ], [ -102.573629, 29.768202 ], [ -102.574041, 29.765008 ], [ -102.573087, 29.759739 ], [ -102.572101, 29.756726 ], [ -102.574139, 29.754773 ], [ -102.576353, 29.754302 ], [ -102.579225, 29.755372 ], [ -102.582585, 29.753522 ], [ -102.58538, 29.750897 ], [ -102.588492, 29.749332 ], [ -102.593482, 29.749497 ], [ -102.595143, 29.750929 ], [ -102.59716, 29.751608 ], [ -102.603889, 29.750255 ], [ -102.606108, 29.748858 ], [ -102.60858, 29.748249 ], [ -102.610346, 29.74777 ], [ -102.612879, 29.748182 ], [ -102.61537, 29.746146 ], [ -102.616605, 29.743725 ], [ -102.622534, 29.736632 ], [ -102.630151, 29.734315 ], [ -102.639104, 29.733506 ], [ -102.645665, 29.73391 ], [ -102.661252, 29.736123 ], [ -102.66564, 29.737708 ], [ -102.667443, 29.739641 ], [ -102.667524, 29.741963 ], [ -102.667391, 29.744659 ], [ -102.669034, 29.746106 ], [ -102.672818, 29.74437 ], [ -102.673997, 29.744574 ], [ -102.67578, 29.743077 ], [ -102.677371, 29.741349 ], [ -102.677192, 29.738261 ], [ -102.678987, 29.73402 ], [ -102.681534, 29.72838 ], [ -102.683194, 29.726902 ], [ -102.685062, 29.726867 ], [ -102.688164, 29.722487 ], [ -102.690532, 29.722673 ], [ -102.691373, 29.721372 ], [ -102.690651, 29.71543 ], [ -102.690238, 29.707482 ], [ -102.689147, 29.70494 ], [ -102.694374, 29.700969 ], [ -102.696853, 29.698848 ], [ -102.698347, 29.695591 ], [ -102.699317, 29.685029 ], [ -102.696385, 29.682619 ], [ -102.693466, 29.676507 ], [ -102.697408, 29.671634 ], [ -102.70096, 29.672513 ], [ -102.704083, 29.67134 ], [ -102.708942, 29.666517 ], [ -102.711283, 29.660467 ], [ -102.712904, 29.658043 ], [ -102.71775, 29.654439 ], [ -102.721347, 29.652607 ], [ -102.722828, 29.651427 ], [ -102.72574, 29.651417 ], [ -102.725217, 29.649673 ], [ -102.724208, 29.647587 ], [ -102.72517, 29.64451 ], [ -102.727209, 29.6422 ], [ -102.729784, 29.640652 ], [ -102.73451, 29.642143 ], [ -102.736948, 29.641538 ], [ -102.737581, 29.63875 ], [ -102.742185, 29.63251 ], [ -102.741415, 29.629348 ], [ -102.739282, 29.62613 ], [ -102.738428, 29.621929 ], [ -102.738803, 29.613214 ], [ -102.738768, 29.609367 ], [ -102.739183, 29.607207 ], [ -102.740446, 29.605096 ], [ -102.741565, 29.602828 ], [ -102.739991, 29.599041 ], [ -102.741927, 29.595983 ], [ -102.74434, 29.593559 ], [ -102.746202, 29.592875 ], [ -102.749695, 29.595085 ], [ -102.757066, 29.597799 ], [ -102.761886, 29.598643 ], [ -102.765786, 29.597524 ], [ -102.768341, 29.594734 ], [ -102.767425, 29.591896 ], [ -102.765764, 29.588896 ], [ -102.762241, 29.579449 ], [ -102.763792, 29.575069 ], [ -102.766124, 29.572348 ], [ -102.767627, 29.571798 ], [ -102.769877, 29.573729 ], [ -102.772254, 29.573895 ], [ -102.773961, 29.573084 ], [ -102.773897, 29.569659 ], [ -102.773565, 29.566569 ], [ -102.774869, 29.564292 ], [ -102.777284, 29.561472 ], [ -102.777728, 29.559672 ], [ -102.777531, 29.556497 ], [ -102.775725, 29.552189 ], [ -102.771429, 29.548546 ], [ -102.773752, 29.547173 ], [ -102.776065, 29.547245 ], [ -102.777294, 29.546276 ], [ -102.778119, 29.544205 ], [ -102.780266, 29.542466 ], [ -102.783332, 29.541918 ], [ -102.789266, 29.543679 ], [ -102.791452, 29.542824 ], [ -102.793027, 29.539946 ], [ -102.791589, 29.536224 ], [ -102.791782, 29.533764 ], [ -102.792567, 29.532444 ], [ -102.796321, 29.530692 ], [ -102.797702, 29.52847 ], [ -102.798443, 29.526667 ], [ -102.802978, 29.524541 ], [ -102.808692, 29.522319 ], [ -102.808441, 29.518975 ], [ -102.80648, 29.515761 ], [ -102.807223, 29.512324 ], [ -102.806825, 29.509914 ], [ -102.806561, 29.507012 ], [ -102.807474, 29.503851 ], [ -102.806388, 29.502887 ], [ -102.804468, 29.501593 ], [ -102.804485, 29.500062 ], [ -102.805617, 29.497164 ], [ -102.806742, 29.495535 ], [ -102.807327, 29.494009 ], [ -102.804874, 29.490353 ], [ -102.802654, 29.488317 ], [ -102.800673, 29.486235 ], [ -102.803538, 29.484052 ], [ -102.807361, 29.483531 ], [ -102.811585, 29.483692 ], [ -102.813954, 29.482806 ], [ -102.814385, 29.4799 ], [ -102.815343, 29.476657 ], [ -102.815374, 29.474444 ], [ -102.813997, 29.471401 ], [ -102.815754, 29.470998 ], [ -102.817027, 29.46894 ], [ -102.818391, 29.466827 ], [ -102.821442, 29.465331 ], [ -102.823105, 29.463299 ], [ -102.823725, 29.460481 ], [ -102.825102, 29.45859 ], [ -102.825254, 29.456905 ], [ -102.825469, 29.455117 ], [ -102.82446, 29.453469 ], [ -102.823689, 29.452023 ], [ -102.822021, 29.452016 ], [ -102.820341, 29.451508 ], [ -102.819611, 29.450944 ], [ -102.820931, 29.44986 ], [ -102.823691468218001, 29.4485892090125 ], [ -102.827552, 29.446812 ], [ -102.829886, 29.445504 ], [ -102.83097, 29.444267 ], [ -102.830865, 29.441635 ], [ -102.831827, 29.438652 ], [ -102.831441, 29.435912 ], [ -102.831196, 29.433759 ], [ -102.832539, 29.433109 ], [ -102.830613, 29.427518 ], [ -102.829636, 29.426269 ], [ -102.828572, 29.423584 ], [ -102.826925, 29.4177 ], [ -102.828101, 29.416041 ], [ -102.830856, 29.413569 ], [ -102.832268, 29.411616 ], [ -102.833261, 29.410976 ], [ -102.833251, 29.409291 ], [ -102.831213, 29.408214 ], [ -102.827876, 29.407743 ], [ -102.826414, 29.407453 ], [ -102.826522, 29.406341 ], [ -102.825727, 29.404186 ], [ -102.826085, 29.402746 ], [ -102.824621, 29.402603 ], [ -102.823438, 29.403312 ], [ -102.819003, 29.403599 ], [ -102.8168, 29.402927 ], [ -102.813676, 29.402326 ], [ -102.812362, 29.401443 ], [ -102.812666, 29.400173 ], [ -102.814501, 29.398035 ], [ -102.816347, 29.397061 ], [ -102.819116, 29.39811 ], [ -102.822112, 29.397927 ], [ -102.825612, 29.396946 ], [ -102.830157, 29.390328 ], [ -102.83252, 29.388922 ], [ -102.833199, 29.387415 ], [ -102.833297, 29.385476 ], [ -102.833958, 29.379816 ], [ -102.834712, 29.378492 ], [ -102.838825, 29.3777 ], [ -102.841587, 29.377195 ], [ -102.844365, 29.375379 ], [ -102.845194, 29.373669 ], [ -102.844981, 29.36924 ], [ -102.845421, 29.365214 ], [ -102.843876, 29.363527 ], [ -102.841772, 29.362823 ], [ -102.83992, 29.361599 ], [ -102.839375, 29.358922 ], [ -102.843021, 29.357988 ], [ -102.846163, 29.357363 ], [ -102.85184, 29.355035 ], [ -102.856661, 29.353603 ], [ -102.860582, 29.351534 ], [ -102.871857, 29.352093 ], [ -102.874774, 29.353022 ], [ -102.876802, 29.354664 ], [ -102.878019, 29.354538 ], [ -102.879534, 29.353327 ], [ -102.881586, 29.351566 ], [ -102.884364, 29.347729 ], [ -102.88388, 29.34599 ], [ -102.881113, 29.342652 ], [ -102.879805, 29.338755 ], [ -102.88493, 29.325075 ], [ -102.88499, 29.322133 ], [ -102.88445, 29.320678 ], [ -102.88525, 29.320147 ], [ -102.886859, 29.319343 ], [ -102.888249, 29.315232 ], [ -102.887544, 29.313217 ], [ -102.887594, 29.311267 ], [ -102.88928, 29.310073 ], [ -102.890489, 29.309499 ], [ -102.892971, 29.309151 ], [ -102.892635, 29.305885 ], [ -102.890123, 29.302415 ], [ -102.88911, 29.297752 ], [ -102.888328, 29.291947 ], [ -102.891022, 29.287113 ], [ -102.894348, 29.286225 ], [ -102.896514, 29.284831 ], [ -102.897544, 29.281992 ], [ -102.899606, 29.280468 ], [ -102.901335, 29.280757 ], [ -102.902605, 29.279441 ], [ -102.903105, 29.27676 ], [ -102.902153, 29.274644 ], [ -102.900117, 29.272323 ], [ -102.899263, 29.269485 ], [ -102.902249, 29.26482 ], [ -102.904794, 29.263903 ], [ -102.906382, 29.262055 ], [ -102.906296, 29.260011 ], [ -102.905543, 29.257074 ], [ -102.903189, 29.254029 ], [ -102.900322, 29.253964 ], [ -102.898528, 29.254421 ], [ -102.896626, 29.254114 ], [ -102.893634, 29.250262 ], [ -102.891279, 29.248045 ], [ -102.887902, 29.245612 ], [ -102.881135, 29.246022 ], [ -102.874388, 29.243552 ], [ -102.871347, 29.241625 ], [ -102.870614, 29.237045 ], [ -102.871525, 29.232744 ], [ -102.87035, 29.230941 ], [ -102.868818, 29.230565 ], [ -102.866762, 29.227744 ], [ -102.866846, 29.225015 ], [ -102.868468, 29.222879 ], [ -102.874169, 29.218597 ], [ -102.877286, 29.217087 ], [ -102.87802, 29.214698 ], [ -102.884903, 29.211602 ], [ -102.889446, 29.210156 ], [ -102.893924, 29.208664 ], [ -102.899231, 29.208863 ], [ -102.901876, 29.213266 ], [ -102.905735, 29.21598 ], [ -102.908787, 29.219337 ], [ -102.912324, 29.219418 ], [ -102.914944, 29.217476 ], [ -102.916222, 29.215 ], [ -102.915554, 29.211342 ], [ -102.912448, 29.206255 ], [ -102.913623, 29.204384 ], [ -102.913503, 29.202014 ], [ -102.914854, 29.199914 ], [ -102.917513, 29.199294 ], [ -102.918246606560999, 29.198751150125499 ], [ -102.919059, 29.19815 ], [ -102.918535, 29.195035 ], [ -102.917263, 29.192594 ], [ -102.917805, 29.190697 ], [ -102.921169, 29.1916 ], [ -102.925482, 29.193723 ], [ -102.932975, 29.194508 ], [ -102.935891, 29.191119 ], [ -102.937749, 29.188534 ], [ -102.940221, 29.189218 ], [ -102.941209, 29.191223 ], [ -102.943765, 29.191165 ], [ -102.944911, 29.18882 ], [ -102.945184, 29.185032 ], [ -102.947156, 29.180777 ], [ -102.949933, 29.179993 ], [ -102.95089, 29.176835 ], [ -102.950592, 29.173731 ], [ -102.952786, 29.17394 ], [ -102.954273, 29.176104 ], [ -102.955649, 29.178149 ], [ -102.961046, 29.179631 ], [ -102.96576, 29.18235 ], [ -102.970726, 29.184114 ], [ -102.973241, 29.185657 ], [ -102.977266, 29.186226 ], [ -102.981607, 29.185584 ], [ -102.985195, 29.183463 ], [ -102.989432, 29.183174 ], [ -102.994653, 29.17962 ], [ -102.996319, 29.178265 ], [ -102.998001, 29.175653 ], [ -102.998096, 29.172676 ], [ -102.996993, 29.170479 ], [ -102.995858, 29.164524 ], [ -102.995688, 29.161219 ], [ -102.999448, 29.156096 ], [ -103.002434, 29.150261 ], [ -103.008362, 29.148293 ], [ -103.008797, 29.137569 ], [ -103.011018, 29.137052 ], [ -103.013915, 29.135914 ], [ -103.015651, 29.133995 ], [ -103.014479, 29.130445 ], [ -103.012171, 29.128703 ], [ -103.012395, 29.125845 ], [ -103.013655, 29.125054 ], [ -103.015028, 29.12577 ], [ -103.020154, 29.125793 ], [ -103.022856, 29.123505 ], [ -103.02403, 29.119753 ], [ -103.027592, 29.116021 ], [ -103.032719, 29.115168 ], [ -103.035986, 29.113962 ], [ -103.03703, 29.112579 ], [ -103.036117, 29.11078 ], [ -103.032185, 29.106994 ], [ -103.032583, 29.104136 ], [ -103.03334, 29.101893 ], [ -103.03603, 29.098736 ], [ -103.039319, 29.097044 ], [ -103.044815, 29.09545 ], [ -103.047329, 29.095853 ], [ -103.048729, 29.097417 ], [ -103.052646, 29.099746 ], [ -103.054654, 29.100637 ], [ -103.05867, 29.095814 ], [ -103.064254, 29.091451 ], [ -103.066418, 29.091635 ], [ -103.068632, 29.093281 ], [ -103.070434, 29.093656 ], [ -103.071986, 29.092725 ], [ -103.0761, 29.091323 ], [ -103.080107, 29.08687 ], [ -103.07663, 29.07977 ], [ -103.076847, 29.076059 ], [ -103.078963, 29.07374 ], [ -103.085196, 29.069486 ], [ -103.087425, 29.067108 ], [ -103.085387, 29.058598 ], [ -103.0859, 29.053736 ], [ -103.090311, 29.053755 ], [ -103.091902, 29.057814 ], [ -103.091565, 29.063059 ], [ -103.091769, 29.064128 ], [ -103.0933, 29.064856 ], [ -103.09548, 29.064727 ], [ -103.097405, 29.060555 ], [ -103.100134, 29.060675 ], [ -103.100266, 29.0577 ], [ -103.100363, 29.051875 ], [ -103.101356, 29.048996 ], [ -103.103969, 29.04637 ], [ -103.105868, 29.042454 ], [ -103.10634, 29.037621 ], [ -103.103465, 29.032661 ], [ -103.100651, 29.03091 ], [ -103.097848, 29.027036 ], [ -103.101608, 29.018123 ], [ -103.107811, 29.013812 ], [ -103.117238, 29.000209 ], [ -103.116048, 28.994607 ], [ -103.113922, 28.988547 ], [ -103.115328, 28.98527 ], [ -103.118833, 28.983709 ], [ -103.122991, 28.984434 ], [ -103.126748, 28.982124 ], [ -103.13137, 28.983948 ], [ -103.134931, 28.983525 ], [ -103.143274, 28.978074 ], [ -103.151429, 28.975096 ], [ -103.1527, 28.972656 ], [ -103.154608, 28.971612 ], [ -103.156646, 28.972831 ], [ -103.159733, 28.973781 ], [ -103.163865, 28.972099 ], [ -103.165923, 28.974002 ], [ -103.165776, 28.977496 ], [ -103.168802, 28.979467 ], [ -103.170824, 28.980571 ], [ -103.173035, 28.980161 ], [ -103.174612, 28.977744 ], [ -103.176755, 28.978069 ], [ -103.179706, 28.981834 ], [ -103.191178, 28.984093 ], [ -103.199323, 28.986072 ], [ -103.202412, 28.987195 ], [ -103.207519, 28.98654 ], [ -103.211402, 28.987426 ], [ -103.214782, 28.987726 ], [ -103.217626, 28.986208 ], [ -103.218981, 28.985652 ], [ -103.219669, 28.983518 ], [ -103.221594, 28.984368 ], [ -103.223938, 28.98785 ], [ -103.225548, 28.989978 ], [ -103.227801, 28.991532 ], [ -103.230252, 28.988528 ], [ -103.233501, 28.986013 ], [ -103.235991, 28.984785 ], [ -103.237635, 28.981862 ], [ -103.24388, 28.981226 ], [ -103.249589, 28.980515 ], [ -103.250977, 28.981306 ], [ -103.251562, 28.984365 ], [ -103.253285, 28.986687 ], [ -103.261255, 28.992659 ], [ -103.266333, 28.995981 ], [ -103.268139, 28.994984 ], [ -103.269476, 28.992954 ], [ -103.269529, 28.99068 ], [ -103.270357, 28.988114 ], [ -103.271386, 28.985362 ], [ -103.273357, 28.982844 ], [ -103.277031, 28.979938 ], [ -103.279338, 28.977002 ], [ -103.283457, 28.976945 ], [ -103.287401, 28.978653 ], [ -103.288305, 28.981385 ], [ -103.284452, 28.982331 ], [ -103.282293, 28.98449 ], [ -103.281553, 28.987696 ], [ -103.282625, 28.991615 ], [ -103.28393, 28.995013 ], [ -103.28616, 29.000258 ], [ -103.287852, 29.002242 ], [ -103.292411, 29.004195 ], [ -103.295544, 29.006255 ], [ -103.298981, 29.006678 ], [ -103.300565, 29.008267 ], [ -103.302995, 29.007729 ], [ -103.308274, 29.003402 ], [ -103.310993, 29.004742 ], [ -103.314503, 29.007805 ], [ -103.315938, 29.01039 ], [ -103.315603, 29.012248 ], [ -103.312748, 29.012963 ], [ -103.310659, 29.014899 ], [ -103.308029, 29.018884 ], [ -103.306811, 29.022207 ], [ -103.308277, 29.025001 ], [ -103.312295, 29.026126 ], [ -103.315208, 29.025593 ], [ -103.318981, 29.021392 ], [ -103.320176, 29.019268 ], [ -103.322512, 29.018283 ], [ -103.325681, 29.016441 ], [ -103.331223, 29.016333 ], [ -103.33508, 29.017514 ], [ -103.338298, 29.019766 ], [ -103.340808, 29.024267 ], [ -103.342047, 29.028201 ], [ -103.34021, 29.028641 ], [ -103.338604, 29.027743 ], [ -103.336468, 29.027459 ], [ -103.334183, 29.028716 ], [ -103.331475, 29.029422 ], [ -103.328613, 29.030386 ], [ -103.327281, 29.03339 ], [ -103.327186, 29.038952 ], [ -103.329372, 29.042175 ], [ -103.330871, 29.042959 ], [ -103.33312, 29.043811 ], [ -103.335089, 29.043629 ], [ -103.338715, 29.04327 ], [ -103.34051, 29.044943 ], [ -103.342294, 29.046168 ], [ -103.343572088662, 29.046353618367799 ], [ -103.343678, 29.046369 ], [ -103.344901, 29.045161 ], [ -103.347802, 29.040259 ], [ -103.349458, 29.035225 ], [ -103.350816, 29.028567 ], [ -103.352804, 29.02583 ], [ -103.353901, 29.022225 ], [ -103.36032, 29.0185 ], [ -103.366763, 29.020227 ], [ -103.373893, 29.023523 ], [ -103.377277, 29.023183 ], [ -103.381269, 29.024153 ], [ -103.384243, 29.024151 ], [ -103.386505, 29.021648 ], [ -103.387688, 29.022952 ], [ -103.388084, 29.024444 ], [ -103.38721, 29.028239 ], [ -103.387718, 29.032243 ], [ -103.388434, 29.033862 ], [ -103.389638, 29.034358 ], [ -103.393013, 29.034599 ], [ -103.394982, 29.032575 ], [ -103.400767, 29.031022 ], [ -103.402448, 29.032127 ], [ -103.403442, 29.034476 ], [ -103.40467, 29.03928 ], [ -103.408814, 29.039628 ], [ -103.411883, 29.038126 ], [ -103.415414, 29.037881 ], [ -103.417396, 29.041061 ], [ -103.420119, 29.042671 ], [ -103.423557, 29.043487 ], [ -103.427754, 29.042334 ], [ -103.432231, 29.043682 ], [ -103.430754, 29.045288 ], [ -103.428683, 29.048695 ], [ -103.430834, 29.050775 ], [ -103.433544, 29.051992 ], [ -103.434668, 29.055317 ], [ -103.434003, 29.057075 ], [ -103.436618, 29.058024 ], [ -103.440274, 29.05763 ], [ -103.444084, 29.060169 ], [ -103.448395, 29.063783 ], [ -103.449892, 29.065392 ], [ -103.450144, 29.067277 ], [ -103.450557, 29.070258 ], [ -103.44993, 29.072714 ], [ -103.453752, 29.072415 ], [ -103.458455, 29.072633 ], [ -103.461116, 29.072472 ], [ -103.462351, 29.07169 ], [ -103.459466, 29.068702 ], [ -103.459454, 29.06725 ], [ -103.461341, 29.067381 ], [ -103.466293, 29.066421 ], [ -103.470107, 29.066194 ], [ -103.472984, 29.068347 ], [ -103.473632, 29.0711 ], [ -103.469816, 29.080171 ], [ -103.470213, 29.085526 ], [ -103.474815, 29.086671 ], [ -103.476262, 29.088094 ], [ -103.475384, 29.089567 ], [ -103.475558, 29.091003 ], [ -103.476955, 29.091732 ], [ -103.478551, 29.091253 ], [ -103.480683, 29.091697 ], [ -103.484429, 29.094524 ], [ -103.494612, 29.108419 ], [ -103.497448, 29.108493 ], [ -103.499684, 29.109518 ], [ -103.500456, 29.1113 ], [ -103.499506, 29.112866 ], [ -103.500153, 29.115901 ], [ -103.501472, 29.11623 ], [ -103.504159, 29.115864 ], [ -103.506692, 29.116398 ], [ -103.508119, 29.1176 ], [ -103.511035, 29.120612 ], [ -103.514485, 29.121335 ], [ -103.517478, 29.12011 ], [ -103.521535, 29.119996 ], [ -103.524613, 29.120998 ], [ -103.523543, 29.126085 ], [ -103.523788, 29.132782 ], [ -103.522847, 29.134036 ], [ -103.52302, 29.135253 ], [ -103.524001, 29.136429 ], [ -103.535085, 29.142795 ], [ -103.538212, 29.144133 ], [ -103.539564, 29.146097 ], [ -103.541588, 29.145938 ], [ -103.544671, 29.144837 ], [ -103.548048, 29.142294 ], [ -103.550693, 29.144129 ], [ -103.552733, 29.147007 ], [ -103.552356, 29.150932 ], [ -103.550026, 29.153785 ], [ -103.550487, 29.156247 ], [ -103.552572, 29.157335 ], [ -103.554213, 29.157904 ], [ -103.556108, 29.155989 ], [ -103.561401, 29.1553 ], [ -103.565417, 29.154163 ], [ -103.566968, 29.155015 ], [ -103.569502, 29.155417 ], [ -103.571962, 29.154113 ], [ -103.574209, 29.153504 ], [ -103.578073, 29.150126 ], [ -103.582856, 29.149389 ], [ -103.586021, 29.150115 ], [ -103.59236, 29.15026 ], [ -103.596281, 29.151915 ], [ -103.60059, 29.157878 ], [ -103.603182, 29.158097 ], [ -103.606438, 29.160411 ], [ -103.608704, 29.164647 ], [ -103.61054, 29.165773 ], [ -103.617877, 29.163487 ], [ -103.625275, 29.163209 ], [ -103.629233, 29.162709 ], [ -103.630297, 29.161966 ], [ -103.631024, 29.160126 ], [ -103.634024, 29.158585 ], [ -103.63759, 29.160531 ], [ -103.63976, 29.161202 ], [ -103.641804, 29.160713 ], [ -103.645635, 29.159286 ], [ -103.648068, 29.156981 ], [ -103.6499, 29.15641 ], [ -103.651846, 29.157492 ], [ -103.650798, 29.161108 ], [ -103.65318, 29.162864 ], [ -103.656808, 29.169099 ], [ -103.660203, 29.170934 ], [ -103.664335, 29.170884 ], [ -103.666279, 29.17188 ], [ -103.668614, 29.173889 ], [ -103.671278, 29.173282 ], [ -103.67774, 29.173883 ], [ -103.682553, 29.176275 ], [ -103.68628, 29.176347 ], [ -103.687866, 29.178558 ], [ -103.690797, 29.178244 ], [ -103.694046, 29.176898 ], [ -103.697314, 29.177194 ], [ -103.699649, 29.178116 ], [ -103.700241, 29.179362 ], [ -103.704249, 29.184686 ], [ -103.706286, 29.185095 ], [ -103.707345, 29.183713 ], [ -103.708542, 29.184831 ], [ -103.71377, 29.185008 ], [ -103.715507, 29.181275 ], [ -103.717757, 29.180563 ], [ -103.71918, 29.181395 ], [ -103.719848, 29.183281 ], [ -103.722843, 29.189167 ], [ -103.725538, 29.192668 ], [ -103.72841, 29.192725 ], [ -103.72961, 29.194638 ], [ -103.729457, 29.196529 ], [ -103.730471, 29.197941 ], [ -103.733892, 29.199676 ], [ -103.737794, 29.202632 ], [ -103.742175, 29.20861 ], [ -103.743182, 29.215082 ], [ -103.741102, 29.217573 ], [ -103.740924, 29.219424 ], [ -103.741671, 29.220781 ], [ -103.742246, 29.221694 ], [ -103.743788, 29.221911 ], [ -103.749531, 29.219748 ], [ -103.754102, 29.219516 ], [ -103.757365, 29.220668 ], [ -103.757657, 29.223098 ], [ -103.755154, 29.224759 ], [ -103.754538, 29.227496 ], [ -103.758549, 29.232939 ], [ -103.76073, 29.233431 ], [ -103.762782, 29.232748 ], [ -103.763856, 29.231558 ], [ -103.767415, 29.228444 ], [ -103.768514, 29.227274 ], [ -103.76753, 29.22583 ], [ -103.769441, 29.221274 ], [ -103.770958, 29.219531 ], [ -103.774455, 29.219893 ], [ -103.776698, 29.220054 ], [ -103.777375, 29.221814 ], [ -103.777709, 29.223891 ], [ -103.782054, 29.227983 ], [ -103.780989, 29.23334 ], [ -103.780664, 29.237379 ], [ -103.781681, 29.241278 ], [ -103.780716, 29.243822 ], [ -103.778066, 29.24318 ], [ -103.775916, 29.244112 ], [ -103.775072, 29.247954 ], [ -103.778477, 29.252039 ], [ -103.778815, 29.255612 ], [ -103.781596, 29.261109 ], [ -103.784047, 29.265467 ], [ -103.78822, 29.265477 ], [ -103.792568, 29.262564 ], [ -103.792677472426007, 29.262469445060901 ], [ -103.795863, 29.259718 ], [ -103.799915, 29.258565 ], [ -103.805237, 29.260455 ], [ -103.809042, 29.26639 ], [ -103.807612, 29.270159 ], [ -103.810111, 29.27305 ], [ -103.813373, 29.273966 ], [ -103.815341, 29.27335 ], [ -103.820471, 29.270735 ], [ -103.823791, 29.269992 ], [ -103.826207, 29.269203 ], [ -103.827686, 29.269884 ], [ -103.829642, 29.270966 ], [ -103.833772, 29.272455 ], [ -103.836821, 29.273947 ], [ -103.837842, 29.275735 ], [ -103.83671, 29.277049 ], [ -103.838303, 29.278304 ], [ -103.856893, 29.281852 ], [ -103.863335, 29.27922 ], [ -103.865379, 29.281888 ], [ -103.868945, 29.280648 ], [ -103.871127, 29.281579 ], [ -103.873362, 29.283449 ], [ -103.880606, 29.284962 ], [ -103.88486, 29.284228 ], [ -103.886257, 29.28056 ], [ -103.88871, 29.278978 ], [ -103.892968, 29.281545 ], [ -103.897051, 29.285307 ], [ -103.899292, 29.28741 ], [ -103.903571, 29.28698 ], [ -103.907995, 29.28507 ], [ -103.912078, 29.283744 ], [ -103.917106, 29.284216 ], [ -103.91891, 29.285042 ], [ -103.918796, 29.286526 ], [ -103.917816, 29.287925 ], [ -103.918469, 29.29003 ], [ -103.921731, 29.292107 ], [ -103.923422, 29.293368 ], [ -103.926375, 29.294397 ], [ -103.928271, 29.293745 ], [ -103.932284, 29.29354 ], [ -103.937736, 29.292834 ], [ -103.943698, 29.294946 ], [ -103.950596, 29.295856 ], [ -103.952438, 29.297592 ], [ -103.954575, 29.29689 ], [ -103.961395, 29.298662 ], [ -103.963355, 29.298149 ], [ -103.965796, 29.298587 ], [ -103.967648, 29.300029 ], [ -103.96981, 29.297302 ], [ -103.972294, 29.295996 ], [ -103.975235, 29.296017 ], [ -103.983342, 29.299175 ], [ -103.984989, 29.300765 ], [ -103.993234, 29.30428 ], [ -104.000678, 29.305337 ], [ -104.00232, 29.306715 ], [ -104.008648, 29.308411 ], [ -104.016238, 29.312139 ], [ -104.019398, 29.311851 ], [ -104.038282, 29.320156 ], [ -104.03951, 29.321919 ], [ -104.045223, 29.325163 ], [ -104.04757, 29.325925 ], [ -104.055596, 29.33091 ], [ -104.056693, 29.333622 ], [ -104.056222, 29.335723 ], [ -104.055553, 29.337306 ], [ -104.057244, 29.337694 ], [ -104.066295, 29.340833 ], [ -104.069356, 29.342964 ], [ -104.072146, 29.345918 ], [ -104.074292, 29.346411 ], [ -104.075924, 29.345075 ], [ -104.08215, 29.345923 ], [ -104.086469, 29.350607 ], [ -104.091022, 29.353692 ], [ -104.089569, 29.355765 ], [ -104.089698, 29.357593 ], [ -104.0906, 29.359624 ], [ -104.093326, 29.359926 ], [ -104.094475, 29.361179 ], [ -104.097249, 29.361419 ], [ -104.098118, 29.362322 ], [ -104.097999, 29.366277 ], [ -104.100925, 29.367465 ], [ -104.102991, 29.370312 ], [ -104.106467, 29.373127 ], [ -104.10956, 29.374085 ], [ -104.112804, 29.373707 ], [ -104.11511, 29.372896 ], [ -104.117025, 29.371101 ], [ -104.121318, 29.371423 ], [ -104.121741, 29.377445 ], [ -104.123215, 29.380484 ], [ -104.125974, 29.379447 ], [ -104.127979, 29.37825 ], [ -104.130758, 29.379259 ], [ -104.130995, 29.381713 ], [ -104.132799, 29.383326 ], [ -104.134919, 29.38422 ], [ -104.13711, 29.383444 ], [ -104.137963, 29.382135 ], [ -104.137285, 29.379933 ], [ -104.138199, 29.378564 ], [ -104.13988, 29.378043 ], [ -104.141747, 29.378207 ], [ -104.142822, 29.381211 ], [ -104.143152, 29.383322 ], [ -104.142411, 29.384948 ], [ -104.142977, 29.387158 ], [ -104.143390855571994, 29.387948725591801 ], [ -104.143626, 29.388398 ], [ -104.145009, 29.387276 ], [ -104.146438, 29.385425 ], [ -104.148373, 29.385101 ], [ -104.150158, 29.385897 ], [ -104.152045, 29.388911 ], [ -104.15146, 29.389874 ], [ -104.15138, 29.391222 ], [ -104.153541, 29.393314 ], [ -104.155195, 29.394569 ], [ -104.156569, 29.393936 ], [ -104.156343, 29.39081 ], [ -104.158347, 29.390051 ], [ -104.160741, 29.389876 ], [ -104.16232, 29.391632 ], [ -104.165004, 29.392722 ], [ -104.167443, 29.394744 ], [ -104.16843, 29.396489 ], [ -104.166288, 29.398854 ], [ -104.16454, 29.400345 ], [ -104.165251, 29.401907 ], [ -104.166089, 29.402038 ], [ -104.167934, 29.40147 ], [ -104.169398, 29.401865 ], [ -104.171133, 29.40378 ], [ -104.170656, 29.405333 ], [ -104.169406, 29.407799 ], [ -104.170862, 29.409026 ], [ -104.173443, 29.410033 ], [ -104.174937, 29.409467 ], [ -104.177317, 29.409484 ], [ -104.180034, 29.411106 ], [ -104.18007, 29.412764 ], [ -104.180668, 29.414695 ], [ -104.182076, 29.414972 ], [ -104.18327, 29.416226 ], [ -104.183918, 29.417845 ], [ -104.183097, 29.420204 ], [ -104.182149, 29.421258 ], [ -104.180901, 29.422575 ], [ -104.180942, 29.424918 ], [ -104.181526, 29.427011 ], [ -104.184013, 29.427753 ], [ -104.185992, 29.428228 ], [ -104.1873, 29.429672 ], [ -104.188881, 29.432115 ], [ -104.190607, 29.433319 ], [ -104.192924, 29.43527 ], [ -104.19377, 29.437372 ], [ -104.192823, 29.439248 ], [ -104.193832, 29.441342 ], [ -104.197548, 29.442773 ], [ -104.208194, 29.448201 ], [ -104.211166, 29.449755 ], [ -104.212529, 29.452439 ], [ -104.215641, 29.454081 ], [ -104.218126, 29.457732 ], [ -104.216588, 29.459325 ], [ -104.213476, 29.462057 ], [ -104.212431, 29.465322 ], [ -104.212822, 29.46793 ], [ -104.210745, 29.472434 ], [ -104.21094, 29.476955 ], [ -104.210670689081994, 29.477520411927699 ], [ -104.20903, 29.480965 ], [ -104.211109, 29.482532 ], [ -104.212997, 29.48413 ], [ -104.216312, 29.484462 ], [ -104.219026, 29.483405 ], [ -104.222742, 29.482612 ], [ -104.225645, 29.481829 ], [ -104.227237, 29.480281 ], [ -104.229367, 29.479053 ], [ -104.2311, 29.479066 ], [ -104.233825, 29.486545 ], [ -104.233487, 29.492734 ], [ -104.235847, 29.496744 ], [ -104.23885, 29.498302 ], [ -104.240042, 29.49732 ], [ -104.245548, 29.500985 ], [ -104.247072, 29.502929 ], [ -104.251314, 29.505267 ], [ -104.254295, 29.506711 ], [ -104.258305, 29.506104 ], [ -104.259035, 29.506251414584401 ], [ -104.260266, 29.5065 ], [ -104.261547, 29.507694 ], [ -104.262278, 29.510204 ], [ -104.261301, 29.510958 ], [ -104.261744, 29.513463 ], [ -104.264155, 29.514001 ], [ -104.266003, 29.514364 ], [ -104.268284, 29.513495 ], [ -104.270399, 29.514508 ], [ -104.270729, 29.51567 ], [ -104.275347, 29.516842 ], [ -104.278905, 29.516897 ], [ -104.291929, 29.519455 ], [ -104.292631, 29.521889 ], [ -104.294195, 29.523209 ], [ -104.296789, 29.524128 ], [ -104.304271, 29.524031 ], [ -104.308581, 29.523375 ], [ -104.311707, 29.523478 ], [ -104.31059, 29.527085 ], [ -104.310946, 29.528792 ], [ -104.312838, 29.531401 ], [ -104.315476, 29.532754 ], [ -104.318143, 29.532202 ], [ -104.320664, 29.529851 ], [ -104.320654, 29.527586 ], [ -104.320618, 29.524068 ], [ -104.321789, 29.521799 ], [ -104.325886, 29.523224 ], [ -104.330727, 29.522656 ], [ -104.333995, 29.519576 ], [ -104.336221, 29.519333 ], [ -104.338113, 29.519967 ], [ -104.353466816739001, 29.529797269504702 ], [ -104.357532, 29.5324 ], [ -104.367401, 29.54011 ], [ -104.369949, 29.542849 ], [ -104.372027, 29.543864 ], [ -104.375044, 29.543748 ], [ -104.378445, 29.541796 ], [ -104.381041, 29.543406 ], [ -104.394589, 29.556087 ], [ -104.394530729329006, 29.556312216524201 ], [ -104.393826, 29.559036 ], [ -104.394351, 29.560535 ], [ -104.395707647601, 29.5635864840526 ], [ -104.397488, 29.567591 ], [ -104.397123430324996, 29.568371895730799 ], [ -104.396847, 29.568964 ], [ -104.397543, 29.570749 ], [ -104.399591, 29.572319 ], [ -104.452301, 29.60366 ], [ -104.455121, 29.606473 ], [ -104.45729, 29.609144 ], [ -104.460726, 29.608948 ], [ -104.463132, 29.609918 ], [ -104.46652, 29.609296 ], [ -104.467441, 29.611865 ], [ -104.467137, 29.613992 ], [ -104.46543, 29.615525 ], [ -104.465584, 29.616968 ], [ -104.465654, 29.618558 ], [ -104.46753, 29.619061 ], [ -104.469754, 29.618775 ], [ -104.471293, 29.618499 ], [ -104.472605, 29.617886 ], [ -104.473968, 29.618813 ], [ -104.474112, 29.621179 ], [ -104.474885, 29.623823 ], [ -104.476251, 29.625289 ], [ -104.476428, 29.626756 ], [ -104.475991, 29.627979 ], [ -104.478486, 29.628399 ], [ -104.482186, 29.627732 ], [ -104.484597, 29.627973 ], [ -104.486398, 29.629163 ], [ -104.48743, 29.631238 ], [ -104.486961, 29.63298 ], [ -104.487822, 29.634024 ], [ -104.49006, 29.633939 ], [ -104.492582, 29.634096 ], [ -104.494794, 29.63375 ], [ -104.496406, 29.63494 ], [ -104.496775, 29.637075 ], [ -104.496167, 29.638811 ], [ -104.497867, 29.639659 ], [ -104.500871, 29.63872 ], [ -104.502446, 29.637512 ], [ -104.504689, 29.637408 ], [ -104.507094, 29.636876 ], [ -104.505633, 29.634044 ], [ -104.507124, 29.632349 ], [ -104.509025, 29.633282 ], [ -104.510443, 29.635367 ], [ -104.51293, 29.637247 ], [ -104.515736, 29.640548 ], [ -104.51285, 29.642835 ], [ -104.509873, 29.643654 ], [ -104.510684, 29.645492 ], [ -104.5123, 29.646612 ], [ -104.515119, 29.647084 ], [ -104.517284, 29.647116 ], [ -104.518466, 29.64915 ], [ -104.517438, 29.649834 ], [ -104.517252, 29.651687 ], [ -104.516299, 29.652363 ], [ -104.517507, 29.653326 ], [ -104.519408, 29.654124 ], [ -104.521546, 29.656712 ], [ -104.52327, 29.658545 ], [ -104.524891, 29.659199 ], [ -104.525229, 29.661787 ], [ -104.524785, 29.665043 ], [ -104.525127, 29.666185 ], [ -104.525899, 29.668023 ], [ -104.527528, 29.667407 ], [ -104.528674, 29.667869 ], [ -104.528614, 29.669792 ], [ -104.530116, 29.670632 ], [ -104.532027, 29.670566 ], [ -104.533281, 29.668869 ], [ -104.532573, 29.667271 ], [ -104.534363, 29.666098 ], [ -104.536278, 29.667343 ], [ -104.535649, 29.670538 ], [ -104.535353, 29.673312 ], [ -104.539473, 29.678592 ], [ -104.542232, 29.679847 ], [ -104.54419, 29.680997 ], [ -104.543525, 29.682697 ], [ -104.540617, 29.684831 ], [ -104.537724, 29.684495 ], [ -104.533768, 29.685613 ], [ -104.530445, 29.689537 ], [ -104.530679, 29.691394 ], [ -104.536095, 29.692997 ], [ -104.543832, 29.696299 ], [ -104.543607, 29.697832 ], [ -104.545948, 29.699613 ], [ -104.543271, 29.703625 ], [ -104.546218, 29.709198 ], [ -104.544345, 29.709872 ], [ -104.543909, 29.711189 ], [ -104.545451, 29.713758 ], [ -104.547791, 29.714414 ], [ -104.544815, 29.715532 ], [ -104.545424526014003, 29.716706736998699 ], [ -104.545599, 29.717043 ], [ -104.547479, 29.717686 ], [ -104.549849, 29.716195 ], [ -104.552241, 29.717123 ], [ -104.551215, 29.719319 ], [ -104.549445, 29.71982 ], [ -104.54912, 29.720773 ], [ -104.552368, 29.72323 ], [ -104.551782, 29.725313 ], [ -104.549059, 29.727195 ], [ -104.549012, 29.728818 ], [ -104.549659, 29.73105 ], [ -104.552447, 29.731894 ], [ -104.555601, 29.731221 ], [ -104.556528, 29.732959 ], [ -104.555683, 29.734769 ], [ -104.557021, 29.735453 ], [ -104.558915, 29.734784 ], [ -104.560491, 29.735351 ], [ -104.560246, 29.736707 ], [ -104.558773, 29.738103 ], [ -104.555716, 29.738078 ], [ -104.554182, 29.738635 ], [ -104.552182, 29.738443 ], [ -104.550257, 29.738093 ], [ -104.549796, 29.740641 ], [ -104.551859, 29.742062 ], [ -104.553877, 29.743054 ], [ -104.55539, 29.741871 ], [ -104.55696, 29.745333 ], [ -104.560036, 29.74721 ], [ -104.564034, 29.748995 ], [ -104.568313, 29.751187 ], [ -104.570053, 29.752858 ], [ -104.569341, 29.75599 ], [ -104.567382, 29.756878 ], [ -104.565951, 29.758795 ], [ -104.564956, 29.761453 ], [ -104.566087, 29.764991 ], [ -104.568134, 29.765851 ], [ -104.56847, 29.766935 ], [ -104.565721, 29.768998 ], [ -104.565688, 29.770462 ], [ -104.570661, 29.778486 ], [ -104.573486, 29.780252 ], [ -104.574055, 29.781377 ], [ -104.578969, 29.782998 ], [ -104.578245, 29.787627 ], [ -104.579815, 29.788771 ], [ -104.579874, 29.790787 ], [ -104.582463, 29.792501 ], [ -104.581157, 29.793458 ], [ -104.581506, 29.795112 ], [ -104.583556, 29.795838 ], [ -104.586414, 29.796228 ], [ -104.589215, 29.795763 ], [ -104.590946, 29.798413 ], [ -104.59047, 29.799673 ], [ -104.58891, 29.799528 ], [ -104.586726, 29.800629 ], [ -104.58632, 29.803165 ], [ -104.589146, 29.806037 ], [ -104.591056, 29.809431 ], [ -104.592472, 29.810276 ], [ -104.594023, 29.809221 ], [ -104.592356, 29.806953 ], [ -104.59316, 29.806104 ], [ -104.59509, 29.805097 ], [ -104.5965, 29.808467 ], [ -104.599149, 29.811007 ], [ -104.600438, 29.815718 ], [ -104.603324, 29.817322 ], [ -104.604122, 29.815615 ], [ -104.606945, 29.817099 ], [ -104.606992, 29.818847 ], [ -104.610082, 29.819359 ], [ -104.608281, 29.828193 ], [ -104.61044, 29.827502 ], [ -104.613588, 29.827895 ], [ -104.614342, 29.829946 ], [ -104.61786, 29.829455 ], [ -104.619497, 29.830078 ], [ -104.620256, 29.833082 ], [ -104.615077, 29.833136 ], [ -104.610499, 29.836275 ], [ -104.609445, 29.839754 ], [ -104.610968, 29.841202 ], [ -104.6138, 29.845993 ], [ -104.615768, 29.84613 ], [ -104.619039, 29.844445 ], [ -104.619239, 29.842177 ], [ -104.621116, 29.841801 ], [ -104.624632, 29.842683 ], [ -104.62435, 29.845222 ], [ -104.621477, 29.847299 ], [ -104.621571, 29.849503 ], [ -104.622423, 29.850975 ], [ -104.626597, 29.850924 ], [ -104.628934, 29.85167 ], [ -104.630103, 29.853314 ], [ -104.630167, 29.864623 ], [ -104.63165, 29.867752 ], [ -104.633275, 29.870485 ], [ -104.636327, 29.872515 ], [ -104.637098, 29.873663 ], [ -104.63979, 29.873423 ], [ -104.641627, 29.874252 ], [ -104.641861, 29.875874 ], [ -104.646112, 29.878542 ], [ -104.645759, 29.88155 ], [ -104.647023, 29.883849 ], [ -104.650801, 29.886548 ], [ -104.652278, 29.888437 ], [ -104.649994, 29.891474 ], [ -104.653333, 29.892295 ], [ -104.653618, 29.890569 ], [ -104.656783, 29.889333 ], [ -104.65865, 29.891557 ], [ -104.657836, 29.895297 ], [ -104.658926, 29.898486 ], [ -104.659042, 29.901413 ], [ -104.655993, 29.902231 ], [ -104.654797, 29.904195 ], [ -104.655936, 29.906206 ], [ -104.658959, 29.905013 ], [ -104.662445, 29.905334 ], [ -104.661637, 29.902595 ], [ -104.664261, 29.9011 ], [ -104.665589, 29.901708 ], [ -104.666024, 29.904483 ], [ -104.66584, 29.908946 ], [ -104.67041, 29.911815 ], [ -104.672327, 29.911112 ], [ -104.674118, 29.910533 ], [ -104.677281, 29.91353 ], [ -104.676162, 29.915996 ], [ -104.677605, 29.918874 ], [ -104.679826, 29.920923 ], [ -104.679772, 29.924659 ], [ -104.678576, 29.926638 ], [ -104.680218, 29.927743 ], [ -104.683245, 29.929451 ], [ -104.681011, 29.93 ], [ -104.679434, 29.931953 ], [ -104.679863, 29.933686 ], [ -104.682122, 29.934548 ], [ -104.682681, 29.935702 ], [ -104.681326, 29.938213 ], [ -104.680417, 29.939007 ], [ -104.678739, 29.938208 ], [ -104.67795, 29.940999 ], [ -104.678131, 29.943752 ], [ -104.680652, 29.945613 ], [ -104.680667, 29.947033 ], [ -104.678991, 29.947301 ], [ -104.678396, 29.949155 ], [ -104.677263, 29.950206 ], [ -104.677921, 29.952038 ], [ -104.674288, 29.950795 ], [ -104.673342, 29.954276 ], [ -104.673643, 29.956774 ], [ -104.679109, 29.955744 ], [ -104.680317, 29.956978 ], [ -104.684322, 29.956086 ], [ -104.685256, 29.956991 ], [ -104.683867, 29.959966 ], [ -104.683199, 29.965653 ], [ -104.682324, 29.967071 ], [ -104.681901, 29.969399 ], [ -104.685468, 29.970401 ], [ -104.683001, 29.971509 ], [ -104.682437, 29.973556 ], [ -104.680106, 29.974224 ], [ -104.680152, 29.977003 ], [ -104.68265, 29.976978 ], [ -104.684805, 29.975091 ], [ -104.688617, 29.973556 ], [ -104.691944, 29.973865 ], [ -104.692063, 29.976026 ], [ -104.690849, 29.97805 ], [ -104.68831, 29.980172 ], [ -104.688826, 29.982133 ], [ -104.688272, 29.984721 ], [ -104.68624, 29.984776 ], [ -104.685479, 29.989943 ], [ -104.687479, 29.990757 ], [ -104.691769, 29.99151 ], [ -104.69337, 29.99404 ], [ -104.688498, 29.993731 ], [ -104.687191, 29.996819 ], [ -104.688586, 29.99902 ], [ -104.688719, 30.001977 ], [ -104.690162, 30.003714 ], [ -104.691932, 30.001839 ], [ -104.693941, 30.001775 ], [ -104.693266, 30.006076 ], [ -104.693853, 30.007293 ], [ -104.69067, 30.008181 ], [ -104.689564, 30.010455 ], [ -104.689641, 30.01495 ], [ -104.693592, 30.019077 ], [ -104.697604, 30.019443 ], [ -104.702311, 30.021322 ], [ -104.703998, 30.02421 ], [ -104.700486, 30.033704 ], [ -104.701102, 30.035534 ], [ -104.695773, 30.03732 ], [ -104.697185, 30.040278 ], [ -104.699343, 30.042276 ], [ -104.704716, 30.048145 ], [ -104.706295, 30.049166 ], [ -104.706874, 30.050685 ], [ -104.703678, 30.055343 ], [ -104.705254, 30.058552 ], [ -104.702213, 30.06019 ], [ -104.703582, 30.06453 ], [ -104.698233, 30.065287 ], [ -104.695477, 30.066676 ], [ -104.693903, 30.068906 ], [ -104.691054, 30.070635 ], [ -104.693064, 30.071435 ], [ -104.69361, 30.073248 ], [ -104.692635, 30.074203 ], [ -104.688022, 30.073466 ], [ -104.686615, 30.076363 ], [ -104.690028, 30.075864 ], [ -104.690772, 30.078015 ], [ -104.685763, 30.082333 ], [ -104.686689, 30.083742 ], [ -104.685003, 30.085643 ], [ -104.68662, 30.087339 ], [ -104.687977, 30.085911 ], [ -104.689449, 30.085292 ], [ -104.688951, 30.087487 ], [ -104.690162, 30.089713 ], [ -104.686953, 30.09033 ], [ -104.685504, 30.093205 ], [ -104.685687, 30.095957 ], [ -104.684814, 30.100098 ], [ -104.686674, 30.099142 ], [ -104.687785, 30.096808 ], [ -104.688973, 30.094957 ], [ -104.690013, 30.096342 ], [ -104.692153, 30.096084 ], [ -104.692063, 30.09907 ], [ -104.694381, 30.101888 ], [ -104.693223, 30.103321 ], [ -104.692094, 30.107304 ], [ -104.691742, 30.108725 ], [ -104.690031, 30.107874 ], [ -104.69005, 30.106213 ], [ -104.687072, 30.105342 ], [ -104.686078, 30.10687 ], [ -104.685844, 30.110666 ], [ -104.691708, 30.111376 ], [ -104.691607, 30.115798 ], [ -104.689759, 30.116134 ], [ -104.690985, 30.117888 ], [ -104.693198, 30.118367 ], [ -104.693704, 30.116961 ], [ -104.695078, 30.117811 ], [ -104.694264, 30.119981 ], [ -104.694025, 30.122303 ], [ -104.695683, 30.125613 ], [ -104.695049, 30.129726 ], [ -104.695366, 30.13213 ], [ -104.696402, 30.133747 ], [ -104.696424, 30.135021 ], [ -104.694915, 30.134535 ], [ -104.693175, 30.135427 ], [ -104.692123, 30.138663 ], [ -104.690469, 30.138607 ], [ -104.688736, 30.137721 ], [ -104.689732, 30.14063 ], [ -104.688323, 30.141788 ], [ -104.686287, 30.141457 ], [ -104.686368, 30.142446 ], [ -104.685728, 30.143707 ], [ -104.685397, 30.144526 ], [ -104.685692, 30.145576 ], [ -104.688229, 30.145292 ], [ -104.68965, 30.146082 ], [ -104.688273, 30.147466 ], [ -104.689182, 30.148373 ], [ -104.690057, 30.149723 ], [ -104.687269, 30.151075 ], [ -104.687044, 30.152743 ], [ -104.689559, 30.154101 ], [ -104.687695, 30.159002 ], [ -104.687507, 30.162203 ], [ -104.688401, 30.165129 ], [ -104.688183, 30.167195 ], [ -104.687113, 30.1687 ], [ -104.686332, 30.173281 ], [ -104.687978, 30.17639 ], [ -104.686715, 30.178617 ], [ -104.687296, 30.179464 ], [ -104.690756, 30.183035 ], [ -104.692691, 30.187092 ], [ -104.693019, 30.189076 ], [ -104.695968, 30.190235 ], [ -104.697227, 30.191799 ], [ -104.696123, 30.19496 ], [ -104.697041, 30.1978 ], [ -104.699668, 30.198721 ], [ -104.700463, 30.205502 ], [ -104.701928, 30.206383 ], [ -104.703982, 30.206698 ], [ -104.705084, 30.208496 ], [ -104.702788, 30.211736 ], [ -104.702475, 30.212779 ], [ -104.70526, 30.216933 ], [ -104.707927, 30.218539 ], [ -104.711236, 30.222921 ], [ -104.711416, 30.224324 ], [ -104.708069, 30.226079 ], [ -104.705967, 30.235001 ], [ -104.708779, 30.235713 ], [ -104.713166, 30.237957 ], [ -104.714883, 30.241053 ], [ -104.718327, 30.244241 ], [ -104.718879, 30.246898 ], [ -104.721592, 30.247894 ], [ -104.724304, 30.250054 ], [ -104.723977, 30.251608 ], [ -104.724146, 30.253046 ], [ -104.727516, 30.254438 ], [ -104.728961, 30.256959 ], [ -104.730316, 30.258944 ], [ -104.733822, 30.261221 ], [ -104.73736, 30.26138 ], [ -104.736866, 30.259229 ], [ -104.737084, 30.258145 ], [ -104.735998, 30.25697 ], [ -104.737088, 30.255932 ], [ -104.739273, 30.257667 ], [ -104.740448, 30.259454 ], [ -104.749664, 30.26126 ], [ -104.751567, 30.263644 ], [ -104.750177, 30.26595 ], [ -104.748078, 30.272691 ], [ -104.748479, 30.274295 ], [ -104.750441, 30.271663 ], [ -104.751097, 30.273881 ], [ -104.753229, 30.273555 ], [ -104.753959, 30.272179 ], [ -104.755071, 30.271848 ], [ -104.756624, 30.274186 ], [ -104.757897, 30.274043 ], [ -104.757508, 30.27169 ], [ -104.75991, 30.271647 ], [ -104.760601, 30.272309 ], [ -104.759808, 30.273903 ], [ -104.760276, 30.274485 ], [ -104.762498, 30.274435 ], [ -104.763155, 30.275084 ], [ -104.76066, 30.277044 ], [ -104.757894, 30.282396 ], [ -104.75817, 30.285915 ], [ -104.759209, 30.288255 ], [ -104.759326, 30.293713 ], [ -104.761288, 30.300611 ], [ -104.764652, 30.30333 ], [ -104.766911, 30.303566 ], [ -104.767034, 30.30584 ], [ -104.77132, 30.303612 ], [ -104.773258, 30.302689 ], [ -104.775081, 30.304163 ], [ -104.776745, 30.304404 ], [ -104.778578, 30.303365 ], [ -104.779502, 30.303454 ], [ -104.779631, 30.305731 ], [ -104.777034, 30.306847 ], [ -104.77656, 30.309638 ], [ -104.777793, 30.311216 ], [ -104.779182, 30.312873 ], [ -104.783456, 30.316332 ], [ -104.785007, 30.316544 ], [ -104.786303, 30.315977 ], [ -104.78923, 30.318734 ], [ -104.788802, 30.321843 ], [ -104.791178, 30.321979 ], [ -104.791399, 30.325518 ], [ -104.795008, 30.327189 ], [ -104.797291, 30.330336 ], [ -104.803416, 30.330954 ], [ -104.805748, 30.332763 ], [ -104.809409, 30.333431 ], [ -104.810867, 30.332726 ], [ -104.811854, 30.333599 ], [ -104.811079, 30.335141 ], [ -104.810895, 30.337633 ], [ -104.81022, 30.339168 ], [ -104.809957, 30.341374 ], [ -104.813716, 30.343746 ], [ -104.815419, 30.343673 ], [ -104.81863, 30.347376 ], [ -104.819619, 30.346785 ], [ -104.822291, 30.349663 ], [ -104.822595, 30.351267 ], [ -104.821394, 30.351966 ], [ -104.818401, 30.351865 ], [ -104.814377, 30.353493 ], [ -104.813874, 30.360388 ], [ -104.811733, 30.361229 ], [ -104.810665, 30.362747 ], [ -104.811355, 30.366701 ], [ -104.812885, 30.366905 ], [ -104.814665, 30.366335 ], [ -104.816171, 30.365864 ], [ -104.819417, 30.368165 ], [ -104.819222, 30.371052 ], [ -104.817083, 30.372283 ], [ -104.815894, 30.373718 ], [ -104.817602, 30.375746 ], [ -104.819808, 30.374788 ], [ -104.827919, 30.373049 ], [ -104.837493, 30.373909 ], [ -104.838646, 30.375854 ], [ -104.843031, 30.378254 ], [ -104.845613, 30.379209 ], [ -104.8481, 30.383765 ], [ -104.853814, 30.385321 ], [ -104.859521, 30.390413 ], [ -104.856392, 30.395032 ], [ -104.854279, 30.400679 ], [ -104.855281, 30.40138 ], [ -104.85744, 30.408957 ], [ -104.85474, 30.411382 ], [ -104.852112, 30.41224 ], [ -104.850756, 30.413955 ], [ -104.847268, 30.413901 ], [ -104.848899, 30.417727 ], [ -104.84787, 30.419979 ], [ -104.849182, 30.421559 ], [ -104.849777, 30.419655 ], [ -104.85242, 30.418792 ], [ -104.853067, 30.420512 ], [ -104.85545, 30.420889 ], [ -104.85679, 30.421817 ], [ -104.856619, 30.424241 ], [ -104.859152, 30.426199 ], [ -104.860504, 30.42575 ], [ -104.861561, 30.42666 ], [ -104.861074, 30.428897 ], [ -104.858299, 30.431644 ], [ -104.858167, 30.433213 ], [ -104.858892, 30.434767 ], [ -104.857963, 30.437265 ], [ -104.86022, 30.439913 ], [ -104.862003, 30.440157 ], [ -104.864992, 30.441266 ], [ -104.867933, 30.441066 ], [ -104.86759, 30.443925 ], [ -104.865405, 30.444856 ], [ -104.86585, 30.446495 ], [ -104.864462, 30.449967 ], [ -104.865836, 30.452841 ], [ -104.868484, 30.453951 ], [ -104.869872, 30.458645 ], [ -104.868711, 30.46323 ], [ -104.866119, 30.46479 ], [ -104.866094, 30.46738 ], [ -104.866723, 30.469787 ], [ -104.869383, 30.474117 ], [ -104.869194, 30.478228 ], [ -104.869505, 30.479315 ], [ -104.871151, 30.479621 ], [ -104.872105, 30.480392 ], [ -104.869504, 30.484641 ], [ -104.867249, 30.484927 ], [ -104.867383, 30.488332 ], [ -104.86637, 30.492135 ], [ -104.866758, 30.495036 ], [ -104.869855, 30.494098 ], [ -104.873829, 30.495206 ], [ -104.8728, 30.498416 ], [ -104.872205, 30.501716 ], [ -104.873405, 30.503986 ], [ -104.872343, 30.507938 ], [ -104.871919, 30.510862 ], [ -104.873084, 30.51191 ], [ -104.873532, 30.513979 ], [ -104.876787, 30.511004 ], [ -104.879856, 30.517788 ], [ -104.882563, 30.516334 ], [ -104.885738, 30.518452 ], [ -104.88491, 30.519788 ], [ -104.883684, 30.52064 ], [ -104.881018, 30.520531 ], [ -104.881879, 30.522238 ], [ -104.884584, 30.523705 ], [ -104.885868, 30.524626 ], [ -104.883971, 30.526156 ], [ -104.883238, 30.524598 ], [ -104.881256, 30.523705 ], [ -104.880559, 30.528925 ], [ -104.882002, 30.531887 ], [ -104.889376, 30.535144 ], [ -104.891001, 30.541106 ], [ -104.889123, 30.541942 ], [ -104.887436, 30.543972 ], [ -104.887674, 30.546519 ], [ -104.888954, 30.546913 ], [ -104.890147, 30.545961 ], [ -104.890392, 30.547544 ], [ -104.88976, 30.549042 ], [ -104.891711, 30.550269 ], [ -104.89396, 30.550715 ], [ -104.892228, 30.55142 ], [ -104.893013, 30.553018 ], [ -104.895944, 30.552893 ], [ -104.897981, 30.554612 ], [ -104.896087, 30.562234 ], [ -104.897498, 30.566189 ], [ -104.898819, 30.568102 ], [ -104.899001, 30.5704 ], [ -104.901091, 30.571854 ], [ -104.90203, 30.573372 ], [ -104.905068, 30.576352 ], [ -104.907163, 30.577025 ], [ -104.907638, 30.582448 ], [ -104.909619, 30.585211 ], [ -104.91333, 30.585976 ], [ -104.916901, 30.585187 ], [ -104.918762, 30.585542 ], [ -104.92132, 30.589866 ], [ -104.920205, 30.590486 ], [ -104.918786, 30.59459 ], [ -104.919063, 30.59642 ], [ -104.918722, 30.597659 ], [ -104.919828, 30.597412 ], [ -104.921253, 30.598023 ], [ -104.921937, 30.598983 ], [ -104.921823, 30.602295 ], [ -104.922935, 30.603848 ], [ -104.924796, 30.604832 ], [ -104.926638, 30.605134 ], [ -104.928223, 30.603178 ], [ -104.929927, 30.599202 ], [ -104.934265, 30.599851 ], [ -104.936403, 30.602025 ], [ -104.936754, 30.60301 ], [ -104.938478, 30.603636 ], [ -104.940192, 30.602767 ], [ -104.941059, 30.602818 ], [ -104.941489, 30.603957 ], [ -104.942995, 30.603775 ], [ -104.943528, 30.602964 ], [ -104.945394, 30.603077 ], [ -104.94649, 30.604603 ], [ -104.947952, 30.604712 ], [ -104.950821, 30.604051 ], [ -104.952156, 30.605281 ], [ -104.953867, 30.60637 ], [ -104.95376, 30.607689 ], [ -104.95492, 30.609305 ], [ -104.959892, 30.610666 ], [ -104.963491, 30.608772 ], [ -104.967266, 30.607928 ], [ -104.972071, 30.61026 ], [ -104.975508, 30.614245 ], [ -104.974295, 30.616406 ], [ -104.975358, 30.617303 ], [ -104.976533, 30.617534 ], [ -104.977758, 30.618411 ], [ -104.978631, 30.62085 ], [ -104.980291, 30.62204 ], [ -104.980144, 30.625142 ], [ -104.979521, 30.626706 ], [ -104.979956743490007, 30.629231124408602 ], [ -104.979999, 30.629476 ], [ -104.981765, 30.63004 ], [ -104.983981, 30.635206 ], [ -104.984496, 30.641252 ], [ -104.983779, 30.642633 ], [ -104.985525, 30.650057 ], [ -104.985181, 30.653127 ], [ -104.98521, 30.655439 ], [ -104.9863, 30.661059 ], [ -104.986248, 30.662881 ], [ -104.990432, 30.663372 ], [ -104.991337, 30.665175 ], [ -104.993132, 30.66501 ], [ -104.993619, 30.665789 ], [ -104.993131, 30.66695 ], [ -104.994033, 30.668596 ], [ -104.997862, 30.668978 ], [ -104.999145, 30.670967 ], [ -105.00124, 30.672583 ], [ -105.002057, 30.680972 ], [ -105.00435, 30.683083 ], [ -105.005525, 30.683036 ], [ -105.006222, 30.685599 ], [ -105.007417, 30.686455 ], [ -105.010286, 30.684643 ], [ -105.012202, 30.683875 ], [ -105.012978, 30.6825 ], [ -105.015973, 30.682776 ], [ -105.016702, 30.684719 ], [ -105.017934, 30.685168 ], [ -105.020142, 30.683637 ], [ -105.021178, 30.681488 ], [ -105.024558, 30.681485 ], [ -105.026312, 30.68063 ], [ -105.027233, 30.678882 ], [ -105.028784, 30.680264 ], [ -105.031576, 30.680731 ], [ -105.033739, 30.683046 ], [ -105.035938, 30.686639 ], [ -105.039739, 30.688692 ], [ -105.041274, 30.688874 ], [ -105.042709, 30.687353 ], [ -105.044555, 30.68781 ], [ -105.045149, 30.688855 ], [ -105.0457, 30.688897 ], [ -105.04699, 30.688387 ], [ -105.04724, 30.68762 ], [ -105.045607, 30.685742 ], [ -105.044381, 30.68329 ], [ -105.045784, 30.681876 ], [ -105.045244, 30.680609 ], [ -105.045493, 30.679894 ], [ -105.048447, 30.680508 ], [ -105.047537, 30.681704 ], [ -105.048711, 30.682512 ], [ -105.050809, 30.682174 ], [ -105.051732, 30.681519 ], [ -105.055023, 30.682083 ], [ -105.055547, 30.682408 ], [ -105.054658, 30.683876 ], [ -105.054263, 30.68526 ], [ -105.055642, 30.685544 ], [ -105.056698, 30.687864 ], [ -105.059005, 30.688111 ], [ -105.059997, 30.687206 ], [ -105.060003, 30.686241 ], [ -105.061577, 30.685743 ], [ -105.062334, 30.686303 ], [ -105.063497, 30.688694 ], [ -105.063007, 30.690983 ], [ -105.061728, 30.694459 ], [ -105.061714, 30.696021 ], [ -105.062657, 30.697015 ], [ -105.062321, 30.697891 ], [ -105.062634, 30.698582 ], [ -105.064018, 30.698415 ], [ -105.065269, 30.69841 ], [ -105.06708, 30.699456 ], [ -105.067875, 30.70103 ], [ -105.06806, 30.702274 ], [ -105.068151, 30.703645 ], [ -105.068783, 30.703583 ], [ -105.068917, 30.703019 ], [ -105.069237, 30.702244 ], [ -105.07049, 30.701776 ], [ -105.072438, 30.701774 ], [ -105.073488, 30.701548 ], [ -105.074583, 30.701883 ], [ -105.0756, 30.701838 ], [ -105.076795, 30.701263 ], [ -105.077049, 30.700479 ], [ -105.077401, 30.700012 ], [ -105.078403, 30.6997 ], [ -105.079441, 30.699797 ], [ -105.080539, 30.699638 ], [ -105.08101, 30.699931 ], [ -105.081129, 30.700336 ], [ -105.080771, 30.701235 ], [ -105.080924, 30.701483 ], [ -105.08174, 30.701281 ], [ -105.082393, 30.701386 ], [ -105.082607, 30.701871 ], [ -105.082444, 30.702376 ], [ -105.081864, 30.702981 ], [ -105.080895, 30.703032 ], [ -105.080331, 30.703168 ], [ -105.079647, 30.703685 ], [ -105.079264, 30.704825 ], [ -105.079537, 30.705659 ], [ -105.080426, 30.706277 ], [ -105.080204, 30.70724 ], [ -105.080443, 30.708077 ], [ -105.081287, 30.708544 ], [ -105.082405, 30.708648 ], [ -105.082986, 30.709686 ], [ -105.083566, 30.710013 ], [ -105.084954, 30.709865 ], [ -105.087181, 30.709745 ], [ -105.087593, 30.710062 ], [ -105.087821, 30.710661 ], [ -105.087837, 30.711651 ], [ -105.087426, 30.712393 ], [ -105.086978, 30.714255 ], [ -105.087162, 30.714817 ], [ -105.087801, 30.715615 ], [ -105.088955, 30.715897 ], [ -105.090135, 30.716809 ], [ -105.091063, 30.717177 ], [ -105.09295, 30.717167 ], [ -105.093687, 30.717025 ], [ -105.094796, 30.71722 ], [ -105.095027, 30.717107 ], [ -105.09531, 30.716058 ], [ -105.096214, 30.715917 ], [ -105.096792, 30.716222 ], [ -105.098179, 30.716479 ], [ -105.098517, 30.716768 ], [ -105.098677, 30.71778 ], [ -105.098282, 30.718914 ], [ -105.098381, 30.720045 ], [ -105.098663, 30.720467 ], [ -105.099281, 30.720868 ], [ -105.099523, 30.721772 ], [ -105.099957, 30.722206 ], [ -105.100916, 30.722544 ], [ -105.102449, 30.722529 ], [ -105.104303, 30.72303 ], [ -105.105443, 30.723678 ], [ -105.105572, 30.724447 ], [ -105.105023, 30.724877 ], [ -105.103901, 30.7253 ], [ -105.103383, 30.726174 ], [ -105.103404, 30.727057 ], [ -105.103889, 30.727828 ], [ -105.103297, 30.728811 ], [ -105.103827, 30.729483 ], [ -105.104791, 30.729905 ], [ -105.105927, 30.730608 ], [ -105.106917, 30.730368 ], [ -105.107599, 30.72994 ], [ -105.108805, 30.730087 ], [ -105.11018, 30.731295 ], [ -105.110409, 30.732116 ], [ -105.111462, 30.732709 ], [ -105.111825, 30.733261 ], [ -105.111591, 30.73608 ], [ -105.110706, 30.73775 ], [ -105.110923, 30.738709 ], [ -105.109901, 30.739259 ], [ -105.109911, 30.740011 ], [ -105.110437, 30.740291 ], [ -105.112027, 30.740252 ], [ -105.112246, 30.740668 ], [ -105.1116, 30.741916 ], [ -105.110945, 30.742584 ], [ -105.110682, 30.743366 ], [ -105.113816, 30.746001 ], [ -105.114977, 30.745479 ], [ -105.116187, 30.744563 ], [ -105.115935, 30.743578 ], [ -105.117093, 30.742993 ], [ -105.118632, 30.743181 ], [ -105.119939, 30.743229 ], [ -105.120532, 30.744056 ], [ -105.120858, 30.745218 ], [ -105.120649, 30.746292 ], [ -105.119432, 30.747519 ], [ -105.119514, 30.748191 ], [ -105.119104, 30.74856 ], [ -105.118021, 30.749083 ], [ -105.118295, 30.749726 ], [ -105.119259, 30.749995 ], [ -105.120027, 30.749977 ], [ -105.120993, 30.749622 ], [ -105.123265, 30.749504 ], [ -105.124278, 30.749227 ], [ -105.125485, 30.748074 ], [ -105.127234, 30.747772 ], [ -105.128476, 30.748356 ], [ -105.12906, 30.749992 ], [ -105.130212, 30.750572 ], [ -105.132822, 30.750641 ], [ -105.135352, 30.751439 ], [ -105.137217, 30.751737 ], [ -105.138275, 30.752522 ], [ -105.139715, 30.752997 ], [ -105.140569, 30.752208 ], [ -105.141386, 30.752881 ], [ -105.141766, 30.754134 ], [ -105.142556, 30.75498 ], [ -105.143771, 30.755205 ], [ -105.14468, 30.754808 ], [ -105.147155, 30.753648 ], [ -105.148489, 30.752346 ], [ -105.152362, 30.751452 ], [ -105.15457, 30.752766 ], [ -105.156527, 30.753931 ], [ -105.157443, 30.753422 ], [ -105.158184, 30.752862 ], [ -105.161127, 30.752059 ], [ -105.161741, 30.752501 ], [ -105.161942, 30.75351 ], [ -105.161259, 30.754789 ], [ -105.161304, 30.756263 ], [ -105.160521, 30.757711 ], [ -105.158744, 30.759394 ], [ -105.157763, 30.761662 ], [ -105.157639, 30.766572 ], [ -105.15612, 30.769583 ], [ -105.156481, 30.769986 ], [ -105.159009, 30.771006 ], [ -105.160695, 30.770323 ], [ -105.162815, 30.770719 ], [ -105.164819, 30.772493 ], [ -105.165727, 30.773916 ], [ -105.16649, 30.775954 ], [ -105.166664, 30.776583 ], [ -105.168759, 30.775936 ], [ -105.169397, 30.774079 ], [ -105.170723, 30.771728 ], [ -105.172504, 30.77053 ], [ -105.173806, 30.768166 ], [ -105.173921, 30.767647 ], [ -105.175366, 30.767417 ], [ -105.176833, 30.768147 ], [ -105.177574, 30.769289 ], [ -105.179367, 30.771153 ], [ -105.180304, 30.77337 ], [ -105.182279, 30.776366 ], [ -105.183436, 30.776645 ], [ -105.184402, 30.776518 ], [ -105.185144, 30.777722 ], [ -105.185172, 30.780593 ], [ -105.184391, 30.781477 ], [ -105.185215, 30.781993 ], [ -105.185596, 30.783257 ], [ -105.186241, 30.784712 ], [ -105.187435, 30.784778 ], [ -105.190407, 30.785542 ], [ -105.190987, 30.785974 ], [ -105.192313, 30.788917 ], [ -105.192755, 30.790131 ], [ -105.194373, 30.791034 ], [ -105.195144, 30.792138 ], [ -105.195756, 30.792209 ], [ -105.199101, 30.789016 ], [ -105.200507, 30.787373 ], [ -105.202757, 30.788048 ], [ -105.204697, 30.787545 ], [ -105.206949, 30.785866 ], [ -105.207017, 30.78432 ], [ -105.209217, 30.78263 ], [ -105.209989, 30.78265 ], [ -105.211433, 30.781797 ], [ -105.214126, 30.782631 ], [ -105.214319, 30.78335 ], [ -105.215401, 30.783817 ], [ -105.218567, 30.785244 ], [ -105.219777, 30.786423 ], [ -105.22015, 30.787763 ], [ -105.220047, 30.788898 ], [ -105.2184, 30.791741 ], [ -105.216938, 30.793383 ], [ -105.215209, 30.792858 ], [ -105.213169, 30.793146 ], [ -105.211479, 30.794483 ], [ -105.211485, 30.795376 ], [ -105.210696, 30.796876 ], [ -105.20992, 30.797068 ], [ -105.20959, 30.797807 ], [ -105.210274, 30.798417 ], [ -105.211117, 30.799581 ], [ -105.212638, 30.800057 ], [ -105.213798, 30.801711 ], [ -105.213942617246005, 30.802207787021899 ], [ -105.214014, 30.802453 ], [ -105.213798, 30.80282 ], [ -105.2138, 30.803481 ], [ -105.214685, 30.805118 ], [ -105.215017, 30.805893 ], [ -105.216713, 30.8058 ], [ -105.217675, 30.805955 ], [ -105.21841, 30.805671 ], [ -105.2199, 30.804351 ], [ -105.223396, 30.800828 ], [ -105.224791, 30.80057 ], [ -105.225767, 30.79957 ], [ -105.227891, 30.799199 ], [ -105.229049, 30.800291 ], [ -105.22835, 30.80172 ], [ -105.228391, 30.802867 ], [ -105.230019, 30.803827 ], [ -105.230898, 30.803715 ], [ -105.232133, 30.803081 ], [ -105.233853, 30.803016 ], [ -105.234402, 30.802661 ], [ -105.23557, 30.802747 ], [ -105.236335, 30.803153 ], [ -105.237501, 30.803529 ], [ -105.238298, 30.803595 ], [ -105.238893, 30.802585 ], [ -105.239712, 30.802274 ], [ -105.241783, 30.802178 ], [ -105.242957, 30.801487 ], [ -105.243745, 30.80024 ], [ -105.244476, 30.799809 ], [ -105.245619, 30.800433 ], [ -105.247664, 30.80019 ], [ -105.250095, 30.799154 ], [ -105.251244, 30.797588 ], [ -105.252825, 30.795805 ], [ -105.253909, 30.795875 ], [ -105.255536, 30.795181 ], [ -105.256677, 30.79444 ], [ -105.257941, 30.794708 ], [ -105.259198, 30.796499 ], [ -105.261232, 30.798497 ], [ -105.263826, 30.799943 ], [ -105.265504, 30.802549 ], [ -105.265661, 30.805141 ], [ -105.265936, 30.806868 ], [ -105.266725, 30.808375 ], [ -105.268478, 30.809353 ], [ -105.272017, 30.809223 ], [ -105.27276, 30.808274 ], [ -105.27437, 30.808093 ], [ -105.275558, 30.806936 ], [ -105.276557, 30.808219 ], [ -105.277007, 30.8103 ], [ -105.277565, 30.811603 ], [ -105.279221, 30.812905 ], [ -105.279092, 30.814386 ], [ -105.279401, 30.815698 ], [ -105.282185, 30.818178 ], [ -105.284309, 30.818734 ], [ -105.287208, 30.817864 ], [ -105.287953, 30.817877 ], [ -105.288512, 30.818516 ], [ -105.288658, 30.819603 ], [ -105.289372, 30.82111 ], [ -105.289474, 30.822452 ], [ -105.289258, 30.823779 ], [ -105.290397, 30.825111 ], [ -105.292225, 30.826311 ], [ -105.294165, 30.82627 ], [ -105.298803, 30.82569 ], [ -105.300171, 30.824652 ], [ -105.300832, 30.822792 ], [ -105.300988, 30.820615 ], [ -105.300519, 30.819326 ], [ -105.302861, 30.814965 ], [ -105.30605, 30.810037 ], [ -105.306541, 30.809708 ], [ -105.307588, 30.810032 ], [ -105.308862, 30.811089 ], [ -105.30878, 30.81373 ], [ -105.308176, 30.814299 ], [ -105.308489, 30.81506 ], [ -105.309085, 30.815409 ], [ -105.310184, 30.816519 ], [ -105.310772, 30.815338 ], [ -105.311366, 30.814017 ], [ -105.312688, 30.813077 ], [ -105.3144, 30.812336 ], [ -105.3148, 30.811471 ], [ -105.316101, 30.810948 ], [ -105.31702, 30.810987 ], [ -105.318599, 30.812166 ], [ -105.3186, 30.813039 ], [ -105.31783, 30.815496 ], [ -105.317586, 30.81719 ], [ -105.315958, 30.818717 ], [ -105.316409, 30.820075 ], [ -105.317841, 30.821492 ], [ -105.318967, 30.82485 ], [ -105.318242, 30.82652 ], [ -105.318064, 30.827612 ], [ -105.318897, 30.828718 ], [ -105.31965, 30.829077 ], [ -105.320082, 30.828506 ], [ -105.320108, 30.827452 ], [ -105.32235, 30.827746 ], [ -105.324408, 30.828331 ], [ -105.325482, 30.827447 ], [ -105.326759, 30.826217 ], [ -105.327043, 30.824705 ], [ -105.328866, 30.824828 ], [ -105.329777, 30.825429 ], [ -105.330035, 30.826491 ], [ -105.327762, 30.83031 ], [ -105.328333, 30.831486 ], [ -105.331093, 30.83226 ], [ -105.334135, 30.833633 ], [ -105.335513, 30.833424 ], [ -105.337192, 30.833481 ], [ -105.33741, 30.835765 ], [ -105.337925, 30.837853 ], [ -105.338749, 30.839645 ], [ -105.339293, 30.840475 ], [ -105.341676, 30.84047 ], [ -105.342692, 30.840998 ], [ -105.345755, 30.840612 ], [ -105.347372, 30.839516 ], [ -105.347395, 30.838267 ], [ -105.349691, 30.836895 ], [ -105.351837, 30.835562 ], [ -105.353339, 30.835924 ], [ -105.354423, 30.837983 ], [ -105.353749, 30.839149 ], [ -105.353057, 30.841278 ], [ -105.353871, 30.842756 ], [ -105.356194, 30.844198 ], [ -105.358007, 30.845549 ], [ -105.359331, 30.845774 ], [ -105.359949, 30.846299 ], [ -105.360408, 30.848584 ], [ -105.361352, 30.849996 ], [ -105.361592, 30.850545 ], [ -105.362041, 30.850545 ], [ -105.363852, 30.849746 ], [ -105.367638, 30.847693 ], [ -105.371893, 30.847575 ], [ -105.373042, 30.848183 ], [ -105.374679, 30.848875 ], [ -105.374946, 30.849939 ], [ -105.375465, 30.849753 ], [ -105.376896, 30.848645 ], [ -105.377703, 30.848999 ], [ -105.376723, 30.850878 ], [ -105.377162, 30.851275 ], [ -105.377897, 30.851089 ], [ -105.379766, 30.850603 ], [ -105.381895, 30.851188 ], [ -105.382936, 30.852067 ], [ -105.383626, 30.851936 ], [ -105.384052, 30.850712 ], [ -105.384779, 30.850543 ], [ -105.385518, 30.851239 ], [ -105.385877, 30.852063 ], [ -105.386969, 30.853606 ], [ -105.38784, 30.853638 ], [ -105.389041, 30.852364 ], [ -105.389971, 30.852143 ], [ -105.391036, 30.852289 ], [ -105.391952, 30.850594 ], [ -105.393084, 30.850961 ], [ -105.394096, 30.850844 ], [ -105.394514, 30.850234 ], [ -105.394057, 30.849528 ], [ -105.394357, 30.849067 ], [ -105.395364, 30.849069 ], [ -105.396423, 30.849882 ], [ -105.398013, 30.851175 ], [ -105.400462, 30.852617 ], [ -105.401668, 30.854563 ], [ -105.400453, 30.856748 ], [ -105.399063, 30.857874 ], [ -105.395216, 30.859289 ], [ -105.394523, 30.861288 ], [ -105.39503, 30.862112 ], [ -105.394404, 30.863107 ], [ -105.395007, 30.86399 ], [ -105.395981, 30.864092 ], [ -105.395765, 30.864707 ], [ -105.393644, 30.867012 ], [ -105.394012, 30.868091 ], [ -105.394787, 30.86969 ], [ -105.394438, 30.87066 ], [ -105.394958, 30.87108 ], [ -105.394249, 30.871961 ], [ -105.392021, 30.873185 ], [ -105.391299, 30.873853 ], [ -105.391414, 30.874347 ], [ -105.39284, 30.875937 ], [ -105.393994, 30.876431 ], [ -105.39498, 30.876298 ], [ -105.397619, 30.876244 ], [ -105.400444, 30.876873 ], [ -105.40258, 30.878791 ], [ -105.404158, 30.879684 ], [ -105.403857, 30.880645 ], [ -105.403117, 30.881506 ], [ -105.400983, 30.882498 ], [ -105.399276, 30.884004 ], [ -105.398828, 30.885329 ], [ -105.400008, 30.886304 ], [ -105.399953, 30.887558 ], [ -105.399488, 30.887949 ], [ -105.399866, 30.889074 ], [ -105.401293, 30.890174 ], [ -105.402142, 30.89028 ], [ -105.403369, 30.891808 ], [ -105.404418, 30.891918 ], [ -105.406323, 30.890632 ], [ -105.408235, 30.889293 ], [ -105.410378, 30.889012 ], [ -105.41165, 30.888502 ], [ -105.412273, 30.888702 ], [ -105.412101, 30.889418 ], [ -105.412352, 30.890034 ], [ -105.411897, 30.89086 ], [ -105.410764, 30.891427 ], [ -105.410533, 30.891885 ], [ -105.410702, 30.892469 ], [ -105.412108, 30.89372 ], [ -105.412288, 30.894398 ], [ -105.413552, 30.898073 ], [ -105.413802, 30.899567 ], [ -105.415051, 30.899952 ], [ -105.419272, 30.900356 ], [ -105.421665, 30.900478 ], [ -105.424762, 30.900996 ], [ -105.425624, 30.900396 ], [ -105.426284, 30.900768 ], [ -105.428825, 30.904681 ], [ -105.430136, 30.905604 ], [ -105.432387, 30.906019 ], [ -105.434559, 30.907685 ], [ -105.436172, 30.90748 ], [ -105.439535, 30.908714 ], [ -105.440918, 30.908362 ], [ -105.442236, 30.909275 ], [ -105.444602, 30.913035 ], [ -105.445342, 30.915333 ], [ -105.445451, 30.916277 ], [ -105.44432, 30.917258 ], [ -105.445569, 30.918527 ], [ -105.447127, 30.919594 ], [ -105.448051, 30.918785 ], [ -105.448665, 30.917723 ], [ -105.449989, 30.917089 ], [ -105.451074, 30.915856 ], [ -105.452091, 30.915653 ], [ -105.453152, 30.916206 ], [ -105.453361, 30.917368 ], [ -105.454375, 30.919427 ], [ -105.45375, 30.91979 ], [ -105.452423, 30.91988 ], [ -105.451989, 30.920125 ], [ -105.451208, 30.921752 ], [ -105.451205, 30.923963 ], [ -105.451604, 30.924827 ], [ -105.452971, 30.925085 ], [ -105.45646, 30.924542 ], [ -105.457787, 30.924923 ], [ -105.459474, 30.924792 ], [ -105.460751, 30.925395 ], [ -105.462611, 30.924988 ], [ -105.464927, 30.925814 ], [ -105.465462, 30.924551 ], [ -105.466534, 30.924197 ], [ -105.467339, 30.925552 ], [ -105.467207, 30.927145 ], [ -105.467448, 30.928202 ], [ -105.467552, 30.929668 ], [ -105.46985, 30.931158 ], [ -105.470789, 30.931239 ], [ -105.470706, 30.93276 ], [ -105.470886, 30.933763 ], [ -105.473603, 30.934388 ], [ -105.474206, 30.933997 ], [ -105.475923, 30.933817 ], [ -105.477144, 30.935986 ], [ -105.47822, 30.938212 ], [ -105.481918, 30.94074 ], [ -105.484145, 30.941093 ], [ -105.48629, 30.942567 ], [ -105.488027, 30.943278 ], [ -105.489442, 30.94549 ], [ -105.491109, 30.947052 ], [ -105.493728, 30.949461 ], [ -105.494808, 30.949363 ], [ -105.496648, 30.949461 ], [ -105.498428, 30.950113 ], [ -105.498992, 30.950725 ], [ -105.498094, 30.951837 ], [ -105.497538, 30.953083 ], [ -105.496463, 30.954325 ], [ -105.496897, 30.95513 ], [ -105.495766, 30.955779 ], [ -105.494204, 30.955303 ], [ -105.49395, 30.955624 ], [ -105.494128, 30.957322 ], [ -105.496991, 30.961401 ], [ -105.497958, 30.962127 ], [ -105.498981, 30.96341 ], [ -105.500061, 30.96595 ], [ -105.501968, 30.967737 ], [ -105.502756, 30.967911 ], [ -105.503669, 30.967958 ], [ -105.506674, 30.966507 ], [ -105.508236, 30.966295 ], [ -105.511838, 30.966494 ], [ -105.513764, 30.966261 ], [ -105.514217, 30.966077 ], [ -105.514916, 30.965223 ], [ -105.515718, 30.964857 ], [ -105.516865, 30.967207 ], [ -105.516811, 30.969252 ], [ -105.517731, 30.970322 ], [ -105.517864, 30.971098 ], [ -105.519628, 30.972537 ], [ -105.520338, 30.972974 ], [ -105.521319, 30.974689 ], [ -105.521471196882999, 30.9752835334419 ], [ -105.52165, 30.975982 ], [ -105.522094, 30.976553 ], [ -105.522977, 30.976897 ], [ -105.52471, 30.97719 ], [ -105.52634, 30.977654 ], [ -105.52738, 30.978446 ], [ -105.532268, 30.984308 ], [ -105.533088, 30.984859 ], [ -105.535789, 30.985022 ], [ -105.538042, 30.985734 ], [ -105.540574, 30.984955 ], [ -105.541892, 30.984552 ], [ -105.543676, 30.984746 ], [ -105.554044, 30.988118 ], [ -105.556168, 30.98894 ], [ -105.55743, 30.990229 ], [ -105.56368, 30.997546 ], [ -105.565684, 31.002336 ], [ -105.570096, 31.008203 ], [ -105.570233, 31.008971 ], [ -105.568868, 31.013595 ], [ -105.568756, 31.014606 ], [ -105.568956, 31.015369 ], [ -105.570532, 31.018007 ], [ -105.571146, 31.018656 ], [ -105.571976, 31.018936 ], [ -105.576853, 31.019475 ], [ -105.578151, 31.020224 ], [ -105.579114, 31.021645 ], [ -105.581404, 31.026847 ], [ -105.58106, 31.02816 ], [ -105.579913, 31.03039 ], [ -105.579507, 31.034087 ], [ -105.579542, 31.035396 ], [ -105.579861576639004, 31.036656659373701 ], [ -105.584848, 31.056327 ], [ -105.585323, 31.057488 ], [ -105.587162, 31.059358 ], [ -105.588598, 31.060551 ], [ -105.594467, 31.063694 ], [ -105.595921, 31.064842 ], [ -105.598773, 31.074926 ], [ -105.60333, 31.082625 ], [ -105.604467, 31.083744 ], [ -105.606099, 31.08503 ], [ -105.627349, 31.098545 ], [ -105.628519, 31.098655 ], [ -105.639828, 31.097647 ], [ -105.640849, 31.097795 ], [ -105.64189, 31.098322 ], [ -105.642593, 31.099374 ], [ -105.646731, 31.113908 ], [ -105.647604, 31.114979 ], [ -105.648834, 31.115902 ], [ -105.658833, 31.119461 ], [ -105.659861, 31.11968 ], [ -105.661167, 31.119827 ], [ -105.662283, 31.120289 ], [ -105.663473, 31.121113 ], [ -105.665031, 31.121751 ], [ -105.66912, 31.123105 ], [ -105.679419, 31.126032 ], [ -105.693414, 31.130819 ], [ -105.709491, 31.136375 ], [ -105.71618, 31.140567 ], [ -105.717006, 31.141438 ], [ -105.717525, 31.142415 ], [ -105.717691, 31.143441 ], [ -105.717749, 31.144761 ], [ -105.718298, 31.147213 ], [ -105.718758, 31.148285 ], [ -105.71954, 31.149161 ], [ -105.741564, 31.164377 ], [ -105.742678, 31.164897 ], [ -105.743685, 31.165254 ], [ -105.744431, 31.165355 ], [ -105.763531, 31.164121 ], [ -105.76956, 31.164876 ], [ -105.771776, 31.16592 ], [ -105.773257, 31.166897 ], [ -105.773847, 31.168033 ], [ -105.774268, 31.169368 ], [ -105.775358, 31.174639 ], [ -105.776126, 31.176524 ], [ -105.779122, 31.181002 ], [ -105.780021, 31.182666 ], [ -105.780253, 31.184941 ], [ -105.780047, 31.186069 ], [ -105.779637, 31.187634 ], [ -105.779458, 31.18985 ], [ -105.779725, 31.191283 ], [ -105.780784, 31.193626 ], [ -105.782895, 31.197563 ], [ -105.783554, 31.198292 ], [ -105.784684, 31.19898 ], [ -105.786308, 31.199547 ], [ -105.791413, 31.200976 ], [ -105.793182, 31.201542 ], [ -105.794386, 31.20224 ], [ -105.818835, 31.230681 ], [ -105.825620883813002, 31.237163092247801 ], [ -105.835722, 31.246812 ], [ -105.850511, 31.265269 ], [ -105.8517, 31.267858 ], [ -105.853369, 31.271774 ], [ -105.854057, 31.272748 ], [ -105.857272, 31.274986 ], [ -105.858462, 31.276107 ], [ -105.863718920989996, 31.282349870006101 ], [ -105.869163, 31.288815 ], [ -105.870456, 31.289795 ], [ -105.875111, 31.29149 ], [ -105.876387, 31.291668 ], [ -105.878093, 31.291544 ], [ -105.890872, 31.290014 ], [ -105.893149, 31.290375 ], [ -105.894595, 31.29101 ], [ -105.89622, 31.292373 ], [ -105.8967, 31.293122 ], [ -105.902098, 31.303733 ], [ -105.903471, 31.306988 ], [ -105.906689, 31.310045 ], [ -105.907039, 31.311281 ], [ -105.907388, 31.312214 ], [ -105.907407724590001, 31.312226170491801 ], [ -105.907952, 31.312562 ], [ -105.908771, 31.312774 ], [ -105.911161, 31.312983 ], [ -105.914199, 31.313041 ], [ -105.9181, 31.312626 ], [ -105.922092, 31.311983 ], [ -105.931019, 31.31271 ], [ -105.932553, 31.313121 ], [ -105.938452, 31.318735 ], [ -105.947815, 31.33987 ], [ -105.947826, 31.341157 ], [ -105.945502, 31.350717 ], [ -105.945491, 31.352082 ], [ -105.945852, 31.353207 ], [ -105.953786, 31.364749 ], [ -105.954687, 31.365182 ], [ -105.955596, 31.365304 ], [ -105.968706, 31.365619 ], [ -105.970101, 31.365937 ], [ -105.982046, 31.375869 ], [ -105.997132001252993, 31.387246427541999 ], [ -105.972273, 31.408312 ], [ -105.954328, 31.423468 ], [ -105.958548, 31.423461 ], [ -105.959262, 31.478417 ], [ -105.993255, 31.478392 ], [ -105.992695, 31.500109 ], [ -105.993415, 31.563752 ], [ -105.993889, 31.606694 ], [ -105.994756, 31.679688 ], [ -105.995413, 31.748173 ], [ -105.995766, 31.750109 ], [ -105.996185, 31.829363 ], [ -105.996783, 31.901587 ], [ -105.99705, 31.927642 ], [ -105.997107, 31.933405 ], [ -105.997806, 32.000104 ], [ -105.998003, 32.002328 ], [ -105.9006, 32.0021 ], [ -105.886159, 32.00197 ], [ -105.854061, 32.00235 ], [ -105.750527, 32.002206 ], [ -105.731362, 32.001564 ], [ -105.473262033978003, 32.000720700797302 ], [ -105.429281, 32.000577 ], [ -105.428582, 32.0006 ], [ -105.427049, 32.000638 ], [ -105.390396, 32.000607 ], [ -105.153994, 32.000497 ], [ -105.15031, 32.000497 ], [ -105.14824, 32.000485 ], [ -105.132916, 32.000518 ], [ -105.131377, 32.000524 ], [ -105.11804, 32.000485 ], [ -105.078605, 32.000533 ], [ -105.077046, 32.000579 ], [ -104.918885, 32.000418 ], [ -104.918359749141999, 32.000415489555998 ], [ -104.847741610843997, 32.000077969148897 ], [ -104.832893, 32.000007 ], [ -104.772106, 31.997486 ], [ -104.754787, 31.997773 ], [ -104.754556, 32.000527 ], [ -104.66646, 32.000412 ], [ -104.531756, 32.000117 ], [ -104.329638023971, 32.000074363700399 ], [ -104.024521, 32.00001 ], [ -103.980179, 32.000125 ], [ -103.875476, 32.000554 ], [ -103.748317, 32.000198 ], [ -103.722882014869995, 32.000208371388098 ], [ -103.326501, 32.00037 ], [ -103.278521, 32.000419 ], [ -103.270383, 32.000326 ], [ -103.267708, 32.000324 ], [ -103.267633, 32.000475 ], [ -103.215641, 32.000513 ], [ -103.165128923371, 32.000489125311397 ], [ -103.088698, 32.000453 ], [ -103.085876, 32.000465 ], [ -103.064423, 32.000518 ], [ -103.064344, 32.087051 ], [ -102.866486, 32.087145 ], [ -102.801559, 32.087153 ], [ -102.799086, 32.085795 ], [ -102.798381, 31.863573 ], [ -102.798939, 31.651783 ], [ -102.767246, 31.651714 ], [ -102.767687, 31.638548 ], [ -102.767533, 31.625179 ], [ -102.767427, 31.624486 ], [ -102.767382, 31.51568 ], [ -102.767502, 31.432791 ], [ -102.767562, 31.361601 ], [ -102.767365, 31.293803 ], [ -102.76459, 31.29421 ], [ -102.762548, 31.293022 ], [ -102.761748, 31.294495 ], [ -102.760148, 31.293131 ], [ -102.755688, 31.291253 ], [ -102.757636, 31.28992 ], [ -102.755132, 31.290422 ], [ -102.756487, 31.288258 ], [ -102.75599, 31.286724 ], [ -102.754401, 31.285672 ], [ -102.755154, 31.284813 ], [ -102.757053, 31.284996 ], [ -102.756894, 31.283254 ], [ -102.754796, 31.280199 ], [ -102.753248, 31.279151 ], [ -102.750532, 31.280372 ], [ -102.749497, 31.281776 ], [ -102.746454, 31.282554 ], [ -102.744331, 31.281358 ], [ -102.743225, 31.281564 ], [ -102.744492, 31.282908 ], [ -102.742316, 31.28481 ], [ -102.742082, 31.283179 ], [ -102.739244, 31.282596 ], [ -102.737558, 31.283748 ], [ -102.736891, 31.285638 ], [ -102.734984, 31.285591 ], [ -102.731491, 31.286492 ], [ -102.730463, 31.287211 ], [ -102.729976, 31.287703 ], [ -102.731403, 31.289347 ], [ -102.732595, 31.292129 ], [ -102.73216, 31.292975 ], [ -102.729181, 31.294107 ], [ -102.729185, 31.295264 ], [ -102.732054, 31.295617 ], [ -102.732142, 31.298402 ], [ -102.729972, 31.29779 ], [ -102.729354, 31.298797 ], [ -102.73059, 31.299251 ], [ -102.730676, 31.300643 ], [ -102.729348, 31.301103 ], [ -102.728935, 31.299977 ], [ -102.726744, 31.300043 ], [ -102.72878, 31.301554 ], [ -102.729445, 31.30306 ], [ -102.726076, 31.304619 ], [ -102.724875, 31.308418 ], [ -102.723055, 31.307126 ], [ -102.721905, 31.309675 ], [ -102.719026, 31.309032 ], [ -102.717745, 31.310793 ], [ -102.714904, 31.310019 ], [ -102.711787, 31.310357 ], [ -102.711607, 31.312292 ], [ -102.709994, 31.312536 ], [ -102.708332, 31.31113 ], [ -102.70647, 31.312045 ], [ -102.703452, 31.314659 ], [ -102.701357, 31.314586 ], [ -102.698964, 31.31611 ], [ -102.695853, 31.318753 ], [ -102.690602, 31.319997 ], [ -102.688918, 31.321007 ], [ -102.688719, 31.322086 ], [ -102.686524, 31.322166 ], [ -102.683287, 31.323294 ], [ -102.681677, 31.325162 ], [ -102.679914, 31.325349 ], [ -102.67889, 31.32645 ], [ -102.676333, 31.327157 ], [ -102.677247, 31.329272 ], [ -102.676104, 31.330084 ], [ -102.673244, 31.328105 ], [ -102.671522, 31.328208 ], [ -102.670288, 31.326992 ], [ -102.667909, 31.326819 ], [ -102.666224, 31.325136 ], [ -102.664388, 31.321336 ], [ -102.664387, 31.316935 ], [ -102.665419, 31.314054 ], [ -102.66385, 31.315367 ], [ -102.66198, 31.315902 ], [ -102.660772, 31.314335 ], [ -102.658478, 31.314619 ], [ -102.656689, 31.313533 ], [ -102.655154, 31.315676 ], [ -102.652728, 31.312775 ], [ -102.65061, 31.312474 ], [ -102.650082, 31.314085 ], [ -102.647842, 31.315527 ], [ -102.648229, 31.313509 ], [ -102.646287, 31.313581 ], [ -102.641008, 31.309682 ], [ -102.642135, 31.308423 ], [ -102.641703, 31.307329 ], [ -102.640208, 31.308116 ], [ -102.639894, 31.306498 ], [ -102.638015, 31.304873 ], [ -102.635151, 31.305029 ], [ -102.637007, 31.301291 ], [ -102.636844, 31.299208 ], [ -102.635571, 31.298108 ], [ -102.637907, 31.296377 ], [ -102.636225, 31.295381 ], [ -102.635712, 31.293917 ], [ -102.63412, 31.293427 ], [ -102.632037, 31.2939 ], [ -102.631115, 31.292416 ], [ -102.628955, 31.291026 ], [ -102.623598, 31.29232 ], [ -102.622117, 31.291111 ], [ -102.621987, 31.289809 ], [ -102.62048, 31.289112 ], [ -102.619094, 31.289677 ], [ -102.616377, 31.289386 ], [ -102.617074, 31.287714 ], [ -102.616804, 31.28582 ], [ -102.612552, 31.284567 ], [ -102.608596, 31.286082 ], [ -102.608088, 31.283919 ], [ -102.610278, 31.283446 ], [ -102.609045, 31.281517 ], [ -102.607142, 31.281685 ], [ -102.608688, 31.28042 ], [ -102.60618, 31.279002 ], [ -102.605083, 31.279228 ], [ -102.604491, 31.276434 ], [ -102.602728, 31.276055 ], [ -102.603355, 31.274071 ], [ -102.604359, 31.273416 ], [ -102.60412, 31.271087 ], [ -102.603144, 31.270584 ], [ -102.601283, 31.272021 ], [ -102.601629, 31.270054 ], [ -102.599323, 31.270427 ], [ -102.598748, 31.268601 ], [ -102.600198, 31.268226 ], [ -102.600677, 31.267097 ], [ -102.599566, 31.266176 ], [ -102.597852, 31.265854 ], [ -102.596597, 31.266568 ], [ -102.5969, 31.264847 ], [ -102.59613, 31.263987 ], [ -102.59529, 31.266343 ], [ -102.594076, 31.26735 ], [ -102.591766, 31.265282 ], [ -102.591624, 31.264138 ], [ -102.588877, 31.263527 ], [ -102.589287, 31.262059 ], [ -102.588705, 31.260289 ], [ -102.587771, 31.260238 ], [ -102.586157, 31.263288 ], [ -102.583891, 31.26288 ], [ -102.584047, 31.264683 ], [ -102.583318, 31.265214 ], [ -102.582395, 31.264956 ], [ -102.581422, 31.263034 ], [ -102.580455, 31.263054 ], [ -102.580194, 31.263857 ], [ -102.582058, 31.26558 ], [ -102.581594, 31.267298 ], [ -102.579844, 31.267736 ], [ -102.578943, 31.271745 ], [ -102.577346, 31.271024 ], [ -102.578091, 31.269619 ], [ -102.575784, 31.267735 ], [ -102.57493, 31.268983 ], [ -102.576134, 31.269415 ], [ -102.576108, 31.271371 ], [ -102.574953, 31.272627 ], [ -102.570919, 31.269983 ], [ -102.569393, 31.2708 ], [ -102.567308, 31.269769 ], [ -102.566359, 31.270165 ], [ -102.567042, 31.272675 ], [ -102.565965, 31.27116 ], [ -102.564054, 31.270865 ], [ -102.564497, 31.269267 ], [ -102.562424, 31.269008 ], [ -102.560599, 31.267573 ], [ -102.557934, 31.267783 ], [ -102.556723, 31.268642 ], [ -102.553267, 31.268446 ], [ -102.549641, 31.268988 ], [ -102.549433, 31.267924 ], [ -102.551225, 31.267546 ], [ -102.550358, 31.265791 ], [ -102.549296, 31.265744 ], [ -102.547703, 31.267344 ], [ -102.545623, 31.266344 ], [ -102.544306, 31.267311 ], [ -102.543503, 31.265088 ], [ -102.54217, 31.26594 ], [ -102.541741, 31.267269 ], [ -102.540573, 31.26721 ], [ -102.541002, 31.265713 ], [ -102.538237, 31.265474 ], [ -102.538102, 31.263889 ], [ -102.536213, 31.265343 ], [ -102.536165, 31.263427 ], [ -102.53493, 31.262196 ], [ -102.533692, 31.262193 ], [ -102.533161, 31.260727 ], [ -102.53134, 31.260956 ], [ -102.529976, 31.262108 ], [ -102.528579, 31.261774 ], [ -102.525313, 31.262449 ], [ -102.524406, 31.261874 ], [ -102.523063, 31.262698 ], [ -102.52257, 31.260599 ], [ -102.521483, 31.262588 ], [ -102.520365, 31.262565 ], [ -102.519139, 31.26104 ], [ -102.515165, 31.260472 ], [ -102.515158, 31.258877 ], [ -102.511156, 31.2595 ], [ -102.511191, 31.258466 ], [ -102.509233, 31.258488 ], [ -102.50889, 31.257183 ], [ -102.506965, 31.256625 ], [ -102.506679, 31.253978 ], [ -102.504184, 31.252876 ], [ -102.502299, 31.252975 ], [ -102.503231, 31.251284 ], [ -102.501899, 31.250675 ], [ -102.50223, 31.248915 ], [ -102.498978, 31.24756 ], [ -102.501902, 31.245813 ], [ -102.500359, 31.245132 ], [ -102.500396, 31.246201 ], [ -102.498265, 31.246236 ], [ -102.496098, 31.244887 ], [ -102.497194, 31.244217 ], [ -102.495835, 31.243538 ], [ -102.495506, 31.242206 ], [ -102.494041, 31.241525 ], [ -102.49384, 31.24038 ], [ -102.491008, 31.24071 ], [ -102.489655, 31.238006 ], [ -102.491102, 31.235638 ], [ -102.490101, 31.235134 ], [ -102.488564, 31.235791 ], [ -102.488764, 31.234341 ], [ -102.487452, 31.236004 ], [ -102.485767, 31.235566 ], [ -102.486049, 31.238006 ], [ -102.484027, 31.237528 ], [ -102.483822, 31.23542 ], [ -102.48214, 31.235903 ], [ -102.481629, 31.233874 ], [ -102.479254, 31.233351 ], [ -102.477608, 31.231871 ], [ -102.476482, 31.229248 ], [ -102.474012, 31.229451 ], [ -102.473383, 31.227182 ], [ -102.47248, 31.226736 ], [ -102.472379, 31.228422 ], [ -102.46995, 31.227842 ], [ -102.468945, 31.228336 ], [ -102.467568, 31.226924 ], [ -102.465491, 31.226215 ], [ -102.468694, 31.223431 ], [ -102.466397, 31.222194 ], [ -102.466963, 31.221218 ], [ -102.465439, 31.220664 ], [ -102.465957, 31.219504 ], [ -102.46851, 31.220581 ], [ -102.469258, 31.219703 ], [ -102.467178, 31.218548 ], [ -102.465393, 31.218891 ], [ -102.464362, 31.217878 ], [ -102.462553, 31.218903 ], [ -102.462948, 31.222039 ], [ -102.461367, 31.221616 ], [ -102.460181, 31.222668 ], [ -102.459124, 31.222042 ], [ -102.458057, 31.22357 ], [ -102.457234, 31.222585 ], [ -102.456207, 31.223643 ], [ -102.455729, 31.222107 ], [ -102.45294, 31.220019 ], [ -102.454414, 31.219136 ], [ -102.452469, 31.217668 ], [ -102.452909, 31.216221 ], [ -102.451475, 31.216443 ], [ -102.451647, 31.215299 ], [ -102.45015, 31.213326 ], [ -102.447866, 31.213556 ], [ -102.446958, 31.212842 ], [ -102.446683, 31.214662 ], [ -102.443641, 31.212518 ], [ -102.442183, 31.212774 ], [ -102.441851, 31.209692 ], [ -102.43992, 31.209929 ], [ -102.44081, 31.20899 ], [ -102.439121, 31.208031 ], [ -102.440476, 31.207229 ], [ -102.439746, 31.205579 ], [ -102.438022, 31.204807 ], [ -102.437155, 31.202336 ], [ -102.43802, 31.20079 ], [ -102.438508, 31.197747 ], [ -102.436107, 31.197356 ], [ -102.433834, 31.195573 ], [ -102.432131, 31.19672 ], [ -102.43187, 31.195682 ], [ -102.433055, 31.193759 ], [ -102.430123, 31.193918 ], [ -102.429595, 31.193279 ], [ -102.431199, 31.192214 ], [ -102.4295, 31.191185 ], [ -102.428545, 31.189325 ], [ -102.428186, 31.186071 ], [ -102.429444, 31.183249 ], [ -102.428936, 31.181919 ], [ -102.427576, 31.181431 ], [ -102.427205, 31.180021 ], [ -102.42567, 31.179771 ], [ -102.425107, 31.17816 ], [ -102.426548, 31.177712 ], [ -102.428744, 31.174641 ], [ -102.430217, 31.175375 ], [ -102.430101, 31.174249 ], [ -102.42865, 31.1738 ], [ -102.427451, 31.171714 ], [ -102.426214, 31.172706 ], [ -102.425852, 31.171294 ], [ -102.42774, 31.168096 ], [ -102.427862, 31.1665 ], [ -102.425805, 31.166493 ], [ -102.425273, 31.163615 ], [ -102.423451, 31.163316 ], [ -102.425716, 31.162003 ], [ -102.425936, 31.159766 ], [ -102.425052, 31.159186 ], [ -102.423847, 31.16027 ], [ -102.423283, 31.158109 ], [ -102.42344, 31.155821 ], [ -102.424664, 31.155016 ], [ -102.425629, 31.152198 ], [ -102.424411, 31.151725 ], [ -102.423834, 31.149807 ], [ -102.422872, 31.149248 ], [ -102.424196, 31.147609 ], [ -102.425921, 31.148039 ], [ -102.426215, 31.146371 ], [ -102.429751, 31.146618 ], [ -102.42931, 31.143603 ], [ -102.427258, 31.142496 ], [ -102.428557, 31.141582 ], [ -102.427631, 31.139059 ], [ -102.430157, 31.138656 ], [ -102.426706, 31.137007 ], [ -102.426058, 31.138429 ], [ -102.425294, 31.136973 ], [ -102.426681, 31.135521 ], [ -102.425519, 31.134249 ], [ -102.427781, 31.132169 ], [ -102.427439, 31.131228 ], [ -102.430127, 31.129058 ], [ -102.428182, 31.128533 ], [ -102.426867, 31.126221 ], [ -102.428292, 31.125824 ], [ -102.428144, 31.123928 ], [ -102.427219, 31.122373 ], [ -102.425655, 31.121935 ], [ -102.425144, 31.119466 ], [ -102.423046, 31.119647 ], [ -102.421587, 31.11857 ], [ -102.421618, 31.117101 ], [ -102.420143, 31.118208 ], [ -102.419918, 31.116265 ], [ -102.417375, 31.113286 ], [ -102.417342, 31.111368 ], [ -102.415805, 31.111806 ], [ -102.415883, 31.110437 ], [ -102.413601, 31.108916 ], [ -102.414136, 31.10803 ], [ -102.415927, 31.108018 ], [ -102.414621, 31.105163 ], [ -102.413154, 31.104219 ], [ -102.414028, 31.103107 ], [ -102.412685, 31.102598 ], [ -102.410906, 31.100654 ], [ -102.410676, 31.098961 ], [ -102.41166, 31.098014 ], [ -102.410109, 31.096808 ], [ -102.410894, 31.095949 ], [ -102.409691, 31.095108 ], [ -102.40655, 31.094911 ], [ -102.40674, 31.092395 ], [ -102.405828, 31.091663 ], [ -102.406424, 31.089933 ], [ -102.404184, 31.090277 ], [ -102.406153, 31.08787 ], [ -102.403959, 31.087605 ], [ -102.399427, 31.086262 ], [ -102.398827, 31.088203 ], [ -102.395512, 31.086732 ], [ -102.392251, 31.088198 ], [ -102.388804, 31.087156 ], [ -102.390534, 31.085451 ], [ -102.388174, 31.086575 ], [ -102.385013, 31.085371 ], [ -102.384033, 31.085473 ], [ -102.382605, 31.086835 ], [ -102.380461, 31.085641 ], [ -102.378123, 31.086171 ], [ -102.377555, 31.084775 ], [ -102.375445, 31.085566 ], [ -102.375258, 31.084326 ], [ -102.373846, 31.083434 ], [ -102.373644, 31.085571 ], [ -102.370932, 31.085099 ], [ -102.370785, 31.084338 ], [ -102.369039, 31.083041 ], [ -102.367371, 31.083889 ], [ -102.366069, 31.081574 ], [ -102.363426, 31.082936 ], [ -102.362488, 31.081955 ], [ -102.360243, 31.081288 ], [ -102.362495, 31.079381 ], [ -102.36034, 31.079204 ], [ -102.358866, 31.078398 ], [ -102.357162, 31.076586 ], [ -102.356405, 31.074445 ], [ -102.354852, 31.075789 ], [ -102.354038, 31.073936 ], [ -102.352072, 31.074931 ], [ -102.351642, 31.073334 ], [ -102.34885, 31.072589 ], [ -102.34817, 31.07409 ], [ -102.347457, 31.073019 ], [ -102.349718, 31.070354 ], [ -102.347368, 31.069855 ], [ -102.345045, 31.070208 ], [ -102.342212, 31.069298 ], [ -102.339612, 31.067621 ], [ -102.33644, 31.067694 ], [ -102.33441, 31.066122 ], [ -102.332329, 31.067112 ], [ -102.330836, 31.066634 ], [ -102.330522, 31.068112 ], [ -102.329717, 31.068255 ], [ -102.328895, 31.066063 ], [ -102.327306, 31.066284 ], [ -102.327578, 31.064523 ], [ -102.326169, 31.064329 ], [ -102.325935, 31.062886 ], [ -102.325056, 31.063219 ], [ -102.322997, 31.062664 ], [ -102.3229, 31.061516 ], [ -102.32084, 31.059749 ], [ -102.320801, 31.061851 ], [ -102.318452, 31.06067 ], [ -102.319969, 31.059609 ], [ -102.318562, 31.058002 ], [ -102.31789, 31.056097 ], [ -102.318814, 31.055209 ], [ -102.317491, 31.054791 ], [ -102.31811, 31.053551 ], [ -102.316807, 31.052232 ], [ -102.315274, 31.053064 ], [ -102.313175, 31.052069 ], [ -102.31192, 31.053742 ], [ -102.311222, 31.052653 ], [ -102.30963, 31.054039 ], [ -102.309217, 31.053016 ], [ -102.30638, 31.052738 ], [ -102.305607, 31.051958 ], [ -102.303733, 31.051757 ], [ -102.304625, 31.050372 ], [ -102.30402, 31.049683 ], [ -102.302715, 31.049753 ], [ -102.302551, 31.047346 ], [ -102.301389, 31.046524 ], [ -102.301754, 31.045094 ], [ -102.299088, 31.0434 ], [ -102.299537, 31.042037 ], [ -102.297288, 31.042106 ], [ -102.298232, 31.040991 ], [ -102.297325, 31.040329 ], [ -102.295535, 31.041056 ], [ -102.295383, 31.039696 ], [ -102.293898, 31.039409 ], [ -102.293831, 31.038129 ], [ -102.292807, 31.037877 ], [ -102.292681, 31.036677 ], [ -102.288937, 31.035768 ], [ -102.288363, 31.036799 ], [ -102.286571, 31.036144 ], [ -102.285148, 31.034996 ], [ -102.28495, 31.033988 ], [ -102.28291, 31.034914 ], [ -102.281442, 31.033898 ], [ -102.280203, 31.034377 ], [ -102.279015, 31.032954 ], [ -102.276415, 31.033586 ], [ -102.274121, 31.034923 ], [ -102.273377, 31.034407 ], [ -102.272058, 31.035739 ], [ -102.269908, 31.036232 ], [ -102.268075, 31.034797 ], [ -102.265961, 31.034274 ], [ -102.265006, 31.035432 ], [ -102.265787, 31.036599 ], [ -102.264433, 31.036251 ], [ -102.261266, 31.038706 ], [ -102.258783, 31.038191 ], [ -102.257862, 31.040163 ], [ -102.255876, 31.040895 ], [ -102.253751, 31.040972 ], [ -102.253235, 31.040336 ], [ -102.249932, 31.04016 ], [ -102.249076, 31.040721 ], [ -102.249207, 31.042078 ], [ -102.24694, 31.042262 ], [ -102.246787, 31.04096 ], [ -102.244644, 31.041344 ], [ -102.241285, 31.039284 ], [ -102.238977, 31.039549 ], [ -102.239568, 31.038342 ], [ -102.23814, 31.037058 ], [ -102.234329, 31.037279 ], [ -102.233341, 31.036628 ], [ -102.231937, 31.036902 ], [ -102.232035, 31.035469 ], [ -102.228609, 31.03519 ], [ -102.227777, 31.034224 ], [ -102.22663, 31.034757 ], [ -102.225677, 31.032859 ], [ -102.223536, 31.033939 ], [ -102.222964, 31.032786 ], [ -102.222005, 31.034204 ], [ -102.220849, 31.034402 ], [ -102.21866, 31.033768 ], [ -102.217845, 31.032245 ], [ -102.215388, 31.033387 ], [ -102.214407, 31.031813 ], [ -102.212738, 31.032644 ], [ -102.209751, 31.033352 ], [ -102.206509, 31.032015 ], [ -102.205585, 31.031152 ], [ -102.20308, 31.031206 ], [ -102.20146, 31.03052 ], [ -102.202651, 31.028939 ], [ -102.201467, 31.028188 ], [ -102.20121, 31.026461 ], [ -102.202805, 31.0255 ], [ -102.200361, 31.024617 ], [ -102.199385, 31.023589 ], [ -102.199333, 31.022348 ], [ -102.201964, 31.022492 ], [ -102.201884, 31.021561 ], [ -102.199829, 31.020433 ], [ -102.200027, 31.019239 ], [ -102.198075, 31.017166 ], [ -102.196317, 31.017099 ], [ -102.197041, 31.015508 ], [ -102.196522, 31.014282 ], [ -102.1944, 31.01346 ], [ -102.194862, 31.0123 ], [ -102.193182, 31.010172 ], [ -102.193402, 31.008377 ], [ -102.194337, 31.006609 ], [ -102.192799, 31.006049 ], [ -102.192868, 31.004271 ], [ -102.191731, 31.003788 ], [ -102.189631, 31.003373 ], [ -102.188259, 31.004445 ], [ -102.188189, 31.005877 ], [ -102.185949, 31.006011 ], [ -102.184997, 31.007329 ], [ -102.185216, 31.009166 ], [ -102.184543, 31.010815 ], [ -102.185492, 31.011942 ], [ -102.184742, 31.012239 ], [ -102.185755, 31.01514 ], [ -102.183836, 31.016401 ], [ -102.181269, 31.016676 ], [ -102.176623, 31.014434 ], [ -102.177038, 31.013705 ], [ -102.175339, 31.012055 ], [ -102.176086, 31.011054 ], [ -102.176418, 31.009011 ], [ -102.174079, 31.006969 ], [ -102.171644, 31.007423 ], [ -102.17315, 31.007719 ], [ -102.172379, 31.008448 ], [ -102.170833, 31.007847 ], [ -102.170389, 31.006077 ], [ -102.167275, 31.006089 ], [ -102.167363, 31.007215 ], [ -102.166356, 31.007101 ], [ -102.16579, 31.005788 ], [ -102.163503, 31.005463 ], [ -102.162142, 31.006773 ], [ -102.160646, 31.007098 ], [ -102.159966, 31.00583 ], [ -102.158595, 31.006652 ], [ -102.156509, 31.00678 ], [ -102.156325, 31.007929 ], [ -102.154876, 31.006806 ], [ -102.154373, 31.007787 ], [ -102.152958, 31.006991 ], [ -102.15193, 31.007302 ], [ -102.149166, 31.004291 ], [ -102.149172, 31.002986 ], [ -102.147521, 31.003037 ], [ -102.146323, 31.001443 ], [ -102.144546, 31.000674 ], [ -102.14528, 30.999149 ], [ -102.143346, 30.998862 ], [ -102.143154, 30.996782 ], [ -102.140435, 30.995991 ], [ -102.139397, 30.994925 ], [ -102.137059, 30.995606 ], [ -102.135119, 30.995554 ], [ -102.13236, 30.996705 ], [ -102.13178, 30.998637 ], [ -102.130484, 30.998588 ], [ -102.127756, 31.001183 ], [ -102.125719, 31.000932 ], [ -102.122839, 30.999538 ], [ -102.12282, 30.99856 ], [ -102.121025, 30.998216 ], [ -102.121025, 30.997382 ], [ -102.119459, 30.99636 ], [ -102.118077, 30.996313 ], [ -102.118855, 30.994409 ], [ -102.117843, 30.99389 ], [ -102.116197, 30.994976 ], [ -102.115311, 30.994255 ], [ -102.114837, 30.992204 ], [ -102.114016, 30.991776 ], [ -102.110625, 30.992673 ], [ -102.110772, 30.991593 ], [ -102.1099, 30.990321 ], [ -102.108187, 30.991413 ], [ -102.106441, 30.991873 ], [ -102.105918, 30.993952 ], [ -102.102759, 30.994799 ], [ -102.100683, 30.993077 ], [ -102.099623, 30.994241 ], [ -102.09716, 30.9956 ], [ -102.095827, 30.994872 ], [ -102.093752, 30.994919 ], [ -102.090811, 30.99265 ], [ -102.090655, 30.991457 ], [ -102.089269, 30.990432 ], [ -102.088449, 30.988696 ], [ -102.086288, 30.989954 ], [ -102.085555, 30.98859 ], [ -102.084149, 30.989358 ], [ -102.08336, 30.987795 ], [ -102.081729, 30.986691 ], [ -102.079144, 30.986933 ], [ -102.075191, 30.988794 ], [ -102.073324, 30.989049 ], [ -102.067007, 30.992913 ], [ -102.069634, 30.994063 ], [ -102.068785, 30.995001 ], [ -102.065794, 30.995372 ], [ -102.064871, 30.993813 ], [ -102.062736, 30.995799 ], [ -102.058116, 30.999062 ], [ -102.056563, 30.997351 ], [ -102.053739, 30.999413 ], [ -102.053094, 31.000893 ], [ -102.050947, 31.001366 ], [ -102.051018, 31.002802 ], [ -102.048878, 31.003604 ], [ -102.047722, 31.002968 ], [ -102.047565, 31.001872 ], [ -102.048776, 31.000382 ], [ -102.046004, 30.99975 ], [ -102.046016, 31.001415 ], [ -102.044714, 31.001759 ], [ -102.043483, 30.999352 ], [ -102.041723, 30.998928 ], [ -102.040067, 30.999617 ], [ -102.038982, 30.998877 ], [ -102.036639, 30.998413 ], [ -102.035282, 30.999538 ], [ -102.033959, 30.998597 ], [ -102.033651, 30.996961 ], [ -102.032599, 30.996864 ], [ -102.032531, 30.999003 ], [ -102.031459, 30.999014 ], [ -102.031282, 30.997462 ], [ -102.030331, 30.99721 ], [ -102.02774, 30.998057 ], [ -102.026459, 30.99666 ], [ -102.026183, 30.994976 ], [ -102.027333, 30.992954 ], [ -102.0262, 30.991586 ], [ -102.024952, 30.991298 ], [ -102.024507, 30.990136 ], [ -102.022748, 30.990216 ], [ -102.021984, 30.989302 ], [ -102.022111, 30.987717 ], [ -102.020987, 30.986533 ], [ -102.019159, 30.98656 ], [ -102.017621, 30.985421 ], [ -102.017482, 30.983864 ], [ -102.015284, 30.982909 ], [ -102.013725, 30.982852 ], [ -102.013157, 30.98085 ], [ -102.011115, 30.979335 ], [ -102.01021, 30.979973 ], [ -102.006336, 30.981244 ], [ -102.007263, 30.98398 ], [ -102.004855, 30.985574 ], [ -102.003129, 30.985366 ], [ -102.001527, 30.986885 ], [ -102.000182, 30.985438 ], [ -101.998882, 30.984869 ], [ -101.997831, 30.985392 ], [ -101.996825, 30.987875 ], [ -101.995078, 30.988188 ], [ -101.993026, 30.989337 ], [ -101.988881, 30.988371 ], [ -101.987713, 30.987197 ], [ -101.98364, 30.98717 ], [ -101.981522, 30.986001 ], [ -101.978857, 30.982552 ], [ -101.976319, 30.981805 ], [ -101.975999, 30.980339 ], [ -101.973479, 30.980369 ], [ -101.970493, 30.977806 ], [ -101.970196, 30.976331 ], [ -101.967171, 30.975185 ], [ -101.965939, 30.972631 ], [ -101.963891, 30.971142 ], [ -101.961123, 30.970709 ], [ -101.958316, 30.965461 ], [ -101.956715, 30.963945 ], [ -101.956274, 30.962291 ], [ -101.956663, 30.960813 ], [ -101.954909, 30.960643 ], [ -101.954067, 30.958731 ], [ -101.951886, 30.955676 ], [ -101.950827, 30.956637 ], [ -101.948475, 30.957209 ], [ -101.945152, 30.956605 ], [ -101.939509, 30.957875 ], [ -101.93618, 30.957762 ], [ -101.935065, 30.956248 ], [ -101.935154, 30.953811 ], [ -101.937579, 30.952124 ], [ -101.938142, 30.951129 ], [ -101.936812, 30.950154 ], [ -101.93476, 30.950591 ], [ -101.933239, 30.949595 ], [ -101.931012, 30.949392 ], [ -101.929744, 30.950335 ], [ -101.92837, 30.949902 ], [ -101.926408, 30.948047 ], [ -101.923835, 30.947982 ], [ -101.921017, 30.946405 ], [ -101.91949, 30.944434 ], [ -101.917756, 30.940776 ], [ -101.918801, 30.939424 ], [ -101.918534, 30.938456 ], [ -101.919419, 30.935145 ], [ -101.917418, 30.933956 ], [ -101.915394, 30.933652 ], [ -101.913877, 30.934377 ], [ -101.912609, 30.93136 ], [ -101.90871, 30.929731 ], [ -101.907888, 30.928006 ], [ -101.902732, 30.927336 ], [ -101.901228, 30.927585 ], [ -101.898501, 30.929434 ], [ -101.895991, 30.92878 ], [ -101.89459, 30.929237 ], [ -101.893342, 30.928816 ], [ -101.891255, 30.926942 ], [ -101.888445, 30.927422 ], [ -101.888047, 30.925938 ], [ -101.885431, 30.925266 ], [ -101.883436, 30.925647 ], [ -101.879481, 30.922115 ], [ -101.877641, 30.920096 ], [ -101.877772, 30.917321 ], [ -101.875703, 30.915132 ], [ -101.875704, 30.913511 ], [ -101.874264, 30.91183 ], [ -101.875793, 30.90959 ], [ -101.877665, 30.910134 ], [ -101.879647, 30.908415 ], [ -101.881199, 30.90855 ], [ -101.881458, 30.907551 ], [ -101.879528, 30.906346 ], [ -101.883157, 30.903626 ], [ -101.882797, 30.90287 ], [ -101.884101, 30.900853 ], [ -101.887974, 30.897016 ], [ -101.88885, 30.894653 ], [ -101.889684, 30.893764 ], [ -101.891095, 30.890162 ], [ -101.888493, 30.886735 ], [ -101.888716, 30.885849 ], [ -101.886701, 30.885133 ], [ -101.883354, 30.885792 ], [ -101.884, 30.884348 ], [ -101.880689, 30.883155 ], [ -101.87855, 30.883444 ], [ -101.877366, 30.88155 ], [ -101.876066, 30.880785 ], [ -101.873148, 30.880325 ], [ -101.872785, 30.878777 ], [ -101.868501, 30.878103 ], [ -101.868244, 30.876315 ], [ -101.866261, 30.876146 ], [ -101.864607, 30.876602 ], [ -101.861722, 30.874198 ], [ -101.860262, 30.873872 ], [ -101.860418, 30.872017 ], [ -101.857954, 30.870237 ], [ -101.858124, 30.867941 ], [ -101.855474, 30.865893 ], [ -101.855907, 30.864577 ], [ -101.854641, 30.86309 ], [ -101.855358, 30.862638 ], [ -101.851599, 30.857787 ], [ -101.8498, 30.856591 ], [ -101.851285, 30.855815 ], [ -101.852663, 30.851289 ], [ -101.851512, 30.850365 ], [ -101.851393, 30.847451 ], [ -101.850256, 30.845488 ], [ -101.847036, 30.843797 ], [ -101.845094, 30.841032 ], [ -101.845264, 30.83991 ], [ -101.846682, 30.837359 ], [ -101.846606, 30.836012 ], [ -101.847496, 30.83411 ], [ -101.846907, 30.833242 ], [ -101.847564, 30.831294 ], [ -101.847209, 30.828414 ], [ -101.846028, 30.82749 ], [ -101.846258, 30.825715 ], [ -101.845254, 30.824806 ], [ -101.842808, 30.824987 ], [ -101.841977, 30.824231 ], [ -101.84222, 30.823006 ], [ -101.840774, 30.823002 ], [ -101.839879, 30.821628 ], [ -101.839819, 30.81948 ], [ -101.838409, 30.819317 ], [ -101.837325, 30.816817 ], [ -101.837515, 30.814383 ], [ -101.835136, 30.813795 ], [ -101.835458, 30.811505 ], [ -101.834103, 30.811165 ], [ -101.833617, 30.809648 ], [ -101.835126, 30.808844 ], [ -101.834271, 30.807752 ], [ -101.833354, 30.808908 ], [ -101.832921, 30.808235 ], [ -101.83331, 30.805936 ], [ -101.832409, 30.805421 ], [ -101.83282, 30.804089 ], [ -101.831469, 30.80173 ], [ -101.831334, 30.798606 ], [ -101.831761, 30.795429 ], [ -101.833608, 30.798017 ], [ -101.834573, 30.795739 ], [ -101.834309, 30.794315 ], [ -101.832625, 30.793064 ], [ -101.832785, 30.792087 ], [ -101.835007, 30.78852 ], [ -101.836789, 30.788821 ], [ -101.836534, 30.787192 ], [ -101.837983, 30.785933 ], [ -101.839894, 30.785281 ], [ -101.840106, 30.782579 ], [ -101.838494, 30.78289 ], [ -101.835925, 30.781715 ], [ -101.834952, 30.780288 ], [ -101.836976, 30.779137 ], [ -101.834749, 30.774048 ], [ -101.834861, 30.771281 ], [ -101.836012, 30.770101 ], [ -101.836351, 30.767955 ], [ -101.838631, 30.766796 ], [ -101.838985, 30.763919 ], [ -101.838411, 30.763056 ], [ -101.836889, 30.762168 ], [ -101.836218, 30.760336 ], [ -101.834528, 30.757949 ], [ -101.832766, 30.757004 ], [ -101.831775, 30.757486 ], [ -101.832941, 30.758126 ], [ -101.832944, 30.759204 ], [ -101.829067, 30.755396 ], [ -101.824949, 30.75708 ], [ -101.823245, 30.757332 ], [ -101.820761, 30.755532 ], [ -101.819294, 30.753881 ], [ -101.817579, 30.753619 ], [ -101.815828, 30.752015 ], [ -101.81622, 30.749329 ], [ -101.815368, 30.747668 ], [ -101.814027, 30.747085 ], [ -101.814229, 30.744723 ], [ -101.813813, 30.743192 ], [ -101.815611, 30.740615 ], [ -101.813532, 30.736969 ], [ -101.814046, 30.73596 ], [ -101.813489, 30.73431 ], [ -101.811906, 30.73264 ], [ -101.809714, 30.729226 ], [ -101.809956, 30.727883 ], [ -101.807952, 30.725266 ], [ -101.808615, 30.723635 ], [ -101.808652, 30.721696 ], [ -101.807682, 30.721075 ], [ -101.80755, 30.719468 ], [ -101.808983, 30.718647 ], [ -101.809544, 30.716528 ], [ -101.809443, 30.714299 ], [ -101.808501, 30.712656 ], [ -101.8084, 30.711126 ], [ -101.809424, 30.709724 ], [ -101.808871, 30.707302 ], [ -101.808664, 30.703831 ], [ -101.810107, 30.702852 ], [ -101.809759, 30.702138 ], [ -101.808072, 30.702488 ], [ -101.807302, 30.701085 ], [ -101.80742, 30.699504 ], [ -101.801567, 30.696666 ], [ -101.798549, 30.697004 ], [ -101.798128, 30.696101 ], [ -101.796471, 30.696096 ], [ -101.794404, 30.697252 ], [ -101.7933, 30.69642 ], [ -101.793052, 30.693711 ], [ -101.794555, 30.691834 ], [ -101.793685, 30.690903 ], [ -101.791725, 30.690914 ], [ -101.790472, 30.690304 ], [ -101.788993, 30.690482 ], [ -101.785562, 30.687739 ], [ -101.78139, 30.687381 ], [ -101.779818, 30.685993 ], [ -101.778365, 30.683483 ], [ -101.776131, 30.68137 ], [ -101.775109, 30.67909 ], [ -101.775928, 30.678013 ], [ -101.775586, 30.676518 ], [ -101.774345, 30.67438 ], [ -101.773205, 30.67342 ], [ -101.773846, 30.670731 ], [ -101.772555, 30.668082 ], [ -101.770385, 30.664768 ], [ -101.770624, 30.66287 ], [ -101.77008, 30.659165 ], [ -101.768987, 30.657812 ], [ -101.76965, 30.655938 ], [ -101.769232, 30.65357 ], [ -101.76842, 30.653077 ], [ -101.768377, 30.652938 ], [ -101.768806, 30.653133 ], [ -101.769353, 30.653369 ], [ -101.997614, 30.654086 ], [ -102.000408, 30.654933 ], [ -102.02388, 30.655141 ], [ -102.031813, 30.655503 ], [ -102.034385, 30.655268 ], [ -102.137778, 30.655982 ], [ -102.138406, 30.597521 ], [ -102.208723, 30.597961 ], [ -102.321666, 30.598613 ], [ -102.342986, 30.598759 ], [ -102.342928, 30.459948 ], [ -102.342843, 30.459466 ], [ -102.343062, 30.303887 ], [ -102.343085, 30.284116 ], [ -102.499024, 30.283713 ], [ -102.500424, 30.283835 ], [ -102.566937, 30.283269 ], [ -102.567049, 30.052808 ], [ -102.482041, 29.992555 ], [ -102.479952, 29.990655 ] ] ] } },
{ "type": "Feature", "properties": { "FederalDivisionName": "San Antonio", "FederalJudicialDistrict": "Western" }, "geometry": { "type": "Polygon", "coordinates": [ [ [ -99.883101, 28.644326 ], [ -99.875286, 28.643934 ], [ -99.845042, 28.643959 ], [ -99.816766, 28.643938 ], [ -99.814529, 28.643902 ], [ -99.797866, 28.643861 ], [ -99.780854, 28.643827 ], [ -99.625323, 28.642952 ], [ -99.623932, 28.642867 ], [ -99.526761, 28.642573 ], [ -99.503898, 28.641281 ], [ -99.493381, 28.641336 ], [ -99.493421, 28.641402 ], [ -99.409021, 28.640566 ], [ -99.409366, 28.703522 ], [ -99.409759, 28.707642 ], [ -99.409684, 28.712098 ], [ -99.40968, 28.716267 ], [ -99.411596, 28.819232 ], [ -99.411735, 28.838022 ], [ -99.411981, 28.883326 ], [ -99.412345, 28.920603 ], [ -99.413383, 29.03308 ], [ -99.41388, 29.091335 ], [ -99.413862, 29.093096 ], [ -99.413443, 29.120599 ], [ -99.413104, 29.125241 ], [ -99.412442, 29.313679 ], [ -99.41236, 29.342601 ], [ -99.41226, 29.344947 ], [ -99.412623, 29.460368 ], [ -99.412378, 29.468121 ], [ -99.412541, 29.472429 ], [ -99.412372, 29.484117 ], [ -99.412906, 29.50023 ], [ -99.412588, 29.503491 ], [ -99.412227, 29.561277 ], [ -99.411817, 29.627514 ], [ -99.4295, 29.62754 ], [ -99.490464, 29.627691 ], [ -99.534606, 29.627497 ], [ -99.60313, 29.627181 ], [ -99.667282, 29.626244 ], [ -99.670042, 29.626205 ], [ -99.745505, 29.625219 ], [ -99.751765, 29.624772 ], [ -99.755369, 29.624763 ], [ -99.787856, 29.624591 ], [ -99.801272, 29.624525 ], [ -99.87534, 29.624377 ], [ -99.880137, 29.624348 ], [ -99.91422, 29.624142 ], [ -100.011625, 29.623499 ], [ -100.014188, 29.623495 ], [ -100.014247, 29.625226 ], [ -100.01323, 29.626541 ], [ -100.010072, 29.62801 ], [ -100.009001, 29.629239 ], [ -100.00738, 29.63228 ], [ -100.00843, 29.633022 ], [ -100.009202, 29.635221 ], [ -100.008436, 29.63706 ], [ -100.010271, 29.63919 ], [ -100.012035, 29.639862 ], [ -100.013616, 29.641111 ], [ -100.01363, 29.642321 ], [ -100.014582, 29.643883 ], [ -100.015932, 29.644543 ], [ -100.017388, 29.646204 ], [ -100.018353, 29.64828 ], [ -100.020108, 29.6503 ], [ -100.021254, 29.652726 ], [ -100.023577, 29.654295 ], [ -100.026234, 29.657134 ], [ -100.026715, 29.658769 ], [ -100.028423, 29.660525 ], [ -100.030303, 29.663256 ], [ -100.030451, 29.665005 ], [ -100.030143, 29.665893 ], [ -100.027975, 29.667509 ], [ -100.021249, 29.669689 ], [ -100.020025, 29.671129 ], [ -100.01903, 29.673417 ], [ -100.017013, 29.676178 ], [ -100.01716, 29.677154 ], [ -100.021786, 29.678603 ], [ -100.025142, 29.681366 ], [ -100.025186, 29.683428 ], [ -100.028122, 29.683182 ], [ -100.030718, 29.686293 ], [ -100.030407, 29.688584 ], [ -100.032234, 29.689008 ], [ -100.035755, 29.68919 ], [ -100.039, 29.689917 ], [ -100.040776, 29.692937 ], [ -100.044014, 29.693301 ], [ -100.045791, 29.694924 ], [ -100.045677, 29.697823 ], [ -100.047573, 29.702367 ], [ -100.047384, 29.704325 ], [ -100.046268, 29.706487 ], [ -100.04996, 29.708182 ], [ -100.052097, 29.709645 ], [ -100.053508, 29.708908 ], [ -100.055298, 29.708842 ], [ -100.057365, 29.709959 ], [ -100.060339, 29.709552 ], [ -100.063741, 29.71106 ], [ -100.039529, 29.718717 ], [ -100.038252, 29.720521 ], [ -100.037589, 29.72116 ], [ -100.033498, 29.721266 ], [ -100.030416, 29.721051 ], [ -100.02637, 29.723184 ], [ -100.025764, 29.724367 ], [ -100.026393, 29.726969 ], [ -100.024717, 29.728333 ], [ -100.024937, 29.729763 ], [ -100.027924, 29.731157 ], [ -100.029152, 29.733581 ], [ -100.029605, 29.73647 ], [ -100.029188, 29.738599 ], [ -100.028063, 29.741285 ], [ -100.025544, 29.742405 ], [ -100.024296, 29.742465 ], [ -100.022272, 29.743906 ], [ -100.021997, 29.745766 ], [ -100.024552, 29.748378 ], [ -100.025292, 29.751197 ], [ -100.0241, 29.75327 ], [ -100.02582, 29.757991 ], [ -100.028322, 29.758431 ], [ -100.029904, 29.761463 ], [ -100.029411, 29.763702 ], [ -100.030804, 29.766739 ], [ -100.030639, 29.767698 ], [ -100.031584, 29.770952 ], [ -100.032923, 29.771557 ], [ -100.035138, 29.77351 ], [ -100.036281, 29.775937 ], [ -100.036084, 29.778902 ], [ -100.031562, 29.781091 ], [ -100.029317, 29.783059 ], [ -100.028496, 29.785067 ], [ -100.029391, 29.786921 ], [ -100.02869, 29.789385 ], [ -100.026912, 29.79004 ], [ -100.024812, 29.789995 ], [ -100.02227, 29.790852 ], [ -100.020819, 29.792062 ], [ -100.01834, 29.791737 ], [ -100.013291, 29.794339 ], [ -100.013457, 29.795624 ], [ -100.013469, 29.796301 ], [ -100.015946, 29.800422 ], [ -100.01553, 29.801219 ], [ -100.016172, 29.802881 ], [ -100.016474, 29.805885 ], [ -100.017287, 29.807442 ], [ -100.016788, 29.809455 ], [ -100.017075, 29.812007 ], [ -100.019018, 29.815314 ], [ -100.020286, 29.815727 ], [ -100.022558, 29.81514 ], [ -100.023648, 29.815975 ], [ -100.023692, 29.817285 ], [ -100.025589, 29.820905 ], [ -100.025765, 29.822555 ], [ -100.027266, 29.82436 ], [ -100.026483, 29.826587 ], [ -100.025542, 29.829063 ], [ -100.026759, 29.830488 ], [ -100.027907, 29.83276 ], [ -100.027761, 29.834157 ], [ -100.028487, 29.83545 ], [ -100.03014, 29.835709 ], [ -100.031458, 29.836985 ], [ -100.031947, 29.839217 ], [ -100.031402, 29.841004 ], [ -100.033532, 29.84252 ], [ -100.034827, 29.844065 ], [ -100.034238, 29.846249 ], [ -100.033298, 29.846453 ], [ -100.03088, 29.848273 ], [ -100.026167, 29.848437 ], [ -100.024032, 29.849204 ], [ -100.023427, 29.85172 ], [ -100.022165, 29.854074 ], [ -100.022599, 29.85639 ], [ -100.022086, 29.859872 ], [ -100.022211, 29.86216 ], [ -100.02004, 29.86364 ], [ -100.019414, 29.865411 ], [ -100.019811, 29.867342 ], [ -100.019556, 29.869589 ], [ -100.021722, 29.872915 ], [ -100.022832, 29.873074 ], [ -100.023871, 29.874423 ], [ -100.023902, 29.875917 ], [ -100.022894, 29.878376 ], [ -100.022972, 29.881572 ], [ -100.023615, 29.882777 ], [ -100.020647, 29.885103 ], [ -100.019579, 29.888282 ], [ -100.016788, 29.891147 ], [ -100.010303, 29.893796 ], [ -100.009412, 29.894505 ], [ -100.009015, 29.897121 ], [ -100.002302, 29.896828 ], [ -100.000349, 29.915405 ], [ -100.000349, 29.919694 ], [ -99.989672, 30.025747 ], [ -99.973046, 30.024591 ], [ -99.968043, 30.077907 ], [ -99.967626, 30.082356 ], [ -99.943779, 30.080568 ], [ -99.928354, 30.079411 ], [ -99.917482, 30.078597 ], [ -99.918029, 30.073637 ], [ -99.757621, 30.074132 ], [ -99.754142, 30.290698 ], [ -99.597285, 30.289247 ], [ -99.476678, 30.288188 ], [ -99.420271, 30.287692 ], [ -99.301718, 30.286653 ], [ -99.301952, 30.28107 ], [ -99.301656, 30.227924 ], [ -99.301425, 30.187937 ], [ -99.301012, 30.135947 ], [ -99.300988, 30.134298 ], [ -99.214513, 30.135067 ], [ -99.187187, 30.135372 ], [ -99.155645, 30.135725 ], [ -99.125445, 30.136061 ], [ -99.064964, 30.136736 ], [ -98.979419, 30.137726 ], [ -98.958694, 30.137969 ], [ -98.920147, 30.13829 ], [ -98.90678, 30.138312 ], [ -98.772046, 30.13798 ], [ -98.75031, 30.138188 ], [ -98.749684, 30.138523 ], [ -98.73003, 30.138589 ], [ -98.667658, 30.138799 ], [ -98.656658, 30.138837 ], [ -98.625306, 30.138945 ], [ -98.624601, 30.138886 ], [ -98.587897, 30.138954 ], [ -98.553768, 30.099106 ], [ -98.544942, 30.089001 ], [ -98.532351, 30.073812 ], [ -98.52965, 30.07128 ], [ -98.438585, 29.966242 ], [ -98.414018, 29.937557 ], [ -98.411638, 29.939622 ], [ -98.41034, 29.940752 ], [ -98.410135, 29.940923 ], [ -98.408388, 29.942402 ], [ -98.324933, 30.014194 ], [ -98.298118, 30.037505 ], [ -98.2976, 30.037994 ], [ -98.254522, 30.007635 ], [ -98.253898, 30.007115 ], [ -98.246305, 30.001774 ], [ -98.224261, 29.986049 ], [ -98.203141, 29.97099 ], [ -98.198953, 29.967995 ], [ -98.198395, 29.967524 ], [ -98.196608, 29.96631 ], [ -98.188144, 29.960341 ], [ -98.151587, 29.934318 ], [ -98.12127, 29.912844 ], [ -98.071531, 29.877729 ], [ -98.030523, 29.848539 ], [ -98.018682, 29.812253 ], [ -98.018657, 29.812175 ], [ -98.01518, 29.801485 ], [ -98.015044, 29.801057 ], [ -98.012943, 29.794735 ], [ -97.999271, 29.752444 ], [ -97.961814, 29.789027 ], [ -97.944572, 29.805869 ], [ -97.944443, 29.806993 ], [ -97.943564, 29.806914 ], [ -97.932916, 29.81482 ], [ -97.930509, 29.816604 ], [ -97.928116, 29.818403 ], [ -97.919255, 29.825138 ], [ -97.905297, 29.835573 ], [ -97.905173, 29.835664 ], [ -97.875259, 29.858208 ], [ -97.875228, 29.858136 ], [ -97.873044, 29.855939 ], [ -97.872196, 29.852519 ], [ -97.867493, 29.851723 ], [ -97.867167, 29.854535 ], [ -97.863718, 29.856279 ], [ -97.861442, 29.855003 ], [ -97.860939, 29.853719 ], [ -97.856203, 29.848884 ], [ -97.855533, 29.843913 ], [ -97.853701, 29.843119 ], [ -97.848635, 29.843348 ], [ -97.846645, 29.841671 ], [ -97.846104, 29.839904 ], [ -97.84484, 29.839111 ], [ -97.844253, 29.836444 ], [ -97.843898, 29.832841 ], [ -97.842349, 29.832131 ], [ -97.84131, 29.83192 ], [ -97.840744, 29.829983 ], [ -97.839334, 29.828807 ], [ -97.837614, 29.828497 ], [ -97.836691, 29.82691 ], [ -97.837141, 29.824984 ], [ -97.838342, 29.825417 ], [ -97.841549, 29.824941 ], [ -97.842704, 29.824015 ], [ -97.842202, 29.821656 ], [ -97.839747, 29.820402 ], [ -97.84075, 29.815758 ], [ -97.842283, 29.81316 ], [ -97.845221, 29.811115 ], [ -97.846362, 29.808648 ], [ -97.845413, 29.807355 ], [ -97.844842, 29.808455 ], [ -97.842414, 29.808303 ], [ -97.842007, 29.806242 ], [ -97.842254, 29.802311 ], [ -97.843181, 29.801216 ], [ -97.842351, 29.799224 ], [ -97.839808, 29.797808 ], [ -97.838504, 29.797606 ], [ -97.837997, 29.79596 ], [ -97.83686, 29.795179 ], [ -97.834393, 29.794648 ], [ -97.833524, 29.795009 ], [ -97.830265, 29.795533 ], [ -97.829484, 29.793502 ], [ -97.830043, 29.789983 ], [ -97.831349, 29.787916 ], [ -97.832374, 29.784496 ], [ -97.831398, 29.783013 ], [ -97.830501, 29.781859 ], [ -97.830146, 29.780874 ], [ -97.829259, 29.779597 ], [ -97.827653, 29.779247 ], [ -97.828902, 29.780538 ], [ -97.828535, 29.781426 ], [ -97.825102, 29.781007 ], [ -97.824086, 29.781662 ], [ -97.826317, 29.783359 ], [ -97.826233, 29.784527 ], [ -97.823274, 29.785492 ], [ -97.822654, 29.784629 ], [ -97.823997, 29.783537 ], [ -97.821837, 29.782721 ], [ -97.821379, 29.785672 ], [ -97.819566, 29.78943 ], [ -97.817138, 29.790383 ], [ -97.815393, 29.788208 ], [ -97.815121, 29.787499 ], [ -97.814724, 29.785542 ], [ -97.814341, 29.784747 ], [ -97.811953, 29.783469 ], [ -97.815102, 29.780726 ], [ -97.812931, 29.778319 ], [ -97.811371, 29.780295 ], [ -97.808214, 29.779639 ], [ -97.806253, 29.777746 ], [ -97.80565, 29.777058 ], [ -97.806462, 29.775338 ], [ -97.805234, 29.773444 ], [ -97.805892, 29.773066 ], [ -97.807969, 29.774642 ], [ -97.811171, 29.774501 ], [ -97.807056, 29.768987 ], [ -97.804898, 29.767238 ], [ -97.802115, 29.766584 ], [ -97.801214, 29.767025 ], [ -97.800194, 29.765932 ], [ -97.799745, 29.763216 ], [ -97.800872, 29.759167 ], [ -97.802978, 29.758651 ], [ -97.80382, 29.757432 ], [ -97.80302, 29.756366 ], [ -97.803979, 29.754914 ], [ -97.803416, 29.753651 ], [ -97.801361, 29.754194 ], [ -97.800848, 29.75293 ], [ -97.799678, 29.752301 ], [ -97.795925, 29.752333 ], [ -97.793971, 29.752943 ], [ -97.792916, 29.754192 ], [ -97.793271, 29.757861 ], [ -97.792683, 29.759393 ], [ -97.790921, 29.75959 ], [ -97.78638, 29.760959 ], [ -97.781616, 29.759719 ], [ -97.780917, 29.759258 ], [ -97.780503, 29.758245 ], [ -97.781724, 29.757831 ], [ -97.780383, 29.756795 ], [ -97.780228, 29.754759 ], [ -97.781237, 29.752709 ], [ -97.779464, 29.748209 ], [ -97.781127, 29.748619 ], [ -97.78204, 29.747699 ], [ -97.77772, 29.747112 ], [ -97.775123, 29.7444 ], [ -97.774002, 29.743938 ], [ -97.774364, 29.742157 ], [ -97.768764, 29.74173 ], [ -97.768234, 29.74108 ], [ -97.769976, 29.739508 ], [ -97.770699, 29.737819 ], [ -97.770212, 29.735177 ], [ -97.771274, 29.732839 ], [ -97.772325, 29.733973 ], [ -97.771582, 29.733032 ], [ -97.763739, 29.727899 ], [ -97.761873, 29.728389 ], [ -97.760691, 29.727763 ], [ -97.760808, 29.725405 ], [ -97.758601, 29.725047 ], [ -97.763536, 29.721766 ], [ -97.766466, 29.721759 ], [ -97.768333, 29.720267 ], [ -97.768459, 29.719103 ], [ -97.765661, 29.717128 ], [ -97.763364, 29.713042 ], [ -97.758689, 29.714889 ], [ -97.758627, 29.715735 ], [ -97.756548, 29.717825 ], [ -97.75294, 29.716626 ], [ -97.7519, 29.71586 ], [ -97.749984, 29.714631 ], [ -97.74772, 29.714398 ], [ -97.74665, 29.712556 ], [ -97.749654, 29.711422 ], [ -97.746091, 29.711298 ], [ -97.744933, 29.71269 ], [ -97.744108, 29.711887 ], [ -97.738369, 29.712905 ], [ -97.73677, 29.711046 ], [ -97.735942, 29.705629 ], [ -97.736996, 29.701954 ], [ -97.743347, 29.698841 ], [ -97.743629, 29.697496 ], [ -97.742698, 29.69667 ], [ -97.740339, 29.696784 ], [ -97.737992, 29.696254 ], [ -97.735409, 29.693618 ], [ -97.73572, 29.691198 ], [ -97.734592, 29.691075 ], [ -97.733415, 29.690541 ], [ -97.731985, 29.690127 ], [ -97.727576, 29.687892 ], [ -97.725625, 29.685672 ], [ -97.722104, 29.68552 ], [ -97.72145, 29.684163 ], [ -97.722852, 29.682557 ], [ -97.721852, 29.682088 ], [ -97.71764, 29.684115 ], [ -97.716759, 29.683742 ], [ -97.717737, 29.682614 ], [ -97.717215, 29.681797 ], [ -97.715574, 29.682105 ], [ -97.711705, 29.6815 ], [ -97.708451, 29.683733 ], [ -97.706378, 29.682712 ], [ -97.704558, 29.682615 ], [ -97.703855, 29.681267 ], [ -97.705641, 29.680218 ], [ -97.704784, 29.679112 ], [ -97.705862, 29.67715 ], [ -97.705317, 29.675889 ], [ -97.706075, 29.67455 ], [ -97.703849, 29.674249 ], [ -97.703299, 29.673072 ], [ -97.703421, 29.670482 ], [ -97.702197, 29.670099 ], [ -97.702229, 29.668592 ], [ -97.700536, 29.668413 ], [ -97.699477, 29.667424 ], [ -97.698511, 29.666988 ], [ -97.697325, 29.667923 ], [ -97.698284, 29.669249 ], [ -97.690701, 29.673096 ], [ -97.691617, 29.672366 ], [ -97.689791, 29.671823 ], [ -97.688301, 29.672589 ], [ -97.686128, 29.669503 ], [ -97.685188, 29.667446 ], [ -97.685326, 29.666261 ], [ -97.686587, 29.667295 ], [ -97.68723, 29.666673 ], [ -97.685813, 29.665667 ], [ -97.683864, 29.666057 ], [ -97.683594, 29.66717 ], [ -97.682072, 29.665919 ], [ -97.683823, 29.664269 ], [ -97.680498, 29.663623 ], [ -97.678484, 29.664469 ], [ -97.678368, 29.666761 ], [ -97.676575, 29.667099 ], [ -97.677592, 29.668775 ], [ -97.675933, 29.668134 ], [ -97.673878, 29.668222 ], [ -97.675135, 29.666085 ], [ -97.673466, 29.663197 ], [ -97.67117, 29.664116 ], [ -97.670864, 29.667063 ], [ -97.669162, 29.66753 ], [ -97.66591, 29.666905 ], [ -97.665209, 29.668043 ], [ -97.665002, 29.668801 ], [ -97.663366, 29.666983 ], [ -97.661045, 29.668513 ], [ -97.65939, 29.666539 ], [ -97.65865, 29.663249 ], [ -97.656462, 29.662863 ], [ -97.656849, 29.664672 ], [ -97.654005, 29.666991 ], [ -97.652612, 29.667843 ], [ -97.652236, 29.666957 ], [ -97.651902, 29.666575 ], [ -97.650073, 29.665021 ], [ -97.648983, 29.662221 ], [ -97.647785, 29.662127 ], [ -97.647921, 29.658079 ], [ -97.648672, 29.656964 ], [ -97.649648, 29.657437 ], [ -97.649106, 29.659303 ], [ -97.650141, 29.661323 ], [ -97.652225, 29.66182 ], [ -97.653627, 29.659899 ], [ -97.653219, 29.658824 ], [ -97.654344, 29.658035 ], [ -97.653559, 29.656183 ], [ -97.651895, 29.655245 ], [ -97.651654, 29.653965 ], [ -97.65035, 29.655268 ], [ -97.64771, 29.654188 ], [ -97.642885, 29.654609 ], [ -97.641661, 29.652136 ], [ -97.640492, 29.651883 ], [ -97.638997, 29.653265 ], [ -97.63794, 29.653291 ], [ -97.637444, 29.654674 ], [ -97.635627, 29.655229 ], [ -97.635269, 29.653717 ], [ -97.63102, 29.653472 ], [ -97.631432, 29.650606 ], [ -97.633176, 29.649863 ], [ -97.632965, 29.648884 ], [ -97.633879, 29.647507 ], [ -97.631707, 29.646614 ], [ -97.630369, 29.64682 ], [ -97.631131, 29.645606 ], [ -97.629951, 29.644413 ], [ -97.630188, 29.643199 ], [ -97.629429, 29.639783 ], [ -97.627676, 29.640225 ], [ -97.628168, 29.642304 ], [ -97.624692, 29.642993 ], [ -97.62199, 29.642948 ], [ -97.621229, 29.644026 ], [ -97.617477, 29.645105 ], [ -97.617161, 29.64318 ], [ -97.616242, 29.641117 ], [ -97.61674, 29.639421 ], [ -97.618077, 29.637931 ], [ -97.617894, 29.63688 ], [ -97.618836, 29.635547 ], [ -97.618456, 29.633809 ], [ -97.617497, 29.633553 ], [ -97.615969, 29.634898 ], [ -97.611885, 29.636879 ], [ -97.609104, 29.636994 ], [ -97.607492, 29.635401 ], [ -97.60585, 29.635093 ], [ -97.604644, 29.63648 ], [ -97.606368, 29.640434 ], [ -97.603731, 29.641786 ], [ -97.602272, 29.63954 ], [ -97.60003, 29.637613 ], [ -97.600368, 29.635713 ], [ -97.598629, 29.635155 ], [ -97.598583, 29.633651 ], [ -97.599947, 29.632367 ], [ -97.599632, 29.631176 ], [ -97.597695, 29.630745 ], [ -97.595145, 29.632185 ], [ -97.511442, 29.678372 ], [ -97.451439, 29.711354 ], [ -97.409777, 29.734258 ], [ -97.317893, 29.784658 ], [ -97.272686, 29.750229 ], [ -97.270441, 29.748965 ], [ -97.179139, 29.679924 ], [ -97.13625, 29.647665 ], [ -97.133444, 29.645806 ], [ -97.130517, 29.643296 ], [ -97.143262, 29.628089 ], [ -97.142643, 29.628101 ], [ -97.148402, 29.624138 ], [ -97.197872, 29.585472 ], [ -97.204087, 29.580613 ], [ -97.203744, 29.559316 ], [ -97.202635, 29.519381 ], [ -97.202595, 29.517846 ], [ -97.202331, 29.507527 ], [ -97.204794, 29.500238 ], [ -97.211244, 29.478298 ], [ -97.229184, 29.419242 ], [ -97.239601, 29.385512 ], [ -97.240108, 29.384488 ], [ -97.253742, 29.374662 ], [ -97.289155, 29.34871 ], [ -97.33368, 29.316167 ], [ -97.379051, 29.282973 ], [ -97.444486, 29.235217 ], [ -97.450564, 29.230813 ], [ -97.556513, 29.152313 ], [ -97.600988, 29.118938 ], [ -97.603331, 29.11738 ], [ -97.613132, 29.109765 ], [ -97.624957, 29.100801 ], [ -97.630208, 29.098363 ], [ -97.655712, 29.079511 ], [ -97.725691, 29.028271 ], [ -97.745589, 29.013546 ], [ -97.751977, 29.009365 ], [ -97.75511, 29.007113 ], [ -97.754691, 29.006789 ], [ -97.740474, 28.991377 ], [ -97.612614, 28.854296 ], [ -97.598366, 28.838909 ], [ -97.597906, 28.838538 ], [ -97.574639, 28.8133 ], [ -97.606673, 28.790497 ], [ -97.653782, 28.756962 ], [ -97.77853, 28.668027 ], [ -97.780362, 28.669823 ], [ -97.783626, 28.670663 ], [ -97.784679, 28.671007 ], [ -97.784971, 28.672811 ], [ -97.786974, 28.673972 ], [ -97.788002, 28.675832 ], [ -97.789899, 28.675596 ], [ -97.791889, 28.67695 ], [ -97.793654, 28.675927 ], [ -97.795231, 28.673398 ], [ -97.822964, 28.670563 ], [ -97.825312, 28.670341 ], [ -97.826399, 28.672797 ], [ -97.825563, 28.67348 ], [ -97.826611, 28.675372 ], [ -97.829188, 28.677661 ], [ -97.830891, 28.6776 ], [ -97.831328, 28.676026 ], [ -97.832457, 28.675498 ], [ -97.834228, 28.675773 ], [ -97.833929, 28.677214 ], [ -97.835233, 28.678215 ], [ -97.835415, 28.680152 ], [ -97.837435, 28.680577 ], [ -97.838715, 28.679645 ], [ -97.839751, 28.681274 ], [ -97.840824, 28.680509 ], [ -97.842377, 28.681631 ], [ -97.84355, 28.681509 ], [ -97.846059, 28.683049 ], [ -97.850869, 28.683813 ], [ -97.852517, 28.684979 ], [ -97.85475, 28.685308 ], [ -97.856884, 28.684257 ], [ -97.858368, 28.684344 ], [ -97.863367, 28.686774 ], [ -97.865789, 28.688842 ], [ -97.867798, 28.689639 ], [ -97.870674, 28.689517 ], [ -97.872827, 28.690275 ], [ -97.87357, 28.691227 ], [ -97.875792, 28.691428 ], [ -97.877401, 28.693178 ], [ -97.879391, 28.693718 ], [ -97.879009, 28.695578 ], [ -97.881854, 28.696542 ], [ -97.883677, 28.695453 ], [ -97.884655, 28.698529 ], [ -97.886052, 28.698023 ], [ -97.889278, 28.699923 ], [ -97.89193, 28.699307 ], [ -97.89334, 28.699968 ], [ -97.892926, 28.70192 ], [ -97.891815, 28.703097 ], [ -97.893043, 28.704621 ], [ -97.89509, 28.703984 ], [ -97.897773, 28.705664 ], [ -97.898128, 28.708112 ], [ -97.900317, 28.711161 ], [ -97.902196, 28.71301 ], [ -97.904174, 28.712845 ], [ -97.904842, 28.713467 ], [ -97.907107, 28.713303 ], [ -97.909397, 28.714508 ], [ -97.910863, 28.716401 ], [ -97.915106, 28.719648 ], [ -97.916972, 28.718322 ], [ -97.918139, 28.719156 ], [ -97.9251, 28.716707 ], [ -97.925399, 28.716575 ], [ -97.99885, 28.692205 ], [ -98.005252, 28.690239 ], [ -98.032514, 28.718287 ], [ -98.052747, 28.73913 ], [ -98.074352, 28.761812 ], [ -98.098315, 28.786949 ], [ -98.112128, 28.776879 ], [ -98.123754, 28.767478 ], [ -98.125284, 28.766523 ], [ -98.14773, 28.75026 ], [ -98.148889, 28.749648 ], [ -98.201842, 28.710743 ], [ -98.259051, 28.668613 ], [ -98.308147, 28.632498 ], [ -98.335031, 28.612658 ], [ -98.335047, 28.648275 ], [ -98.392164, 28.648172 ], [ -98.610824, 28.64834 ], [ -98.620859, 28.648352 ], [ -98.776383, 28.647632 ], [ -98.800848, 28.647306 ], [ -98.800841, 28.647487 ], [ -99.053798, 28.645155 ], [ -99.117349, 28.644611 ], [ -99.161249, 28.644185 ], [ -99.161901, 28.64422 ], [ -99.177155, 28.644168 ], [ -99.179068, 28.644122 ], [ -99.205866, 28.644111 ], [ -99.213682, 28.643888 ], [ -99.214562, 28.644065 ], [ -99.395736, 28.640784 ], [ -99.395707, 28.625258 ], [ -99.396086, 28.592636 ], [ -99.395944, 28.500263 ], [ -99.396681, 28.500268 ], [ -99.395926, 28.426299 ], [ -99.39463, 28.349818 ], [ -99.394177, 28.204627 ], [ -99.874736, 28.199818 ], [ -99.875329, 28.200068 ], [ -99.99159, 28.198816 ], [ -100.113719, 28.197819 ], [ -100.11402, 28.489864 ], [ -100.114269, 28.629686 ], [ -100.114336, 28.648122 ], [ -100.003333, 28.647317 ], [ -99.913051, 28.646756 ], [ -99.883101, 28.644326 ] ] ] } },
{ "type": "Feature", "properties": { "FederalDivisionName": "Waco", "FederalJudicialDistrict": "Western" }, "geometry": { "type": "Polygon", "coordinates": [ [ [ -97.92537, 31.09644 ], [ -97.92636, 31.097883 ], [ -97.928044, 31.10037 ], [ -97.92855, 31.10114 ], [ -97.928672, 31.101276 ], [ -97.935207, 31.110688 ], [ -97.950099, 31.132284 ], [ -97.967993, 31.15777 ], [ -98.005351, 31.212246 ], [ -98.014284, 31.224906 ], [ -98.050744, 31.277265 ], [ -98.054547, 31.282789 ], [ -98.076758, 31.314555 ], [ -98.076817, 31.314655 ], [ -98.180006, 31.463717 ], [ -98.230778, 31.43776 ], [ -98.231056, 31.437619 ], [ -98.249659, 31.428109 ], [ -98.253255, 31.425789 ], [ -98.27107, 31.416398 ], [ -98.345185, 31.519129 ], [ -98.345934, 31.520458 ], [ -98.361216, 31.541998 ], [ -98.382998, 31.572262 ], [ -98.383216, 31.572644 ], [ -98.410582, 31.611362 ], [ -98.422094, 31.627378 ], [ -98.463736, 31.683989 ], [ -98.447266, 31.692529 ], [ -98.326071, 31.754515 ], [ -98.29874, 31.768772 ], [ -98.240064, 31.798947 ], [ -98.156568, 31.841713 ], [ -98.162264, 31.850037 ], [ -98.180297, 31.876388 ], [ -98.191438, 31.8927 ], [ -98.208386, 31.917511 ], [ -98.043958, 31.999064 ], [ -98.042239, 31.999915 ], [ -98.041413, 32.000147 ], [ -98.039953, 32.00085 ], [ -98.039789, 32.000929 ], [ -98.019053, 32.011116 ], [ -98.005462, 32.017897 ], [ -98.000683, 32.020279 ], [ -97.99191, 32.024679 ], [ -97.864864, 32.087328 ], [ -97.864997, 32.087628 ], [ -97.888254, 32.12854 ], [ -97.889133, 32.130273 ], [ -97.889535, 32.131067 ], [ -97.904938, 32.158473 ], [ -97.91235, 32.171644 ], [ -97.940474, 32.221738 ], [ -97.945625, 32.233468 ], [ -97.880054, 32.266635 ], [ -97.868907, 32.272506 ], [ -97.862991, 32.275392 ], [ -97.858177, 32.278159 ], [ -97.8356, 32.289631 ], [ -97.819135, 32.297956 ], [ -97.806822, 32.304223 ], [ -97.796191, 32.309643 ], [ -97.787773, 32.313932 ], [ -97.78276, 32.316493 ], [ -97.743724, 32.316936 ], [ -97.728901, 32.317138 ], [ -97.708015, 32.317349 ], [ -97.707796, 32.317352 ], [ -97.685596, 32.317735 ], [ -97.684491, 32.317749 ], [ -97.61572, 32.318617 ], [ -97.615558, 32.281415 ], [ -97.61533, 32.2501 ], [ -97.615087, 32.203491 ], [ -97.609508, 32.204164 ], [ -97.605624, 32.204155 ], [ -97.59984, 32.204201 ], [ -97.59826, 32.20393 ], [ -97.595152, 32.202341 ], [ -97.59262, 32.19998 ], [ -97.590189, 32.19511 ], [ -97.589759, 32.193161 ], [ -97.58989, 32.18848 ], [ -97.5909, 32.18615 ], [ -97.59223, 32.1848 ], [ -97.596544, 32.182472 ], [ -97.599208, 32.18147 ], [ -97.60158, 32.17991 ], [ -97.60257, 32.17763 ], [ -97.60168, 32.17567 ], [ -97.597723, 32.174137 ], [ -97.595939, 32.173966 ], [ -97.592931, 32.174374 ], [ -97.591185, 32.175092 ], [ -97.585488, 32.178092 ], [ -97.578628, 32.180771 ], [ -97.575947, 32.181024 ], [ -97.573395, 32.180315 ], [ -97.570421, 32.178551 ], [ -97.56917, 32.177562 ], [ -97.567691, 32.175012 ], [ -97.567479, 32.172686 ], [ -97.56808, 32.167801 ], [ -97.567383, 32.165341 ], [ -97.5648, 32.162778 ], [ -97.564644, 32.161676 ], [ -97.56496, 32.160559 ], [ -97.569681, 32.155745 ], [ -97.570682, 32.153858 ], [ -97.569677, 32.151285 ], [ -97.568318, 32.150244 ], [ -97.566588, 32.149931 ], [ -97.558473, 32.149221 ], [ -97.55455, 32.149569 ], [ -97.552025, 32.148742 ], [ -97.54957, 32.147457 ], [ -97.541499, 32.142492 ], [ -97.537699, 32.140499 ], [ -97.521813, 32.13476 ], [ -97.515719, 32.133765 ], [ -97.512488, 32.134219 ], [ -97.509633, 32.136139 ], [ -97.508158, 32.138438 ], [ -97.508311, 32.140604 ], [ -97.511001, 32.143856 ], [ -97.512196, 32.146667 ], [ -97.513456, 32.15258 ], [ -97.513768, 32.155614 ], [ -97.513068, 32.159467 ], [ -97.512139, 32.161415 ], [ -97.510495, 32.162783 ], [ -97.508545, 32.163393 ], [ -97.502986, 32.162768 ], [ -97.49448, 32.164628 ], [ -97.49277, 32.165707 ], [ -97.489008, 32.169943 ], [ -97.486632, 32.171543 ], [ -97.483387, 32.172432 ], [ -97.476086, 32.17346 ], [ -97.471811, 32.17552 ], [ -97.475985, 32.181679 ], [ -97.383653, 32.202342 ], [ -97.377978, 32.203609 ], [ -97.365493, 32.206321 ], [ -97.357401, 32.208061 ], [ -97.30251, 32.219876 ], [ -97.279189, 32.224897 ], [ -97.274398, 32.22593 ], [ -97.270479, 32.226774 ], [ -97.243201, 32.232657 ], [ -97.182242, 32.245815 ], [ -97.181851, 32.245899 ], [ -97.160772, 32.250427 ], [ -97.151434, 32.251883 ], [ -97.147433, 32.252257 ], [ -97.133407, 32.254699 ], [ -97.08705, 32.265255 ], [ -97.087043, 32.266824 ], [ -97.056379, 32.222012 ], [ -97.050794, 32.213673 ], [ -97.0139, 32.158965 ], [ -96.998989, 32.136866 ], [ -96.962626, 32.083931 ], [ -96.962166, 32.083433 ], [ -96.95602, 32.074459 ], [ -96.941846, 32.053821 ], [ -96.940656, 32.052087 ], [ -96.930318, 32.057178 ], [ -96.896209, 32.073977 ], [ -96.862751, 32.024375 ], [ -96.853118, 32.010046 ], [ -96.849974, 32.005384 ], [ -96.838465, 31.988328 ], [ -96.833288, 31.980849 ], [ -96.830525, 31.976849 ], [ -96.828244, 31.973545 ], [ -96.828158, 31.973421 ], [ -96.826679, 31.971247 ], [ -96.811718, 31.949636 ], [ -96.808055, 31.94415 ], [ -96.79918, 31.931363 ], [ -96.796353, 31.927216 ], [ -96.794978, 31.925118 ], [ -96.791801, 31.920209 ], [ -96.788507, 31.915943 ], [ -96.738111, 31.842588 ], [ -96.720278, 31.816585 ], [ -96.719114, 31.814887 ], [ -96.712331, 31.814323 ], [ -96.576072, 31.803046 ], [ -96.554122, 31.80122 ], [ -96.539356, 31.800009 ], [ -96.500261, 31.796698 ], [ -96.496713, 31.796191 ], [ -96.495293, 31.79691 ], [ -96.455171, 31.816697 ], [ -96.454908, 31.816828 ], [ -96.454629, 31.816965 ], [ -96.377915, 31.854857 ], [ -96.351257, 31.868174 ], [ -96.343493, 31.872071 ], [ -96.340177, 31.873736 ], [ -96.339683, 31.873983 ], [ -96.339492, 31.874072 ], [ -96.337171, 31.875162 ], [ -96.335699, 31.875965 ], [ -96.333058, 31.877243 ], [ -96.322849, 31.882226 ], [ -96.302738, 31.892076 ], [ -96.302146, 31.892304 ], [ -96.248657, 31.918424 ], [ -96.153581, 31.96475 ], [ -96.120491, 31.980805 ], [ -96.05478, 32.012526 ], [ -96.053215, 32.009384 ], [ -96.052786, 32.005895 ], [ -96.052668, 32.004055 ], [ -96.051208, 32.000764 ], [ -96.049209, 31.998563 ], [ -96.048953, 31.997591 ], [ -96.051554, 31.995826 ], [ -96.053785, 31.993021 ], [ -96.056726, 31.990869 ], [ -96.056498, 31.987766 ], [ -96.057627, 31.98671 ], [ -96.059715, 31.987422 ], [ -96.060785, 31.986929 ], [ -96.061849, 31.985159 ], [ -96.063048, 31.982008 ], [ -96.064804, 31.980664 ], [ -96.063641, 31.979135 ], [ -96.061735, 31.977784 ], [ -96.061314, 31.975379 ], [ -96.057985, 31.97482 ], [ -96.054733, 31.975328 ], [ -96.054405, 31.974501 ], [ -96.055627, 31.973023 ], [ -96.055583, 31.972045 ], [ -96.054124, 31.970519 ], [ -96.051256, 31.969513 ], [ -96.049436, 31.969474 ], [ -96.046441, 31.970182 ], [ -96.04575, 31.968858 ], [ -96.046794, 31.967884 ], [ -96.047295, 31.966013 ], [ -96.046584, 31.965207 ], [ -96.044175, 31.964125 ], [ -96.042914, 31.962793 ], [ -96.043816, 31.960289 ], [ -96.044976, 31.959752 ], [ -96.047614, 31.960065 ], [ -96.050394, 31.961161 ], [ -96.051254, 31.963597 ], [ -96.052478, 31.964028 ], [ -96.055892, 31.96365 ], [ -96.057131, 31.962139 ], [ -96.057211, 31.96022 ], [ -96.058358, 31.959765 ], [ -96.06046, 31.960547 ], [ -96.061883, 31.959552 ], [ -96.062172, 31.95634 ], [ -96.061559, 31.954823 ], [ -96.058735, 31.953992 ], [ -96.056853, 31.953021 ], [ -96.054688, 31.948225 ], [ -96.053354, 31.947823 ], [ -96.050197, 31.949143 ], [ -96.04734, 31.951747 ], [ -96.044799, 31.950967 ], [ -96.043751, 31.949502 ], [ -96.042532, 31.945317 ], [ -96.041451, 31.944927 ], [ -96.040529, 31.946453 ], [ -96.037751, 31.948391 ], [ -96.037652, 31.949505 ], [ -96.039046, 31.950497 ], [ -96.040674, 31.950808 ], [ -96.040837, 31.952134 ], [ -96.034896, 31.952563 ], [ -96.033335, 31.952884 ], [ -96.029812, 31.954779 ], [ -96.029318, 31.955925 ], [ -96.030014, 31.957321 ], [ -96.028975, 31.957916 ], [ -96.025342, 31.95732 ], [ -96.02193, 31.957299 ], [ -96.019754, 31.955211 ], [ -96.019358, 31.95414 ], [ -96.020463, 31.952473 ], [ -96.020709, 31.950569 ], [ -96.019272, 31.949091 ], [ -96.015944, 31.948467 ], [ -96.014512, 31.9461 ], [ -96.015118, 31.944612 ], [ -96.017888, 31.941169 ], [ -96.019923, 31.940163 ], [ -96.020889, 31.938224 ], [ -96.019763, 31.936902 ], [ -96.016401, 31.934718 ], [ -96.01131, 31.934529 ], [ -96.010407, 31.933639 ], [ -96.012702, 31.931317 ], [ -96.013442, 31.929918 ], [ -96.00998, 31.928412 ], [ -96.006536, 31.925068 ], [ -96.00617, 31.924292 ], [ -96.008329, 31.91852 ], [ -96.006569, 31.917729 ], [ -96.005218, 31.919087 ], [ -96.004264, 31.919055 ], [ -96.004806, 31.916358 ], [ -96.002669, 31.912795 ], [ -96.002616, 31.911435 ], [ -96.001341, 31.90717 ], [ -96.002919, 31.906242 ], [ -96.004614, 31.907734 ], [ -96.006533, 31.908533 ], [ -96.007322, 31.908064 ], [ -96.00718, 31.906176 ], [ -96.008332, 31.905262 ], [ -96.009282, 31.90608 ], [ -96.010098, 31.908739 ], [ -96.011816, 31.911389 ], [ -96.013579, 31.911114 ], [ -96.014667, 31.906663 ], [ -96.01589, 31.905144 ], [ -96.015759, 31.903263 ], [ -96.01664, 31.902741 ], [ -96.018358, 31.903885 ], [ -96.019472, 31.903771 ], [ -96.021571, 31.898068 ], [ -96.023311, 31.896186 ], [ -96.025004, 31.892016 ], [ -96.025486, 31.889215 ], [ -96.026716, 31.886172 ], [ -96.026584, 31.883189 ], [ -96.027607, 31.881215 ], [ -96.027622, 31.877875 ], [ -96.024265, 31.87312 ], [ -96.019929, 31.871645 ], [ -96.018597, 31.871972 ], [ -96.013534, 31.875458 ], [ -96.009372, 31.879266 ], [ -96.007907, 31.881136 ], [ -96.006654, 31.881021 ], [ -96.003972, 31.876949 ], [ -96.0051, 31.875141 ], [ -96.004831, 31.872639 ], [ -96.003283, 31.871996 ], [ -96.001033, 31.872336 ], [ -96.001267, 31.869281 ], [ -96.000236, 31.868121 ], [ -95.997506, 31.868062 ], [ -95.994127, 31.866258 ], [ -95.992924, 31.866778 ], [ -95.992579, 31.868348 ], [ -95.991391, 31.868749 ], [ -95.989899, 31.868082 ], [ -95.989117, 31.868676 ], [ -95.988805, 31.872237 ], [ -95.991579, 31.874079 ], [ -95.991374, 31.875878 ], [ -95.989259, 31.875966 ], [ -95.988442, 31.873667 ], [ -95.987318, 31.873117 ], [ -95.981965, 31.875305 ], [ -95.97953, 31.876782 ], [ -95.977263, 31.877542 ], [ -95.974597, 31.877192 ], [ -95.97029, 31.877187 ], [ -95.969759, 31.876739 ], [ -95.970056, 31.874897 ], [ -95.968119, 31.87246 ], [ -95.96832, 31.87087 ], [ -95.969729, 31.870648 ], [ -95.972169, 31.871797 ], [ -95.97436, 31.872091 ], [ -95.976665, 31.870734 ], [ -95.977899, 31.868746 ], [ -95.980083, 31.862398 ], [ -95.982376, 31.861815 ], [ -95.986275, 31.860174 ], [ -95.987619, 31.858784 ], [ -95.988192, 31.855762 ], [ -95.990868, 31.848507 ], [ -95.993565, 31.84586 ], [ -95.994543, 31.843359 ], [ -95.993222, 31.840652 ], [ -95.992023, 31.839617 ], [ -95.990116, 31.83963 ], [ -95.98801, 31.840327 ], [ -95.985637, 31.83885 ], [ -95.984395, 31.836867 ], [ -95.978493, 31.834259 ], [ -95.97791, 31.833241 ], [ -95.977972, 31.827163 ], [ -95.977578, 31.824203 ], [ -95.976424, 31.821611 ], [ -95.97376, 31.820641 ], [ -95.973232, 31.819136 ], [ -95.976152, 31.81651 ], [ -95.976798, 31.814568 ], [ -95.974955, 31.811945 ], [ -95.975398, 31.807546 ], [ -95.976181, 31.803977 ], [ -95.976181, 31.802196 ], [ -95.978528, 31.796098 ], [ -95.979617, 31.794439 ], [ -95.981718, 31.792628 ], [ -95.983449, 31.789979 ], [ -95.983574, 31.788002 ], [ -95.980568, 31.784561 ], [ -95.979537, 31.784084 ], [ -95.977994, 31.784395 ], [ -95.975318, 31.787783 ], [ -95.972715, 31.788729 ], [ -95.969418, 31.788095 ], [ -95.96739, 31.788102 ], [ -95.963066, 31.789426 ], [ -95.961963, 31.788973 ], [ -95.960703, 31.78709 ], [ -95.961006, 31.784064 ], [ -95.960463, 31.782592 ], [ -95.959317, 31.782072 ], [ -95.955705, 31.78182 ], [ -95.954301, 31.781251 ], [ -95.953197, 31.779755 ], [ -95.953019, 31.776284 ], [ -95.952224, 31.775678 ], [ -95.948698, 31.775094 ], [ -95.942023, 31.775113 ], [ -95.938991, 31.774664 ], [ -95.938127, 31.774159 ], [ -95.937036, 31.771683 ], [ -95.935849, 31.770042 ], [ -95.933846, 31.769809 ], [ -95.932937, 31.770823 ], [ -95.932335, 31.773999 ], [ -95.930766, 31.774264 ], [ -95.930431, 31.772335 ], [ -95.925777, 31.766638 ], [ -95.924241, 31.76585 ], [ -95.921268, 31.767015 ], [ -95.921018, 31.768202 ], [ -95.919741, 31.768391 ], [ -95.918531, 31.767158 ], [ -95.91589, 31.765882 ], [ -95.914343, 31.765564 ], [ -95.911495, 31.766351 ], [ -95.908587, 31.76566 ], [ -95.90693, 31.765861 ], [ -95.903924, 31.767399 ], [ -95.902178, 31.767592 ], [ -95.897965, 31.766963 ], [ -95.896687, 31.766105 ], [ -95.896544, 31.765261 ], [ -95.898033, 31.76246 ], [ -95.899477, 31.761337 ], [ -95.902935, 31.762535 ], [ -95.9031, 31.761369 ], [ -95.901776, 31.760485 ], [ -95.900498, 31.757995 ], [ -95.901928, 31.754841 ], [ -95.901568, 31.75327 ], [ -95.900079, 31.752132 ], [ -95.898529, 31.753155 ], [ -95.897824, 31.756138 ], [ -95.895147, 31.75844 ], [ -95.892776, 31.758416 ], [ -95.891058, 31.756708 ], [ -95.889509, 31.756466 ], [ -95.886343, 31.757772 ], [ -95.882735, 31.756438 ], [ -95.878697, 31.756392 ], [ -95.875937, 31.755503 ], [ -95.874718, 31.754673 ], [ -95.873848, 31.753497 ], [ -95.873362, 31.75029 ], [ -95.873245, 31.747082 ], [ -95.871666, 31.745297 ], [ -95.868833, 31.74599 ], [ -95.867755, 31.745093 ], [ -95.866646, 31.742614 ], [ -95.867285, 31.741501 ], [ -95.868825, 31.741444 ], [ -95.873078, 31.743897 ], [ -95.875617, 31.743415 ], [ -95.88028, 31.740454 ], [ -95.880889, 31.738703 ], [ -95.881151, 31.735847 ], [ -95.879526, 31.733003 ], [ -95.87714, 31.732568 ], [ -95.876287, 31.733333 ], [ -95.875134, 31.736107 ], [ -95.875039, 31.738411 ], [ -95.871446, 31.739583 ], [ -95.870508, 31.739508 ], [ -95.869715, 31.736641 ], [ -95.868864, 31.732011 ], [ -95.867028, 31.728634 ], [ -95.866985, 31.727432 ], [ -95.86874, 31.725745 ], [ -95.86882, 31.724652 ], [ -95.866629, 31.722764 ], [ -95.867023, 31.719962 ], [ -95.86661, 31.719099 ], [ -95.867137, 31.718189 ], [ -95.869681, 31.719648 ], [ -95.871336, 31.719869 ], [ -95.875016, 31.719028 ], [ -95.875933, 31.717219 ], [ -95.876092, 31.715252 ], [ -95.875667, 31.711731 ], [ -95.87769, 31.708634 ], [ -95.87751, 31.707127 ], [ -95.875784, 31.705138 ], [ -95.87485, 31.702949 ], [ -95.877032, 31.702378 ], [ -95.879423, 31.703517 ], [ -95.88044, 31.70335 ], [ -95.880632, 31.700369 ], [ -95.879401, 31.699356 ], [ -95.877027, 31.69864 ], [ -95.875347, 31.694822 ], [ -95.872512, 31.693008 ], [ -95.865395, 31.692007 ], [ -95.863701, 31.690671 ], [ -95.862206, 31.687465 ], [ -95.860954, 31.687746 ], [ -95.858822, 31.690108 ], [ -95.857538, 31.69295 ], [ -95.85516, 31.696471 ], [ -95.852779, 31.697805 ], [ -95.850497, 31.697865 ], [ -95.84553, 31.696049 ], [ -95.835324, 31.695597 ], [ -95.833102, 31.694907 ], [ -95.831204, 31.693723 ], [ -95.829638, 31.69187 ], [ -95.827123, 31.689754 ], [ -95.824287, 31.686866 ], [ -95.823067, 31.686525 ], [ -95.821283, 31.686967 ], [ -95.819889, 31.686668 ], [ -95.817307, 31.683106 ], [ -95.816465, 31.681272 ], [ -95.810561, 31.673461 ], [ -95.809, 31.672108 ], [ -95.805732, 31.671075 ], [ -95.804622, 31.671369 ], [ -95.802063, 31.674376 ], [ -95.800316, 31.675132 ], [ -95.795439, 31.674935 ], [ -95.794815, 31.676164 ], [ -95.794999, 31.678093 ], [ -95.794369, 31.679977 ], [ -95.792614, 31.681856 ], [ -95.791354, 31.685635 ], [ -95.79078, 31.689453 ], [ -95.788749, 31.692317 ], [ -95.787553, 31.692596 ], [ -95.787127, 31.691537 ], [ -95.788427, 31.688667 ], [ -95.787903, 31.687313 ], [ -95.780888, 31.685368 ], [ -95.779678, 31.684579 ], [ -95.780164, 31.68281 ], [ -95.782216, 31.678975 ], [ -95.784353, 31.675894 ], [ -95.788981, 31.671916 ], [ -95.79009, 31.670143 ], [ -95.790665, 31.667342 ], [ -95.790263, 31.66399 ], [ -95.790683, 31.663068 ], [ -95.793723, 31.661033 ], [ -95.794081, 31.66031 ], [ -95.791665, 31.654136 ], [ -95.790625, 31.653016 ], [ -95.789679, 31.648776 ], [ -95.789737, 31.646212 ], [ -95.792327, 31.64314 ], [ -95.795103, 31.638252 ], [ -95.796733, 31.632132 ], [ -95.796653, 31.631059 ], [ -95.795636, 31.62893 ], [ -95.793782, 31.628167 ], [ -95.79017, 31.627723 ], [ -95.788167, 31.626173 ], [ -95.788971, 31.622188 ], [ -95.7873, 31.618385 ], [ -95.786305, 31.617128 ], [ -95.785155, 31.611442 ], [ -95.782577, 31.607467 ], [ -95.779978, 31.604337 ], [ -95.777586, 31.602257 ], [ -95.77198, 31.598621 ], [ -95.768443, 31.597409 ], [ -95.767234, 31.597581 ], [ -95.764483, 31.599445 ], [ -95.760961, 31.60008 ], [ -95.761274, 31.602516 ], [ -95.760752, 31.604012 ], [ -95.758041, 31.604691 ], [ -95.753381, 31.606833 ], [ -95.752557, 31.61005 ], [ -95.753439, 31.612506 ], [ -95.753344, 31.61375 ], [ -95.752334, 31.615146 ], [ -95.748669, 31.617709 ], [ -95.748864, 31.620806 ], [ -95.750783, 31.62379 ], [ -95.751467, 31.626107 ], [ -95.753174, 31.629223 ], [ -95.753327, 31.630432 ], [ -95.752783, 31.633727 ], [ -95.752875, 31.635298 ], [ -95.754181, 31.639417 ], [ -95.757268, 31.643548 ], [ -95.756833, 31.645402 ], [ -95.756137, 31.646498 ], [ -95.753488, 31.64896 ], [ -95.752204, 31.649492 ], [ -95.749039, 31.649894 ], [ -95.74468, 31.651833 ], [ -95.74173, 31.652108 ], [ -95.739373, 31.653827 ], [ -95.736026, 31.653956 ], [ -95.735253, 31.653426 ], [ -95.732759, 31.648823 ], [ -95.730706, 31.646713 ], [ -95.728605, 31.645272 ], [ -95.727241, 31.643788 ], [ -95.723648, 31.637972 ], [ -95.723079, 31.63726 ], [ -95.718468, 31.632402 ], [ -95.71746, 31.630053 ], [ -95.717355, 31.627206 ], [ -95.713426, 31.621664 ], [ -95.710112, 31.615587 ], [ -95.710035, 31.614694 ], [ -95.711953, 31.610421 ], [ -95.712363, 31.607618 ], [ -95.711185, 31.603903 ], [ -95.714003, 31.601775 ], [ -95.716084, 31.598786 ], [ -95.716581, 31.595826 ], [ -95.71587, 31.594067 ], [ -95.719024, 31.593417 ], [ -95.720257, 31.591978 ], [ -95.720689, 31.588384 ], [ -95.721855, 31.586281 ], [ -95.725154, 31.58476 ], [ -95.729038, 31.584237 ], [ -95.729423, 31.583133 ], [ -95.726806, 31.581523 ], [ -95.724694, 31.579773 ], [ -95.721322, 31.577847 ], [ -95.719493, 31.574532 ], [ -95.718233, 31.573215 ], [ -95.717991, 31.571934 ], [ -95.719506, 31.570748 ], [ -95.721744, 31.570398 ], [ -95.722248, 31.569714 ], [ -95.721306, 31.56894 ], [ -95.718795, 31.568712 ], [ -95.717038, 31.567765 ], [ -95.717361, 31.561996 ], [ -95.717215, 31.558645 ], [ -95.715464, 31.555 ], [ -95.715875, 31.553824 ], [ -95.718512, 31.553659 ], [ -95.722353, 31.555538 ], [ -95.72434, 31.555737 ], [ -95.72595, 31.555037 ], [ -95.729137, 31.551578 ], [ -95.731652, 31.551105 ], [ -95.73475, 31.551191 ], [ -95.7384, 31.552853 ], [ -95.742871, 31.554156 ], [ -95.746465, 31.55343 ], [ -95.748251, 31.552545 ], [ -95.75171, 31.551552 ], [ -95.752466, 31.550739 ], [ -95.754132, 31.546048 ], [ -95.753766, 31.544773 ], [ -95.751358, 31.54276 ], [ -95.750875, 31.540734 ], [ -95.75271, 31.538732 ], [ -95.754665, 31.537986 ], [ -95.756731, 31.536571 ], [ -95.75863, 31.534098 ], [ -95.758711, 31.533217 ], [ -95.756495, 31.531052 ], [ -95.751732, 31.529398 ], [ -95.748249, 31.528708 ], [ -95.747114, 31.527607 ], [ -95.747048, 31.52437 ], [ -95.741139, 31.522474 ], [ -95.739421, 31.520233 ], [ -95.737034, 31.518534 ], [ -95.73581, 31.514144 ], [ -95.733829, 31.509161 ], [ -95.733877, 31.508376 ], [ -95.737216, 31.505321 ], [ -95.739279, 31.504056 ], [ -95.741903, 31.50212 ], [ -95.743198, 31.500618 ], [ -95.743499, 31.499183 ], [ -95.741991, 31.497253 ], [ -95.740575, 31.496312 ], [ -95.740796, 31.495226 ], [ -95.743904, 31.493814 ], [ -95.745022, 31.492364 ], [ -95.745017, 31.490975 ], [ -95.744631, 31.48999 ], [ -95.741854, 31.486549 ], [ -95.738772, 31.485082 ], [ -95.737056, 31.485051 ], [ -95.735398, 31.485804 ], [ -95.732042, 31.489483 ], [ -95.729854, 31.48963 ], [ -95.72763, 31.484602 ], [ -95.726928, 31.482121 ], [ -95.724789, 31.479923 ], [ -95.722775, 31.477295 ], [ -95.721842, 31.472754 ], [ -95.722035, 31.471435 ], [ -95.722805, 31.47064 ], [ -95.726831, 31.470135 ], [ -95.728439, 31.471102 ], [ -95.73068, 31.473242 ], [ -95.733525, 31.474338 ], [ -95.7358, 31.47409 ], [ -95.73921, 31.472181 ], [ -95.741192, 31.468542 ], [ -95.742612, 31.46733 ], [ -95.745463, 31.466403 ], [ -95.746891, 31.463785 ], [ -95.74709, 31.459516 ], [ -95.746837, 31.45817 ], [ -95.744982, 31.457612 ], [ -95.741728, 31.459969 ], [ -95.740017, 31.460014 ], [ -95.73794, 31.459045 ], [ -95.736093, 31.459163 ], [ -95.731821, 31.460901 ], [ -95.725558, 31.462302 ], [ -95.720781, 31.46248 ], [ -95.719173, 31.46194 ], [ -95.716075, 31.460096 ], [ -95.712117, 31.455783 ], [ -95.711092, 31.454133 ], [ -95.71088, 31.451602 ], [ -95.711175, 31.4467 ], [ -95.712873, 31.440942 ], [ -95.712121, 31.438073 ], [ -95.710765, 31.43472 ], [ -95.710803, 31.431079 ], [ -95.711569, 31.427598 ], [ -95.711677, 31.423594 ], [ -95.710369, 31.418904 ], [ -95.708237, 31.415729 ], [ -95.706139, 31.411949 ], [ -95.704936, 31.410943 ], [ -95.699419, 31.408349 ], [ -95.698322, 31.406335 ], [ -95.700579, 31.404523 ], [ -95.701971, 31.402297 ], [ -95.701287, 31.396151 ], [ -95.700552, 31.393402 ], [ -95.698739, 31.392323 ], [ -95.694077, 31.392322 ], [ -95.69283, 31.391494 ], [ -95.692807, 31.390146 ], [ -95.693768, 31.387123 ], [ -95.692987, 31.386128 ], [ -95.690847, 31.384951 ], [ -95.690654, 31.384005 ], [ -95.691594, 31.380887 ], [ -95.689852, 31.378609 ], [ -95.690372, 31.377432 ], [ -95.69178, 31.376488 ], [ -95.691444, 31.374676 ], [ -95.687888, 31.372998 ], [ -95.684362, 31.372063 ], [ -95.681954, 31.36889 ], [ -95.680345, 31.368359 ], [ -95.677376, 31.368691 ], [ -95.675228, 31.368115 ], [ -95.674926, 31.365762 ], [ -95.665683, 31.366373 ], [ -95.664218, 31.364305 ], [ -95.664061, 31.360772 ], [ -95.663073, 31.359418 ], [ -95.661409, 31.358322 ], [ -95.661611, 31.357259 ], [ -95.666176, 31.357182 ], [ -95.671574, 31.35649 ], [ -95.672623, 31.356104 ], [ -95.673363, 31.354638 ], [ -95.673938, 31.350911 ], [ -95.675219, 31.349182 ], [ -95.677128, 31.347909 ], [ -95.677291, 31.346549 ], [ -95.674241, 31.344824 ], [ -95.669183, 31.344631 ], [ -95.664656, 31.345228 ], [ -95.659812, 31.345378 ], [ -95.657514, 31.34348 ], [ -95.657692, 31.339719 ], [ -95.656813, 31.335719 ], [ -95.655722, 31.331619 ], [ -95.655545, 31.32964 ], [ -95.656125, 31.322183 ], [ -95.657202, 31.317999 ], [ -95.659416, 31.315909 ], [ -95.660787, 31.315947 ], [ -95.661252, 31.317006 ], [ -95.661058, 31.31951 ], [ -95.662672, 31.321 ], [ -95.665075, 31.320348 ], [ -95.666651, 31.31938 ], [ -95.670536, 31.318578 ], [ -95.67168, 31.317204 ], [ -95.671787, 31.316026 ], [ -95.669622, 31.312944 ], [ -95.668578, 31.308515 ], [ -95.671402, 31.304327 ], [ -95.67323, 31.302378 ], [ -95.675382, 31.301959 ], [ -95.677492, 31.30285 ], [ -95.679106, 31.302108 ], [ -95.678297, 31.300468 ], [ -95.675416, 31.29986 ], [ -95.673224, 31.298863 ], [ -95.671033, 31.296236 ], [ -95.671403, 31.29556 ], [ -95.675844, 31.293543 ], [ -95.680026, 31.290623 ], [ -95.681413, 31.288509 ], [ -95.682981, 31.288917 ], [ -95.688072, 31.293395 ], [ -95.689407, 31.296013 ], [ -95.690753, 31.297388 ], [ -95.692845, 31.297611 ], [ -95.695085, 31.297029 ], [ -95.698096, 31.295066 ], [ -95.702928, 31.292461 ], [ -95.704878, 31.290568 ], [ -95.707589, 31.286337 ], [ -95.706408, 31.284236 ], [ -95.703505, 31.282486 ], [ -95.704141, 31.28042 ], [ -95.704873, 31.280028 ], [ -95.708445, 31.280015 ], [ -95.710396, 31.278948 ], [ -95.712053, 31.276777 ], [ -95.714195, 31.274973 ], [ -95.719347, 31.273513 ], [ -95.725226, 31.271084 ], [ -95.727217, 31.265283 ], [ -95.72813, 31.259735 ], [ -95.727061, 31.258199 ], [ -95.722447, 31.255897 ], [ -95.722144, 31.254673 ], [ -95.723291, 31.25348 ], [ -95.726758, 31.252637 ], [ -95.727723, 31.251955 ], [ -95.727467, 31.250499 ], [ -95.725426, 31.247629 ], [ -95.723741, 31.246083 ], [ -95.723913, 31.244609 ], [ -95.726544, 31.241829 ], [ -95.727049, 31.239301 ], [ -95.726306, 31.234934 ], [ -95.725041, 31.230098 ], [ -95.725578, 31.228665 ], [ -95.727924, 31.22466 ], [ -95.729414, 31.223139 ], [ -95.733712, 31.220514 ], [ -95.73733, 31.219546 ], [ -95.739179, 31.218702 ], [ -95.742819, 31.215422 ], [ -95.744332, 31.211914 ], [ -95.745885, 31.210854 ], [ -95.747943, 31.20831 ], [ -95.747862, 31.202275 ], [ -95.747767, 31.200848 ], [ -95.745332, 31.192082 ], [ -95.744848, 31.186699 ], [ -95.745436, 31.181892 ], [ -95.743389, 31.176868 ], [ -95.74191, 31.174605 ], [ -95.737207, 31.170681 ], [ -95.734335, 31.167746 ], [ -95.728703, 31.164064 ], [ -95.728026, 31.161955 ], [ -95.731181, 31.159166 ], [ -95.733515, 31.15862 ], [ -95.734542, 31.159711 ], [ -95.737599, 31.159372 ], [ -95.740233, 31.156491 ], [ -95.741913, 31.15327 ], [ -95.744296, 31.152267 ], [ -95.744987, 31.152437 ], [ -95.748143, 31.155204 ], [ -95.749409, 31.15524 ], [ -95.751008, 31.152482 ], [ -95.754628, 31.149813 ], [ -95.755686, 31.146775 ], [ -95.755969, 31.143031 ], [ -95.757402, 31.141573 ], [ -95.759108, 31.142073 ], [ -95.76228, 31.144103 ], [ -95.763885, 31.143657 ], [ -95.764745, 31.141815 ], [ -95.767403, 31.14006 ], [ -95.771948, 31.139657 ], [ -95.77425, 31.138323 ], [ -95.775578, 31.136095 ], [ -95.775379, 31.133617 ], [ -95.772586, 31.128975 ], [ -95.772638, 31.127275 ], [ -95.774404, 31.124998 ], [ -95.775353, 31.122051 ], [ -95.776881, 31.120871 ], [ -95.772717, 31.116938 ], [ -95.77298, 31.11346 ], [ -95.770691, 31.11136 ], [ -95.768352, 31.105994 ], [ -95.767688, 31.103674 ], [ -95.766586, 31.102648 ], [ -95.766252, 31.100944 ], [ -95.766702, 31.098819 ], [ -95.765052, 31.096668 ], [ -95.76441, 31.094211 ], [ -95.87523, 31.093001 ], [ -95.905982, 31.092834 ], [ -95.914018, 31.092946 ], [ -95.927762, 31.092562 ], [ -95.952124, 31.092319 ], [ -95.955002, 31.092671 ], [ -95.962949, 31.092321 ], [ -95.973841, 31.09215 ], [ -95.975218, 31.091967 ], [ -95.977147, 31.091409 ], [ -95.988775, 31.086167 ], [ -95.99003, 31.085405 ], [ -95.991691, 31.084272 ], [ -95.996126, 31.081174 ], [ -96.004258, 31.075493 ], [ -96.008068, 31.073112 ], [ -96.017471, 31.070015 ], [ -96.021209, 31.070032 ], [ -96.025261, 31.071927 ], [ -96.026863, 31.071869 ], [ -96.031836, 31.069617 ], [ -96.033193, 31.069304 ], [ -96.044102, 31.069783 ], [ -96.045856, 31.069494 ], [ -96.04789, 31.068728 ], [ -96.048912, 31.068136 ], [ -96.061643, 31.058294 ], [ -96.083153, 31.044614 ], [ -96.087785, 31.042097 ], [ -96.097649, 31.037419 ], [ -96.106677, 31.032113 ], [ -96.109331, 31.030434 ], [ -96.112174, 31.028057 ], [ -96.11718, 31.024716 ], [ -96.121692, 31.022015 ], [ -96.136997, 31.013385 ], [ -96.146646, 31.008743 ], [ -96.163041, 30.999073 ], [ -96.171568, 30.99428 ], [ -96.173117, 30.993912 ], [ -96.177321, 30.993804 ], [ -96.181922, 30.993015 ], [ -96.185427, 30.992089 ], [ -96.192494, 30.991335 ], [ -96.199208, 30.988385 ], [ -96.207559, 30.983802 ], [ -96.209847, 30.982885 ], [ -96.215018, 30.981367 ], [ -96.223305, 30.980672 ], [ -96.229109, 30.980434 ], [ -96.234522, 30.976013 ], [ -96.24102, 30.973737 ], [ -96.248973, 30.970915 ], [ -96.263223, 30.964123 ], [ -96.266289, 30.961966 ], [ -96.268166, 30.96062 ], [ -96.281474, 30.952647 ], [ -96.286768, 30.949971 ], [ -96.300791, 30.942992 ], [ -96.305951, 30.94019 ], [ -96.315185, 30.934345 ], [ -96.325687, 30.928495 ], [ -96.337378, 30.920965 ], [ -96.349085, 30.911692 ], [ -96.353107, 30.906066 ], [ -96.36182, 30.896874 ], [ -96.362226, 30.896286 ], [ -96.362695, 30.894974 ], [ -96.364324, 30.886802 ], [ -96.365642, 30.884547 ], [ -96.367451, 30.882783 ], [ -96.374133, 30.87692 ], [ -96.381946, 30.871004 ], [ -96.382611, 30.870342 ], [ -96.387408, 30.864012 ], [ -96.391042, 30.854538 ], [ -96.398808, 30.840038 ], [ -96.404063, 30.83438 ], [ -96.409838, 30.826446 ], [ -96.418031, 30.808074 ], [ -96.419381, 30.804745 ], [ -96.421897, 30.795668 ], [ -96.422893, 30.793509 ], [ -96.423395, 30.79271 ], [ -96.430649, 30.784721 ], [ -96.438783, 30.774035 ], [ -96.440996, 30.770255 ], [ -96.444743, 30.763827 ], [ -96.452841, 30.753113 ], [ -96.45612, 30.747206 ], [ -96.456599, 30.746302 ], [ -96.45763, 30.744474 ], [ -96.462347, 30.741931 ], [ -96.478222, 30.734876 ], [ -96.490842, 30.729703 ], [ -96.503491, 30.72395 ], [ -96.550549, 30.702982 ], [ -96.566983, 30.69567 ], [ -96.567405, 30.698257 ], [ -96.568795, 30.701387 ], [ -96.570369, 30.702942 ], [ -96.573363, 30.704821 ], [ -96.577609, 30.706953 ], [ -96.583667, 30.709187 ], [ -96.586945, 30.71077 ], [ -96.591914, 30.713811 ], [ -96.595776, 30.715072 ], [ -96.596467, 30.71564 ], [ -96.596977, 30.717452 ], [ -96.594436, 30.721216 ], [ -96.594632, 30.724273 ], [ -96.596157, 30.726641 ], [ -96.599467, 30.728634 ], [ -96.604042, 30.729311 ], [ -96.607327, 30.72941 ], [ -96.616345, 30.728477 ], [ -96.618234, 30.728638 ], [ -96.620456, 30.729549 ], [ -96.621423, 30.730764 ], [ -96.700906, 30.690045 ], [ -96.729597, 30.675628 ], [ -96.799861, 30.640539 ], [ -96.800381, 30.640367 ], [ -96.801094, 30.640019 ], [ -96.877384, 30.601104 ], [ -96.945083, 30.566642 ], [ -96.96363, 30.557198 ], [ -97.051648, 30.51156 ], [ -97.085749, 30.493669 ], [ -97.126449, 30.472532 ], [ -97.13472, 30.468137 ], [ -97.155219, 30.457344 ], [ -97.162104, 30.474156 ], [ -97.164933, 30.481016 ], [ -97.214774, 30.602328 ], [ -97.215946, 30.604411 ], [ -97.217865, 30.609256 ], [ -97.218237, 30.610253 ], [ -97.218861, 30.611883 ], [ -97.220024, 30.614839 ], [ -97.22203, 30.619935 ], [ -97.226166, 30.629707 ], [ -97.236852, 30.654725 ], [ -97.252409, 30.693473 ], [ -97.269949, 30.735362 ], [ -97.27455, 30.737071 ], [ -97.28625, 30.741324 ], [ -97.307122, 30.749306 ], [ -97.315485, 30.752363 ], [ -97.328987, 30.757347 ], [ -97.331004, 30.758234 ], [ -97.356846, 30.767807 ], [ -97.359001, 30.76873 ], [ -97.373841, 30.774281 ], [ -97.375365, 30.775307 ], [ -97.38834, 30.780257 ], [ -97.402486, 30.785582 ], [ -97.419175, 30.79199 ], [ -97.419373, 30.792068 ], [ -97.444918, 30.801752 ], [ -97.460436, 30.807676 ], [ -97.513067, 30.827711 ], [ -97.54002, 30.838003 ], [ -97.550732, 30.842112 ], [ -97.589397, 30.85681 ], [ -97.624051, 30.870004 ], [ -97.625279, 30.870189 ], [ -97.6803, 30.879085 ], [ -97.705432, 30.883471 ], [ -97.72987, 30.887623 ], [ -97.773835, 30.895094 ], [ -97.800349, 30.89963 ], [ -97.8281, 30.904414 ], [ -97.829882, 30.909521 ], [ -97.840365, 30.929318 ], [ -97.862892, 30.96481 ], [ -97.863334, 30.96548 ], [ -97.866426, 30.96942 ], [ -97.874351, 30.981626 ], [ -97.875544, 30.983767 ], [ -97.886578, 31.001664 ], [ -97.889944, 31.006071 ], [ -97.906166, 31.027603 ], [ -97.911689, 31.035009 ], [ -97.913847, 31.065882 ], [ -97.9071, 31.069374 ], [ -97.918638, 31.086515 ], [ -97.92537, 31.09644 ] ] ] } }
]
}
