{
"type": "FeatureCollection",
"name": "TX_FedDistrict_Eastern",
"crs": { "type": "name", "properties": { "name": "urn:ogc:def:crs:EPSG::4269" } },
"features": [
{ "type": "Feature", "properties": { "FederalDivisionName": "Beaumont", "FederalJudicialDistrict": "Eastern" }, "geometry": { "type": "Polygon", "coordinates": [ [ [ -93.705083, 30.242752 ], [ -93.703113, 30.239176 ], [ -93.706547, 30.239659 ], [ -93.705032, 30.233396 ], [ -93.709284, 30.233873 ], [ -93.713359, 30.225261 ], [ -93.712152, 30.219815 ], [ -93.71922, 30.218542 ], [ -93.719046, 30.208727 ], [ -93.717112, 30.201831 ], [ -93.714959, 30.197346 ], [ -93.717839, 30.193999 ], [ -93.713052, 30.193371 ], [ -93.708489, 30.196759 ], [ -93.705495, 30.192921 ], [ -93.712595, 30.190186 ], [ -93.709661, 30.183278 ], [ -93.7052430686647, 30.176279133706299 ], [ -93.703764, 30.173936 ], [ -93.701959, 30.167774 ], [ -93.701959, 30.166226 ], [ -93.701959, 30.164701 ], [ -93.703926, 30.161136 ], [ -93.706015, 30.159169 ], [ -93.707491, 30.156096 ], [ -93.707614, 30.149826 ], [ -93.706532, 30.147424 ], [ -93.70306, 30.149876 ], [ -93.70018, 30.15272 ], [ -93.697737, 30.152946 ], [ -93.696292, 30.151601 ], [ -93.6937, 30.142512 ], [ -93.691771, 30.141125 ], [ -93.689527, 30.141751 ], [ -93.688552, 30.140374 ], [ -93.692849, 30.135213 ], [ -93.695499, 30.135597 ], [ -93.698274, 30.138619 ], [ -93.700744, 30.138144 ], [ -93.701459, 30.134705 ], [ -93.701951, 30.13066 ], [ -93.701875996234406, 30.130302425229701 ], [ -93.701301680142294, 30.1275644167692 ], [ -93.701295646104498, 30.127535649951099 ], [ -93.700631, 30.124367 ], [ -93.70143, 30.122295 ], [ -93.706463, 30.121678 ], [ -93.707794, 30.12074 ], [ -93.70729, 30.119365 ], [ -93.703412, 30.117185 ], [ -93.702404, 30.11489 ], [ -93.702436, 30.112721 ], [ -93.703732, 30.111057 ], [ -93.705492, 30.110289 ], [ -93.711503, 30.109392 ], [ -93.712997, 30.107857 ], [ -93.713176400179904, 30.107180661321699 ], [ -93.714597, 30.101825 ], [ -93.723765, 30.09413 ], [ -93.723045, 30.087682 ], [ -93.723631, 30.083176 ], [ -93.725802, 30.081999 ], [ -93.727637, 30.083282 ], [ -93.729674, 30.088014 ], [ -93.729927201382907, 30.088304954503901 ], [ -93.730566, 30.089039 ], [ -93.732485, 30.088914 ], [ -93.734085, 30.08613 ], [ -93.733584, 30.084276 ], [ -93.731448, 30.08193 ], [ -93.726707, 30.078915 ], [ -93.726137888049607, 30.078374006665602 ], [ -93.716405, 30.069122 ], [ -93.706171, 30.067311 ], [ -93.70218, 30.065474 ], [ -93.70058, 30.063666 ], [ -93.699396, 30.05925 ], [ -93.70082, 30.056274 ], [ -93.70394, 30.054291 ], [ -93.708045, 30.0538 ], [ -93.710891, 30.054377 ], [ -93.711928, 30.056957 ], [ -93.713772, 30.065687 ], [ -93.715461, 30.066579 ], [ -93.717327, 30.06571 ], [ -93.719453, 30.063808 ], [ -93.719685, 30.05605 ], [ -93.720805, 30.053043 ], [ -93.721411382310507, 30.052468720496801 ], [ -93.728086517368197, 30.046146977301699 ], [ -93.737446, 30.037283 ], [ -93.739158, 30.032627 ], [ -93.739734, 30.023987 ], [ -93.74207, 30.020771 ], [ -93.7445667645393, 30.019356448187501 ], [ -93.745323, 30.018928 ], [ -93.755061145635807, 30.0152537284091 ], [ -93.755238, 30.015187 ], [ -93.760182, 30.010836 ], [ -93.768444, 30.001694 ], [ -93.769127, 29.99834 ], [ -93.770567, 29.996532 ], [ -93.771575, 29.995924 ], [ -93.775111, 29.995524 ], [ -93.778888, 29.99487 ], [ -93.782171, 29.993671 ], [ -93.786935, 29.99058 ], [ -93.789431, 29.987812 ], [ -93.790087, 29.986564 ], [ -93.792323, 29.979413 ], [ -93.793415, 29.976741 ], [ -93.794439, 29.974773 ], [ -93.796151, 29.972037 ], [ -93.801607, 29.965093 ], [ -93.803409, 29.962565 ], [ -93.807815, 29.954549 ], [ -93.813008437547794, 29.937509787585999 ], [ -93.813735, 29.935126 ], [ -93.81655, 29.920726 ], [ -93.818998, 29.914822 ], [ -93.830374, 29.894359 ], [ -93.838374, 29.882855 ], [ -93.854342640830893, 29.864990999795801 ], [ -93.85514, 29.864099 ], [ -93.86357, 29.857177 ], [ -93.872446, 29.85165 ], [ -93.890679, 29.843159 ], [ -93.900728, 29.836967 ], [ -93.911152358236507, 29.828965344774801 ], [ -93.91636, 29.824968 ], [ -93.922744, 29.818808 ], [ -93.927992, 29.80964 ], [ -93.929208, 29.802952 ], [ -93.928808, 29.79708 ], [ -93.926930181833299, 29.790951010150302 ], [ -93.926504, 29.78956 ], [ -93.922407, 29.785048 ], [ -93.89847, 29.771577 ], [ -93.893862, 29.767289 ], [ -93.890821, 29.761673 ], [ -93.893829, 29.753033 ], [ -93.891637, 29.744618 ], [ -93.888821, 29.742234 ], [ -93.873941, 29.73777 ], [ -93.87002, 29.735482 ], [ -93.863204, 29.724059 ], [ -93.838308532873896, 29.691066314996299 ], [ -93.837971, 29.690619 ], [ -93.841431, 29.68782 ], [ -93.840643, 29.685757 ], [ -93.839093, 29.683425 ], [ -93.837725, 29.679024 ], [ -93.839539, 29.678523 ], [ -93.841372, 29.678556 ], [ -93.845158, 29.678819 ], [ -93.852069, 29.679173 ], [ -93.861291, 29.679007 ], [ -93.869848, 29.67942 ], [ -93.896943, 29.681072 ], [ -93.922969, 29.682518 ], [ -93.95256, 29.683344 ], [ -93.9570103378732, 29.682507971751299 ], [ -93.959033, 29.682128 ], [ -93.965068, 29.68277 ], [ -93.984766, 29.682415 ], [ -94.001406, 29.681486 ], [ -94.015347, 29.679666 ], [ -94.038973, 29.675017 ], [ -94.056506, 29.671163 ], [ -94.095762, 29.660524 ], [ -94.11953, 29.652365 ], [ -94.14722, 29.64245 ], [ -94.185011, 29.628299 ], [ -94.218049, 29.615386 ], [ -94.260118, 29.598957 ], [ -94.293726, 29.585373 ], [ -94.354094018520101, 29.5625650084448 ], [ -94.353383, 29.574844 ], [ -94.353948, 29.611497 ], [ -94.354087, 29.620349 ], [ -94.353979, 29.625226 ], [ -94.355489, 29.728608 ], [ -94.355791, 29.748417 ], [ -94.35673, 29.806045 ], [ -94.35703, 29.825482 ], [ -94.357019, 29.826033 ], [ -94.357292, 29.842779 ], [ -94.357976, 29.887464 ], [ -94.440633, 29.88699 ], [ -94.442204, 29.887053 ], [ -94.442235, 29.889538 ], [ -94.491536, 29.889508 ], [ -94.500191, 29.88994 ], [ -94.525217, 29.889621 ], [ -94.534569, 29.889506 ], [ -94.638396, 29.888392 ], [ -94.659943, 29.88812 ], [ -94.695837, 29.887663 ], [ -94.738857, 29.887217 ], [ -94.778794, 29.88672 ], [ -94.787803, 29.886641 ], [ -94.81409, 29.886266 ], [ -94.81604, 29.886231 ], [ -94.82617, 29.886114 ], [ -94.827844, 29.886084 ], [ -94.835474, 29.885992 ], [ -94.85476, 29.885825 ], [ -94.866012, 29.885658 ], [ -94.870287, 29.885584 ], [ -94.872964, 29.885546 ], [ -94.881757, 29.885524 ], [ -94.887154, 29.885474 ], [ -94.890446, 29.885444 ], [ -94.89384, 29.885413 ], [ -94.89461, 29.885407 ], [ -94.894984, 29.885402 ], [ -94.910275, 29.88521 ], [ -94.919554, 29.885134 ], [ -94.934584, 29.884899 ], [ -94.934857, 29.884894 ], [ -94.98146, 29.884276 ], [ -94.984987, 29.889659 ], [ -94.985978, 29.890549 ], [ -94.984364, 29.893244 ], [ -94.984498, 29.894255 ], [ -94.987917, 29.904736 ], [ -94.992869, 29.911871 ], [ -94.993703, 29.912404 ], [ -94.994771, 29.915417 ], [ -94.996446, 29.918106 ], [ -94.998656, 29.919771 ], [ -94.997748, 29.921987 ], [ -94.996512, 29.923769 ], [ -94.995458, 29.924039 ], [ -94.994165, 29.925728 ], [ -94.99306, 29.926031 ], [ -94.992878, 29.927752 ], [ -94.995202, 29.929049 ], [ -94.996144, 29.930082 ], [ -94.995112, 29.936236 ], [ -94.994734, 29.937342 ], [ -94.991971, 29.940758 ], [ -94.987696, 29.952835 ], [ -94.981175, 29.95556 ], [ -94.980645, 29.957083 ], [ -94.982095, 29.964754 ], [ -94.984762, 29.968025 ], [ -94.985531, 29.972536 ], [ -94.985911, 29.973012 ], [ -94.988269, 29.974707 ], [ -94.99542, 29.977826 ], [ -94.995266, 29.979447 ], [ -94.999834, 29.991322 ], [ -95.003148, 29.992328 ], [ -95.017057, 29.995797 ], [ -95.018667, 29.996457 ], [ -95.021908, 29.996909 ], [ -95.024732, 29.996579 ], [ -95.026772, 29.996739 ], [ -95.028668, 29.994634 ], [ -95.031179, 29.993324 ], [ -95.045132, 30.029209 ], [ -95.046215, 30.033181 ], [ -95.04844, 30.038581 ], [ -95.048489, 30.038726 ], [ -95.0496, 30.04149 ], [ -95.072603, 30.103054 ], [ -95.073285, 30.103709 ], [ -95.096708, 30.167214 ], [ -95.098022, 30.171147 ], [ -95.100547, 30.176801 ], [ -95.104005, 30.186549 ], [ -95.105597, 30.190642 ], [ -95.108474, 30.197967 ], [ -95.108639, 30.198408 ], [ -95.108958, 30.199253 ], [ -95.125594, 30.241875 ], [ -95.128946, 30.250212 ], [ -95.129447, 30.250503 ], [ -95.136922, 30.270634 ], [ -95.137255, 30.271502 ], [ -95.140147, 30.27897 ], [ -95.143333, 30.287219 ], [ -95.154531, 30.315832 ], [ -95.154973, 30.316969 ], [ -95.155844, 30.319207 ], [ -95.157493, 30.323473 ], [ -95.162558, 30.336365 ], [ -95.165897, 30.344976 ], [ -95.138369, 30.356589 ], [ -95.132026, 30.359698 ], [ -95.110382, 30.369139 ], [ -95.09825, 30.37461 ], [ -95.081538, 30.38133 ], [ -95.061519, 30.390582 ], [ -95.060512, 30.391015 ], [ -95.060194, 30.391164 ], [ -95.055247, 30.393486 ], [ -95.048056, 30.396863 ], [ -95.03246, 30.404091 ], [ -95.006645, 30.413998 ], [ -94.959046, 30.434992 ], [ -94.947403, 30.440422 ], [ -94.842621, 30.487458 ], [ -94.847722, 30.492557 ], [ -94.849414, 30.493553 ], [ -94.841469, 30.492906 ], [ -94.830421, 30.492453 ], [ -94.783964, 30.489478 ], [ -94.775274, 30.489016 ], [ -94.752627, 30.489624 ], [ -94.732732, 30.490066 ], [ -94.631177, 30.49061 ], [ -94.580972, 30.490829 ], [ -94.537926, 30.491059 ], [ -94.539242, 30.499125 ], [ -94.545717, 30.526977 ], [ -94.500197, 30.526816 ], [ -94.496195, 30.527007 ], [ -94.46042, 30.527021 ], [ -94.449495, 30.527032 ], [ -94.433273, 30.527057 ], [ -94.433155, 30.527056 ], [ -94.400652, 30.526945 ], [ -94.399954, 30.526941 ], [ -94.375193, 30.526848 ], [ -94.375022, 30.526868 ], [ -94.313482, 30.526783 ], [ -94.26409, 30.526761 ], [ -94.251827, 30.526711 ], [ -94.186553, 30.526539 ], [ -94.185871, 30.526484 ], [ -94.071689, 30.526033 ], [ -94.070092, 30.526624 ], [ -94.068322, 30.528322 ], [ -94.06699, 30.531936 ], [ -94.067114, 30.533236 ], [ -94.068715, 30.533926 ], [ -94.071638, 30.533852 ], [ -94.073609, 30.534802 ], [ -94.073686, 30.536264 ], [ -94.070773, 30.538727 ], [ -94.070624, 30.541044 ], [ -94.072628, 30.542923 ], [ -94.074794, 30.543978 ], [ -94.078268, 30.547211 ], [ -94.083744, 30.546423 ], [ -94.08591, 30.547276 ], [ -94.085307, 30.551837 ], [ -94.087334, 30.554274 ], [ -94.087955, 30.555163 ], [ -94.087854, 30.557092 ], [ -94.086467, 30.55826 ], [ -94.086563, 30.559746 ], [ -94.088847, 30.561729 ], [ -94.09111, 30.564222 ], [ -94.093598, 30.566069 ], [ -94.093871, 30.567313 ], [ -94.09196, 30.569464 ], [ -94.089641, 30.569491 ], [ -94.087763, 30.568292 ], [ -94.086455, 30.568313 ], [ -94.085902, 30.569724 ], [ -94.088452, 30.57208 ], [ -94.087935, 30.573799 ], [ -94.08855, 30.575326 ], [ -94.094812, 30.575543 ], [ -94.095864, 30.576781 ], [ -94.095573, 30.577628 ], [ -94.093442, 30.579343 ], [ -94.09313, 30.580675 ], [ -94.093087, 30.584445 ], [ -94.091415, 30.584926 ], [ -94.088791, 30.584403 ], [ -94.086805, 30.584673 ], [ -94.086458, 30.585358 ], [ -94.08716, 30.58842 ], [ -94.086952, 30.589558 ], [ -94.083652, 30.590898 ], [ -94.08245, 30.592115 ], [ -94.083343, 30.593577 ], [ -94.085204, 30.594754 ], [ -94.085868, 30.595894 ], [ -94.085443, 30.59754 ], [ -94.083417, 30.598391 ], [ -94.081889, 30.597653 ], [ -94.079745, 30.597567 ], [ -94.079316, 30.598074 ], [ -94.07836, 30.602569 ], [ -94.079092, 30.604052 ], [ -94.081474, 30.605847 ], [ -94.081199, 30.607227 ], [ -94.07959, 30.608063 ], [ -94.07766, 30.60801 ], [ -94.074294, 30.607218 ], [ -94.072391, 30.607448 ], [ -94.070762, 30.608614 ], [ -94.069704, 30.610695 ], [ -94.069595, 30.612237 ], [ -94.070287, 30.613199 ], [ -94.074931, 30.614729 ], [ -94.076448, 30.615847 ], [ -94.075835, 30.618042 ], [ -94.072574, 30.618971 ], [ -94.069688, 30.6209 ], [ -94.063942, 30.621023 ], [ -94.063021, 30.62148 ], [ -94.062433, 30.624434 ], [ -94.057891, 30.625173 ], [ -94.0586, 30.627433 ], [ -94.057486, 30.629025 ], [ -94.053985, 30.628839 ], [ -94.052964, 30.629785 ], [ -94.055778, 30.632144 ], [ -94.055778, 30.633227 ], [ -94.052742, 30.635126 ], [ -94.051452, 30.636847 ], [ -94.05096, 30.638568 ], [ -94.051562, 30.641792 ], [ -94.054183, 30.646114 ], [ -94.055335, 30.646114 ], [ -94.056235, 30.643577 ], [ -94.058139, 30.643229 ], [ -94.059077, 30.644183 ], [ -94.059839, 30.64697 ], [ -94.058381, 30.648796 ], [ -94.056691, 30.648845 ], [ -94.054581, 30.646988 ], [ -94.053775, 30.647125 ], [ -94.053078, 30.648482 ], [ -94.05593, 30.654647 ], [ -94.057073, 30.655648 ], [ -94.059683, 30.656456 ], [ -94.063902, 30.660382 ], [ -94.064757, 30.662313 ], [ -94.065816, 30.663064 ], [ -94.069475, 30.663095 ], [ -94.072179, 30.664816 ], [ -94.073879, 30.667643 ], [ -94.075821, 30.667271 ], [ -94.07687, 30.666236 ], [ -94.07919, 30.66209 ], [ -94.079543, 30.660838 ], [ -94.078223, 30.659642 ], [ -94.076904, 30.659861 ], [ -94.075744, 30.66109 ], [ -94.074249, 30.661648 ], [ -94.073255, 30.66084 ], [ -94.073839, 30.657996 ], [ -94.073216, 30.655927 ], [ -94.073903, 30.655765 ], [ -94.076802, 30.658059 ], [ -94.07957, 30.658858 ], [ -94.081186, 30.65889 ], [ -94.083878, 30.656901 ], [ -94.085457, 30.656545 ], [ -94.086405, 30.657272 ], [ -94.086535, 30.658912 ], [ -94.083973, 30.661911 ], [ -94.082387, 30.666477 ], [ -94.082425, 30.667656 ], [ -94.083419, 30.668771 ], [ -94.086504, 30.66986 ], [ -94.088112, 30.671476 ], [ -94.089126, 30.673261 ], [ -94.091341, 30.680725 ], [ -94.091391, 30.682325 ], [ -94.090593, 30.684143 ], [ -94.089396, 30.685427 ], [ -94.089369, 30.686978 ], [ -94.091348, 30.688181 ], [ -94.095445, 30.689125 ], [ -94.096941, 30.689157 ], [ -94.100869, 30.687782 ], [ -94.103989, 30.687829 ], [ -94.107771, 30.688361 ], [ -94.110307, 30.6876 ], [ -94.114652, 30.684689 ], [ -94.117459, 30.684994 ], [ -94.120617, 30.68437 ], [ -94.122864, 30.682873 ], [ -94.124202, 30.682824 ], [ -94.125824, 30.684052 ], [ -94.126006, 30.686663 ], [ -94.12378, 30.689369 ], [ -94.123707, 30.690953 ], [ -94.124378, 30.693336 ], [ -94.12285, 30.698734 ], [ -94.123038, 30.700891 ], [ -94.124201, 30.702506 ], [ -94.127357, 30.704357 ], [ -94.129123, 30.7058 ], [ -94.130843, 30.708365 ], [ -94.133317, 30.710845 ], [ -94.137397, 30.714283 ], [ -94.135774, 30.716582 ], [ -94.12983, 30.71852 ], [ -94.129496, 30.719447 ], [ -94.130898, 30.722042 ], [ -94.131154, 30.724871 ], [ -94.133352, 30.727092 ], [ -94.138029, 30.730324 ], [ -94.138229, 30.731909 ], [ -94.135479, 30.735178 ], [ -94.134427, 30.739283 ], [ -94.128732, 30.744648 ], [ -94.128232, 30.746505 ], [ -94.129598, 30.750862 ], [ -94.130541, 30.751868 ], [ -94.134319, 30.751158 ], [ -94.136094, 30.751706 ], [ -94.137559, 30.752827 ], [ -94.139896, 30.75589 ], [ -94.139325, 30.75768 ], [ -94.136406, 30.759581 ], [ -94.133526, 30.762589 ], [ -94.132823, 30.764612 ], [ -94.133856, 30.766285 ], [ -94.135364, 30.767643 ], [ -94.137413, 30.770736 ], [ -94.142232, 30.77192 ], [ -94.142688, 30.77344 ], [ -94.139493, 30.777528 ], [ -94.139803, 30.779118 ], [ -94.141479, 30.782777 ], [ -94.143647, 30.785145 ], [ -94.150119, 30.790203 ], [ -94.152558, 30.790641 ], [ -94.157197, 30.789547 ], [ -94.158762, 30.789545 ], [ -94.16172, 30.790438 ], [ -94.163882, 30.790455 ], [ -94.165564, 30.791213 ], [ -94.168504, 30.793445 ], [ -94.176005, 30.793854 ], [ -94.179343, 30.794974 ], [ -94.180235, 30.795648 ], [ -94.181469, 30.797802 ], [ -94.179414, 30.798746 ], [ -94.178888, 30.801021 ], [ -94.181283, 30.802476 ], [ -94.182037, 30.804248 ], [ -94.181128, 30.80799 ], [ -94.178097, 30.809827 ], [ -94.177802, 30.812321 ], [ -94.178463, 30.81242 ], [ -94.180845, 30.810129 ], [ -94.183642, 30.811561 ], [ -94.184623, 30.812752 ], [ -94.184439, 30.815392 ], [ -94.184955, 30.816435 ], [ -94.188661, 30.817136 ], [ -94.189074, 30.818155 ], [ -94.187732, 30.824311 ], [ -94.185598, 30.824101 ], [ -94.179922, 30.82231 ], [ -94.178332, 30.823127 ], [ -94.178327, 30.824024 ], [ -94.181713, 30.82516 ], [ -94.182236, 30.826655 ], [ -94.180233, 30.827964 ], [ -94.179433, 30.829139 ], [ -94.180714, 30.830138 ], [ -94.185177, 30.830543 ], [ -94.185936, 30.831362 ], [ -94.185431, 30.833144 ], [ -94.184286, 30.834399 ], [ -94.180758, 30.833497 ], [ -94.18014, 30.833971 ], [ -94.181324, 30.835575 ], [ -94.183817, 30.836457 ], [ -94.189903, 30.836828 ], [ -94.191342, 30.838109 ], [ -94.191488, 30.840064 ], [ -94.193717, 30.841526 ], [ -94.19358, 30.842729 ], [ -94.191923, 30.843845 ], [ -94.192025, 30.845484 ], [ -94.194408, 30.847649 ], [ -94.19701, 30.85084 ], [ -94.198037, 30.853293 ], [ -94.198143, 30.853807 ], [ -94.197976, 30.856157 ], [ -94.197756, 30.856733 ], [ -94.196891, 30.859746 ], [ -94.19827, 30.861552 ], [ -94.19988, 30.862156 ], [ -94.200963, 30.863533 ], [ -94.200372, 30.864185 ], [ -94.197591, 30.864384 ], [ -94.19387, 30.863644 ], [ -94.193167, 30.865085 ], [ -94.194754, 30.866343 ], [ -94.195117, 30.868097 ], [ -94.194426, 30.869709 ], [ -94.190368, 30.87143 ], [ -94.189945, 30.872001 ], [ -94.190454, 30.872601 ], [ -94.195482, 30.872475 ], [ -94.198487, 30.873778 ], [ -94.199074, 30.8752 ], [ -94.196143, 30.87568 ], [ -94.194274, 30.876637 ], [ -94.193749, 30.877598 ], [ -94.194331, 30.879587 ], [ -94.195838, 30.881078 ], [ -94.200079, 30.882713 ], [ -94.202836, 30.884376 ], [ -94.205061, 30.886475 ], [ -94.205475, 30.888488 ], [ -94.204923, 30.889109 ], [ -94.201254, 30.889342 ], [ -94.200244, 30.890083 ], [ -94.200033, 30.892055 ], [ -94.201345, 30.893416 ], [ -94.204764, 30.895712 ], [ -94.207132, 30.896711 ], [ -94.208796, 30.898833 ], [ -94.215213, 30.9004 ], [ -94.215928, 30.901533 ], [ -94.214415, 30.905587 ], [ -94.213969, 30.907962 ], [ -94.212863, 30.909745 ], [ -94.211125, 30.910767 ], [ -94.207722, 30.909369 ], [ -94.20703, 30.909917 ], [ -94.206921, 30.911945 ], [ -94.204991, 30.914624 ], [ -94.204536, 30.917128 ], [ -94.206583, 30.919307 ], [ -94.208237, 30.922002 ], [ -94.208105, 30.922624 ], [ -94.205525, 30.923983 ], [ -94.203445, 30.926694 ], [ -94.199895, 30.927719 ], [ -94.199435, 30.928324 ], [ -94.199891, 30.929157 ], [ -94.204315, 30.929363 ], [ -94.20591, 30.929819 ], [ -94.207473, 30.931512 ], [ -94.206479, 30.933175 ], [ -94.204293, 30.933622 ], [ -94.203525, 30.934703 ], [ -94.206871, 30.936619 ], [ -94.210018, 30.938024 ], [ -94.211182, 30.937356 ], [ -94.212592, 30.9348 ], [ -94.215803, 30.934231 ], [ -94.220031, 30.934799 ], [ -94.220991, 30.935318 ], [ -94.222284, 30.937067 ], [ -94.221206, 30.938842 ], [ -94.220791, 30.940579 ], [ -94.221821, 30.942941 ], [ -94.222575, 30.947073 ], [ -94.223797, 30.947658 ], [ -94.224808, 30.946674 ], [ -94.224183, 30.942745 ], [ -94.224852, 30.940507 ], [ -94.225657, 30.939806 ], [ -94.228607, 30.939716 ], [ -94.228904, 30.94067 ], [ -94.227851, 30.943311 ], [ -94.228166, 30.944338 ], [ -94.23033, 30.945264 ], [ -94.23123, 30.947335 ], [ -94.227761, 30.949323 ], [ -94.226992, 30.950437 ], [ -94.228147, 30.951531 ], [ -94.232473, 30.9512 ], [ -94.233656, 30.951721 ], [ -94.233551, 30.952803 ], [ -94.230891, 30.956006 ], [ -94.228106, 30.956679 ], [ -94.227851, 30.957792 ], [ -94.229866, 30.958686 ], [ -94.233776, 30.9596 ], [ -94.238416, 30.960095 ], [ -94.243218, 30.963378 ], [ -94.244725, 30.965951 ], [ -94.245038, 30.967641 ], [ -94.244102, 30.968657 ], [ -94.239998, 30.97058 ], [ -94.239409, 30.973875 ], [ -94.241526, 30.978835 ], [ -94.243083, 30.98043 ], [ -94.243871, 30.982889 ], [ -94.242613, 30.988874 ], [ -94.241559, 30.990986 ], [ -94.241382, 30.992474 ], [ -94.239942, 30.992787 ], [ -94.239314, 30.991999 ], [ -94.241181, 30.989864 ], [ -94.241249, 30.989104 ], [ -94.238955, 30.987702 ], [ -94.234235, 30.985916 ], [ -94.233075, 30.986342 ], [ -94.233111, 30.990617 ], [ -94.235296, 30.99663 ], [ -94.237518, 31.000563 ], [ -94.239781, 31.002884 ], [ -94.240613, 31.005157 ], [ -94.240816, 31.008208 ], [ -94.240219, 31.010103 ], [ -94.238095, 31.013146 ], [ -94.238424, 31.013705 ], [ -94.240559, 31.013253 ], [ -94.243091, 31.01178 ], [ -94.245392, 31.011279 ], [ -94.246848, 31.012031 ], [ -94.248576, 31.015523 ], [ -94.250001, 31.017159 ], [ -94.252298, 31.018931 ], [ -94.256806, 31.018466 ], [ -94.259025, 31.019771 ], [ -94.260805, 31.020003 ], [ -94.264841, 31.019542 ], [ -94.267664, 31.018453 ], [ -94.269905, 31.019305 ], [ -94.273476, 31.016616 ], [ -94.277204, 31.0175 ], [ -94.279926, 31.017692 ], [ -94.281222, 31.018382 ], [ -94.283062, 31.021096 ], [ -94.284447, 31.024376 ], [ -94.285269, 31.024852 ], [ -94.286324, 31.027136 ], [ -94.286086, 31.029621 ], [ -94.284458, 31.033274 ], [ -94.282773, 31.036101 ], [ -94.285413, 31.039572 ], [ -94.286348, 31.040359 ], [ -94.289225, 31.041267 ], [ -94.292119, 31.042768 ], [ -94.29319, 31.04282 ], [ -94.295352, 31.041814 ], [ -94.299193, 31.041651 ], [ -94.299138, 31.040246 ], [ -94.297808, 31.036403 ], [ -94.298526, 31.034586 ], [ -94.307833, 31.028403 ], [ -94.309383, 31.027685 ], [ -94.311383, 31.025479 ], [ -94.315016, 31.023352 ], [ -94.318978, 31.022841 ], [ -94.322685, 31.020805 ], [ -94.325084, 31.019968 ], [ -94.328838, 31.022069 ], [ -94.330345, 31.024801 ], [ -94.333579, 31.026672 ], [ -94.334703, 31.028596 ], [ -94.337354, 31.030192 ], [ -94.336392, 31.033996 ], [ -94.337017, 31.035941 ], [ -94.338759, 31.037328 ], [ -94.33972, 31.037318 ], [ -94.342295, 31.036073 ], [ -94.34405, 31.035805 ], [ -94.344686, 31.037173 ], [ -94.342686, 31.038083 ], [ -94.342776, 31.039316 ], [ -94.344214, 31.039753 ], [ -94.34866, 31.038115 ], [ -94.353782, 31.039371 ], [ -94.355342, 31.03692 ], [ -94.353031, 31.035025 ], [ -94.35465, 31.032166 ], [ -94.355885, 31.03231 ], [ -94.356506, 31.033927 ], [ -94.35811, 31.034534 ], [ -94.361553, 31.033155 ], [ -94.363749, 31.033319 ], [ -94.370255, 31.030628 ], [ -94.374686, 31.031111 ], [ -94.374852, 31.032685 ], [ -94.37416, 31.034972 ], [ -94.374997, 31.035314 ], [ -94.376492, 31.034795 ], [ -94.379194, 31.032188 ], [ -94.380242, 31.028246 ], [ -94.382402, 31.026413 ], [ -94.383616, 31.026711 ], [ -94.383733, 31.028958 ], [ -94.386052, 31.029299 ], [ -94.386154, 31.026044 ], [ -94.389262, 31.026559 ], [ -94.390778, 31.027182 ], [ -94.392411, 31.028591 ], [ -94.396936, 31.028798 ], [ -94.39634, 31.025788 ], [ -94.399638, 31.025019 ], [ -94.401101, 31.025316 ], [ -94.402973, 31.027032 ], [ -94.404283, 31.027329 ], [ -94.413814, 31.026493 ], [ -94.415895, 31.025154 ], [ -94.418303, 31.024323 ], [ -94.419788, 31.022058 ], [ -94.42333, 31.021855 ], [ -94.425506, 31.021154 ], [ -94.426926, 31.019566 ], [ -94.427491, 31.016196 ], [ -94.432429, 31.01424 ], [ -94.435988, 31.013761 ], [ -94.435501, 31.012233 ], [ -94.432219, 31.013217 ], [ -94.432702, 31.011147 ], [ -94.435247, 31.011045 ], [ -94.435139, 31.009456 ], [ -94.433745, 31.008521 ], [ -94.434305, 31.006924 ], [ -94.438491, 31.005799 ], [ -94.444223, 31.005223 ], [ -94.448535, 31.003291 ], [ -94.451127, 31.003445 ], [ -94.450499, 31.005482 ], [ -94.452663, 31.005384 ], [ -94.45327, 31.006237 ], [ -94.450803, 31.009445 ], [ -94.450189, 31.012323 ], [ -94.450874, 31.01482 ], [ -94.450234, 31.018813 ], [ -94.448075, 31.021287 ], [ -94.446332, 31.022604 ], [ -94.442293, 31.029981 ], [ -94.443975, 31.032394 ], [ -94.444212, 31.034037 ], [ -94.445386, 31.034426 ], [ -94.446969, 31.033098 ], [ -94.449481, 31.033477 ], [ -94.451425, 31.031457 ], [ -94.455127, 31.031635 ], [ -94.458733, 31.030183 ], [ -94.460167, 31.03092 ], [ -94.45826, 31.03203 ], [ -94.457816, 31.033325 ], [ -94.457805, 31.033332 ], [ -94.404598, 31.044027 ], [ -94.323247, 31.060773 ], [ -94.308172, 31.063825 ], [ -94.276572, 31.070169 ], [ -94.238741, 31.077724 ], [ -94.19296, 31.086854 ], [ -94.129632, 31.09928 ], [ -94.074544, 31.110186 ], [ -94.065463, 31.11199 ], [ -94.064133, 31.112255 ], [ -94.062864, 31.11491 ], [ -94.062255, 31.114853 ], [ -94.062302, 31.112414 ], [ -94.061092, 31.113932 ], [ -94.06077, 31.112635 ], [ -94.059145, 31.113249 ], [ -94.058293, 31.111751 ], [ -94.057178, 31.112647 ], [ -94.05635, 31.11182 ], [ -94.055715, 31.112659 ], [ -94.057794, 31.113286 ], [ -94.057081, 31.11427 ], [ -94.055078, 31.113643 ], [ -94.055025, 31.114458 ], [ -94.050905, 31.114609 ], [ -94.050571, 31.115904 ], [ -94.04827, 31.11562 ], [ -94.048649, 31.116862 ], [ -94.047274, 31.117674 ], [ -94.045719, 31.116609 ], [ -94.045479, 31.118343 ], [ -94.043234, 31.118552 ], [ -94.042298, 31.119435 ], [ -94.042292, 31.121203 ], [ -94.040379, 31.123148 ], [ -94.041111, 31.12567 ], [ -94.038724, 31.126973 ], [ -94.037797, 31.129398 ], [ -94.039801, 31.130448 ], [ -94.039034, 31.134271 ], [ -93.984878, 31.144267 ], [ -93.911126, 31.158071 ], [ -93.846214, 31.161859 ], [ -93.796586, 31.164714 ], [ -93.734247, 31.168281 ], [ -93.616445, 31.175239 ], [ -93.615067, 31.17532 ], [ -93.610568, 31.175562 ], [ -93.600308, 31.176158 ], [ -93.598828, 31.174679 ], [ -93.588503, 31.165581 ], [ -93.579215, 31.167422 ], [ -93.569563, 31.177574 ], [ -93.567121465137504, 31.1789641453718 ], [ -93.567103377230694, 31.178974444147499 ], [ -93.560943, 31.182482 ], [ -93.552649, 31.185575 ], [ -93.552539949444096, 31.185605093025899 ], [ -93.548931, 31.186601 ], [ -93.545266, 31.183899 ], [ -93.541819, 31.183201 ], [ -93.53928, 31.183547 ], [ -93.535097, 31.185614 ], [ -93.533307, 31.184463 ], [ -93.531744, 31.180817 ], [ -93.531437, 31.178953 ], [ -93.532807, 31.174265 ], [ -93.535953, 31.172409 ], [ -93.542387, 31.171592 ], [ -93.543061, 31.170658 ], [ -93.542406, 31.168488 ], [ -93.538977, 31.16515 ], [ -93.536412, 31.160387 ], [ -93.536481, 31.158471 ], [ -93.540164, 31.156054 ], [ -93.546372, 31.156599 ], [ -93.5487, 31.155839 ], [ -93.548515, 31.148502 ], [ -93.546102, 31.143354 ], [ -93.544702, 31.135889 ], [ -93.537991, 31.126746 ], [ -93.5397, 31.114449 ], [ -93.545175, 31.111785 ], [ -93.548696, 31.106035 ], [ -93.548632, 31.101203 ], [ -93.549254, 31.100136 ], [ -93.559098, 31.097368 ], [ -93.56268, 31.097599 ], [ -93.563472, 31.093989 ], [ -93.559068, 31.091778 ], [ -93.556641, 31.087435 ], [ -93.553201, 31.088122 ], [ -93.551106, 31.090811 ], [ -93.549278, 31.090308 ], [ -93.548438, 31.088514 ], [ -93.5518, 31.084536 ], [ -93.552205, 31.078931 ], [ -93.540129, 31.078003 ], [ -93.532627, 31.074552 ], [ -93.527747, 31.07457 ], [ -93.527168, 31.073189 ], [ -93.528957, 31.069831 ], [ -93.525131, 31.066551 ], [ -93.520744, 31.066127 ], [ -93.519797915403402, 31.0648481398078 ], [ -93.519422, 31.06434 ], [ -93.518912, 31.061863 ], [ -93.521145, 31.057275 ], [ -93.529256, 31.057567 ], [ -93.532069, 31.055264 ], [ -93.531219, 31.051678 ], [ -93.526508, 31.04736 ], [ -93.523509, 31.046173 ], [ -93.519961, 31.045168 ], [ -93.518899, 31.043736 ], [ -93.519941, 31.041876 ], [ -93.521932, 31.041413 ], [ -93.524048, 31.04152 ], [ -93.524904, 31.039947 ], [ -93.524739, 31.039007 ], [ -93.521598, 31.036301 ], [ -93.514975, 31.034864 ], [ -93.508292, 31.032352 ], [ -93.50846, 31.029441 ], [ -93.514924, 31.025696 ], [ -93.522314, 31.020098 ], [ -93.524522, 31.019642 ], [ -93.531578, 31.020191 ], [ -93.53343, 31.018971 ], [ -93.539141, 31.008292 ], [ -93.540429, 31.007808 ], [ -93.54268, 31.008224 ], [ -93.54576, 31.010033 ], [ -93.548498, 31.010258 ], [ -93.551466, 31.009237 ], [ -93.554462, 31.004364 ], [ -93.555927, 31.003744 ], [ -93.561173, 31.007764 ], [ -93.565631, 31.013156 ], [ -93.567548, 31.012672 ], [ -93.571465, 31.009599 ], [ -93.572819, 31.007471 ], [ -93.573044, 31.004712 ], [ -93.574588, 31.002363 ], [ -93.578207, 30.999995 ], [ -93.575116, 30.994647 ], [ -93.573365, 30.991828 ], [ -93.568948, 30.990674 ], [ -93.566208, 30.990714 ], [ -93.564289, 30.989601 ], [ -93.56411, 30.988012 ], [ -93.565881, 30.98518 ], [ -93.566478, 30.981318 ], [ -93.567972, 30.977981 ], [ -93.569295, 30.976191 ], [ -93.572798, 30.974724 ], [ -93.574332, 30.973708 ], [ -93.574024, 30.972249 ], [ -93.572823, 30.970723 ], [ -93.568441, 30.9691 ], [ -93.564841, 30.969527 ], [ -93.560533, 30.971286 ], [ -93.556106, 30.968639 ], [ -93.55354, 30.967374 ], [ -93.549841, 30.967118 ], [ -93.547314, 30.964755 ], [ -93.546327, 30.957802 ], [ -93.542668, 30.956694 ], [ -93.539274, 30.95652 ], [ -93.534628, 30.957998 ], [ -93.531758, 30.958217 ], [ -93.530927, 30.957114 ], [ -93.530507, 30.955738 ], [ -93.530534, 30.954578 ], [ -93.532217, 30.951837 ], [ -93.532555, 30.950702 ], [ -93.532367, 30.948977 ], [ -93.529814, 30.942172 ], [ -93.526439, 30.939375 ], [ -93.526013, 30.937535 ], [ -93.527262, 30.935634 ], [ -93.527777, 30.932847 ], [ -93.526147, 30.930035 ], [ -93.530936, 30.924534 ], [ -93.543212, 30.920133 ], [ -93.542073, 30.925849 ], [ -93.545166, 30.927059 ], [ -93.549549, 30.923753 ], [ -93.550731998706098, 30.921228313668198 ], [ -93.551942, 30.918646 ], [ -93.554917, 30.915737 ], [ -93.558375, 30.913537 ], [ -93.558539, 30.911392 ], [ -93.555345, 30.909348 ], [ -93.555046842404593, 30.909187542613601 ], [ -93.553026, 30.9081 ], [ -93.553995, 30.902773 ], [ -93.553116, 30.901053 ], [ -93.550476, 30.900526 ], [ -93.548623, 30.899894 ], [ -93.548643, 30.898622 ], [ -93.549202, 30.897439 ], [ -93.552475, 30.896704 ], [ -93.557806, 30.896746 ], [ -93.562872, 30.895617 ], [ -93.566316, 30.894839 ], [ -93.568158, 30.893374 ], [ -93.568743, 30.891857 ], [ -93.5699, 30.890603 ], [ -93.572957, 30.88757 ], [ -93.57408, 30.884529 ], [ -93.573493, 30.88267 ], [ -93.570824, 30.87558 ], [ -93.564795, 30.875675 ], [ -93.562937, 30.872804 ], [ -93.564137, 30.868556 ], [ -93.559142, 30.869937 ], [ -93.558770115298799, 30.8687666728907 ], [ -93.558455, 30.867775 ], [ -93.561545, 30.861379 ], [ -93.561911, 30.858332 ], [ -93.559653, 30.855608 ], [ -93.55792, 30.854299 ], [ -93.557314, 30.852081 ], [ -93.564101, 30.846744 ], [ -93.568482, 30.845125 ], [ -93.56797, 30.843026 ], [ -93.563494, 30.842049 ], [ -93.558172, 30.839974 ], [ -93.553626, 30.83514 ], [ -93.553104, 30.833111 ], [ -93.55716, 30.828761 ], [ -93.556179, 30.826387 ], [ -93.554057, 30.824941 ], [ -93.554645, 30.823249 ], [ -93.557842, 30.821015 ], [ -93.561912, 30.819459 ], [ -93.564164, 30.817541 ], [ -93.563763, 30.813606 ], [ -93.560707, 30.809639 ], [ -93.561349, 30.807577 ], [ -93.563243, 30.806218 ], [ -93.569303, 30.802969 ], [ -93.574677, 30.801373 ], [ -93.578395, 30.802047 ], [ -93.582229, 30.803117 ], [ -93.583775, 30.801779 ], [ -93.584265, 30.796663 ], [ -93.5837729089926, 30.7955760134573 ], [ -93.583188, 30.794284 ], [ -93.581388, 30.791627 ], [ -93.581921, 30.788979 ], [ -93.583693, 30.787762 ], [ -93.58716, 30.787859 ], [ -93.588939, 30.78755 ], [ -93.589381, 30.786676 ], [ -93.586956, 30.782895 ], [ -93.58445, 30.781164 ], [ -93.583354, 30.779408 ], [ -93.583165, 30.778596 ], [ -93.58387, 30.777048 ], [ -93.587143, 30.776815 ], [ -93.589896, 30.77776 ], [ -93.591731, 30.776664 ], [ -93.592714, 30.775095 ], [ -93.593505, 30.772275 ], [ -93.59156, 30.767228 ], [ -93.592101, 30.763675 ], [ -93.600811, 30.762193 ], [ -93.604969, 30.761984 ], [ -93.606316, 30.761042 ], [ -93.606241, 30.759397 ], [ -93.606785, 30.758157 ], [ -93.609178, 30.75726 ], [ -93.610065, 30.757529 ], [ -93.611015, 30.75898 ], [ -93.61162, 30.760031 ], [ -93.613474, 30.76085 ], [ -93.614448, 30.75987 ], [ -93.614575, 30.758159 ], [ -93.614777, 30.756064 ], [ -93.612368, 30.753896 ], [ -93.610354, 30.750591 ], [ -93.608344, 30.747835 ], [ -93.608540281314404, 30.747136310550601 ], [ -93.608654023715602, 30.746731429342798 ], [ -93.608998, 30.745507 ], [ -93.609946, 30.744649 ], [ -93.614888, 30.744321 ], [ -93.617753, 30.743252 ], [ -93.61913, 30.741997 ], [ -93.618981, 30.740265 ], [ -93.617688, 30.738479 ], [ -93.61282, 30.736707 ], [ -93.610645, 30.734279 ], [ -93.609719, 30.729182 ], [ -93.609544, 30.723139 ], [ -93.611192, 30.718053 ], [ -93.612809, 30.71657 ], [ -93.614771, 30.719864 ], [ -93.616178, 30.718775 ], [ -93.617229, 30.71858 ], [ -93.616184, 30.71398 ], [ -93.616437, 30.712388 ], [ -93.619655, 30.708939 ], [ -93.620774, 30.704122 ], [ -93.621809, 30.702762 ], [ -93.624466, 30.701083 ], [ -93.624587, 30.699543 ], [ -93.623804, 30.69797 ], [ -93.62282, 30.69711 ], [ -93.621224, 30.696243 ], [ -93.620379, 30.695046 ], [ -93.620434, 30.694238 ], [ -93.625377, 30.689711 ], [ -93.626647, 30.688357 ], [ -93.627228, 30.687412 ], [ -93.627709, 30.683731 ], [ -93.629904, 30.67994 ], [ -93.63616, 30.676115 ], [ -93.638213, 30.673058 ], [ -93.645364, 30.673394 ], [ -93.646623, 30.671435 ], [ -93.646847, 30.668727 ], [ -93.648252, 30.667781 ], [ -93.65319, 30.670386 ], [ -93.654971, 30.670184 ], [ -93.659745, 30.662052 ], [ -93.661251, 30.661203 ], [ -93.66456, 30.661725 ], [ -93.667657, 30.660506 ], [ -93.670354, 30.658034 ], [ -93.6705045501743, 30.6567140600995 ], [ -93.670569, 30.656149 ], [ -93.670111, 30.653839 ], [ -93.670536, 30.652626 ], [ -93.673838, 30.651297 ], [ -93.674134, 30.648686 ], [ -93.6786, 30.64419 ], [ -93.681086, 30.643108 ], [ -93.6831, 30.640763 ], [ -93.682868, 30.639346 ], [ -93.680661, 30.636499 ], [ -93.680470988261902, 30.635246158377001 ], [ -93.680415, 30.634877 ], [ -93.681763, 30.633033 ], [ -93.683819, 30.632578 ], [ -93.684715, 30.63081 ], [ -93.683887, 30.6286 ], [ -93.685121, 30.625201 ], [ -93.6821792174281, 30.620853450993501 ], [ -93.681959, 30.620528 ], [ -93.681983, 30.618584 ], [ -93.685702, 30.616418 ], [ -93.686905, 30.613757 ], [ -93.689134, 30.611406 ], [ -93.688658, 30.610526 ], [ -93.68742, 30.609742 ], [ -93.684396, 30.609181 ], [ -93.683397, 30.608041 ], [ -93.682524, 30.604264 ], [ -93.679235, 30.599765 ], [ -93.678662, 30.594097 ], [ -93.679609, 30.593402 ], [ -93.682829, 30.593681 ], [ -93.685066, 30.592086 ], [ -93.685117, 30.586614 ], [ -93.68811, 30.585658 ], [ -93.692222, 30.585706 ], [ -93.691751, 30.587959 ], [ -93.68937, 30.589119 ], [ -93.687804, 30.590138 ], [ -93.689534, 30.592759 ], [ -93.692869, 30.594382 ], [ -93.700828, 30.591983 ], [ -93.703297, 30.588773 ], [ -93.706034, 30.588035 ], [ -93.709985, 30.588875 ], [ -93.712454, 30.588479 ], [ -93.7136, 30.587406 ], [ -93.714032, 30.580284 ], [ -93.716821, 30.57786 ], [ -93.717911, 30.577767 ], [ -93.720477, 30.58036 ], [ -93.721936, 30.580324 ], [ -93.727844, 30.57407 ], [ -93.728184, 30.57287 ], [ -93.726194, 30.569866 ], [ -93.726423, 30.568105 ], [ -93.727746, 30.566487 ], [ -93.724799, 30.562771 ], [ -93.723945, 30.559224 ], [ -93.725958, 30.556652 ], [ -93.731068, 30.553336 ], [ -93.731379, 30.551375 ], [ -93.728763, 30.546438 ], [ -93.729179, 30.544851 ], [ -93.734801, 30.541731 ], [ -93.739101, 30.540827 ], [ -93.740253, 30.539569 ], [ -93.739494, 30.538038 ], [ -93.736592, 30.537196 ], [ -93.73285, 30.536633 ], [ -93.732209, 30.535805 ], [ -93.733778, 30.531396 ], [ -93.731834, 30.529144 ], [ -93.727721, 30.525671 ], [ -93.725879, 30.525054 ], [ -93.720484, 30.524328 ], [ -93.719034, 30.521062 ], [ -93.716473, 30.519231 ], [ -93.714322, 30.518562 ], [ -93.71082, 30.517725 ], [ -93.710604, 30.515922 ], [ -93.710346, 30.513166 ], [ -93.711551, 30.511962 ], [ -93.711705, 30.510754 ], [ -93.709521, 30.510697 ], [ -93.707254, 30.511389 ], [ -93.706507, 30.50991 ], [ -93.706809, 30.507069 ], [ -93.709726, 30.506511 ], [ -93.715145, 30.501268 ], [ -93.714124, 30.499997 ], [ -93.708536, 30.500397 ], [ -93.708669, 30.499124 ], [ -93.710395, 30.497411 ], [ -93.714495, 30.497701 ], [ -93.716678, 30.494006 ], [ -93.714887140840801, 30.491569620819298 ], [ -93.711995, 30.487635 ], [ -93.710247, 30.486253 ], [ -93.709478, 30.484015 ], [ -93.709763, 30.482649 ], [ -93.711727, 30.482299 ], [ -93.713178, 30.483398 ], [ -93.71483, 30.485235 ], [ -93.716096, 30.485093 ], [ -93.717421, 30.483822 ], [ -93.716765, 30.481941 ], [ -93.713327, 30.479009 ], [ -93.710519, 30.475498 ], [ -93.71124, 30.472734 ], [ -93.712226, 30.470627 ], [ -93.711854, 30.469437 ], [ -93.706377, 30.466904 ], [ -93.702396, 30.461735 ], [ -93.699036, 30.458805 ], [ -93.699447, 30.457913 ], [ -93.706339, 30.458141 ], [ -93.706936, 30.455341 ], [ -93.702103, 30.449759 ], [ -93.703802, 30.447756 ], [ -93.70744, 30.445933 ], [ -93.706945, 30.443994 ], [ -93.704633, 30.443118 ], [ -93.700836, 30.444915 ], [ -93.698306, 30.444928 ], [ -93.697828, 30.443838 ], [ -93.6978, 30.440583 ], [ -93.699277, 30.437376 ], [ -93.702023, 30.436307 ], [ -93.704154, 30.434353 ], [ -93.702368, 30.430922 ], [ -93.702665, 30.429947 ], [ -93.704678, 30.429477 ], [ -93.708255, 30.430252 ], [ -93.711254, 30.433149 ], [ -93.712747, 30.433175 ], [ -93.714039, 30.429729 ], [ -93.716472, 30.428442 ], [ -93.716369, 30.424755 ], [ -93.717062, 30.423114 ], [ -93.719178, 30.422722 ], [ -93.719799, 30.426803 ], [ -93.722953, 30.432097 ], [ -93.726824, 30.429675 ], [ -93.726834, 30.423642 ], [ -93.722314, 30.420729 ], [ -93.722749, 30.419557 ], [ -93.72671, 30.419392 ], [ -93.727548, 30.41872 ], [ -93.727871, 30.4177 ], [ -93.727551, 30.416526 ], [ -93.728023, 30.414675 ], [ -93.728721, 30.413547 ], [ -93.730608, 30.41333 ], [ -93.731988, 30.413878 ], [ -93.732988, 30.415128 ], [ -93.733917, 30.414935 ], [ -93.734882, 30.41283 ], [ -93.734806, 30.409201 ], [ -93.734892, 30.408339 ], [ -93.735626, 30.406856 ], [ -93.738273, 30.403963 ], [ -93.741679, 30.402975 ], [ -93.74185, 30.401377 ], [ -93.742037, 30.400515 ], [ -93.743595, 30.399436 ], [ -93.745498, 30.398747 ], [ -93.745333, 30.397022 ], [ -93.745971, 30.396478 ], [ -93.748616, 30.396819 ], [ -93.751437, 30.396288 ], [ -93.751997, 30.395753 ], [ -93.752242, 30.393415 ], [ -93.753304, 30.392225 ], [ -93.756773, 30.391156 ], [ -93.757654, 30.390423 ], [ -93.758753, 30.387892 ], [ -93.758466, 30.384033 ], [ -93.758350640744396, 30.383725526160202 ], [ -93.755152, 30.3752 ], [ -93.755894, 30.370709 ], [ -93.757264, 30.364282 ], [ -93.751744, 30.361046 ], [ -93.756352, 30.356166 ], [ -93.761539, 30.35223 ], [ -93.758117, 30.349524 ], [ -93.763022, 30.344147 ], [ -93.758922, 30.338547 ], [ -93.765822, 30.333318 ], [ -93.765742344593093, 30.3331596612176 ], [ -93.764265, 30.330223 ], [ -93.75556, 30.329579 ], [ -93.75604, 30.325706 ], [ -93.751043, 30.320943 ], [ -93.749863, 30.314383 ], [ -93.744211, 30.310681 ], [ -93.743941, 30.304032 ], [ -93.738699, 30.303794 ], [ -93.734228, 30.298813 ], [ -93.72422, 30.295134 ], [ -93.718684, 30.29501 ], [ -93.714319, 30.294282 ], [ -93.712908, 30.287939 ], [ -93.704584, 30.289949 ], [ -93.704633699924202, 30.289733867819201 ], [ -93.704643417163695, 30.289691805563301 ], [ -93.705716, 30.285049 ], [ -93.706608, 30.281187 ], [ -93.70719, 30.275513 ], [ -93.709132, 30.271827 ], [ -93.708594, 30.265503 ], [ -93.703162, 30.260008 ], [ -93.707638, 30.254257 ], [ -93.707271, 30.249937 ], [ -93.705374, 30.247023 ], [ -93.705158559681095, 30.243860987621801 ], [ -93.705083, 30.242752 ] ] ] } },
{ "type": "Feature", "properties": { "FederalDivisionName": "Lufkin", "FederalJudicialDistrict": "Eastern" }, "geometry": { "type": "Polygon", "coordinates": [ [ [ -94.45826, 31.03203 ], [ -94.460167, 31.03092 ], [ -94.458733, 31.030183 ], [ -94.455127, 31.031635 ], [ -94.451425, 31.031457 ], [ -94.449481, 31.033477 ], [ -94.446969, 31.033098 ], [ -94.445386, 31.034426 ], [ -94.444212, 31.034037 ], [ -94.443975, 31.032394 ], [ -94.442293, 31.029981 ], [ -94.446332, 31.022604 ], [ -94.448075, 31.021287 ], [ -94.450234, 31.018813 ], [ -94.450874, 31.01482 ], [ -94.450189, 31.012323 ], [ -94.450803, 31.009445 ], [ -94.45327, 31.006237 ], [ -94.452663, 31.005384 ], [ -94.450499, 31.005482 ], [ -94.451127, 31.003445 ], [ -94.448535, 31.003291 ], [ -94.444223, 31.005223 ], [ -94.438491, 31.005799 ], [ -94.434305, 31.006924 ], [ -94.433745, 31.008521 ], [ -94.435139, 31.009456 ], [ -94.435247, 31.011045 ], [ -94.432702, 31.011147 ], [ -94.432219, 31.013217 ], [ -94.435501, 31.012233 ], [ -94.435988, 31.013761 ], [ -94.432429, 31.01424 ], [ -94.427491, 31.016196 ], [ -94.426926, 31.019566 ], [ -94.425506, 31.021154 ], [ -94.42333, 31.021855 ], [ -94.419788, 31.022058 ], [ -94.418303, 31.024323 ], [ -94.415895, 31.025154 ], [ -94.413814, 31.026493 ], [ -94.404283, 31.027329 ], [ -94.402973, 31.027032 ], [ -94.401101, 31.025316 ], [ -94.399638, 31.025019 ], [ -94.39634, 31.025788 ], [ -94.396936, 31.028798 ], [ -94.392411, 31.028591 ], [ -94.390778, 31.027182 ], [ -94.389262, 31.026559 ], [ -94.386154, 31.026044 ], [ -94.386052, 31.029299 ], [ -94.383733, 31.028958 ], [ -94.383616, 31.026711 ], [ -94.382402, 31.026413 ], [ -94.380242, 31.028246 ], [ -94.379194, 31.032188 ], [ -94.376492, 31.034795 ], [ -94.374997, 31.035314 ], [ -94.37416, 31.034972 ], [ -94.374852, 31.032685 ], [ -94.374686, 31.031111 ], [ -94.370255, 31.030628 ], [ -94.363749, 31.033319 ], [ -94.361553, 31.033155 ], [ -94.35811, 31.034534 ], [ -94.356506, 31.033927 ], [ -94.355885, 31.03231 ], [ -94.35465, 31.032166 ], [ -94.353031, 31.035025 ], [ -94.355342, 31.03692 ], [ -94.353782, 31.039371 ], [ -94.34866, 31.038115 ], [ -94.344214, 31.039753 ], [ -94.342776, 31.039316 ], [ -94.342686, 31.038083 ], [ -94.344686, 31.037173 ], [ -94.34405, 31.035805 ], [ -94.342295, 31.036073 ], [ -94.33972, 31.037318 ], [ -94.338759, 31.037328 ], [ -94.337017, 31.035941 ], [ -94.336392, 31.033996 ], [ -94.337354, 31.030192 ], [ -94.334703, 31.028596 ], [ -94.333579, 31.026672 ], [ -94.330345, 31.024801 ], [ -94.328838, 31.022069 ], [ -94.325084, 31.019968 ], [ -94.322685, 31.020805 ], [ -94.318978, 31.022841 ], [ -94.315016, 31.023352 ], [ -94.311383, 31.025479 ], [ -94.309383, 31.027685 ], [ -94.307833, 31.028403 ], [ -94.298526, 31.034586 ], [ -94.297808, 31.036403 ], [ -94.299138, 31.040246 ], [ -94.299193, 31.041651 ], [ -94.295352, 31.041814 ], [ -94.29319, 31.04282 ], [ -94.292119, 31.042768 ], [ -94.289225, 31.041267 ], [ -94.286348, 31.040359 ], [ -94.285413, 31.039572 ], [ -94.282773, 31.036101 ], [ -94.284458, 31.033274 ], [ -94.286086, 31.029621 ], [ -94.286324, 31.027136 ], [ -94.285269, 31.024852 ], [ -94.284447, 31.024376 ], [ -94.283062, 31.021096 ], [ -94.281222, 31.018382 ], [ -94.279926, 31.017692 ], [ -94.277204, 31.0175 ], [ -94.273476, 31.016616 ], [ -94.269905, 31.019305 ], [ -94.267664, 31.018453 ], [ -94.264841, 31.019542 ], [ -94.260805, 31.020003 ], [ -94.259025, 31.019771 ], [ -94.256806, 31.018466 ], [ -94.252298, 31.018931 ], [ -94.250001, 31.017159 ], [ -94.248576, 31.015523 ], [ -94.246848, 31.012031 ], [ -94.245392, 31.011279 ], [ -94.243091, 31.01178 ], [ -94.240559, 31.013253 ], [ -94.238424, 31.013705 ], [ -94.238095, 31.013146 ], [ -94.240219, 31.010103 ], [ -94.240816, 31.008208 ], [ -94.240613, 31.005157 ], [ -94.239781, 31.002884 ], [ -94.237518, 31.000563 ], [ -94.235296, 30.99663 ], [ -94.233111, 30.990617 ], [ -94.233075, 30.986342 ], [ -94.234235, 30.985916 ], [ -94.238955, 30.987702 ], [ -94.241249, 30.989104 ], [ -94.241181, 30.989864 ], [ -94.239314, 30.991999 ], [ -94.239942, 30.992787 ], [ -94.241382, 30.992474 ], [ -94.241559, 30.990986 ], [ -94.242613, 30.988874 ], [ -94.243871, 30.982889 ], [ -94.243083, 30.98043 ], [ -94.241526, 30.978835 ], [ -94.239409, 30.973875 ], [ -94.239998, 30.97058 ], [ -94.244102, 30.968657 ], [ -94.245038, 30.967641 ], [ -94.244725, 30.965951 ], [ -94.243218, 30.963378 ], [ -94.238416, 30.960095 ], [ -94.233776, 30.9596 ], [ -94.229866, 30.958686 ], [ -94.227851, 30.957792 ], [ -94.228106, 30.956679 ], [ -94.230891, 30.956006 ], [ -94.233551, 30.952803 ], [ -94.233656, 30.951721 ], [ -94.232473, 30.9512 ], [ -94.228147, 30.951531 ], [ -94.226992, 30.950437 ], [ -94.227761, 30.949323 ], [ -94.23123, 30.947335 ], [ -94.23033, 30.945264 ], [ -94.228166, 30.944338 ], [ -94.227851, 30.943311 ], [ -94.228904, 30.94067 ], [ -94.228607, 30.939716 ], [ -94.225657, 30.939806 ], [ -94.224852, 30.940507 ], [ -94.224183, 30.942745 ], [ -94.224808, 30.946674 ], [ -94.223797, 30.947658 ], [ -94.222575, 30.947073 ], [ -94.221821, 30.942941 ], [ -94.220791, 30.940579 ], [ -94.221206, 30.938842 ], [ -94.222284, 30.937067 ], [ -94.220991, 30.935318 ], [ -94.220031, 30.934799 ], [ -94.215803, 30.934231 ], [ -94.212592, 30.9348 ], [ -94.211182, 30.937356 ], [ -94.210018, 30.938024 ], [ -94.206871, 30.936619 ], [ -94.203525, 30.934703 ], [ -94.204293, 30.933622 ], [ -94.206479, 30.933175 ], [ -94.207473, 30.931512 ], [ -94.20591, 30.929819 ], [ -94.204315, 30.929363 ], [ -94.199891, 30.929157 ], [ -94.199435, 30.928324 ], [ -94.199895, 30.927719 ], [ -94.203445, 30.926694 ], [ -94.205525, 30.923983 ], [ -94.208105, 30.922624 ], [ -94.208237, 30.922002 ], [ -94.206583, 30.919307 ], [ -94.204536, 30.917128 ], [ -94.204991, 30.914624 ], [ -94.206921, 30.911945 ], [ -94.20703, 30.909917 ], [ -94.207722, 30.909369 ], [ -94.211125, 30.910767 ], [ -94.212863, 30.909745 ], [ -94.213969, 30.907962 ], [ -94.214415, 30.905587 ], [ -94.215928, 30.901533 ], [ -94.215213, 30.9004 ], [ -94.208796, 30.898833 ], [ -94.207132, 30.896711 ], [ -94.204764, 30.895712 ], [ -94.201345, 30.893416 ], [ -94.200033, 30.892055 ], [ -94.200244, 30.890083 ], [ -94.201254, 30.889342 ], [ -94.204923, 30.889109 ], [ -94.205475, 30.888488 ], [ -94.205061, 30.886475 ], [ -94.202836, 30.884376 ], [ -94.200079, 30.882713 ], [ -94.195838, 30.881078 ], [ -94.194331, 30.879587 ], [ -94.193749, 30.877598 ], [ -94.194274, 30.876637 ], [ -94.196143, 30.87568 ], [ -94.199074, 30.8752 ], [ -94.198487, 30.873778 ], [ -94.195482, 30.872475 ], [ -94.190454, 30.872601 ], [ -94.189945, 30.872001 ], [ -94.190368, 30.87143 ], [ -94.194426, 30.869709 ], [ -94.195117, 30.868097 ], [ -94.194754, 30.866343 ], [ -94.193167, 30.865085 ], [ -94.19387, 30.863644 ], [ -94.197591, 30.864384 ], [ -94.200372, 30.864185 ], [ -94.200963, 30.863533 ], [ -94.19988, 30.862156 ], [ -94.19827, 30.861552 ], [ -94.196891, 30.859746 ], [ -94.197756, 30.856733 ], [ -94.197976, 30.856157 ], [ -94.198143, 30.853807 ], [ -94.198037, 30.853293 ], [ -94.19701, 30.85084 ], [ -94.194408, 30.847649 ], [ -94.192025, 30.845484 ], [ -94.191923, 30.843845 ], [ -94.19358, 30.842729 ], [ -94.193717, 30.841526 ], [ -94.191488, 30.840064 ], [ -94.191342, 30.838109 ], [ -94.189903, 30.836828 ], [ -94.183817, 30.836457 ], [ -94.181324, 30.835575 ], [ -94.18014, 30.833971 ], [ -94.180758, 30.833497 ], [ -94.184286, 30.834399 ], [ -94.185431, 30.833144 ], [ -94.185936, 30.831362 ], [ -94.185177, 30.830543 ], [ -94.180714, 30.830138 ], [ -94.179433, 30.829139 ], [ -94.180233, 30.827964 ], [ -94.182236, 30.826655 ], [ -94.181713, 30.82516 ], [ -94.178327, 30.824024 ], [ -94.178332, 30.823127 ], [ -94.179922, 30.82231 ], [ -94.185598, 30.824101 ], [ -94.187732, 30.824311 ], [ -94.189074, 30.818155 ], [ -94.188661, 30.817136 ], [ -94.184955, 30.816435 ], [ -94.184439, 30.815392 ], [ -94.184623, 30.812752 ], [ -94.183642, 30.811561 ], [ -94.180845, 30.810129 ], [ -94.178463, 30.81242 ], [ -94.177802, 30.812321 ], [ -94.178097, 30.809827 ], [ -94.181128, 30.80799 ], [ -94.182037, 30.804248 ], [ -94.181283, 30.802476 ], [ -94.178888, 30.801021 ], [ -94.179414, 30.798746 ], [ -94.181469, 30.797802 ], [ -94.180235, 30.795648 ], [ -94.179343, 30.794974 ], [ -94.176005, 30.793854 ], [ -94.168504, 30.793445 ], [ -94.165564, 30.791213 ], [ -94.163882, 30.790455 ], [ -94.16172, 30.790438 ], [ -94.158762, 30.789545 ], [ -94.157197, 30.789547 ], [ -94.152558, 30.790641 ], [ -94.150119, 30.790203 ], [ -94.143647, 30.785145 ], [ -94.141479, 30.782777 ], [ -94.139803, 30.779118 ], [ -94.139493, 30.777528 ], [ -94.142688, 30.77344 ], [ -94.142232, 30.77192 ], [ -94.137413, 30.770736 ], [ -94.135364, 30.767643 ], [ -94.133856, 30.766285 ], [ -94.132823, 30.764612 ], [ -94.133526, 30.762589 ], [ -94.136406, 30.759581 ], [ -94.139325, 30.75768 ], [ -94.139896, 30.75589 ], [ -94.137559, 30.752827 ], [ -94.136094, 30.751706 ], [ -94.134319, 30.751158 ], [ -94.130541, 30.751868 ], [ -94.129598, 30.750862 ], [ -94.128232, 30.746505 ], [ -94.128732, 30.744648 ], [ -94.134427, 30.739283 ], [ -94.135479, 30.735178 ], [ -94.138229, 30.731909 ], [ -94.138029, 30.730324 ], [ -94.133352, 30.727092 ], [ -94.131154, 30.724871 ], [ -94.130898, 30.722042 ], [ -94.129496, 30.719447 ], [ -94.12983, 30.71852 ], [ -94.135774, 30.716582 ], [ -94.137397, 30.714283 ], [ -94.133317, 30.710845 ], [ -94.130843, 30.708365 ], [ -94.129123, 30.7058 ], [ -94.127357, 30.704357 ], [ -94.124201, 30.702506 ], [ -94.123038, 30.700891 ], [ -94.12285, 30.698734 ], [ -94.124378, 30.693336 ], [ -94.123707, 30.690953 ], [ -94.12378, 30.689369 ], [ -94.126006, 30.686663 ], [ -94.125824, 30.684052 ], [ -94.124202, 30.682824 ], [ -94.122864, 30.682873 ], [ -94.120617, 30.68437 ], [ -94.117459, 30.684994 ], [ -94.114652, 30.684689 ], [ -94.110307, 30.6876 ], [ -94.107771, 30.688361 ], [ -94.103989, 30.687829 ], [ -94.100869, 30.687782 ], [ -94.096941, 30.689157 ], [ -94.095445, 30.689125 ], [ -94.091348, 30.688181 ], [ -94.089369, 30.686978 ], [ -94.089396, 30.685427 ], [ -94.090593, 30.684143 ], [ -94.091391, 30.682325 ], [ -94.091341, 30.680725 ], [ -94.089126, 30.673261 ], [ -94.088112, 30.671476 ], [ -94.086504, 30.66986 ], [ -94.083419, 30.668771 ], [ -94.082425, 30.667656 ], [ -94.082387, 30.666477 ], [ -94.083973, 30.661911 ], [ -94.086535, 30.658912 ], [ -94.086405, 30.657272 ], [ -94.085457, 30.656545 ], [ -94.083878, 30.656901 ], [ -94.081186, 30.65889 ], [ -94.07957, 30.658858 ], [ -94.076802, 30.658059 ], [ -94.073903, 30.655765 ], [ -94.073216, 30.655927 ], [ -94.073839, 30.657996 ], [ -94.073255, 30.66084 ], [ -94.074249, 30.661648 ], [ -94.075744, 30.66109 ], [ -94.076904, 30.659861 ], [ -94.078223, 30.659642 ], [ -94.079543, 30.660838 ], [ -94.07919, 30.66209 ], [ -94.07687, 30.666236 ], [ -94.075821, 30.667271 ], [ -94.073879, 30.667643 ], [ -94.072179, 30.664816 ], [ -94.069475, 30.663095 ], [ -94.065816, 30.663064 ], [ -94.064757, 30.662313 ], [ -94.063902, 30.660382 ], [ -94.059683, 30.656456 ], [ -94.057073, 30.655648 ], [ -94.05593, 30.654647 ], [ -94.053078, 30.648482 ], [ -94.053775, 30.647125 ], [ -94.054581, 30.646988 ], [ -94.056691, 30.648845 ], [ -94.058381, 30.648796 ], [ -94.059839, 30.64697 ], [ -94.059077, 30.644183 ], [ -94.058139, 30.643229 ], [ -94.056235, 30.643577 ], [ -94.055335, 30.646114 ], [ -94.054183, 30.646114 ], [ -94.051562, 30.641792 ], [ -94.05096, 30.638568 ], [ -94.051452, 30.636847 ], [ -94.052742, 30.635126 ], [ -94.055778, 30.633227 ], [ -94.055778, 30.632144 ], [ -94.052964, 30.629785 ], [ -94.053985, 30.628839 ], [ -94.057486, 30.629025 ], [ -94.0586, 30.627433 ], [ -94.057891, 30.625173 ], [ -94.062433, 30.624434 ], [ -94.063021, 30.62148 ], [ -94.063942, 30.621023 ], [ -94.069688, 30.6209 ], [ -94.072574, 30.618971 ], [ -94.075835, 30.618042 ], [ -94.076448, 30.615847 ], [ -94.074931, 30.614729 ], [ -94.070287, 30.613199 ], [ -94.069595, 30.612237 ], [ -94.069704, 30.610695 ], [ -94.070762, 30.608614 ], [ -94.072391, 30.607448 ], [ -94.074294, 30.607218 ], [ -94.07766, 30.60801 ], [ -94.07959, 30.608063 ], [ -94.081199, 30.607227 ], [ -94.081474, 30.605847 ], [ -94.079092, 30.604052 ], [ -94.07836, 30.602569 ], [ -94.079316, 30.598074 ], [ -94.079745, 30.597567 ], [ -94.081889, 30.597653 ], [ -94.083417, 30.598391 ], [ -94.085443, 30.59754 ], [ -94.085868, 30.595894 ], [ -94.085204, 30.594754 ], [ -94.083343, 30.593577 ], [ -94.08245, 30.592115 ], [ -94.083652, 30.590898 ], [ -94.086952, 30.589558 ], [ -94.08716, 30.58842 ], [ -94.086458, 30.585358 ], [ -94.086805, 30.584673 ], [ -94.088791, 30.584403 ], [ -94.091415, 30.584926 ], [ -94.093087, 30.584445 ], [ -94.09313, 30.580675 ], [ -94.093442, 30.579343 ], [ -94.095573, 30.577628 ], [ -94.095864, 30.576781 ], [ -94.094812, 30.575543 ], [ -94.08855, 30.575326 ], [ -94.087935, 30.573799 ], [ -94.088452, 30.57208 ], [ -94.085902, 30.569724 ], [ -94.086455, 30.568313 ], [ -94.087763, 30.568292 ], [ -94.089641, 30.569491 ], [ -94.09196, 30.569464 ], [ -94.093871, 30.567313 ], [ -94.093598, 30.566069 ], [ -94.09111, 30.564222 ], [ -94.088847, 30.561729 ], [ -94.086563, 30.559746 ], [ -94.086467, 30.55826 ], [ -94.087854, 30.557092 ], [ -94.087955, 30.555163 ], [ -94.087334, 30.554274 ], [ -94.085307, 30.551837 ], [ -94.08591, 30.547276 ], [ -94.083744, 30.546423 ], [ -94.078268, 30.547211 ], [ -94.074794, 30.543978 ], [ -94.072628, 30.542923 ], [ -94.070624, 30.541044 ], [ -94.070773, 30.538727 ], [ -94.073686, 30.536264 ], [ -94.073609, 30.534802 ], [ -94.071638, 30.533852 ], [ -94.068715, 30.533926 ], [ -94.067114, 30.533236 ], [ -94.06699, 30.531936 ], [ -94.068322, 30.528322 ], [ -94.070092, 30.526624 ], [ -94.071689, 30.526033 ], [ -94.185871, 30.526484 ], [ -94.186553, 30.526539 ], [ -94.251827, 30.526711 ], [ -94.26409, 30.526761 ], [ -94.313482, 30.526783 ], [ -94.375022, 30.526868 ], [ -94.375193, 30.526848 ], [ -94.399954, 30.526941 ], [ -94.400652, 30.526945 ], [ -94.433155, 30.527056 ], [ -94.433273, 30.527057 ], [ -94.449495, 30.527032 ], [ -94.46042, 30.527021 ], [ -94.496195, 30.527007 ], [ -94.500197, 30.526816 ], [ -94.545717, 30.526977 ], [ -94.539242, 30.499125 ], [ -94.537926, 30.491059 ], [ -94.580972, 30.490829 ], [ -94.631177, 30.49061 ], [ -94.732732, 30.490066 ], [ -94.752627, 30.489624 ], [ -94.775274, 30.489016 ], [ -94.783964, 30.489478 ], [ -94.830421, 30.492453 ], [ -94.841469, 30.492906 ], [ -94.849414, 30.493553 ], [ -94.850514, 30.494201 ], [ -94.853539, 30.494958 ], [ -94.860731, 30.494065 ], [ -94.864368, 30.494491 ], [ -94.865509, 30.495023 ], [ -94.865917, 30.495998 ], [ -94.86638, 30.502821 ], [ -94.867145, 30.505302 ], [ -94.867648, 30.508833 ], [ -94.867393, 30.510755 ], [ -94.865978, 30.512545 ], [ -94.863792, 30.513987 ], [ -94.859926, 30.515362 ], [ -94.858466, 30.516207 ], [ -94.856604, 30.51811 ], [ -94.854655, 30.522882 ], [ -94.852581, 30.524354 ], [ -94.850078, 30.525286 ], [ -94.846221, 30.526144 ], [ -94.837855, 30.528608 ], [ -94.834815, 30.529652 ], [ -94.833374, 30.530522 ], [ -94.829719, 30.539512 ], [ -94.829984, 30.541112 ], [ -94.830429, 30.541613 ], [ -94.834179, 30.54305 ], [ -94.839867, 30.545541 ], [ -94.842876, 30.546152 ], [ -94.848862, 30.544378 ], [ -94.851946, 30.544344 ], [ -94.857376, 30.546583 ], [ -94.860013, 30.546862 ], [ -94.864376, 30.546449 ], [ -94.875209, 30.546067 ], [ -94.878013, 30.549653 ], [ -94.880913, 30.551199 ], [ -94.885556, 30.552981 ], [ -94.889567, 30.556361 ], [ -94.891554, 30.556868 ], [ -94.895227, 30.556412 ], [ -94.898813, 30.556859 ], [ -94.900995, 30.557464 ], [ -94.904287, 30.559678 ], [ -94.9067, 30.56072 ], [ -94.910452, 30.561514 ], [ -94.913614, 30.561055 ], [ -94.916712, 30.560217 ], [ -94.920162, 30.559702 ], [ -94.927342, 30.557987 ], [ -94.934296, 30.557588 ], [ -94.937278, 30.557984 ], [ -94.940266, 30.55947 ], [ -94.94275, 30.561811 ], [ -94.945247, 30.56592 ], [ -94.949359, 30.570503 ], [ -94.950113, 30.570914 ], [ -94.957451, 30.572147 ], [ -94.961449, 30.574871 ], [ -94.965729, 30.576586 ], [ -94.97032, 30.576889 ], [ -94.985391, 30.576144 ], [ -94.988178, 30.576676 ], [ -94.994659, 30.579146 ], [ -95.000212, 30.579975 ], [ -95.004959, 30.580123 ], [ -95.008656, 30.579455 ], [ -95.013819, 30.577597 ], [ -95.02259, 30.577286 ], [ -95.02606, 30.577752 ], [ -95.028628, 30.578485 ], [ -95.030889, 30.580259 ], [ -95.035491, 30.585647 ], [ -95.035807, 30.587657 ], [ -95.035351, 30.588301 ], [ -95.029391, 30.590661 ], [ -95.028991, 30.591638 ], [ -95.031094, 30.595066 ], [ -95.031822, 30.597342 ], [ -95.03114, 30.598091 ], [ -95.02954, 30.597906 ], [ -95.027466, 30.596915 ], [ -95.024981, 30.597279 ], [ -95.022506, 30.600314 ], [ -95.020776, 30.600678 ], [ -95.018104, 30.600381 ], [ -95.015974, 30.600987 ], [ -95.01428, 30.604248 ], [ -95.012781, 30.605322 ], [ -95.008529, 30.606106 ], [ -95.00715, 30.60705 ], [ -95.006871, 30.609051 ], [ -95.008295, 30.611204 ], [ -95.008604, 30.61274 ], [ -95.009119, 30.619976 ], [ -95.0089, 30.625059 ], [ -95.00895, 30.627699 ], [ -95.010587, 30.628162 ], [ -95.013812, 30.627077 ], [ -95.015874, 30.627077 ], [ -95.016374, 30.628953 ], [ -95.015475, 30.631499 ], [ -95.015395, 30.631805 ], [ -95.016258, 30.634299 ], [ -95.018875, 30.635095 ], [ -95.021027, 30.636472 ], [ -95.021801, 30.638309 ], [ -95.022476, 30.642526 ], [ -95.024305, 30.645958 ], [ -95.024663, 30.649779 ], [ -95.023947, 30.650627 ], [ -95.021341, 30.650855 ], [ -95.019096, 30.64943 ], [ -95.016348, 30.648433 ], [ -95.013183, 30.648541 ], [ -95.011249, 30.649954 ], [ -95.009361, 30.652334 ], [ -95.009112, 30.65456 ], [ -95.010278, 30.656671 ], [ -95.011676, 30.658137 ], [ -95.013101, 30.658176 ], [ -95.019883, 30.654485 ], [ -95.020833, 30.654371 ], [ -95.021643, 30.654902 ], [ -95.021833, 30.658047 ], [ -95.022766, 30.659779 ], [ -95.024443, 30.660503 ], [ -95.028382, 30.660781 ], [ -95.031045, 30.661278 ], [ -95.035115, 30.662491 ], [ -95.03898, 30.662882 ], [ -95.041458, 30.664378 ], [ -95.041339, 30.665434 ], [ -95.038642, 30.668179 ], [ -95.034147, 30.66991 ], [ -95.032725, 30.671798 ], [ -95.034227, 30.674207 ], [ -95.035588, 30.675044 ], [ -95.038606, 30.675766 ], [ -95.042198, 30.674141 ], [ -95.043723, 30.672559 ], [ -95.046645, 30.67154 ], [ -95.053638, 30.671241 ], [ -95.054542, 30.671433 ], [ -95.055112, 30.673101 ], [ -95.053359, 30.677433 ], [ -95.053548, 30.67907 ], [ -95.054602, 30.680173 ], [ -95.05705, 30.680065 ], [ -95.060614, 30.678367 ], [ -95.062456, 30.67697 ], [ -95.063171, 30.675824 ], [ -95.065245, 30.674378 ], [ -95.067469, 30.673512 ], [ -95.070607, 30.67358 ], [ -95.073948, 30.672624 ], [ -95.079762, 30.669334 ], [ -95.083843, 30.671191 ], [ -95.088352, 30.672062 ], [ -95.08999, 30.671834 ], [ -95.090938, 30.670752 ], [ -95.091614, 30.664188 ], [ -95.092682, 30.662614 ], [ -95.095536, 30.660683 ], [ -95.098858, 30.659831 ], [ -95.102374, 30.658495 ], [ -95.104841, 30.657878 ], [ -95.109013, 30.658104 ], [ -95.11384, 30.660136 ], [ -95.115005, 30.661005 ], [ -95.116211, 30.664395 ], [ -95.114515, 30.6669 ], [ -95.111347, 30.669993 ], [ -95.11069, 30.671986 ], [ -95.111885, 30.673798 ], [ -95.116543, 30.674596 ], [ -95.118919, 30.675632 ], [ -95.119528, 30.677332 ], [ -95.118361, 30.680228 ], [ -95.116589, 30.683367 ], [ -95.115999, 30.686077 ], [ -95.115026, 30.68828 ], [ -95.113084, 30.69042 ], [ -95.10955, 30.692748 ], [ -95.109861, 30.694191 ], [ -95.11071, 30.694948 ], [ -95.115937, 30.696188 ], [ -95.119291, 30.696577 ], [ -95.125215, 30.695778 ], [ -95.132669, 30.693403 ], [ -95.134899, 30.693308 ], [ -95.135384, 30.693816 ], [ -95.135052, 30.697269 ], [ -95.135283, 30.699221 ], [ -95.137374, 30.705007 ], [ -95.138584, 30.707219 ], [ -95.145426, 30.713799 ], [ -95.146441, 30.715268 ], [ -95.147073, 30.71739 ], [ -95.14707, 30.719801 ], [ -95.146152, 30.722415 ], [ -95.14346, 30.72527 ], [ -95.142251, 30.728633 ], [ -95.142667, 30.732039 ], [ -95.144779, 30.737034 ], [ -95.146027, 30.740561 ], [ -95.146034, 30.742367 ], [ -95.144771, 30.744036 ], [ -95.139297, 30.745784 ], [ -95.136896, 30.747041 ], [ -95.134088, 30.750191 ], [ -95.132198, 30.755338 ], [ -95.131306, 30.759421 ], [ -95.131971, 30.762429 ], [ -95.135151, 30.768471 ], [ -95.139108, 30.773712 ], [ -95.139382, 30.776197 ], [ -95.13822, 30.77712 ], [ -95.13415, 30.779046 ], [ -95.131205, 30.781703 ], [ -95.13194, 30.783162 ], [ -95.133035, 30.783756 ], [ -95.136649, 30.783866 ], [ -95.138285, 30.784661 ], [ -95.140923, 30.788948 ], [ -95.148887, 30.792524 ], [ -95.15395, 30.798353 ], [ -95.155815, 30.799689 ], [ -95.156141, 30.799922 ], [ -95.156345, 30.800068 ], [ -95.167591, 30.803044 ], [ -95.170084, 30.805132 ], [ -95.17404, 30.807583 ], [ -95.176416, 30.810269 ], [ -95.179231, 30.81396 ], [ -95.180374, 30.818426 ], [ -95.180993, 30.818819 ], [ -95.1816, 30.818922 ], [ -95.187376, 30.818039 ], [ -95.189239, 30.818808 ], [ -95.190379, 30.820723 ], [ -95.191012, 30.821789 ], [ -95.193003, 30.82384 ], [ -95.198712, 30.824241 ], [ -95.20018, 30.824566 ], [ -95.201128, 30.825378 ], [ -95.203399, 30.828898 ], [ -95.204574, 30.83017 ], [ -95.207641, 30.832379 ], [ -95.209287, 30.832809 ], [ -95.213716, 30.833208 ], [ -95.216559, 30.83372 ], [ -95.222899, 30.83632 ], [ -95.230989, 30.841149 ], [ -95.232092, 30.842816 ], [ -95.233324, 30.845709 ], [ -95.235911, 30.854693 ], [ -95.235843, 30.857301 ], [ -95.236261, 30.858438 ], [ -95.239088, 30.862205 ], [ -95.242101, 30.864518 ], [ -95.243054, 30.866008 ], [ -95.243097, 30.866856 ], [ -95.241373, 30.86909 ], [ -95.239506, 30.870857 ], [ -95.237739, 30.873601 ], [ -95.23618, 30.876848 ], [ -95.231936, 30.884441 ], [ -95.230777, 30.887007 ], [ -95.233892, 30.890258 ], [ -95.238027, 30.893905 ], [ -95.240731, 30.896745 ], [ -95.241742, 30.898423 ], [ -95.24628, 30.904013 ], [ -95.249611, 30.906038 ], [ -95.252385, 30.906719 ], [ -95.254896, 30.906545 ], [ -95.265822, 30.905033 ], [ -95.272299, 30.903861 ], [ -95.276563, 30.902721 ], [ -95.280181, 30.901294 ], [ -95.285593, 30.901811 ], [ -95.289242, 30.902845 ], [ -95.298445, 30.902601 ], [ -95.300826, 30.902308 ], [ -95.307383, 30.900488 ], [ -95.312898, 30.897873 ], [ -95.314322, 30.89535 ], [ -95.313217, 30.893241 ], [ -95.311734, 30.892143 ], [ -95.310857, 30.890703 ], [ -95.310731, 30.88838 ], [ -95.311267, 30.88582 ], [ -95.312386, 30.883903 ], [ -95.316299, 30.880747 ], [ -95.316698, 30.878841 ], [ -95.314804, 30.875938 ], [ -95.313903, 30.873101 ], [ -95.315044, 30.871149 ], [ -95.317242, 30.869465 ], [ -95.321411, 30.8678 ], [ -95.32322, 30.865441 ], [ -95.324104, 30.861893 ], [ -95.325307, 30.860683 ], [ -95.32748, 30.859547 ], [ -95.328852, 30.859312 ], [ -95.331052, 30.860961 ], [ -95.332923, 30.864491 ], [ -95.334933, 30.86768 ], [ -95.336919, 30.871621 ], [ -95.338757, 30.873546 ], [ -95.342526, 30.875655 ], [ -95.345335, 30.875335 ], [ -95.348608, 30.870029 ], [ -95.350247, 30.86855 ], [ -95.351061, 30.86568 ], [ -95.349748, 30.860452 ], [ -95.352072, 30.856951 ], [ -95.35587, 30.855754 ], [ -95.363639, 30.854672 ], [ -95.367839, 30.855648 ], [ -95.371364, 30.856119 ], [ -95.375218, 30.855724 ], [ -95.378097, 30.855134 ], [ -95.382435, 30.85377 ], [ -95.383279, 30.852961 ], [ -95.385343, 30.853659 ], [ -95.388628, 30.855907 ], [ -95.396697, 30.857706 ], [ -95.398351, 30.859651 ], [ -95.398442, 30.859934 ], [ -95.398748, 30.86112 ], [ -95.398984, 30.864651 ], [ -95.398375, 30.867184 ], [ -95.397312, 30.869099 ], [ -95.394325, 30.872342 ], [ -95.392106, 30.874141 ], [ -95.391567, 30.875965 ], [ -95.392199, 30.877389 ], [ -95.395446, 30.879082 ], [ -95.398635, 30.879846 ], [ -95.399581, 30.88066 ], [ -95.398763, 30.882261 ], [ -95.397175, 30.883244 ], [ -95.396067, 30.882768 ], [ -95.392493, 30.880064 ], [ -95.386403, 30.878667 ], [ -95.381351, 30.879303 ], [ -95.380232, 30.880079 ], [ -95.381253, 30.887062 ], [ -95.384014, 30.888672 ], [ -95.385906, 30.889282 ], [ -95.389524, 30.889161 ], [ -95.392401, 30.890447 ], [ -95.398108, 30.891939 ], [ -95.399695, 30.892895 ], [ -95.404737, 30.898062 ], [ -95.406241, 30.901407 ], [ -95.406545, 30.904058 ], [ -95.406243, 30.905839 ], [ -95.407409, 30.906474 ], [ -95.412908, 30.906481 ], [ -95.415504, 30.907862 ], [ -95.415153, 30.909572 ], [ -95.411267, 30.911533 ], [ -95.410927, 30.913735 ], [ -95.413995, 30.918058 ], [ -95.413228, 30.921363 ], [ -95.410077, 30.927695 ], [ -95.410087, 30.929259 ], [ -95.410825, 30.930353 ], [ -95.414992, 30.933591 ], [ -95.421074, 30.936433 ], [ -95.424844, 30.937345 ], [ -95.428901, 30.937572 ], [ -95.432673, 30.937144 ], [ -95.434335, 30.937405 ], [ -95.434397, 30.940061 ], [ -95.434424, 30.940931 ], [ -95.434781, 31.058098 ], [ -95.617872, 30.930418 ], [ -95.621984, 30.928886 ], [ -95.624224, 30.927238 ], [ -95.627985, 30.926216 ], [ -95.630971, 30.925879 ], [ -95.635073, 30.926441 ], [ -95.637423, 30.926305 ], [ -95.638683, 30.926736 ], [ -95.640898, 30.928599 ], [ -95.642247, 30.93304 ], [ -95.643397, 30.934673 ], [ -95.647633, 30.935146 ], [ -95.649761, 30.935951 ], [ -95.649961, 30.945187 ], [ -95.650547, 30.947278 ], [ -95.651384, 30.948208 ], [ -95.655, 30.950695 ], [ -95.65536, 30.953197 ], [ -95.660165, 30.957164 ], [ -95.661381, 30.960451 ], [ -95.662623, 30.962713 ], [ -95.662834, 30.965005 ], [ -95.664954, 30.970883 ], [ -95.666199, 30.972355 ], [ -95.669215, 30.973598 ], [ -95.672597, 30.976278 ], [ -95.673435, 30.978854 ], [ -95.674148, 30.983647 ], [ -95.675354, 30.98549 ], [ -95.681305, 30.987499 ], [ -95.678933, 30.990411 ], [ -95.677127, 30.991421 ], [ -95.670384, 30.993729 ], [ -95.669793, 30.99597 ], [ -95.670101, 30.996802 ], [ -95.666499, 31.001108 ], [ -95.664155, 31.004351 ], [ -95.663032, 31.008203 ], [ -95.661269, 31.011679 ], [ -95.65978, 31.013699 ], [ -95.658418, 31.01631 ], [ -95.658652, 31.017295 ], [ -95.660011, 31.017991 ], [ -95.666512, 31.019879 ], [ -95.668722, 31.022286 ], [ -95.669505, 31.024601 ], [ -95.668847, 31.026861 ], [ -95.665285, 31.030396 ], [ -95.66318, 31.033216 ], [ -95.660615, 31.034292 ], [ -95.653286, 31.034566 ], [ -95.647272, 31.036155 ], [ -95.644041, 31.038387 ], [ -95.6419, 31.041867 ], [ -95.639265, 31.042443 ], [ -95.637884, 31.042045 ], [ -95.636401, 31.038849 ], [ -95.634704, 31.037321 ], [ -95.63253, 31.036764 ], [ -95.631214, 31.037001 ], [ -95.631595, 31.040216 ], [ -95.628625, 31.042388 ], [ -95.628213, 31.043291 ], [ -95.62925, 31.046373 ], [ -95.629983, 31.05175 ], [ -95.631299, 31.052929 ], [ -95.633805, 31.053901 ], [ -95.645064, 31.054701 ], [ -95.647546, 31.055382 ], [ -95.647686, 31.058115 ], [ -95.652196, 31.062938 ], [ -95.654913, 31.067311 ], [ -95.654231, 31.068209 ], [ -95.64919, 31.068726 ], [ -95.648538, 31.070005 ], [ -95.652822, 31.072336 ], [ -95.654454, 31.074051 ], [ -95.655359, 31.076969 ], [ -95.657119, 31.079789 ], [ -95.661288, 31.080353 ], [ -95.662464, 31.083562 ], [ -95.663546, 31.083884 ], [ -95.665222, 31.083051 ], [ -95.670329, 31.079674 ], [ -95.674593, 31.076289 ], [ -95.675514, 31.075965 ], [ -95.677558, 31.076545 ], [ -95.679812, 31.078641 ], [ -95.682625, 31.077204 ], [ -95.685565, 31.077081 ], [ -95.687856, 31.080169 ], [ -95.689698, 31.0814 ], [ -95.692388, 31.08196 ], [ -95.694504, 31.080976 ], [ -95.695959, 31.07761 ], [ -95.699139, 31.076876 ], [ -95.699751, 31.077537 ], [ -95.700928, 31.079646 ], [ -95.703569, 31.082486 ], [ -95.704322, 31.082286 ], [ -95.705028, 31.078776 ], [ -95.705931, 31.078191 ], [ -95.707672, 31.078188 ], [ -95.71031, 31.081359 ], [ -95.711729, 31.08174 ], [ -95.71528, 31.080372 ], [ -95.720303, 31.079787 ], [ -95.723383, 31.079834 ], [ -95.725909, 31.082012 ], [ -95.726785, 31.085379 ], [ -95.72841, 31.087874 ], [ -95.729909, 31.087731 ], [ -95.731568, 31.08647 ], [ -95.733595, 31.083881 ], [ -95.736356, 31.083772 ], [ -95.73811, 31.084482 ], [ -95.739429, 31.085888 ], [ -95.739769, 31.088374 ], [ -95.740819, 31.090259 ], [ -95.742602, 31.090875 ], [ -95.746787, 31.090817 ], [ -95.750226, 31.092195 ], [ -95.752545, 31.091644 ], [ -95.754378, 31.09062 ], [ -95.756683, 31.088593 ], [ -95.760626, 31.088928 ], [ -95.761667, 31.089663 ], [ -95.763986, 31.092909 ], [ -95.76441, 31.094211 ], [ -95.765052, 31.096668 ], [ -95.766702, 31.098819 ], [ -95.766252, 31.100944 ], [ -95.766586, 31.102648 ], [ -95.767688, 31.103674 ], [ -95.768352, 31.105994 ], [ -95.770691, 31.11136 ], [ -95.77298, 31.11346 ], [ -95.772717, 31.116938 ], [ -95.776881, 31.120871 ], [ -95.775353, 31.122051 ], [ -95.774404, 31.124998 ], [ -95.772638, 31.127275 ], [ -95.772586, 31.128975 ], [ -95.775379, 31.133617 ], [ -95.775578, 31.136095 ], [ -95.77425, 31.138323 ], [ -95.771948, 31.139657 ], [ -95.767403, 31.14006 ], [ -95.764745, 31.141815 ], [ -95.763885, 31.143657 ], [ -95.76228, 31.144103 ], [ -95.759108, 31.142073 ], [ -95.757402, 31.141573 ], [ -95.755969, 31.143031 ], [ -95.755686, 31.146775 ], [ -95.754628, 31.149813 ], [ -95.751008, 31.152482 ], [ -95.749409, 31.15524 ], [ -95.748143, 31.155204 ], [ -95.744987, 31.152437 ], [ -95.744296, 31.152267 ], [ -95.741913, 31.15327 ], [ -95.740233, 31.156491 ], [ -95.737599, 31.159372 ], [ -95.734542, 31.159711 ], [ -95.733515, 31.15862 ], [ -95.731181, 31.159166 ], [ -95.728026, 31.161955 ], [ -95.728703, 31.164064 ], [ -95.734335, 31.167746 ], [ -95.737207, 31.170681 ], [ -95.74191, 31.174605 ], [ -95.743389, 31.176868 ], [ -95.745436, 31.181892 ], [ -95.744848, 31.186699 ], [ -95.745332, 31.192082 ], [ -95.747767, 31.200848 ], [ -95.747862, 31.202275 ], [ -95.747943, 31.20831 ], [ -95.745885, 31.210854 ], [ -95.744332, 31.211914 ], [ -95.742819, 31.215422 ], [ -95.739179, 31.218702 ], [ -95.73733, 31.219546 ], [ -95.733712, 31.220514 ], [ -95.729414, 31.223139 ], [ -95.727924, 31.22466 ], [ -95.725578, 31.228665 ], [ -95.725041, 31.230098 ], [ -95.726306, 31.234934 ], [ -95.727049, 31.239301 ], [ -95.726544, 31.241829 ], [ -95.723913, 31.244609 ], [ -95.723741, 31.246083 ], [ -95.725426, 31.247629 ], [ -95.727467, 31.250499 ], [ -95.727723, 31.251955 ], [ -95.726758, 31.252637 ], [ -95.723291, 31.25348 ], [ -95.722144, 31.254673 ], [ -95.722447, 31.255897 ], [ -95.727061, 31.258199 ], [ -95.72813, 31.259735 ], [ -95.727217, 31.265283 ], [ -95.725226, 31.271084 ], [ -95.719347, 31.273513 ], [ -95.714195, 31.274973 ], [ -95.712053, 31.276777 ], [ -95.710396, 31.278948 ], [ -95.708445, 31.280015 ], [ -95.704873, 31.280028 ], [ -95.704141, 31.28042 ], [ -95.703505, 31.282486 ], [ -95.706408, 31.284236 ], [ -95.707589, 31.286337 ], [ -95.704878, 31.290568 ], [ -95.702928, 31.292461 ], [ -95.698096, 31.295066 ], [ -95.695085, 31.297029 ], [ -95.692845, 31.297611 ], [ -95.690753, 31.297388 ], [ -95.689407, 31.296013 ], [ -95.688072, 31.293395 ], [ -95.682981, 31.288917 ], [ -95.681413, 31.288509 ], [ -95.680026, 31.290623 ], [ -95.675844, 31.293543 ], [ -95.671403, 31.29556 ], [ -95.671033, 31.296236 ], [ -95.673224, 31.298863 ], [ -95.675416, 31.29986 ], [ -95.678297, 31.300468 ], [ -95.679106, 31.302108 ], [ -95.677492, 31.30285 ], [ -95.675382, 31.301959 ], [ -95.67323, 31.302378 ], [ -95.671402, 31.304327 ], [ -95.668578, 31.308515 ], [ -95.669622, 31.312944 ], [ -95.671787, 31.316026 ], [ -95.67168, 31.317204 ], [ -95.670536, 31.318578 ], [ -95.666651, 31.31938 ], [ -95.665075, 31.320348 ], [ -95.662672, 31.321 ], [ -95.661058, 31.31951 ], [ -95.661252, 31.317006 ], [ -95.660787, 31.315947 ], [ -95.659416, 31.315909 ], [ -95.657202, 31.317999 ], [ -95.656125, 31.322183 ], [ -95.655545, 31.32964 ], [ -95.655722, 31.331619 ], [ -95.656813, 31.335719 ], [ -95.657692, 31.339719 ], [ -95.657514, 31.34348 ], [ -95.659812, 31.345378 ], [ -95.664656, 31.345228 ], [ -95.669183, 31.344631 ], [ -95.674241, 31.344824 ], [ -95.677291, 31.346549 ], [ -95.677128, 31.347909 ], [ -95.675219, 31.349182 ], [ -95.673938, 31.350911 ], [ -95.673363, 31.354638 ], [ -95.672623, 31.356104 ], [ -95.671574, 31.35649 ], [ -95.666176, 31.357182 ], [ -95.661611, 31.357259 ], [ -95.661409, 31.358322 ], [ -95.663073, 31.359418 ], [ -95.664061, 31.360772 ], [ -95.664218, 31.364305 ], [ -95.665683, 31.366373 ], [ -95.674926, 31.365762 ], [ -95.675228, 31.368115 ], [ -95.677376, 31.368691 ], [ -95.680345, 31.368359 ], [ -95.681954, 31.36889 ], [ -95.684362, 31.372063 ], [ -95.687888, 31.372998 ], [ -95.691444, 31.374676 ], [ -95.69178, 31.376488 ], [ -95.690372, 31.377432 ], [ -95.689852, 31.378609 ], [ -95.691594, 31.380887 ], [ -95.690654, 31.384005 ], [ -95.690847, 31.384951 ], [ -95.692987, 31.386128 ], [ -95.693768, 31.387123 ], [ -95.692807, 31.390146 ], [ -95.69283, 31.391494 ], [ -95.694077, 31.392322 ], [ -95.698739, 31.392323 ], [ -95.700552, 31.393402 ], [ -95.701287, 31.396151 ], [ -95.701971, 31.402297 ], [ -95.700579, 31.404523 ], [ -95.698322, 31.406335 ], [ -95.699419, 31.408349 ], [ -95.704936, 31.410943 ], [ -95.706139, 31.411949 ], [ -95.708237, 31.415729 ], [ -95.710369, 31.418904 ], [ -95.711677, 31.423594 ], [ -95.711569, 31.427598 ], [ -95.710803, 31.431079 ], [ -95.710765, 31.43472 ], [ -95.712121, 31.438073 ], [ -95.712873, 31.440942 ], [ -95.711175, 31.4467 ], [ -95.71088, 31.451602 ], [ -95.711092, 31.454133 ], [ -95.712117, 31.455783 ], [ -95.716075, 31.460096 ], [ -95.719173, 31.46194 ], [ -95.720781, 31.46248 ], [ -95.725558, 31.462302 ], [ -95.731821, 31.460901 ], [ -95.736093, 31.459163 ], [ -95.73794, 31.459045 ], [ -95.740017, 31.460014 ], [ -95.741728, 31.459969 ], [ -95.744982, 31.457612 ], [ -95.746837, 31.45817 ], [ -95.74709, 31.459516 ], [ -95.746891, 31.463785 ], [ -95.745463, 31.466403 ], [ -95.742612, 31.46733 ], [ -95.741192, 31.468542 ], [ -95.73921, 31.472181 ], [ -95.7358, 31.47409 ], [ -95.733525, 31.474338 ], [ -95.73068, 31.473242 ], [ -95.728439, 31.471102 ], [ -95.726831, 31.470135 ], [ -95.722805, 31.47064 ], [ -95.722035, 31.471435 ], [ -95.721842, 31.472754 ], [ -95.722775, 31.477295 ], [ -95.724789, 31.479923 ], [ -95.726928, 31.482121 ], [ -95.72763, 31.484602 ], [ -95.729854, 31.48963 ], [ -95.732042, 31.489483 ], [ -95.735398, 31.485804 ], [ -95.737056, 31.485051 ], [ -95.738772, 31.485082 ], [ -95.741854, 31.486549 ], [ -95.744631, 31.48999 ], [ -95.745017, 31.490975 ], [ -95.745022, 31.492364 ], [ -95.743904, 31.493814 ], [ -95.740796, 31.495226 ], [ -95.740575, 31.496312 ], [ -95.741991, 31.497253 ], [ -95.743499, 31.499183 ], [ -95.743198, 31.500618 ], [ -95.741903, 31.50212 ], [ -95.739279, 31.504056 ], [ -95.647171, 31.527014 ], [ -95.647696, 31.528704 ], [ -95.651764, 31.541791 ], [ -95.614806, 31.547177 ], [ -95.61221, 31.547668 ], [ -95.565536, 31.554125 ], [ -95.564093, 31.554195 ], [ -95.500228, 31.563514 ], [ -95.493171, 31.564905 ], [ -95.493001, 31.564927 ], [ -95.452319, 31.570136 ], [ -95.375224, 31.579561 ], [ -95.365632, 31.581188 ], [ -95.273203, 31.592886 ], [ -95.273998, 31.591442 ], [ -95.272155, 31.590347 ], [ -95.269973, 31.591453 ], [ -95.268962, 31.588397 ], [ -95.269301, 31.587537 ], [ -95.268118, 31.586649 ], [ -95.26669, 31.584034 ], [ -95.264881, 31.583907 ], [ -95.263709, 31.58155 ], [ -95.262162, 31.581217 ], [ -95.260737, 31.579431 ], [ -95.260257, 31.577104 ], [ -95.256415, 31.576159 ], [ -95.255023, 31.574789 ], [ -95.252702, 31.57617 ], [ -95.251204, 31.576265 ], [ -95.250001, 31.575355 ], [ -95.24662, 31.575375 ], [ -95.24101, 31.57466 ], [ -95.240799, 31.576435 ], [ -95.239814, 31.576705 ], [ -95.236087, 31.575325 ], [ -95.233142, 31.574834 ], [ -95.231621, 31.573903 ], [ -95.230187, 31.573495 ], [ -95.228169, 31.574722 ], [ -95.22994, 31.575523 ], [ -95.231601, 31.577048 ], [ -95.230088, 31.577327 ], [ -95.228398, 31.576363 ], [ -95.226544, 31.577407 ], [ -95.225113, 31.576691 ], [ -95.221632, 31.575866 ], [ -95.220378, 31.574172 ], [ -95.219458, 31.574513 ], [ -95.218356, 31.57343 ], [ -95.213949, 31.572729 ], [ -95.211641, 31.573275 ], [ -95.211274, 31.572035 ], [ -95.209842, 31.572168 ], [ -95.208776, 31.573054 ], [ -95.208283, 31.571852 ], [ -95.209524, 31.570782 ], [ -95.208518, 31.570185 ], [ -95.204275, 31.572842 ], [ -95.202716, 31.573393 ], [ -95.200659, 31.572073 ], [ -95.197545, 31.571567 ], [ -95.19724, 31.572963 ], [ -95.198676, 31.573914 ], [ -95.194684, 31.574688 ], [ -95.193374, 31.573283 ], [ -95.192573, 31.573297 ], [ -95.193092, 31.574751 ], [ -95.192722, 31.576059 ], [ -95.190023, 31.578002 ], [ -95.185908, 31.57894 ], [ -95.184877, 31.578181 ], [ -95.180554, 31.580604 ], [ -95.179431, 31.580406 ], [ -95.176359, 31.584826 ], [ -95.173534, 31.585116 ], [ -95.171913, 31.584878 ], [ -95.170255, 31.583094 ], [ -95.168784, 31.583755 ], [ -95.168996, 31.582342 ], [ -95.170905, 31.581689 ], [ -95.170223, 31.580678 ], [ -95.164797, 31.579089 ], [ -95.162217, 31.577676 ], [ -95.161634, 31.574903 ], [ -95.161757, 31.57346 ], [ -95.16025, 31.573046 ], [ -95.158242, 31.571564 ], [ -95.157467, 31.572335 ], [ -95.156315, 31.57196 ], [ -95.156732, 31.570832 ], [ -95.154728, 31.571118 ], [ -95.152936, 31.570199 ], [ -95.149737, 31.569568 ], [ -95.149195, 31.568949 ], [ -95.150564, 31.566996 ], [ -95.150912, 31.565668 ], [ -95.147426, 31.563174 ], [ -95.146228, 31.563972 ], [ -95.145185, 31.563121 ], [ -95.143576, 31.562902 ], [ -95.142905, 31.564688 ], [ -95.139727, 31.563031 ], [ -95.139723, 31.560867 ], [ -95.141355, 31.559129 ], [ -95.141825, 31.557851 ], [ -95.146088, 31.555641 ], [ -95.147309, 31.553754 ], [ -95.147048, 31.550285 ], [ -95.144309, 31.546677 ], [ -95.14317, 31.544037 ], [ -95.144239, 31.541935 ], [ -95.146137, 31.542888 ], [ -95.143445, 31.539641 ], [ -95.141189, 31.539614 ], [ -95.138661, 31.540227 ], [ -95.134996, 31.540392 ], [ -95.12926, 31.538349 ], [ -95.127384, 31.538056 ], [ -95.126646, 31.538363 ], [ -95.125338, 31.537248 ], [ -95.12626, 31.535172 ], [ -95.125428, 31.53284 ], [ -95.123, 31.531137 ], [ -95.123514, 31.533562 ], [ -95.122723, 31.534623 ], [ -95.120297, 31.534613 ], [ -95.120387, 31.532711 ], [ -95.115194, 31.53051 ], [ -95.114175, 31.529384 ], [ -95.109748, 31.527767 ], [ -95.108079, 31.526105 ], [ -95.110129, 31.524288 ], [ -95.107777, 31.522908 ], [ -95.105788, 31.52416 ], [ -95.104409, 31.522881 ], [ -95.103487, 31.523442 ], [ -95.103196, 31.521878 ], [ -95.101036, 31.519474 ], [ -95.099966, 31.518869 ], [ -95.099236, 31.516587 ], [ -95.098951, 31.513943 ], [ -95.099971, 31.512325 ], [ -95.09896, 31.511192 ], [ -95.096805, 31.510681 ], [ -95.096696, 31.509266 ], [ -95.098078, 31.509046 ], [ -95.099752, 31.510645 ], [ -95.100467, 31.510602 ], [ -95.100566, 31.508415 ], [ -95.097598, 31.506138 ], [ -95.09844, 31.504854 ], [ -95.096731, 31.503707 ], [ -95.094563, 31.504085 ], [ -95.093804, 31.502935 ], [ -95.095646, 31.501437 ], [ -95.095101, 31.500074 ], [ -95.0959, 31.499177 ], [ -95.094423, 31.49873 ], [ -95.096133, 31.497774 ], [ -95.097786, 31.498447 ], [ -95.098046, 31.493495 ], [ -95.098942, 31.493488 ], [ -95.099257, 31.494855 ], [ -95.101403, 31.495843 ], [ -95.101583, 31.494387 ], [ -95.103009, 31.49374 ], [ -95.103342, 31.494933 ], [ -95.105573, 31.494668 ], [ -95.10466, 31.49312 ], [ -95.10561, 31.491252 ], [ -95.107641, 31.489678 ], [ -95.109741, 31.488853 ], [ -95.109107, 31.485706 ], [ -95.110199, 31.485019 ], [ -95.111118, 31.483962 ], [ -95.109343, 31.483086 ], [ -95.106205, 31.482886 ], [ -95.106991, 31.480949 ], [ -95.104622, 31.479994 ], [ -95.103104, 31.47867 ], [ -95.103541, 31.474733 ], [ -95.102608, 31.474087 ], [ -95.101712, 31.473856 ], [ -95.098423, 31.47475 ], [ -95.098826, 31.476711 ], [ -95.097772, 31.47643 ], [ -95.097215, 31.475169 ], [ -95.098164, 31.473453 ], [ -95.100522, 31.472042 ], [ -95.101382, 31.469887 ], [ -95.100118, 31.469036 ], [ -95.100323, 31.468196 ], [ -95.098777, 31.468712 ], [ -95.094638, 31.468152 ], [ -95.092216, 31.46928 ], [ -95.091297, 31.467043 ], [ -95.08817, 31.46601 ], [ -95.081435, 31.468162 ], [ -95.080766, 31.469885 ], [ -95.079896, 31.469473 ], [ -95.078473, 31.467442 ], [ -95.074132, 31.466794 ], [ -95.073565, 31.463802 ], [ -95.071915, 31.463601 ], [ -95.069891, 31.465406 ], [ -95.06739, 31.466101 ], [ -95.066589, 31.470328 ], [ -95.068427, 31.469362 ], [ -95.06887, 31.470443 ], [ -95.065402, 31.471518 ], [ -95.062183, 31.469311 ], [ -95.062344, 31.46765 ], [ -95.060348, 31.46791 ], [ -95.057024, 31.464632 ], [ -95.058378, 31.46396 ], [ -95.058154, 31.463233 ], [ -95.055377, 31.462282 ], [ -95.054832, 31.461495 ], [ -95.055883, 31.460543 ], [ -95.05242, 31.459142 ], [ -95.051199, 31.456838 ], [ -95.051678, 31.453057 ], [ -95.048498, 31.450978 ], [ -95.048525, 31.449061 ], [ -95.044737, 31.446345 ], [ -95.045224, 31.445086 ], [ -95.044193, 31.444965 ], [ -95.039664, 31.446662 ], [ -95.034483, 31.444831 ], [ -95.035135, 31.443417 ], [ -95.031964, 31.44323 ], [ -95.030983, 31.443714 ], [ -95.032449, 31.444822 ], [ -95.031864, 31.445617 ], [ -95.028784, 31.443935 ], [ -95.024475, 31.442693 ], [ -95.022772, 31.442765 ], [ -95.02134, 31.443814 ], [ -95.017046, 31.444735 ], [ -95.016533, 31.445721 ], [ -95.012369, 31.444032 ], [ -95.010019, 31.444635 ], [ -95.0075, 31.444676 ], [ -95.007741, 31.44319 ], [ -95.006271, 31.442786 ], [ -95.006239, 31.441835 ], [ -95.004871, 31.441595 ], [ -95.00538, 31.439723 ], [ -95.008662, 31.439087 ], [ -95.011278, 31.437768 ], [ -95.012077, 31.435596 ], [ -95.011417, 31.434567 ], [ -95.007082, 31.432922 ], [ -95.007667, 31.431242 ], [ -95.006677, 31.429783 ], [ -95.003989, 31.428581 ], [ -95.003255, 31.427356 ], [ -95.003345, 31.42571 ], [ -95.003035, 31.426222 ], [ -94.95601, 31.460612 ], [ -94.92687, 31.482018 ], [ -94.903467, 31.499178 ], [ -94.865857, 31.526916 ], [ -94.870138, 31.526696 ], [ -94.869724, 31.527902 ], [ -94.869868, 31.528941 ], [ -94.872554, 31.529056 ], [ -94.87309, 31.52674 ], [ -94.874507, 31.526821 ], [ -94.874302, 31.528311 ], [ -94.875673, 31.527581 ], [ -94.876442, 31.528648 ], [ -94.880669, 31.52846 ], [ -94.879798, 31.529669 ], [ -94.881526, 31.529973 ], [ -94.88298, 31.529336 ], [ -94.883969, 31.529693 ], [ -94.884561, 31.531489 ], [ -94.88399, 31.532488 ], [ -94.882482, 31.531927 ], [ -94.882415, 31.532993 ], [ -94.885465, 31.534971 ], [ -94.884758, 31.535989 ], [ -94.883005, 31.536068 ], [ -94.883797, 31.537028 ], [ -94.885949, 31.537186 ], [ -94.884232, 31.538027 ], [ -94.885067, 31.540083 ], [ -94.884366, 31.540894 ], [ -94.885582, 31.541143 ], [ -94.886451, 31.542343 ], [ -94.890503, 31.541105 ], [ -94.89018, 31.542293 ], [ -94.891855, 31.542135 ], [ -94.894002, 31.541226 ], [ -94.893737, 31.542774 ], [ -94.896138, 31.545739 ], [ -94.895846, 31.546716 ], [ -94.893149, 31.549068 ], [ -94.893585, 31.550011 ], [ -94.89634, 31.549504 ], [ -94.89592, 31.550566 ], [ -94.897201, 31.552813 ], [ -94.89803, 31.553112 ], [ -94.899121, 31.551907 ], [ -94.900524, 31.552458 ], [ -94.898716, 31.555631 ], [ -94.896567, 31.554961 ], [ -94.89503, 31.558875 ], [ -94.894272, 31.559987 ], [ -94.891562, 31.562353 ], [ -94.889591, 31.566254 ], [ -94.890777, 31.569232 ], [ -94.890498, 31.572948 ], [ -94.891503, 31.577384 ], [ -94.891827, 31.578001 ], [ -94.893378, 31.57786 ], [ -94.894705, 31.576682 ], [ -94.897656, 31.575327 ], [ -94.902123, 31.5743 ], [ -94.904557, 31.573041 ], [ -94.907282, 31.570676 ], [ -94.9099, 31.569544 ], [ -94.912305, 31.569027 ], [ -94.913809, 31.569202 ], [ -94.915079, 31.569627 ], [ -94.917689, 31.571979 ], [ -94.919141, 31.572632 ], [ -94.920791, 31.574392 ], [ -94.920716, 31.576178 ], [ -94.921517, 31.577583 ], [ -94.923945, 31.579201 ], [ -94.923297, 31.581923 ], [ -94.924758, 31.582986 ], [ -94.922272, 31.584134 ], [ -94.919277, 31.586972 ], [ -94.921146, 31.588564 ], [ -94.924867, 31.59034 ], [ -94.924488, 31.592432 ], [ -94.925962, 31.592698 ], [ -94.926419, 31.593596 ], [ -94.925827, 31.596275 ], [ -94.926472, 31.598286 ], [ -94.927991, 31.598313 ], [ -94.926717, 31.598683 ], [ -94.927056, 31.60049 ], [ -94.927894, 31.601087 ], [ -94.927631, 31.602823 ], [ -94.92645, 31.602224 ], [ -94.925063, 31.60401 ], [ -94.925186, 31.606001 ], [ -94.926626, 31.607877 ], [ -94.926244, 31.609984 ], [ -94.928011, 31.610251 ], [ -94.930587, 31.612115 ], [ -94.929293, 31.613087 ], [ -94.930445, 31.61349 ], [ -94.93189, 31.615675 ], [ -94.931275, 31.616712 ], [ -94.931597, 31.618557 ], [ -94.932536, 31.617743 ], [ -94.934292, 31.618872 ], [ -94.932999, 31.619643 ], [ -94.933467, 31.621817 ], [ -94.934672, 31.620804 ], [ -94.935878, 31.621184 ], [ -94.936827, 31.622906 ], [ -94.938774, 31.62431 ], [ -94.940527, 31.626585 ], [ -94.941415, 31.627032 ], [ -94.941976, 31.629274 ], [ -94.939538, 31.629706 ], [ -94.9397, 31.630949 ], [ -94.940516, 31.63004 ], [ -94.941664, 31.631881 ], [ -94.94186, 31.633337 ], [ -94.940982, 31.633961 ], [ -94.941687, 31.636406 ], [ -94.941768, 31.638449 ], [ -94.945939, 31.637377 ], [ -94.947098, 31.638019 ], [ -94.947778, 31.636303 ], [ -94.949669, 31.63649 ], [ -94.949269, 31.637426 ], [ -94.950261, 31.637984 ], [ -94.950813, 31.640101 ], [ -94.952948, 31.639076 ], [ -94.954031, 31.639574 ], [ -94.951969, 31.641351 ], [ -94.952644, 31.642398 ], [ -94.951292, 31.642723 ], [ -94.950976, 31.645729 ], [ -94.951933, 31.645044 ], [ -94.952073, 31.646936 ], [ -94.949843, 31.646931 ], [ -94.950161, 31.648194 ], [ -94.949062, 31.648578 ], [ -94.948998, 31.649618 ], [ -94.951212, 31.650526 ], [ -94.952495, 31.651566 ], [ -94.95109, 31.651693 ], [ -94.94869, 31.653066 ], [ -94.948612, 31.654639 ], [ -94.949893, 31.654597 ], [ -94.949984, 31.655577 ], [ -94.948444, 31.655384 ], [ -94.94857, 31.657413 ], [ -94.949973, 31.65714 ], [ -94.950987, 31.65812 ], [ -94.951074, 31.659368 ], [ -94.952218, 31.659617 ], [ -94.951056, 31.661861 ], [ -94.950828, 31.663617 ], [ -94.951592, 31.665202 ], [ -94.95133, 31.666787 ], [ -94.952413, 31.66738 ], [ -94.951546, 31.669194 ], [ -94.952362, 31.671126 ], [ -94.954459, 31.669885 ], [ -94.954214, 31.66888 ], [ -94.956271, 31.669157 ], [ -94.957072, 31.670301 ], [ -94.955587, 31.672212 ], [ -94.952861, 31.67289 ], [ -94.954022, 31.676555 ], [ -94.952637, 31.676571 ], [ -94.953548, 31.677379 ], [ -94.950675, 31.679663 ], [ -94.952768, 31.680293 ], [ -94.951901, 31.681823 ], [ -94.9553, 31.680977 ], [ -94.956155, 31.68428 ], [ -94.957253, 31.686925 ], [ -94.958552, 31.685456 ], [ -94.959668, 31.685963 ], [ -94.961584, 31.689464 ], [ -94.963024, 31.690459 ], [ -94.963474, 31.691697 ], [ -94.965223, 31.693885 ], [ -94.965164, 31.696362 ], [ -94.965946, 31.697758 ], [ -94.964477, 31.697643 ], [ -94.963765, 31.698747 ], [ -94.960359, 31.698422 ], [ -94.960208, 31.699155 ], [ -94.963125, 31.701723 ], [ -94.964069, 31.703956 ], [ -94.963581, 31.704929 ], [ -94.961454, 31.704135 ], [ -94.9617, 31.704984 ], [ -94.959727, 31.709192 ], [ -94.960784, 31.712401 ], [ -94.962868, 31.713648 ], [ -94.962698, 31.715832 ], [ -94.961063, 31.71547 ], [ -94.958999, 31.716264 ], [ -94.958622, 31.71808 ], [ -94.957148, 31.719894 ], [ -94.955246, 31.721248 ], [ -94.954379, 31.723181 ], [ -94.956926, 31.724299 ], [ -94.958344, 31.7241 ], [ -94.962404, 31.733718 ], [ -94.965091, 31.736498 ], [ -94.96601, 31.734847 ], [ -94.966797, 31.734909 ], [ -94.967443, 31.73668 ], [ -94.969148, 31.736436 ], [ -94.970251, 31.737753 ], [ -94.972615, 31.737423 ], [ -94.972669, 31.738996 ], [ -94.97184, 31.739957 ], [ -94.97009, 31.740252 ], [ -94.970386, 31.742654 ], [ -94.968341, 31.748306 ], [ -94.966865, 31.749684 ], [ -94.966439, 31.751687 ], [ -94.967268, 31.753816 ], [ -94.964363, 31.754974 ], [ -94.960433, 31.753085 ], [ -94.959557, 31.754108 ], [ -94.958764, 31.753236 ], [ -94.955208, 31.75483 ], [ -94.952005, 31.753496 ], [ -94.950203, 31.753848 ], [ -94.948402, 31.752541 ], [ -94.943804, 31.752378 ], [ -94.943153, 31.754708 ], [ -94.94247, 31.753333 ], [ -94.939215, 31.754391 ], [ -94.939646, 31.755466 ], [ -94.93754, 31.756706 ], [ -94.936334, 31.755013 ], [ -94.934573, 31.756293 ], [ -94.933367, 31.754743 ], [ -94.930431, 31.755048 ], [ -94.928478, 31.75665 ], [ -94.928888, 31.758343 ], [ -94.926987, 31.758739 ], [ -94.926078, 31.760342 ], [ -94.926266, 31.761858 ], [ -94.92785, 31.762521 ], [ -94.929228, 31.766354 ], [ -94.931285, 31.766942 ], [ -94.933136, 31.766533 ], [ -94.933498, 31.768147 ], [ -94.935357, 31.768331 ], [ -94.937438, 31.769582 ], [ -94.937629, 31.771346 ], [ -94.938627, 31.772227 ], [ -94.942272, 31.772217 ], [ -94.944201, 31.773623 ], [ -94.946871, 31.771744 ], [ -94.948838, 31.774403 ], [ -94.951573, 31.772558 ], [ -94.951008, 31.769088 ], [ -94.951876, 31.769469 ], [ -94.955289, 31.773346 ], [ -94.957636, 31.777717 ], [ -94.959105, 31.778981 ], [ -94.96206, 31.778178 ], [ -94.961258, 31.77929 ], [ -94.962638, 31.780662 ], [ -94.964794, 31.7801 ], [ -94.967176, 31.781159 ], [ -94.969837, 31.781753 ], [ -94.971679, 31.781272 ], [ -94.971831, 31.782399 ], [ -94.974678, 31.7819 ], [ -94.974029, 31.783497 ], [ -94.974847, 31.783685 ], [ -94.974659, 31.785732 ], [ -94.976322, 31.786484 ], [ -94.975895, 31.787771 ], [ -94.977359, 31.790377 ], [ -94.977182, 31.791312 ], [ -94.978134, 31.793514 ], [ -94.976331, 31.793938 ], [ -94.975372, 31.794964 ], [ -94.975088, 31.793918 ], [ -94.973507, 31.79563 ], [ -94.972232, 31.794721 ], [ -94.972268, 31.796125 ], [ -94.971303, 31.795498 ], [ -94.970644, 31.796663 ], [ -94.968773, 31.79511 ], [ -94.966099, 31.796734 ], [ -94.964592, 31.796206 ], [ -94.960409, 31.797175 ], [ -94.960485, 31.79557 ], [ -94.956211, 31.796214 ], [ -94.954068, 31.796863 ], [ -94.954995, 31.798099 ], [ -94.953277, 31.799595 ], [ -94.954526, 31.79954 ], [ -94.955195, 31.800678 ], [ -94.951957, 31.800772 ], [ -94.953451, 31.801888 ], [ -94.952479, 31.802432 ], [ -94.952383, 31.8039 ], [ -94.95369, 31.803894 ], [ -94.954256, 31.805524 ], [ -94.95174, 31.806863 ], [ -94.951321, 31.80771 ], [ -94.949834, 31.806836 ], [ -94.949036, 31.807639 ], [ -94.946564, 31.80732 ], [ -94.946352, 31.808738 ], [ -94.947131, 31.810849 ], [ -94.945489, 31.81306 ], [ -94.945786, 31.81423 ], [ -94.944408, 31.814637 ], [ -94.944357, 31.816589 ], [ -94.942786, 31.817122 ], [ -94.94229, 31.818332 ], [ -94.943745, 31.820053 ], [ -94.943623, 31.820838 ], [ -94.945344, 31.823097 ], [ -94.946561, 31.823638 ], [ -94.945859, 31.824903 ], [ -94.948359, 31.82539 ], [ -94.948366, 31.826117 ], [ -94.946492, 31.826823 ], [ -94.94535, 31.825305 ], [ -94.94483, 31.827231 ], [ -94.9432, 31.827325 ], [ -94.941886, 31.828944 ], [ -94.940983, 31.82691 ], [ -94.940218, 31.828263 ], [ -94.93591, 31.831482 ], [ -94.934616, 31.834748 ], [ -94.936947, 31.83577 ], [ -94.935685, 31.835831 ], [ -94.937688, 31.839179 ], [ -94.935685, 31.837838 ], [ -94.936728, 31.840608 ], [ -94.935389, 31.842406 ], [ -94.937076, 31.841427 ], [ -94.936529, 31.843588 ], [ -94.938048, 31.843901 ], [ -94.937057, 31.844506 ], [ -94.937532, 31.845555 ], [ -94.89868, 31.845198 ], [ -94.874745, 31.84459 ], [ -94.867195, 31.844524 ], [ -94.824774, 31.844156 ], [ -94.800274, 31.843974 ], [ -94.769573, 31.843897 ], [ -94.724764, 31.843828 ], [ -94.681192, 31.843943 ], [ -94.678473, 31.843776 ], [ -94.643341, 31.843864 ], [ -94.642555, 31.843821 ], [ -94.61024, 31.843913 ], [ -94.581301, 31.84398 ], [ -94.559557, 31.844027 ], [ -94.509744, 31.844116 ], [ -94.5, 31.84416 ], [ -94.496028, 31.844009 ], [ -94.452513, 31.844113 ], [ -94.453096, 31.846179 ], [ -94.45283, 31.848102 ], [ -94.456595, 31.849721 ], [ -94.457134, 31.852178 ], [ -94.458715, 31.853186 ], [ -94.460241, 31.852383 ], [ -94.460593, 31.853749 ], [ -94.461605, 31.853389 ], [ -94.461592, 31.854765 ], [ -94.463759, 31.856474 ], [ -94.464259, 31.858302 ], [ -94.46258, 31.858805 ], [ -94.463606, 31.859049 ], [ -94.460231, 31.860587 ], [ -94.460399, 31.862611 ], [ -94.459588, 31.863782 ], [ -94.460934, 31.863298 ], [ -94.461076, 31.864392 ], [ -94.460078, 31.86492 ], [ -94.461734, 31.866052 ], [ -94.460748, 31.866976 ], [ -94.462624, 31.869428 ], [ -94.461974, 31.871386 ], [ -94.463482, 31.87303 ], [ -94.463779, 31.874151 ], [ -94.465516, 31.875896 ], [ -94.466019, 31.878051 ], [ -94.46678, 31.878991 ], [ -94.469615, 31.879293 ], [ -94.470009, 31.88163 ], [ -94.472149, 31.882421 ], [ -94.474147, 31.882509 ], [ -94.473103, 31.883751 ], [ -94.474295, 31.883493 ], [ -94.474566, 31.884943 ], [ -94.476906, 31.887026 ], [ -94.477518, 31.886245 ], [ -94.477583, 31.887219 ], [ -94.476242, 31.888027 ], [ -94.475605, 31.889457 ], [ -94.477488, 31.891722 ], [ -94.478171, 31.89087 ], [ -94.479183, 31.891897 ], [ -94.479042, 31.893338 ], [ -94.480131, 31.893574 ], [ -94.480377, 31.895185 ], [ -94.480113, 31.896153 ], [ -94.479132, 31.895422 ], [ -94.478934, 31.897291 ], [ -94.479598, 31.898396 ], [ -94.481615, 31.898115 ], [ -94.481416, 31.899254 ], [ -94.482242, 31.900787 ], [ -94.480709, 31.902113 ], [ -94.483132, 31.902305 ], [ -94.484011, 31.903773 ], [ -94.485326, 31.904163 ], [ -94.486969, 31.903426 ], [ -94.488685, 31.906081 ], [ -94.489909, 31.905586 ], [ -94.491547, 31.907223 ], [ -94.491883, 31.908284 ], [ -94.490704, 31.90944 ], [ -94.49184, 31.910962 ], [ -94.493928, 31.910879 ], [ -94.496314, 31.911757 ], [ -94.497327, 31.912802 ], [ -94.498358, 31.912653 ], [ -94.499558, 31.913785 ], [ -94.498437, 31.915011 ], [ -94.50146, 31.91458 ], [ -94.501878, 31.915905 ], [ -94.502614, 31.914371 ], [ -94.503932, 31.915988 ], [ -94.50327, 31.917069 ], [ -94.504482, 31.918685 ], [ -94.504466, 31.920436 ], [ -94.50563, 31.9214 ], [ -94.507206, 31.920918 ], [ -94.506525, 31.921932 ], [ -94.508134, 31.922503 ], [ -94.509265, 31.922189 ], [ -94.511315, 31.924129 ], [ -94.511471, 31.926245 ], [ -94.511431, 31.973984 ], [ -94.492569, 31.974073 ], [ -94.492049, 31.974052 ], [ -94.388751, 31.97541 ], [ -94.346443, 31.975903 ], [ -94.342715, 31.975872 ], [ -94.331615, 31.975979 ], [ -94.328053, 31.976012 ], [ -94.317585, 31.976356 ], [ -94.294243, 31.976471 ], [ -94.291653, 31.976334 ], [ -94.234402, 31.977579 ], [ -94.228716, 31.977476 ], [ -94.193734, 31.97786 ], [ -94.153826, 31.978296 ], [ -94.14488, 31.978395 ], [ -94.125193, 31.978612 ], [ -94.120057, 31.978913 ], [ -94.062749, 31.979226 ], [ -94.01563, 31.979856 ], [ -94.015420380704199, 31.980158829131799 ], [ -94.012735, 31.9783 ], [ -94.007355, 31.973769 ], [ -94.00609545044, 31.971515155462001 ], [ -94.001975, 31.964142 ], [ -93.998680999117994, 31.9590732884785 ], [ -93.995991265696901, 31.954934405925101 ], [ -93.99376, 31.951501 ], [ -93.990365, 31.948568 ], [ -93.987379, 31.943443 ], [ -93.981587, 31.940073 ], [ -93.981271571483305, 31.939532219929401 ], [ -93.979775231090201, 31.936966849265598 ], [ -93.979605, 31.936675 ], [ -93.979322, 31.930729 ], [ -93.977461, 31.926419 ], [ -93.973942, 31.921668 ], [ -93.971712, 31.920384 ], [ -93.967996, 31.919969 ], [ -93.964315, 31.923084 ], [ -93.961781, 31.923994 ], [ -93.958935, 31.922234 ], [ -93.955253, 31.91289 ], [ -93.953546, 31.910563 ], [ -93.94959, 31.910625 ], [ -93.939963, 31.910342 ], [ -93.933167, 31.910908 ], [ -93.929203, 31.911757 ], [ -93.927611, 31.910684 ], [ -93.923256, 31.907793 ], [ -93.921841, 31.905528 ], [ -93.922973, 31.902696 ], [ -93.930902, 31.896467 ], [ -93.932227, 31.893511 ], [ -93.929769, 31.891087 ], [ -93.926654, 31.888255 ], [ -93.922124, 31.885707 ], [ -93.919859, 31.887689 ], [ -93.919588, 31.890748 ], [ -93.915949, 31.892861 ], [ -93.907416, 31.892474 ], [ -93.903152, 31.896184 ], [ -93.902411001710405, 31.896203039539401 ], [ -93.900272, 31.896258 ], [ -93.898133511301197, 31.894895648108601 ], [ -93.897412, 31.894436 ], [ -93.895997, 31.890898 ], [ -93.896643, 31.887294 ], [ -93.901888, 31.880063 ], [ -93.902586, 31.876646 ], [ -93.902458, 31.875275 ], [ -93.901318, 31.873661 ], [ -93.899471, 31.873531 ], [ -93.897426, 31.87442 ], [ -93.896097, 31.876224 ], [ -93.892964, 31.876319 ], [ -93.891543, 31.874947 ], [ -93.89126, 31.871266 ], [ -93.889247, 31.869027 ], [ -93.88503, 31.865886 ], [ -93.882556, 31.866847 ], [ -93.880783, 31.864753 ], [ -93.882486, 31.861927 ], [ -93.886163, 31.859939 ], [ -93.888787, 31.857712 ], [ -93.888977, 31.855719 ], [ -93.88798, 31.854585 ], [ -93.883499, 31.855057 ], [ -93.881813, 31.852249 ], [ -93.884443, 31.849869 ], [ -93.883499, 31.847039 ], [ -93.881005780352098, 31.8448387709843 ], [ -93.879638714036503, 31.8436323554259 ], [ -93.879491, 31.843502 ], [ -93.874822, 31.840611 ], [ -93.873124, 31.836664 ], [ -93.874775, 31.834542 ], [ -93.877133, 31.832184 ], [ -93.875954, 31.829354 ], [ -93.874067, 31.825345 ], [ -93.874761, 31.821661 ], [ -93.870917, 31.816837 ], [ -93.873022, 31.816259 ], [ -93.873432, 31.815813 ], [ -93.873253, 31.814886 ], [ -93.871947, 31.81392 ], [ -93.870839, 31.813783 ], [ -93.86856, 31.815234 ], [ -93.867319, 31.815316 ], [ -93.861384, 31.812297 ], [ -93.860587, 31.811616 ], [ -93.859316, 31.809115 ], [ -93.858518, 31.808487 ], [ -93.856964, 31.80809 ], [ -93.854573, 31.806651 ], [ -93.85339, 31.805467 ], [ -93.853529, 31.802607 ], [ -93.852655, 31.801108 ], [ -93.851481, 31.80015 ], [ -93.849848, 31.79978 ], [ -93.847632, 31.799635 ], [ -93.84706, 31.799861 ], [ -93.846188, 31.802021 ], [ -93.845372, 31.801872 ], [ -93.842892, 31.800676 ], [ -93.840029, 31.800596 ], [ -93.839343, 31.80033 ], [ -93.838441, 31.798081 ], [ -93.837981, 31.797414 ], [ -93.836566, 31.796402 ], [ -93.835613, 31.794489 ], [ -93.836868, 31.788734 ], [ -93.834649, 31.783309 ], [ -93.831197, 31.780227 ], [ -93.827451, 31.777741 ], [ -93.823443, 31.775098 ], [ -93.822598, 31.773559 ], [ -93.824568, 31.770449 ], [ -93.825273, 31.767369 ], [ -93.828809, 31.76563 ], [ -93.829587, 31.764204 ], [ -93.82681, 31.763777 ], [ -93.826171, 31.762327 ], [ -93.827614, 31.760311 ], [ -93.830444, 31.755831 ], [ -93.832566, 31.75418 ], [ -93.836103, 31.751586 ], [ -93.836103, 31.748521 ], [ -93.833038, 31.746399 ], [ -93.829972, 31.744512 ], [ -93.826199, 31.736731 ], [ -93.824579, 31.734397 ], [ -93.822191, 31.732486 ], [ -93.816767, 31.730836 ], [ -93.814968964414106, 31.7287335610025 ], [ -93.81493, 31.728688 ], [ -93.813466, 31.725884 ], [ -93.812795, 31.716781 ], [ -93.812489, 31.715212 ], [ -93.816918, 31.708765 ], [ -93.816291, 31.707497 ], [ -93.812206, 31.707582 ], [ -93.811483, 31.707218 ], [ -93.811121, 31.703681 ], [ -93.808395, 31.702853 ], [ -93.807047, 31.702813 ], [ -93.797621, 31.705552 ], [ -93.794989, 31.704806 ], [ -93.794548, 31.702076 ], [ -93.795517, 31.700513 ], [ -93.803396, 31.687812 ], [ -93.804479, 31.685664 ], [ -93.813938, 31.675894 ], [ -93.812287, 31.672121 ], [ -93.812759, 31.669763 ], [ -93.815175, 31.667955 ], [ -93.816859, 31.668629 ], [ -93.818038, 31.669976 ], [ -93.818889, 31.673772 ], [ -93.822051, 31.673967 ], [ -93.826462, 31.666919 ], [ -93.825661, 31.661022 ], [ -93.825055029037102, 31.6602828736082 ], [ -93.820068, 31.6542 ], [ -93.818037, 31.647892 ], [ -93.815955, 31.632279 ], [ -93.818527, 31.631473 ], [ -93.820594, 31.629714 ], [ -93.820725, 31.627992 ], [ -93.81966, 31.62658 ], [ -93.81724, 31.625552 ], [ -93.816838, 31.622509 ], [ -93.8169157879327, 31.6224876433131 ], [ -93.820728, 31.621441 ], [ -93.823104, 31.620753 ], [ -93.82583, 31.621382 ], [ -93.826852, 31.621047 ], [ -93.82717, 31.620276 ], [ -93.825956, 31.619535 ], [ -93.822154, 31.618522 ], [ -93.818787, 31.616603 ], [ -93.818717, 31.614556 ], [ -93.819582, 31.614121 ], [ -93.822642, 31.614529 ], [ -93.82629, 31.614903 ], [ -93.830444, 31.613595 ], [ -93.838057, 31.606795 ], [ -93.839383, 31.599075 ], [ -93.834924, 31.586211 ], [ -93.830363, 31.579355 ], [ -93.82715, 31.578477 ], [ -93.818434, 31.570943 ], [ -93.8184, 31.5696 ], [ -93.819149, 31.56893 ], [ -93.82221, 31.568834 ], [ -93.822958, 31.56813 ], [ -93.822889, 31.565914 ], [ -93.821564, 31.563696 ], [ -93.817354, 31.563937 ], [ -93.81686, 31.563084 ], [ -93.817008, 31.561647 ], [ -93.818363, 31.560164 ], [ -93.821087, 31.560341 ], [ -93.820764, 31.558221 ], [ -93.818582, 31.554826 ], [ -93.813973, 31.550556 ], [ -93.81025, 31.549878 ], [ -93.809475, 31.547863 ], [ -93.808305, 31.546383 ], [ -93.803337, 31.543622 ], [ -93.800515, 31.543449 ], [ -93.799536, 31.542977 ], [ -93.799894, 31.54187 ], [ -93.80258, 31.540645 ], [ -93.803359, 31.538787 ], [ -93.799206, 31.538075 ], [ -93.798087, 31.534044 ], [ -93.790298, 31.530773 ], [ -93.787687, 31.527344 ], [ -93.780835, 31.525384 ], [ -93.760062, 31.523933 ], [ -93.754883, 31.524796 ], [ -93.75413, 31.526406 ], [ -93.757613, 31.527554 ], [ -93.758111, 31.529872 ], [ -93.7565, 31.53054 ], [ -93.7547, 31.529865 ], [ -93.751889, 31.527475 ], [ -93.750086, 31.529555 ], [ -93.747737, 31.53069 ], [ -93.747336, 31.52839 ], [ -93.742765, 31.526858 ], [ -93.742398, 31.523303 ], [ -93.741705950750102, 31.521508408409002 ], [ -93.740557, 31.518529 ], [ -93.740978, 31.517568 ], [ -93.742169, 31.517252 ], [ -93.743876, 31.518064 ], [ -93.744579, 31.517587 ], [ -93.744195460674106, 31.5169733370786 ], [ -93.743884, 31.516475 ], [ -93.742196, 31.515469 ], [ -93.737376, 31.513864 ], [ -93.733433, 31.513223 ], [ -93.724757, 31.514369 ], [ -93.716032, 31.514841 ], [ -93.713439, 31.514841 ], [ -93.711581, 31.512789 ], [ -93.711577550600396, 31.5124721310182 ], [ -93.711552, 31.510125 ], [ -93.715561, 31.508002 ], [ -93.719098, 31.503994 ], [ -93.721456, 31.499749 ], [ -93.723476, 31.49593 ], [ -93.724286, 31.492204 ], [ -93.727587, 31.488902 ], [ -93.734897, 31.487016 ], [ -93.741885, 31.483535 ], [ -93.745152, 31.485638 ], [ -93.749098, 31.484736 ], [ -93.751851, 31.483117 ], [ -93.752988, 31.48171 ], [ -93.752198, 31.479551 ], [ -93.750627, 31.479028 ], [ -93.748003, 31.481648 ], [ -93.746483, 31.481828 ], [ -93.745542, 31.480396 ], [ -93.745401, 31.47812 ], [ -93.748474, 31.474808 ], [ -93.74972, 31.470918 ], [ -93.749476, 31.46869 ], [ -93.744412239156802, 31.4668090797968 ], [ -93.744406604963203, 31.4668069869909 ], [ -93.744401587250294, 31.466805123175099 ], [ -93.741841, 31.465854 ], [ -93.731513, 31.457474 ], [ -93.722093, 31.453496 ], [ -93.717734, 31.457106 ], [ -93.715501, 31.456903 ], [ -93.712853, 31.453908 ], [ -93.711663, 31.453049 ], [ -93.70997, 31.45276 ], [ -93.709027, 31.453404 ], [ -93.709128, 31.456746 ], [ -93.70663, 31.456793 ], [ -93.703934, 31.455493 ], [ -93.704214, 31.45298 ], [ -93.709194, 31.445043 ], [ -93.708937, 31.441706 ], [ -93.705893, 31.440327 ], [ -93.701754, 31.440918 ], [ -93.692688, 31.440563 ], [ -93.692526, 31.438201 ], [ -93.697603, 31.428409 ], [ -93.704678, 31.4189 ], [ -93.704697969724506, 31.418103297407999 ], [ -93.704879, 31.410881 ], [ -93.701611, 31.409334 ], [ -93.695866, 31.409392 ], [ -93.688134, 31.404762 ], [ -93.681355, 31.398044 ], [ -93.676555, 31.398733 ], [ -93.674117, 31.397681 ], [ -93.6722551829304, 31.392985913914099 ], [ -93.670604, 31.388822 ], [ -93.668987, 31.372654 ], [ -93.669994, 31.370479 ], [ -93.673158, 31.371128 ], [ -93.67338, 31.368819 ], [ -93.670108, 31.3657 ], [ -93.665358, 31.365671 ], [ -93.656598, 31.36736 ], [ -93.648824, 31.370598 ], [ -93.643302, 31.370963 ], [ -93.64029, 31.372564 ], [ -93.639257, 31.371535 ], [ -93.64498, 31.362966 ], [ -93.644866, 31.360868 ], [ -93.646633, 31.358595 ], [ -93.664053, 31.354336 ], [ -93.668439, 31.353012 ], [ -93.669547, 31.35057 ], [ -93.668802, 31.339604 ], [ -93.669671, 31.337975 ], [ -93.677277, 31.330483 ], [ -93.673954, 31.326186 ], [ -93.673553, 31.324542 ], [ -93.675191, 31.322049 ], [ -93.681112, 31.320125 ], [ -93.687851, 31.309835 ], [ -93.68688, 31.305166 ], [ -93.684039, 31.301771 ], [ -93.67544, 31.30104 ], [ -93.66741, 31.297054 ], [ -93.66293, 31.287386 ], [ -93.659864, 31.281962 ], [ -93.657004, 31.281736 ], [ -93.653026, 31.283377 ], [ -93.650904, 31.28432 ], [ -93.647367, 31.281726 ], [ -93.646285, 31.279001 ], [ -93.645221116273802, 31.276322007791901 ], [ -93.644685, 31.274972 ], [ -93.644066, 31.271587 ], [ -93.641472, 31.269936 ], [ -93.638642, 31.269701 ], [ -93.622843, 31.272059 ], [ -93.620343, 31.271025 ], [ -93.619542, 31.267814 ], [ -93.618835, 31.263805 ], [ -93.61459, 31.261447 ], [ -93.613942, 31.259375 ], [ -93.615432, 31.25612 ], [ -93.615402, 31.254166 ], [ -93.613944, 31.252858 ], [ -93.614288, 31.251631 ], [ -93.621202, 31.249642 ], [ -93.621684, 31.248586 ], [ -93.620049, 31.246912 ], [ -93.616308, 31.244595 ], [ -93.617109, 31.241005 ], [ -93.616205, 31.237548 ], [ -93.618255, 31.233105 ], [ -93.617984, 31.232501 ], [ -93.616679, 31.232011 ], [ -93.613156, 31.232432 ], [ -93.612491, 31.232689 ], [ -93.610705, 31.232152 ], [ -93.609828, 31.229661 ], [ -93.608747, 31.228014 ], [ -93.607035, 31.227922 ], [ -93.601656, 31.229523 ], [ -93.598391, 31.231097 ], [ -93.596886, 31.230626 ], [ -93.596556, 31.229657 ], [ -93.596634226048096, 31.229086188967699 ], [ -93.596785, 31.227986 ], [ -93.599221, 31.225304 ], [ -93.599094, 31.224182 ], [ -93.595305, 31.221815 ], [ -93.595045, 31.221044 ], [ -93.595612, 31.219855 ], [ -93.603139, 31.217056 ], [ -93.603801, 31.215752 ], [ -93.603541, 31.210673 ], [ -93.607288, 31.205403 ], [ -93.601857, 31.199393 ], [ -93.60166, 31.187026 ], [ -93.602443, 31.182541 ], [ -93.600308, 31.176158 ], [ -93.610568, 31.175562 ], [ -93.615067, 31.17532 ], [ -93.616445, 31.175239 ], [ -93.734247, 31.168281 ], [ -93.796586, 31.164714 ], [ -93.846214, 31.161859 ], [ -93.911126, 31.158071 ], [ -93.984878, 31.144267 ], [ -94.039034, 31.134271 ], [ -94.039801, 31.130448 ], [ -94.037797, 31.129398 ], [ -94.038724, 31.126973 ], [ -94.041111, 31.12567 ], [ -94.040379, 31.123148 ], [ -94.042292, 31.121203 ], [ -94.042298, 31.119435 ], [ -94.043234, 31.118552 ], [ -94.045479, 31.118343 ], [ -94.045719, 31.116609 ], [ -94.047274, 31.117674 ], [ -94.048649, 31.116862 ], [ -94.04827, 31.11562 ], [ -94.050571, 31.115904 ], [ -94.050905, 31.114609 ], [ -94.055025, 31.114458 ], [ -94.055078, 31.113643 ], [ -94.057081, 31.11427 ], [ -94.057794, 31.113286 ], [ -94.055715, 31.112659 ], [ -94.05635, 31.11182 ], [ -94.057178, 31.112647 ], [ -94.058293, 31.111751 ], [ -94.059145, 31.113249 ], [ -94.06077, 31.112635 ], [ -94.061092, 31.113932 ], [ -94.062302, 31.112414 ], [ -94.062255, 31.114853 ], [ -94.062864, 31.11491 ], [ -94.064133, 31.112255 ], [ -94.065463, 31.11199 ], [ -94.074544, 31.110186 ], [ -94.129632, 31.09928 ], [ -94.19296, 31.086854 ], [ -94.238741, 31.077724 ], [ -94.276572, 31.070169 ], [ -94.308172, 31.063825 ], [ -94.323247, 31.060773 ], [ -94.404598, 31.044027 ], [ -94.457805, 31.033332 ], [ -94.457816, 31.033325 ], [ -94.45826, 31.03203 ] ] ] } },
{ "type": "Feature", "properties": { "FederalDivisionName": "Marshall", "FederalJudicialDistrict": "Eastern" }, "geometry": { "type": "Polygon", "coordinates": [ [ [ -94.702097, 32.472168 ], [ -94.701972, 32.481011 ], [ -94.701958, 32.49134 ], [ -94.701942, 32.503918 ], [ -94.702003, 32.517727 ], [ -94.701987, 32.528379 ], [ -94.701996, 32.530262 ], [ -94.702004, 32.532029 ], [ -94.701918, 32.538431 ], [ -94.701852, 32.58458 ], [ -94.70183, 32.607808 ], [ -94.70179, 32.652209 ], [ -94.703128, 32.654041 ], [ -94.702673, 32.656405 ], [ -94.70372, 32.657828 ], [ -94.706351, 32.656025 ], [ -94.708671, 32.655678 ], [ -94.708466, 32.656998 ], [ -94.710706, 32.657959 ], [ -94.711407, 32.656799 ], [ -94.712018, 32.65804 ], [ -94.714403, 32.657579 ], [ -94.714007, 32.656616 ], [ -94.715878, 32.656947 ], [ -94.716053, 32.655886 ], [ -94.718133, 32.656104 ], [ -94.719562, 32.654411 ], [ -94.722129, 32.655817 ], [ -94.723851, 32.65457 ], [ -94.724975, 32.654575 ], [ -94.727919, 32.65542 ], [ -94.729311, 32.658548 ], [ -94.731956, 32.657964 ], [ -94.734213, 32.661333 ], [ -94.735538, 32.660331 ], [ -94.736905, 32.663482 ], [ -94.741298, 32.664523 ], [ -94.744336, 32.666053 ], [ -94.745629, 32.667507 ], [ -94.747077, 32.666215 ], [ -94.746713, 32.664791 ], [ -94.747488, 32.662922 ], [ -94.747372, 32.660426 ], [ -94.749589, 32.660705 ], [ -94.75167, 32.662556 ], [ -94.753004, 32.660708 ], [ -94.75507, 32.660732 ], [ -94.758502, 32.659793 ], [ -94.766387, 32.650962 ], [ -94.773477, 32.643863 ], [ -94.774927, 32.641394 ], [ -94.802642, 32.610324 ], [ -94.817288, 32.593894 ], [ -94.818752, 32.59227 ], [ -94.820013, 32.59088 ], [ -94.828037, 32.588259 ], [ -94.828221, 32.588203 ], [ -94.828319, 32.588172 ], [ -94.829709, 32.58773 ], [ -94.840858, 32.583852 ], [ -94.84762, 32.581519 ], [ -94.848939, 32.58106 ], [ -94.854965, 32.578958 ], [ -94.856101, 32.578477 ], [ -94.859417, 32.577072 ], [ -94.859859, 32.57692 ], [ -94.862434, 32.576104 ], [ -94.862896, 32.575868 ], [ -94.866675, 32.574572 ], [ -94.867352, 32.574337 ], [ -94.868099, 32.574081 ], [ -94.872944, 32.572099 ], [ -94.876346, 32.571008 ], [ -94.876745, 32.57103 ], [ -94.877823, 32.570831 ], [ -94.879138, 32.570099 ], [ -94.889611, 32.566743 ], [ -94.894719, 32.564912 ], [ -94.895466, 32.564645 ], [ -94.901105, 32.562409 ], [ -94.902044, 32.562102 ], [ -94.902055, 32.561226 ], [ -94.904728, 32.561225 ], [ -94.914954, 32.557833 ], [ -94.922514, 32.555256 ], [ -94.946148, 32.547179 ], [ -94.951262, 32.545102 ], [ -94.959097, 32.542415 ], [ -94.959401, 32.542312 ], [ -94.95985, 32.542158 ], [ -94.971523, 32.537697 ], [ -94.972207, 32.537429 ], [ -94.972708, 32.537759 ], [ -94.973363, 32.537649 ], [ -94.974487, 32.536042 ], [ -94.981934, 32.537618 ], [ -94.986585, 32.537324 ], [ -94.986935, 32.537246 ], [ -94.988337, 32.536758 ], [ -94.990013, 32.534262 ], [ -94.99182, 32.52961 ], [ -94.993959, 32.526584 ], [ -94.997778, 32.523032 ], [ -94.998538, 32.521915 ], [ -95.004776, 32.52091 ], [ -95.006361, 32.519674 ], [ -95.008686, 32.516813 ], [ -95.011602, 32.516477 ], [ -95.014209, 32.51708 ], [ -95.017471, 32.518395 ], [ -95.020694, 32.520314 ], [ -95.022478, 32.522109 ], [ -95.018259, 32.525801 ], [ -95.017395, 32.526947 ], [ -95.015439, 32.53228 ], [ -95.015396, 32.533161 ], [ -95.017119, 32.537799 ], [ -95.017069, 32.53954 ], [ -95.01544, 32.543143 ], [ -95.018664, 32.542986 ], [ -95.019451, 32.543414 ], [ -95.020974, 32.546726 ], [ -95.02417, 32.547421 ], [ -95.025871, 32.546819 ], [ -95.026597, 32.545819 ], [ -95.027081, 32.542961 ], [ -95.028061, 32.540685 ], [ -95.027224, 32.539724 ], [ -95.024172, 32.538321 ], [ -95.024817, 32.537 ], [ -95.027242, 32.536123 ], [ -95.029025, 32.536164 ], [ -95.031484, 32.535482 ], [ -95.038064, 32.533073 ], [ -95.04076, 32.532285 ], [ -95.04327, 32.532469 ], [ -95.043316, 32.535764 ], [ -95.044939, 32.538162 ], [ -95.046264, 32.539246 ], [ -95.044514, 32.539851 ], [ -95.043525, 32.541088 ], [ -95.044855, 32.542237 ], [ -95.046144, 32.540824 ], [ -95.047465, 32.540369 ], [ -95.047836, 32.539169 ], [ -95.050738, 32.538203 ], [ -95.054201, 32.538683 ], [ -95.054971, 32.540215 ], [ -95.056437, 32.540522 ], [ -95.058772, 32.538707 ], [ -95.061265, 32.538029 ], [ -95.063305, 32.538128 ], [ -95.065935, 32.537692 ], [ -95.068841, 32.538671 ], [ -95.0714, 32.541134 ], [ -95.072326, 32.540422 ], [ -95.072427, 32.538518 ], [ -95.074901, 32.537111 ], [ -95.07579, 32.537222 ], [ -95.076242, 32.539337 ], [ -95.07994, 32.541293 ], [ -95.083043, 32.541705 ], [ -95.083871, 32.542541 ], [ -95.083552, 32.546447 ], [ -95.080107, 32.551053 ], [ -95.078983, 32.553111 ], [ -95.079116, 32.556119 ], [ -95.08149, 32.555869 ], [ -95.082677, 32.553904 ], [ -95.08442, 32.552981 ], [ -95.085742, 32.553413 ], [ -95.085968, 32.554626 ], [ -95.084515, 32.557437 ], [ -95.085054, 32.55784 ], [ -95.087063, 32.556068 ], [ -95.09011, 32.557172 ], [ -95.093259, 32.557682 ], [ -95.094386, 32.557372 ], [ -95.095577, 32.555169 ], [ -95.097977, 32.556078 ], [ -95.098746, 32.555523 ], [ -95.097507, 32.553573 ], [ -95.096479, 32.550443 ], [ -95.097559, 32.549658 ], [ -95.098949, 32.549979 ], [ -95.099015, 32.552399 ], [ -95.103272, 32.55106 ], [ -95.109334, 32.551803 ], [ -95.110815, 32.551769 ], [ -95.112711, 32.550919 ], [ -95.114133, 32.549107 ], [ -95.113067, 32.548219 ], [ -95.114687, 32.545319 ], [ -95.117048, 32.544556 ], [ -95.117559, 32.542811 ], [ -95.118786, 32.542496 ], [ -95.120002, 32.542994 ], [ -95.121946, 32.546809 ], [ -95.121432, 32.549109 ], [ -95.122633, 32.549815 ], [ -95.126058, 32.549128 ], [ -95.131344, 32.548972 ], [ -95.135434, 32.548014 ], [ -95.139766, 32.549973 ], [ -95.140665, 32.551101 ], [ -95.141469, 32.555177 ], [ -95.140693, 32.559677 ], [ -95.142603, 32.561906 ], [ -95.144309, 32.5638 ], [ -95.144291, 32.567031 ], [ -95.145888, 32.569741 ], [ -95.148413, 32.568748 ], [ -95.150769, 32.570197 ], [ -95.150507, 32.572116 ], [ -95.15341, 32.570115 ], [ -95.152964, 32.607121 ], [ -95.152879, 32.625593 ], [ -95.15274, 32.660949 ], [ -95.15265, 32.696032 ], [ -95.15263, 32.69959 ], [ -95.152611, 32.703097 ], [ -95.152527, 32.728664 ], [ -95.152451, 32.759591 ], [ -95.152436, 32.780191 ], [ -95.152265, 32.813325 ], [ -95.152237, 32.849292 ], [ -95.152282, 32.865211 ], [ -95.152107, 32.891251 ], [ -95.152118, 32.896414 ], [ -95.152117, 32.897036 ], [ -95.15211, 32.902641 ], [ -95.152103, 32.907884 ], [ -95.15255, 32.916359 ], [ -95.152266, 32.922713 ], [ -95.152297, 32.941335 ], [ -95.152301, 32.948216 ], [ -95.152586, 32.949289 ], [ -95.152201, 32.953201 ], [ -95.152188, 32.974817 ], [ -95.152248, 32.990285 ], [ -95.150309, 33.000121 ], [ -95.149962, 33.005998 ], [ -95.150535, 33.011412 ], [ -95.152206, 33.01345 ], [ -95.149976, 33.015659 ], [ -95.148953, 33.015875 ], [ -95.147365, 33.018701 ], [ -95.148078, 33.019582 ], [ -95.147452, 33.020871 ], [ -95.1457, 33.021456 ], [ -95.142623, 33.023862 ], [ -95.141054, 33.02431 ], [ -95.141115, 33.025835 ], [ -95.138714, 33.026226 ], [ -95.137355, 33.029086 ], [ -95.137213, 33.030938 ], [ -95.133943, 33.031321 ], [ -95.131884, 33.029809 ], [ -95.129154, 33.031362 ], [ -95.130336, 33.032162 ], [ -95.128934, 33.033772 ], [ -95.12613, 33.034581 ], [ -95.125217, 33.035362 ], [ -95.122222, 33.035756 ], [ -95.120935, 33.034239 ], [ -95.118656, 33.034743 ], [ -95.115039, 33.034076 ], [ -95.11477, 33.033138 ], [ -95.113063, 33.032635 ], [ -95.113252, 33.031838 ], [ -95.115009, 33.031953 ], [ -95.113617, 33.030509 ], [ -95.112614, 33.031568 ], [ -95.110405, 33.031757 ], [ -95.109588, 33.031073 ], [ -95.109276, 33.032871 ], [ -95.10833, 33.031664 ], [ -95.107535, 33.033006 ], [ -95.104969, 33.032466 ], [ -95.105238, 33.03342 ], [ -95.103043, 33.032956 ], [ -95.103228, 33.034773 ], [ -95.10152, 33.035578 ], [ -95.100301, 33.034553 ], [ -95.100269, 33.035908 ], [ -95.098926, 33.037132 ], [ -95.09659, 33.036959 ], [ -95.096977, 33.038172 ], [ -95.094577, 33.037565 ], [ -95.093493, 33.038731 ], [ -95.090757, 33.041051 ], [ -95.09086, 33.04234 ], [ -95.085249, 33.043791 ], [ -95.084022, 33.04593 ], [ -95.082053, 33.045966 ], [ -95.079439, 33.047483 ], [ -95.079028, 33.050365 ], [ -95.078394, 33.052076 ], [ -95.07445, 33.053683 ], [ -95.072587, 33.05359 ], [ -95.069776, 33.054744 ], [ -95.067452, 33.053688 ], [ -95.065626, 33.054685 ], [ -95.064262, 33.054378 ], [ -95.060703, 33.054622 ], [ -95.059389, 33.056106 ], [ -95.058078, 33.055259 ], [ -95.057959, 33.057727 ], [ -95.055799, 33.056649 ], [ -95.055626, 33.057761 ], [ -95.054171, 33.057978 ], [ -95.055404, 33.060052 ], [ -95.054424, 33.061611 ], [ -95.052632, 33.062052 ], [ -95.050378, 33.061812 ], [ -95.050485, 33.062708 ], [ -95.048561, 33.062905 ], [ -95.048351, 33.061863 ], [ -95.04637, 33.063069 ], [ -95.047716, 33.064352 ], [ -95.046328, 33.064433 ], [ -95.047898, 33.066283 ], [ -95.047039, 33.067221 ], [ -95.043914, 33.067999 ], [ -95.043543, 33.069814 ], [ -95.039917, 33.070041 ], [ -95.040269, 33.072294 ], [ -95.039303, 33.070318 ], [ -95.036819, 33.071044 ], [ -95.037152, 33.072305 ], [ -95.034822, 33.07096 ], [ -95.03182, 33.0719 ], [ -95.031178, 33.072994 ], [ -95.030475, 33.07144 ], [ -95.030058, 33.073043 ], [ -95.025744, 33.0732 ], [ -95.025611, 33.074325 ], [ -95.021388, 33.074745 ], [ -95.01827, 33.075742 ], [ -95.015488, 33.074747 ], [ -95.014465, 33.075725 ], [ -95.011393, 33.075719 ], [ -95.011292, 33.074542 ], [ -95.010044, 33.074984 ], [ -95.010167, 33.073154 ], [ -95.007678, 33.072499 ], [ -95.006527, 33.072847 ], [ -95.007223, 33.071149 ], [ -95.003166, 33.072405 ], [ -95.003828, 33.073532 ], [ -95.002753, 33.074962 ], [ -94.998882, 33.076394 ], [ -94.998633, 33.074613 ], [ -94.995668, 33.074439 ], [ -94.994323, 33.073835 ], [ -94.994851, 33.072977 ], [ -94.991248, 33.073886 ], [ -94.989093, 33.072809 ], [ -94.987429, 33.073371 ], [ -94.985746, 33.076109 ], [ -94.982508, 33.076154 ], [ -94.980968, 33.077348 ], [ -94.979414, 33.077343 ], [ -94.977357, 33.075342 ], [ -94.977154, 33.074061 ], [ -94.97481, 33.07282 ], [ -94.972733, 33.072733 ], [ -94.972276, 33.071925 ], [ -94.970351, 33.0733 ], [ -94.969097, 33.073135 ], [ -94.967361, 33.072735 ], [ -94.962119, 33.073231 ], [ -94.960487, 33.073 ], [ -94.959474, 33.072297 ], [ -94.957412, 33.073666 ], [ -94.954781, 33.073002 ], [ -94.954598, 33.073876 ], [ -94.950629, 33.074497 ], [ -94.950146, 33.073596 ], [ -94.948004, 33.073948 ], [ -94.947482, 33.074641 ], [ -94.945817, 33.073437 ], [ -94.945295, 33.074998 ], [ -94.94098, 33.073036 ], [ -94.940588, 33.074509 ], [ -94.939152, 33.074514 ], [ -94.938094, 33.073645 ], [ -94.935874, 33.073926 ], [ -94.934725, 33.072657 ], [ -94.933276, 33.072646 ], [ -94.933779, 33.071596 ], [ -94.930489, 33.070864 ], [ -94.930188, 33.069744 ], [ -94.929059, 33.070639 ], [ -94.927015, 33.070579 ], [ -94.925815, 33.066583 ], [ -94.923902, 33.067341 ], [ -94.924281, 33.06617 ], [ -94.926383, 33.063829 ], [ -94.926063, 33.062285 ], [ -94.924483, 33.06185 ], [ -94.922767, 33.062306 ], [ -94.92451, 33.058624 ], [ -94.923459, 33.058646 ], [ -94.922304, 33.057442 ], [ -94.924412, 33.056815 ], [ -94.921371, 33.055216 ], [ -94.922024, 33.053913 ], [ -94.921143, 33.052737 ], [ -94.921469, 33.050725 ], [ -94.919994, 33.050576 ], [ -94.919081, 33.048119 ], [ -94.916457, 33.048037 ], [ -94.917887, 33.046194 ], [ -94.916921, 33.045349 ], [ -94.914441, 33.044496 ], [ -94.912301, 33.044507 ], [ -94.910793, 33.045924 ], [ -94.908567, 33.045209 ], [ -94.907706, 33.043956 ], [ -94.906995, 33.044676 ], [ -94.906303, 33.043467 ], [ -94.905507, 33.044334 ], [ -94.905449, 33.042476 ], [ -94.901905, 33.041597 ], [ -94.901123, 33.039788 ], [ -94.900503, 33.040277 ], [ -94.900869, 33.037639 ], [ -94.897763, 33.036737 ], [ -94.897411, 33.035747 ], [ -94.895551, 33.03584 ], [ -94.896133, 33.034131 ], [ -94.894907, 33.032597 ], [ -94.89366, 33.033338 ], [ -94.893759, 33.030749 ], [ -94.888722, 33.030506 ], [ -94.889427, 33.029511 ], [ -94.889428, 33.026553 ], [ -94.890753, 33.02646 ], [ -94.890343, 33.025114 ], [ -94.888575, 33.024498 ], [ -94.88823, 33.023266 ], [ -94.886886, 33.023244 ], [ -94.883037, 33.021714 ], [ -94.881544, 33.020142 ], [ -94.879899, 33.020124 ], [ -94.87667, 33.019337 ], [ -94.876423, 33.018338 ], [ -94.876691, 33.017331 ], [ -94.875896, 33.015692 ], [ -94.872712, 33.014937 ], [ -94.872255, 33.014013 ], [ -94.87022, 33.014636 ], [ -94.869939, 33.013817 ], [ -94.864374, 33.014951 ], [ -94.863786, 33.013472 ], [ -94.861098, 33.014029 ], [ -94.859049, 33.013343 ], [ -94.857946, 33.011557 ], [ -94.859675, 33.011314 ], [ -94.858968, 33.008181 ], [ -94.859895, 33.007978 ], [ -94.860794, 33.006554 ], [ -94.861871, 33.00718 ], [ -94.862509, 33.005905 ], [ -94.85992, 33.005862 ], [ -94.859945, 33.003905 ], [ -94.858835, 33.00341 ], [ -94.856689, 33.003619 ], [ -94.858254, 33.002245 ], [ -94.857047, 33.001702 ], [ -94.855867, 33.003433 ], [ -94.854106, 33.003642 ], [ -94.853237, 33.001511 ], [ -94.850814, 32.999733 ], [ -94.849353, 32.999332 ], [ -94.848256, 32.99676 ], [ -94.8459, 32.995545 ], [ -94.843657, 32.995976 ], [ -94.842665, 32.996768 ], [ -94.841478, 32.995647 ], [ -94.840728, 32.993876 ], [ -94.83832, 32.993163 ], [ -94.836278, 32.991959 ], [ -94.835964, 32.9908 ], [ -94.83464, 32.990755 ], [ -94.835109, 32.989525 ], [ -94.833446, 32.989069 ], [ -94.832872, 32.987326 ], [ -94.830771, 32.987975 ], [ -94.830322, 32.989201 ], [ -94.829917, 32.986711 ], [ -94.828005, 32.985777 ], [ -94.82912, 32.984529 ], [ -94.828403, 32.983271 ], [ -94.826844, 32.983826 ], [ -94.825488, 32.985635 ], [ -94.821202, 32.982453 ], [ -94.819828, 32.982886 ], [ -94.817709, 33.037202 ], [ -94.816844, 33.076009 ], [ -94.816276, 33.094074 ], [ -94.815206, 33.12229 ], [ -94.814786, 33.125278 ], [ -94.814502, 33.136215 ], [ -94.814078, 33.152791 ], [ -94.813197, 33.187483 ], [ -94.812615, 33.210445 ], [ -94.810752, 33.269391 ], [ -94.810445, 33.272171 ], [ -94.810429, 33.275683 ], [ -94.810359, 33.27901 ], [ -94.810269, 33.28289 ], [ -94.809952, 33.301029 ], [ -94.808783, 33.363636 ], [ -94.808428, 33.365606 ], [ -94.807528, 33.365972 ], [ -94.805644, 33.365651 ], [ -94.805644, 33.364873 ], [ -94.802779, 33.364849 ], [ -94.800813, 33.365354 ], [ -94.799558, 33.363132 ], [ -94.800131, 33.361873 ], [ -94.797401, 33.361024 ], [ -94.795927, 33.361552 ], [ -94.79489, 33.360086 ], [ -94.794945, 33.357658 ], [ -94.797675, 33.356375 ], [ -94.79672, 33.354566 ], [ -94.794837, 33.353856 ], [ -94.794345, 33.355849 ], [ -94.792653, 33.356696 ], [ -94.791043, 33.355322 ], [ -94.791289, 33.352826 ], [ -94.791753, 33.352277 ], [ -94.794619, 33.352964 ], [ -94.795465, 33.352414 ], [ -94.797566, 33.348613 ], [ -94.79653, 33.347903 ], [ -94.792218, 33.348795 ], [ -94.790663, 33.348681 ], [ -94.789981, 33.347237 ], [ -94.790991, 33.345748 ], [ -94.790418, 33.344946 ], [ -94.788016, 33.346069 ], [ -94.786815, 33.349252 ], [ -94.785205, 33.349092 ], [ -94.784878, 33.345312 ], [ -94.786188, 33.344443 ], [ -94.784881, 33.343162 ], [ -94.783611, 33.34422 ], [ -94.781867, 33.344261 ], [ -94.782809, 33.342015 ], [ -94.786918, 33.34218 ], [ -94.788126, 33.341282 ], [ -94.787308, 33.338876 ], [ -94.789409, 33.33842 ], [ -94.788346, 33.33677 ], [ -94.786054, 33.337617 ], [ -94.784444, 33.337457 ], [ -94.783462, 33.335327 ], [ -94.782289, 33.335051 ], [ -94.781688, 33.337913 ], [ -94.780215, 33.336379 ], [ -94.780898, 33.334983 ], [ -94.778987, 33.333011 ], [ -94.777078, 33.332966 ], [ -94.777214, 33.331637 ], [ -94.779998, 33.331043 ], [ -94.778907, 33.329279 ], [ -94.779699, 33.327675 ], [ -94.781717, 33.327607 ], [ -94.78401, 33.323829 ], [ -94.782456, 33.322477 ], [ -94.778036, 33.322546 ], [ -94.776481, 33.322065 ], [ -94.776045, 33.321011 ], [ -94.777546, 33.320027 ], [ -94.779455, 33.320714 ], [ -94.781311, 33.320165 ], [ -94.781693, 33.318905 ], [ -94.778174, 33.319615 ], [ -94.774655, 33.318285 ], [ -94.772936, 33.318857 ], [ -94.772936, 33.320048 ], [ -94.770126, 33.321032 ], [ -94.769171, 33.320528 ], [ -94.767015, 33.322062 ], [ -94.76527, 33.320847 ], [ -94.763959, 33.322885 ], [ -94.760959, 33.321922 ], [ -94.760087, 33.3208 ], [ -94.761888, 33.31915 ], [ -94.761398, 33.317365 ], [ -94.758751, 33.3186 ], [ -94.756242, 33.317615 ], [ -94.754251, 33.31798 ], [ -94.752422, 33.319398 ], [ -94.752339, 33.321919 ], [ -94.749837, 33.323633 ], [ -94.749476, 33.327046 ], [ -94.746925, 33.328938 ], [ -94.745631, 33.329932 ], [ -94.742573, 33.327965 ], [ -94.739544, 33.326821 ], [ -94.740032, 33.324233 ], [ -94.738775, 33.323659 ], [ -94.736892, 33.324119 ], [ -94.737598, 33.322491 ], [ -94.736449, 33.321163 ], [ -94.736746, 33.31917 ], [ -94.735012, 33.318437 ], [ -94.737746, 33.31747 ], [ -94.73754, 33.316708 ], [ -94.734822, 33.316513 ], [ -94.732097, 33.317359 ], [ -94.731295, 33.316304 ], [ -94.732168, 33.314397 ], [ -94.732055, 33.311475 ], [ -94.73031, 33.308814 ], [ -94.727813, 33.308888 ], [ -94.726221, 33.30729 ], [ -94.722865, 33.307085 ], [ -94.723084, 33.308826 ], [ -94.721175, 33.308529 ], [ -94.719974, 33.306537 ], [ -94.719184, 33.30798 ], [ -94.717656, 33.307156 ], [ -94.716729, 33.308484 ], [ -94.718011, 33.310248 ], [ -94.717385, 33.311667 ], [ -94.714793, 33.311897 ], [ -94.710783, 33.308531 ], [ -94.709747, 33.310271 ], [ -94.710593, 33.311715 ], [ -94.706501, 33.311991 ], [ -94.703501, 33.313114 ], [ -94.702874, 33.313983 ], [ -94.704047, 33.314923 ], [ -94.702792, 33.315815 ], [ -94.701483, 33.31545 ], [ -94.701318, 33.313114 ], [ -94.702082, 33.311396 ], [ -94.698727, 33.311487 ], [ -94.697963, 33.309266 ], [ -94.696408, 33.307411 ], [ -94.695208, 33.307159 ], [ -94.693762, 33.311328 ], [ -94.692262, 33.312405 ], [ -94.690571, 33.310847 ], [ -94.690051, 33.309496 ], [ -94.691306, 33.307823 ], [ -94.691333, 33.304778 ], [ -94.690406, 33.302945 ], [ -94.690542, 33.300311 ], [ -94.687951, 33.296028 ], [ -94.687214, 33.293464 ], [ -94.686314, 33.292777 ], [ -94.684514, 33.293762 ], [ -94.68206, 33.293692 ], [ -94.68056, 33.292845 ], [ -94.678542, 33.290624 ], [ -94.677778, 33.291677 ], [ -94.67876, 33.293624 ], [ -94.676769, 33.29486 ], [ -94.675733, 33.293418 ], [ -94.673633, 33.292616 ], [ -94.675869, 33.290715 ], [ -94.67497, 33.28918 ], [ -94.672352, 33.28973 ], [ -94.673143, 33.287416 ], [ -94.674752, 33.287416 ], [ -94.675134, 33.286248 ], [ -94.672271, 33.284805 ], [ -94.669652, 33.285171 ], [ -94.668779, 33.284141 ], [ -94.666598, 33.283247 ], [ -94.663707, 33.283796 ], [ -94.660463, 33.282444 ], [ -94.661036, 33.280566 ], [ -94.659809, 33.280589 ], [ -94.662264, 33.277679 ], [ -94.659428, 33.275388 ], [ -94.658337, 33.276397 ], [ -94.654847, 33.276328 ], [ -94.652448, 33.275709 ], [ -94.65253, 33.274701 ], [ -94.654521, 33.274701 ], [ -94.65354, 33.272526 ], [ -94.654031, 33.271289 ], [ -94.652751, 33.268265 ], [ -94.65226, 33.268861 ], [ -94.650706, 33.268653 ], [ -94.650134, 33.267577 ], [ -94.651443, 33.265379 ], [ -94.649561, 33.265149 ], [ -94.650162, 33.262905 ], [ -94.648582, 33.260268 ], [ -94.649726, 33.259604 ], [ -94.649101, 33.25871 ], [ -94.645421, 33.257447 ], [ -94.643212, 33.258043 ], [ -94.641523, 33.256737 ], [ -94.64136, 33.253597 ], [ -94.635963, 33.252401 ], [ -94.634839, 33.251351 ], [ -94.630296, 33.252194 ], [ -94.62847, 33.250593 ], [ -94.626725, 33.250638 ], [ -94.625204, 33.251841 ], [ -94.623423, 33.251807 ], [ -94.619568, 33.249513 ], [ -94.618461, 33.246828 ], [ -94.617168, 33.247086 ], [ -94.614743, 33.248942 ], [ -94.61319, 33.249218 ], [ -94.610626, 33.248027 ], [ -94.608009, 33.247479 ], [ -94.605012, 33.249176 ], [ -94.605418, 33.250473 ], [ -94.607108, 33.250599 ], [ -94.608826, 33.25179 ], [ -94.609508, 33.253601 ], [ -94.608009, 33.254174 ], [ -94.606509, 33.253211 ], [ -94.605147, 33.253923 ], [ -94.605121, 33.256603 ], [ -94.604085, 33.257222 ], [ -94.598143, 33.258392 ], [ -94.590455, 33.259424 ], [ -94.589773, 33.258737 ], [ -94.591354, 33.256332 ], [ -94.59318, 33.255713 ], [ -94.593043, 33.255118 ], [ -94.589827, 33.255302 ], [ -94.588299, 33.254294 ], [ -94.58789, 33.253194 ], [ -94.588734, 33.251522 ], [ -94.587862, 33.251339 ], [ -94.585573, 33.253493 ], [ -94.584945, 33.252119 ], [ -94.586444, 33.250743 ], [ -94.586039, 33.249722 ], [ -94.583967, 33.249342 ], [ -94.578406, 33.247717 ], [ -94.579438, 33.251066 ], [ -94.578294, 33.251478 ], [ -94.57693, 33.250929 ], [ -94.575867, 33.251547 ], [ -94.574711, 33.250121 ], [ -94.572463, 33.249826 ], [ -94.571969, 33.250653 ], [ -94.573005, 33.252074 ], [ -94.572406, 33.253334 ], [ -94.57077, 33.253174 ], [ -94.56968, 33.253884 ], [ -94.569789, 33.254593 ], [ -94.573306, 33.257022 ], [ -94.571779, 33.257686 ], [ -94.570007, 33.257664 ], [ -94.569925, 33.258992 ], [ -94.570962, 33.260893 ], [ -94.568972, 33.264328 ], [ -94.566381, 33.263253 ], [ -94.565018, 33.265177 ], [ -94.562565, 33.262152 ], [ -94.559347, 33.261054 ], [ -94.558311, 33.261466 ], [ -94.557984, 33.263299 ], [ -94.555721, 33.266092 ], [ -94.556893, 33.267215 ], [ -94.554221, 33.269092 ], [ -94.553131, 33.267192 ], [ -94.55114, 33.26568 ], [ -94.549258, 33.265566 ], [ -94.548767, 33.267535 ], [ -94.545877, 33.26836 ], [ -94.54506, 33.265543 ], [ -94.54356, 33.265154 ], [ -94.542442, 33.266596 ], [ -94.541188, 33.264741 ], [ -94.540016, 33.264649 ], [ -94.539198, 33.265703 ], [ -94.539443, 33.267902 ], [ -94.54146, 33.268634 ], [ -94.539415, 33.269619 ], [ -94.537534, 33.269184 ], [ -94.534698, 33.269664 ], [ -94.535108, 33.266755 ], [ -94.534154, 33.266205 ], [ -94.531372, 33.267442 ], [ -94.529954, 33.26735 ], [ -94.528863, 33.26909 ], [ -94.526626, 33.270968 ], [ -94.524117, 33.273853 ], [ -94.522616, 33.276578 ], [ -94.51918, 33.277172 ], [ -94.520299, 33.275387 ], [ -94.518499, 33.274241 ], [ -94.516971, 33.277012 ], [ -94.517543, 33.278225 ], [ -94.519288, 33.279006 ], [ -94.519233, 33.280723 ], [ -94.517868, 33.282096 ], [ -94.51656, 33.281433 ], [ -94.516288, 33.280172 ], [ -94.514516, 33.279027 ], [ -94.513697, 33.280149 ], [ -94.515578, 33.281753 ], [ -94.51495, 33.282738 ], [ -94.513478, 33.282691 ], [ -94.510068, 33.281774 ], [ -94.508541, 33.282826 ], [ -94.507014, 33.281314 ], [ -94.506141, 33.28191 ], [ -94.506931, 33.284039 ], [ -94.505376, 33.284405 ], [ -94.504177, 33.283946 ], [ -94.503971, 33.282781 ], [ -94.5002, 33.283336 ], [ -94.498874, 33.28282 ], [ -94.498328, 33.281466 ], [ -94.496457, 33.281563 ], [ -94.496671, 33.284985 ], [ -94.4957, 33.284747 ], [ -94.491811, 33.27979 ], [ -94.486661, 33.280296 ], [ -94.486303, 33.281331 ], [ -94.488814, 33.282427 ], [ -94.48892, 33.284065 ], [ -94.48523, 33.287939 ], [ -94.482719, 33.287013 ], [ -94.483849, 33.284958 ], [ -94.482279, 33.284157 ], [ -94.478754, 33.286844 ], [ -94.480109, 33.288614 ], [ -94.479896, 33.289931 ], [ -94.476869, 33.289394 ], [ -94.474587, 33.289879 ], [ -94.473464, 33.288238 ], [ -94.472247, 33.288541 ], [ -94.471325, 33.290038 ], [ -94.470906, 33.292195 ], [ -94.469735, 33.293864 ], [ -94.468442, 33.294313 ], [ -94.465615, 33.293501 ], [ -94.462833, 33.290331 ], [ -94.463927, 33.288767 ], [ -94.463592, 33.287276 ], [ -94.462009, 33.287363 ], [ -94.460774, 33.289523 ], [ -94.459082, 33.289118 ], [ -94.458957, 33.285623 ], [ -94.45759, 33.285007 ], [ -94.455299, 33.287123 ], [ -94.453984, 33.287095 ], [ -94.453789, 33.284844 ], [ -94.451986, 33.283493 ], [ -94.448222, 33.283292 ], [ -94.444228, 33.281247 ], [ -94.441322, 33.281492 ], [ -94.440956, 33.283085 ], [ -94.439998, 33.283299 ], [ -94.4392, 33.282275 ], [ -94.438478, 33.281052 ], [ -94.436295, 33.281858 ], [ -94.437825, 33.284348 ], [ -94.43722, 33.286054 ], [ -94.434291, 33.287509 ], [ -94.432414, 33.286355 ], [ -94.433597, 33.285066 ], [ -94.433612, 33.28266 ], [ -94.431886, 33.282868 ], [ -94.428915, 33.285471 ], [ -94.426264, 33.285052 ], [ -94.420885, 33.284264 ], [ -94.415739, 33.284017 ], [ -94.41494, 33.283552 ], [ -94.413203, 33.279877 ], [ -94.412943, 33.278011 ], [ -94.413953, 33.276515 ], [ -94.412822, 33.274904 ], [ -94.413533, 33.273304 ], [ -94.410388, 33.273783 ], [ -94.410019, 33.272985 ], [ -94.411294, 33.27084 ], [ -94.404694, 33.271196 ], [ -94.403233, 33.270797 ], [ -94.402577, 33.26972 ], [ -94.397753, 33.270606 ], [ -94.397543, 33.26896 ], [ -94.399673, 33.268977 ], [ -94.400984, 33.266446 ], [ -94.400259, 33.265326 ], [ -94.396245, 33.264831 ], [ -94.396434, 33.262497 ], [ -94.395144, 33.261718 ], [ -94.379409, 33.255651 ], [ -94.379063, 33.257598 ], [ -94.377312, 33.258483 ], [ -94.374023, 33.258781 ], [ -94.372794, 33.260177 ], [ -94.370714, 33.259718 ], [ -94.370476, 33.25705 ], [ -94.368673, 33.258011 ], [ -94.368643, 33.260269 ], [ -94.367184, 33.26256 ], [ -94.366349, 33.262866 ], [ -94.364136, 33.261054 ], [ -94.364194, 33.259796 ], [ -94.36242, 33.260353 ], [ -94.363531, 33.262352 ], [ -94.363376, 33.263965 ], [ -94.360901, 33.264918 ], [ -94.357096, 33.263154 ], [ -94.35703, 33.262147 ], [ -94.358996, 33.261186 ], [ -94.359534, 33.25996 ], [ -94.358547, 33.258986 ], [ -94.357502, 33.259043 ], [ -94.354761, 33.260544 ], [ -94.354447, 33.261705 ], [ -94.353237, 33.261293 ], [ -94.352831, 33.259428 ], [ -94.350973, 33.258161 ], [ -94.352244, 33.256647 ], [ -94.349597, 33.254869 ], [ -94.347952, 33.255902 ], [ -94.34656, 33.255561 ], [ -94.345662, 33.253605 ], [ -94.344673, 33.252723 ], [ -94.343308, 33.252737 ], [ -94.342749, 33.254955 ], [ -94.341195, 33.255575 ], [ -94.339567, 33.253673 ], [ -94.336748, 33.254861 ], [ -94.334273, 33.255249 ], [ -94.332827, 33.254145 ], [ -94.331957, 33.256134 ], [ -94.330996, 33.254194 ], [ -94.330018, 33.253694 ], [ -94.327045, 33.254986 ], [ -94.325624, 33.256712 ], [ -94.32458, 33.255381 ], [ -94.325339, 33.253985 ], [ -94.32397, 33.252874 ], [ -94.321918, 33.252988 ], [ -94.319072, 33.250625 ], [ -94.314031, 33.249809 ], [ -94.312033, 33.248793 ], [ -94.307002, 33.250371 ], [ -94.298929, 33.250825 ], [ -94.297211, 33.252042 ], [ -94.297459, 33.253252 ], [ -94.298992, 33.253977 ], [ -94.299038, 33.25517 ], [ -94.297685, 33.255631 ], [ -94.294763, 33.254098 ], [ -94.294247, 33.253059 ], [ -94.294557, 33.251261 ], [ -94.290516, 33.248883 ], [ -94.287625, 33.250414 ], [ -94.287135, 33.251132 ], [ -94.285542, 33.249609 ], [ -94.284443, 33.249391 ], [ -94.283234, 33.250543 ], [ -94.279011, 33.249834 ], [ -94.277825, 33.249229 ], [ -94.278324, 33.248002 ], [ -94.279959, 33.247487 ], [ -94.280687, 33.245632 ], [ -94.278001, 33.24439 ], [ -94.276594, 33.246018 ], [ -94.277415, 33.247842 ], [ -94.276172, 33.248544 ], [ -94.274556, 33.248244 ], [ -94.274308, 33.246906 ], [ -94.2756, 33.245897 ], [ -94.275563, 33.244438 ], [ -94.272819, 33.243589 ], [ -94.271852, 33.244614 ], [ -94.269778, 33.244453 ], [ -94.269308, 33.245671 ], [ -94.270665, 33.246679 ], [ -94.270033, 33.247284 ], [ -94.267663, 33.245856 ], [ -94.267837, 33.243968 ], [ -94.267015, 33.24371 ], [ -94.265885, 33.245339 ], [ -94.264355, 33.245347 ], [ -94.263771, 33.24483 ], [ -94.263658, 33.242491 ], [ -94.265428, 33.24154 ], [ -94.265066, 33.240378 ], [ -94.264033, 33.240434 ], [ -94.262091, 33.24203 ], [ -94.259356, 33.242303 ], [ -94.260839, 33.240513 ], [ -94.260516, 33.239191 ], [ -94.258948, 33.238802 ], [ -94.259313, 33.237046 ], [ -94.2585, 33.237167 ], [ -94.257512, 33.239908 ], [ -94.255587, 33.242261 ], [ -94.253971, 33.242956 ], [ -94.250653, 33.243302 ], [ -94.250549, 33.241867 ], [ -94.246757, 33.24268 ], [ -94.243659, 33.24263 ], [ -94.240598, 33.24299 ], [ -94.238883, 33.242328 ], [ -94.237789, 33.240645 ], [ -94.236368, 33.24053 ], [ -94.234383, 33.241422 ], [ -94.231743, 33.240857 ], [ -94.229365, 33.243028 ], [ -94.229621, 33.243777 ], [ -94.232528, 33.244737 ], [ -94.23495, 33.244819 ], [ -94.234527, 33.246662 ], [ -94.233134, 33.246654 ], [ -94.232597, 33.248223 ], [ -94.23156, 33.247135 ], [ -94.229672, 33.24731 ], [ -94.229775, 33.248227 ], [ -94.231603, 33.249936 ], [ -94.231945, 33.251266 ], [ -94.23312, 33.251717 ], [ -94.231747, 33.253532 ], [ -94.232662, 33.254416 ], [ -94.234509, 33.253242 ], [ -94.236996, 33.254181 ], [ -94.237255, 33.255074 ], [ -94.236065, 33.255958 ], [ -94.237652, 33.256957 ], [ -94.236736, 33.25788 ], [ -94.234173, 33.256659 ], [ -94.233196, 33.257225 ], [ -94.234768, 33.258536 ], [ -94.237454, 33.258713 ], [ -94.239163, 33.25827 ], [ -94.239086, 33.259574 ], [ -94.236996, 33.261856 ], [ -94.23666, 33.263618 ], [ -94.234646, 33.266098 ], [ -94.232739, 33.269913 ], [ -94.235043, 33.271628 ], [ -94.234997, 33.273338 ], [ -94.237179, 33.273086 ], [ -94.240017, 33.273384 ], [ -94.240353, 33.27404 ], [ -94.238644, 33.275978 ], [ -94.237591, 33.276306 ], [ -94.233334, 33.276199 ], [ -94.23222, 33.276587 ], [ -94.232357, 33.278084 ], [ -94.230312, 33.279525 ], [ -94.229138, 33.279297 ], [ -94.228283, 33.277572 ], [ -94.227108, 33.277092 ], [ -94.223293, 33.27758 ], [ -94.225201, 33.281837 ], [ -94.222515, 33.284309 ], [ -94.22041, 33.285697 ], [ -94.220745, 33.287415 ], [ -94.219235, 33.287292 ], [ -94.218899, 33.285645 ], [ -94.217724, 33.284636 ], [ -94.215756, 33.284805 ], [ -94.215099, 33.286803 ], [ -94.217724, 33.287415 ], [ -94.218578, 33.288444 ], [ -94.217861, 33.290152 ], [ -94.218578, 33.291702 ], [ -94.217526, 33.292427 ], [ -94.218517, 33.296936 ], [ -94.216091, 33.296844 ], [ -94.213665, 33.296059 ], [ -94.210587, 33.297017 ], [ -94.20657, 33.297728 ], [ -94.2048, 33.296883 ], [ -94.203228, 33.298102 ], [ -94.203701, 33.299492 ], [ -94.20277, 33.300659 ], [ -94.199031, 33.301079 ], [ -94.199351, 33.299103 ], [ -94.198833, 33.298423 ], [ -94.19601, 33.298561 ], [ -94.192531, 33.297722 ], [ -94.190883, 33.298042 ], [ -94.191081, 33.298706 ], [ -94.193446, 33.300528 ], [ -94.193446, 33.301422 ], [ -94.191218, 33.302788 ], [ -94.191676, 33.303856 ], [ -94.187877, 33.301537 ], [ -94.185573, 33.302422 ], [ -94.186885, 33.304176 ], [ -94.186946, 33.305495 ], [ -94.184398, 33.305061 ], [ -94.182628, 33.303848 ], [ -94.18249, 33.305168 ], [ -94.180919, 33.305672 ], [ -94.17921, 33.304459 ], [ -94.177562, 33.305099 ], [ -94.174876, 33.304298 ], [ -94.175136, 33.302193 ], [ -94.174083, 33.301246 ], [ -94.172908, 33.301475 ], [ -94.171733, 33.303841 ], [ -94.16917, 33.306389 ], [ -94.167857, 33.309257 ], [ -94.166347, 33.311241 ], [ -94.163721, 33.312012 ], [ -94.161417, 33.309029 ], [ -94.15925, 33.30809 ], [ -94.155314, 33.307364 ], [ -94.1542, 33.305435 ], [ -94.151764, 33.304558 ], [ -94.151362, 33.304378 ], [ -94.148639, 33.301754 ], [ -94.144869, 33.30096 ], [ -94.143763, 33.298564 ], [ -94.14035, 33.294376 ], [ -94.139314, 33.293773 ], [ -94.133077, 33.293264 ], [ -94.130474, 33.292608 ], [ -94.12507, 33.292909 ], [ -94.120492, 33.292465 ], [ -94.118264, 33.294128 ], [ -94.119119, 33.295105 ], [ -94.122125, 33.295273 ], [ -94.124291, 33.29676 ], [ -94.124612, 33.29818 ], [ -94.123773, 33.298698 ], [ -94.116815, 33.300452 ], [ -94.115701, 33.299728 ], [ -94.117547, 33.296937 ], [ -94.116235, 33.294457 ], [ -94.114525, 33.294052 ], [ -94.113472, 33.294564 ], [ -94.113472, 33.296388 ], [ -94.112358, 33.298485 ], [ -94.114663, 33.29969 ], [ -94.115899, 33.303168 ], [ -94.115914, 33.305145 ], [ -94.112039, 33.304871 ], [ -94.111062, 33.304367 ], [ -94.109413, 33.302269 ], [ -94.107841, 33.303558 ], [ -94.111383, 33.307564 ], [ -94.111199, 33.30912 ], [ -94.11007, 33.309424 ], [ -94.108438, 33.308104 ], [ -94.103325, 33.305861 ], [ -94.103783, 33.303589 ], [ -94.102531, 33.301965 ], [ -94.10038, 33.297891 ], [ -94.098412, 33.298585 ], [ -94.097694, 33.300683 ], [ -94.099525, 33.30211 ], [ -94.100182, 33.303552 ], [ -94.099525, 33.305748 ], [ -94.098015, 33.306046 ], [ -94.09481, 33.299706 ], [ -94.092903, 33.298364 ], [ -94.090553, 33.299591 ], [ -94.089958, 33.30124 ], [ -94.09127, 33.303903 ], [ -94.090752, 33.305267 ], [ -94.088127, 33.304605 ], [ -94.087074, 33.302346 ], [ -94.084785, 33.302003 ], [ -94.084129, 33.304322 ], [ -94.082619, 33.304558 ], [ -94.082161, 33.302735 ], [ -94.084389, 33.301476 ], [ -94.085442, 33.297784 ], [ -94.088646, 33.297387 ], [ -94.088982, 33.296128 ], [ -94.084983, 33.294632 ], [ -94.083732, 33.293084 ], [ -94.081565, 33.294038 ], [ -94.080649, 33.296777 ], [ -94.081702, 33.29815 ], [ -94.080848, 33.299264 ], [ -94.077903, 33.297776 ], [ -94.075873, 33.294587 ], [ -94.07331, 33.292046 ], [ -94.072333, 33.293199 ], [ -94.072928, 33.295899 ], [ -94.070563, 33.296128 ], [ -94.068854, 33.294739 ], [ -94.0671, 33.294694 ], [ -94.067283, 33.296388 ], [ -94.07154, 33.299087 ], [ -94.071418, 33.300385 ], [ -94.070365, 33.300697 ], [ -94.067939, 33.299751 ], [ -94.065192, 33.297829 ], [ -94.063559, 33.297845 ], [ -94.061591, 33.299867 ], [ -94.060477, 33.297784 ], [ -94.059028, 33.297058 ], [ -94.057395, 33.298318 ], [ -94.056144, 33.298036 ], [ -94.054388, 33.295243 ], [ -94.054052, 33.294023 ], [ -94.055349, 33.293259 ], [ -94.058188, 33.294854 ], [ -94.059363, 33.294137 ], [ -94.058646, 33.292924 ], [ -94.05596, 33.291596 ], [ -94.054113, 33.291215 ], [ -94.051046, 33.287965 ], [ -94.051107, 33.286904 ], [ -94.053991, 33.287087 ], [ -94.055563, 33.286355 ], [ -94.054586, 33.285103 ], [ -94.051565, 33.284829 ], [ -94.050787, 33.284042 ], [ -94.050192, 33.281509 ], [ -94.049017, 33.27987 ], [ -94.049017, 33.278276 ], [ -94.050588, 33.277291 ], [ -94.050329, 33.276283 ], [ -94.04685, 33.274248 ], [ -94.04653, 33.272654 ], [ -94.042990021000193, 33.271243165049398 ], [ -94.042990018153802, 33.271240973994097 ], [ -94.04299, 33.271227 ], [ -94.04305, 33.260904 ], [ -94.043025799519697, 33.255234774445 ], [ -94.043011094160306, 33.251789884156302 ], [ -94.043004, 33.250128 ], [ -94.04273, 33.241823 ], [ -94.042876, 33.215219 ], [ -94.042892, 33.202666 ], [ -94.042875300074698, 33.199835853834998 ], [ -94.042875, 33.199785 ], [ -94.042719, 33.160291 ], [ -94.043185, 33.143476 ], [ -94.043077373275096, 33.138180366519798 ], [ -94.043077, 33.138162 ], [ -94.043007, 33.13389 ], [ -94.042951719382302, 33.117280393665297 ], [ -94.04287, 33.092727 ], [ -94.042953870374404, 33.086036569285802 ], [ -94.043036, 33.079485 ], [ -94.042964, 33.019219 ], [ -94.042986044040205, 33.007907740745502 ], [ -94.043068139265401, 32.965782959345397 ], [ -94.043088, 32.955592 ], [ -94.043067, 32.937903 ], [ -94.043092, 32.910021 ], [ -94.042885, 32.898911 ], [ -94.042859, 32.892771 ], [ -94.0428857174211, 32.881088560255002 ], [ -94.042886, 32.880965 ], [ -94.043025, 32.880446 ], [ -94.042785, 32.871486 ], [ -94.042955897311202, 32.819004215761602 ], [ -94.043026, 32.797476 ], [ -94.042747, 32.786973 ], [ -94.042829, 32.785277 ], [ -94.042938, 32.780558 ], [ -94.043027, 32.776863 ], [ -94.042947, 32.767991 ], [ -94.042974883032599, 32.757540439389103 ], [ -94.043135204709003, 32.697451875061702 ], [ -94.043147, 32.693031 ], [ -94.043146993826696, 32.6930300000381 ], [ -94.042913, 32.655127 ], [ -94.04278, 32.643466 ], [ -94.042824, 32.640305 ], [ -94.042926, 32.622015 ], [ -94.042929, 32.61826 ], [ -94.042919, 32.610142 ], [ -94.042947784193302, 32.602089270887902 ], [ -94.043043299535995, 32.575367688952198 ], [ -94.043083, 32.564261 ], [ -94.043141619015202, 32.559532730618102 ], [ -94.043142, 32.559502 ], [ -94.043084491423301, 32.516239523384698 ], [ -94.043081, 32.513613 ], [ -94.042885, 32.505145 ], [ -94.042911, 32.492852 ], [ -94.043089, 32.486561 ], [ -94.043072, 32.4843 ], [ -94.042955, 32.480261 ], [ -94.042995, 32.478004 ], [ -94.042902, 32.472906 ], [ -94.042875, 32.471348 ], [ -94.042901282504999, 32.470445008222597 ], [ -94.042903, 32.470386 ], [ -94.042904487530393, 32.461313552212502 ], [ -94.042908, 32.439891 ], [ -94.042986, 32.435507 ], [ -94.042985849454197, 32.4354466986006 ], [ -94.042899, 32.400659 ], [ -94.042923, 32.399918 ], [ -94.042901, 32.392283 ], [ -94.086522, 32.383452 ], [ -94.104269, 32.379865 ], [ -94.188519, 32.36277 ], [ -94.224999, 32.355347 ], [ -94.245623, 32.351193 ], [ -94.277189, 32.344938 ], [ -94.347563, 32.330682 ], [ -94.347499, 32.332088 ], [ -94.348693, 32.332323 ], [ -94.350121, 32.32957 ], [ -94.349149, 32.32753 ], [ -94.35064, 32.326583 ], [ -94.353936, 32.328968 ], [ -94.356527, 32.329303 ], [ -94.355734, 32.331705 ], [ -94.357133, 32.334776 ], [ -94.359726, 32.335508 ], [ -94.360897, 32.336942 ], [ -94.360843, 32.339374 ], [ -94.361728, 32.340542 ], [ -94.364387, 32.341174 ], [ -94.366298, 32.342204 ], [ -94.366738, 32.345363 ], [ -94.367808, 32.346302 ], [ -94.369484, 32.346535 ], [ -94.371912, 32.345999 ], [ -94.372721, 32.344952 ], [ -94.371554, 32.341788 ], [ -94.372119, 32.341088 ], [ -94.375004, 32.342047 ], [ -94.378831, 32.342375 ], [ -94.380132, 32.344674 ], [ -94.38217, 32.344908 ], [ -94.382909, 32.345733 ], [ -94.383553, 32.347328 ], [ -94.38218, 32.348324 ], [ -94.379686, 32.348002 ], [ -94.380737, 32.350219 ], [ -94.380919, 32.352436 ], [ -94.382666, 32.354875 ], [ -94.38305, 32.356257 ], [ -94.382824, 32.359082 ], [ -94.383572, 32.363563 ], [ -94.382707, 32.365847 ], [ -94.384578, 32.366803 ], [ -94.385839, 32.3672 ], [ -94.388487, 32.364982 ], [ -94.389986, 32.366437 ], [ -94.389417, 32.367775 ], [ -94.392011, 32.367946 ], [ -94.394571, 32.368756 ], [ -94.395623, 32.368471 ], [ -94.397284, 32.366515 ], [ -94.399977, 32.366631 ], [ -94.401007, 32.368567 ], [ -94.404019, 32.369839 ], [ -94.408212, 32.369354 ], [ -94.409213, 32.371167 ], [ -94.411374, 32.371265 ], [ -94.411692, 32.369786 ], [ -94.409138, 32.368779 ], [ -94.409125, 32.36738 ], [ -94.414077, 32.367923 ], [ -94.416586, 32.36859 ], [ -94.417202, 32.367955 ], [ -94.416334, 32.366124 ], [ -94.417334, 32.364712 ], [ -94.419489, 32.364813 ], [ -94.420788, 32.365482 ], [ -94.421815, 32.367146 ], [ -94.421322, 32.368626 ], [ -94.421993, 32.369542 ], [ -94.427306, 32.367613 ], [ -94.428048, 32.366984 ], [ -94.428125, 32.36393 ], [ -94.429381, 32.36264 ], [ -94.432302, 32.362617 ], [ -94.43695, 32.361518 ], [ -94.438397, 32.361559 ], [ -94.440545, 32.3621 ], [ -94.441145, 32.364474 ], [ -94.44189, 32.365127 ], [ -94.44646, 32.366969 ], [ -94.447028, 32.368298 ], [ -94.44588, 32.369602 ], [ -94.446421, 32.371887 ], [ -94.448568, 32.372177 ], [ -94.452758, 32.369972 ], [ -94.456049, 32.369252 ], [ -94.457537, 32.369608 ], [ -94.45943, 32.371493 ], [ -94.462845, 32.372217 ], [ -94.463968, 32.375364 ], [ -94.464068, 32.376851 ], [ -94.466763, 32.377196 ], [ -94.470743, 32.378429 ], [ -94.472976, 32.378179 ], [ -94.477288, 32.378886 ], [ -94.477544, 32.380252 ], [ -94.476631, 32.381423 ], [ -94.475199, 32.379844 ], [ -94.473901, 32.380177 ], [ -94.475338, 32.382041 ], [ -94.47561, 32.384352 ], [ -94.478072, 32.385368 ], [ -94.478766, 32.386981 ], [ -94.478403, 32.38889 ], [ -94.479877, 32.390598 ], [ -94.481398, 32.389657 ], [ -94.483772, 32.389566 ], [ -94.487059, 32.391526 ], [ -94.489651, 32.392492 ], [ -94.491818, 32.394137 ], [ -94.495234, 32.395193 ], [ -94.498474, 32.394665 ], [ -94.498493, 32.396722 ], [ -94.499876, 32.397805 ], [ -94.501694, 32.397915 ], [ -94.503344, 32.3959 ], [ -94.507153, 32.394553 ], [ -94.507252, 32.391946 ], [ -94.506307, 32.390757 ], [ -94.50724, 32.388723 ], [ -94.508812, 32.389112 ], [ -94.508581, 32.391063 ], [ -94.510204, 32.391142 ], [ -94.512985, 32.39025 ], [ -94.514159, 32.387508 ], [ -94.517011, 32.387562 ], [ -94.518038, 32.388124 ], [ -94.51726, 32.389555 ], [ -94.517869, 32.390457 ], [ -94.520097, 32.39043 ], [ -94.521287, 32.392244 ], [ -94.520786, 32.394235 ], [ -94.522832, 32.395317 ], [ -94.523946, 32.394871 ], [ -94.523813, 32.393341 ], [ -94.525546, 32.392499 ], [ -94.527205, 32.393321 ], [ -94.52787, 32.396176 ], [ -94.526959, 32.397348 ], [ -94.525343, 32.397048 ], [ -94.524943, 32.398457 ], [ -94.527315, 32.399348 ], [ -94.527535, 32.400561 ], [ -94.525805, 32.400957 ], [ -94.525994, 32.402323 ], [ -94.529199, 32.402729 ], [ -94.531211, 32.403421 ], [ -94.532682, 32.403325 ], [ -94.536489, 32.400873 ], [ -94.540587, 32.399388 ], [ -94.542146, 32.399446 ], [ -94.543242, 32.401344 ], [ -94.544619, 32.402498 ], [ -94.546395, 32.403098 ], [ -94.549139, 32.402798 ], [ -94.551044, 32.403707 ], [ -94.550143, 32.405653 ], [ -94.550548, 32.406833 ], [ -94.554417, 32.407625 ], [ -94.555726, 32.4075 ], [ -94.559195, 32.405084 ], [ -94.5626, 32.40099 ], [ -94.565036, 32.399264 ], [ -94.569759, 32.398364 ], [ -94.573922, 32.397023 ], [ -94.579201, 32.394925 ], [ -94.579219, 32.394916 ], [ -94.586342, 32.391951 ], [ -94.588653, 32.391381 ], [ -94.589385, 32.391442 ], [ -94.591119, 32.392215 ], [ -94.594628, 32.395873 ], [ -94.5966, 32.398363 ], [ -94.597801, 32.399205 ], [ -94.599837, 32.399836 ], [ -94.604144, 32.399391 ], [ -94.608256, 32.397846 ], [ -94.617317, 32.397556 ], [ -94.620843, 32.398535 ], [ -94.625093, 32.398391 ], [ -94.629375, 32.398762 ], [ -94.632202, 32.398644 ], [ -94.636652, 32.397835 ], [ -94.641305, 32.398104 ], [ -94.645865, 32.399506 ], [ -94.648669, 32.401169 ], [ -94.653585, 32.402701 ], [ -94.654148, 32.40567 ], [ -94.656496, 32.406142 ], [ -94.657975, 32.407431 ], [ -94.658333, 32.408946 ], [ -94.660584, 32.410456 ], [ -94.664679, 32.410781 ], [ -94.666733, 32.410035 ], [ -94.667441, 32.40908 ], [ -94.668961, 32.408979 ], [ -94.669179, 32.409912 ], [ -94.667923, 32.412741 ], [ -94.669109, 32.413072 ], [ -94.670719, 32.411813 ], [ -94.671813, 32.41199 ], [ -94.673942, 32.413509 ], [ -94.673789, 32.416307 ], [ -94.672143, 32.417875 ], [ -94.672337, 32.418682 ], [ -94.673505, 32.417359 ], [ -94.674718, 32.417304 ], [ -94.67597, 32.41872 ], [ -94.67289, 32.420059 ], [ -94.671847, 32.420998 ], [ -94.67192, 32.42182 ], [ -94.676589, 32.42438 ], [ -94.680483, 32.4248 ], [ -94.684295, 32.427161 ], [ -94.686597, 32.426968 ], [ -94.689197, 32.42582 ], [ -94.690389, 32.425801 ], [ -94.691674, 32.427243 ], [ -94.692944, 32.427442 ], [ -94.700565, 32.423475 ], [ -94.701986, 32.421782 ], [ -94.702195, 32.452408 ], [ -94.70215, 32.456126 ], [ -94.701971, 32.467694 ], [ -94.702097, 32.472168 ] ] ] } },
{ "type": "Feature", "properties": { "FederalDivisionName": "Sherman", "FederalJudicialDistrict": "Eastern" }, "geometry": { "type": "Polygon", "coordinates": [ [ [ -95.862773, 33.129663 ], [ -95.862513, 33.154173 ], [ -95.862261, 33.178651 ], [ -95.861778, 33.21933 ], [ -95.86168, 33.228116 ], [ -95.861387, 33.272771 ], [ -95.861364, 33.278621 ], [ -95.860164, 33.333332 ], [ -95.85968, 33.353217 ], [ -95.859281, 33.358511 ], [ -95.859224, 33.364447 ], [ -95.859115, 33.377901 ], [ -95.858723, 33.40953 ], [ -95.938938, 33.399033 ], [ -95.939327, 33.398981 ], [ -95.991954, 33.392066 ], [ -96.008178, 33.390042 ], [ -96.01208, 33.389552 ], [ -96.061982, 33.382922 ], [ -96.068764, 33.382019 ], [ -96.157309, 33.370233 ], [ -96.166123, 33.369073 ], [ -96.206245, 33.363785 ], [ -96.228406, 33.360867 ], [ -96.25188, 33.357566 ], [ -96.295413, 33.351936 ], [ -96.295352, 33.31331 ], [ -96.295314, 33.294452 ], [ -96.295312, 33.293442 ], [ -96.295306, 33.292121 ], [ -96.295276, 33.285418 ], [ -96.295248, 33.269923 ], [ -96.29507, 33.244486 ], [ -96.295298, 33.242865 ], [ -96.295223, 33.210317 ], [ -96.295228, 33.210206 ], [ -96.295233, 33.210069 ], [ -96.295291, 33.208301 ], [ -96.295466, 33.191091 ], [ -96.295478, 33.187525 ], [ -96.295766, 33.156617 ], [ -96.295814, 33.154108 ], [ -96.295917, 33.140335 ], [ -96.296157, 33.100481 ], [ -96.296183, 33.0974 ], [ -96.296199, 33.075403 ], [ -96.296449, 33.064832 ], [ -96.296453, 33.061668 ], [ -96.296718, 33.02669 ], [ -96.296759, 33.011935 ], [ -96.29674, 33.004829 ], [ -96.296976, 32.995821 ], [ -96.297012, 32.989224 ], [ -96.297027, 32.98871 ], [ -96.297227, 32.981752 ], [ -96.303215, 32.981552 ], [ -96.322149, 32.981667 ], [ -96.322703, 32.981842 ], [ -96.323077, 32.98149 ], [ -96.323513, 32.981668 ], [ -96.341873, 32.98196 ], [ -96.357471, 32.98203 ], [ -96.361592, 32.982049 ], [ -96.370728, 32.982084 ], [ -96.385468, 32.982156 ], [ -96.389042, 32.982173 ], [ -96.396982, 32.981916 ], [ -96.398079, 32.981915 ], [ -96.398734, 32.981914 ], [ -96.406031, 32.98191 ], [ -96.408618, 32.981932 ], [ -96.409474, 32.981941 ], [ -96.413341, 32.981955 ], [ -96.413342, 32.982206 ], [ -96.419114, 32.982252 ], [ -96.419145, 32.981994 ], [ -96.432282, 32.982119 ], [ -96.43305, 32.982118 ], [ -96.437988, 32.982104 ], [ -96.443949, 32.98236 ], [ -96.46371, 32.982439 ], [ -96.466739, 32.982467 ], [ -96.489673, 32.982685 ], [ -96.491399, 32.982692 ], [ -96.506044, 32.982816 ], [ -96.50712, 32.982826 ], [ -96.508495, 32.982843 ], [ -96.513775, 32.982986 ], [ -96.513777, 32.982852 ], [ -96.517011, 32.982862 ], [ -96.51707, 32.982882 ], [ -96.521534, 32.982938 ], [ -96.521535, 32.982912 ], [ -96.521563, 32.982938 ], [ -96.521991, 32.982946 ], [ -96.527975, 32.983034 ], [ -96.535348, 32.983147 ], [ -96.535667, 32.983152 ], [ -96.53894, 32.983203 ], [ -96.549829, 32.983368 ], [ -96.558786, 32.983501 ], [ -96.559263, 32.983508 ], [ -96.575049, 32.983744 ], [ -96.583452, 32.983859 ], [ -96.583796, 32.983867 ], [ -96.595999, 32.984051 ], [ -96.608887, 32.984242 ], [ -96.613367, 32.984309 ], [ -96.621047, 32.984412 ], [ -96.622962, 32.98444 ], [ -96.623501, 32.98445 ], [ -96.628165, 32.984516 ], [ -96.629198, 32.984531 ], [ -96.640872, 32.984699 ], [ -96.647763, 32.984796 ], [ -96.66518, 32.985044 ], [ -96.666184, 32.985056 ], [ -96.666652, 32.985063 ], [ -96.669424, 32.985103 ], [ -96.672163, 32.985141 ], [ -96.675703, 32.985191 ], [ -96.678746, 32.985234 ], [ -96.682292, 32.985285 ], [ -96.682469, 32.985286 ], [ -96.699609, 32.98538 ], [ -96.699773, 32.985377 ], [ -96.711259, 32.985685 ], [ -96.711528, 32.985689 ], [ -96.717047, 32.985765 ], [ -96.719152, 32.985792 ], [ -96.728059, 32.985913 ], [ -96.73798, 32.986045 ], [ -96.743561, 32.986123 ], [ -96.748426, 32.986189 ], [ -96.756464, 32.986298 ], [ -96.768095, 32.986452 ], [ -96.768247, 32.986454 ], [ -96.77474, 32.986537 ], [ -96.778675, 32.986588 ], [ -96.784005, 32.986659 ], [ -96.793816, 32.986791 ], [ -96.80343, 32.986914 ], [ -96.805644, 32.986943 ], [ -96.806762, 32.986957 ], [ -96.813355, 32.987041 ], [ -96.822603, 32.98716 ], [ -96.828519, 32.987236 ], [ -96.830012, 32.987255 ], [ -96.838955, 32.98737 ], [ -96.842198, 32.987411 ], [ -96.844122, 32.987435 ], [ -96.850295, 32.987514 ], [ -96.854693, 32.98757 ], [ -96.854871, 32.987573 ], [ -96.855621, 32.987581 ], [ -96.865951, 32.987709 ], [ -96.868428, 32.987739 ], [ -96.875295, 32.98783 ], [ -96.879454, 32.98788 ], [ -96.890617, 32.988023 ], [ -96.900646, 32.98816 ], [ -96.909997, 32.988346 ], [ -96.927223, 32.988541 ], [ -96.939472, 32.988822 ], [ -96.939882, 32.988822 ], [ -96.9415, 32.988788 ], [ -96.942445, 32.9888 ], [ -96.957708, 32.989001 ], [ -96.958665, 32.989013 ], [ -96.966672, 32.989084 ], [ -96.973588, 32.989145 ], [ -96.973793, 32.989148 ], [ -96.975615, 32.989118 ], [ -96.980069, 32.989203 ], [ -96.990214, 32.989287 ], [ -96.993111, 32.989319 ], [ -96.993401, 32.98932 ], [ -97.010873, 32.989429 ], [ -97.019567, 32.989524 ], [ -97.020777, 32.989542 ], [ -97.021779, 32.989549 ], [ -97.025168, 32.989581 ], [ -97.028339, 32.989614 ], [ -97.031007, 32.989691 ], [ -97.045477, 32.989792 ], [ -97.0618, 32.989904 ], [ -97.071136, 32.989965 ], [ -97.076604, 32.990001 ], [ -97.08645, 32.990061 ], [ -97.088162, 32.990073 ], [ -97.108161, 32.990197 ], [ -97.124143, 32.990296 ], [ -97.130244, 32.990335 ], [ -97.13758, 32.990377 ], [ -97.167259, 32.990564 ], [ -97.169189, 32.990576 ], [ -97.18381, 32.990667 ], [ -97.184356, 32.99067 ], [ -97.185457, 32.990677 ], [ -97.210339, 32.990815 ], [ -97.228762, 32.990919 ], [ -97.234529, 32.990949 ], [ -97.23525, 32.990954 ], [ -97.254164, 32.991052 ], [ -97.259912, 32.991082 ], [ -97.262795, 32.991096 ], [ -97.288777, 32.991232 ], [ -97.291142, 32.991243 ], [ -97.291165, 32.991243 ], [ -97.294743, 32.991262 ], [ -97.299329, 32.991282 ], [ -97.299651, 32.991282 ], [ -97.321019, 32.991388 ], [ -97.327048, 32.991415 ], [ -97.327762, 32.991418 ], [ -97.371853, 32.991615 ], [ -97.397051, 32.991723 ], [ -97.397209, 32.991724 ], [ -97.398459, 32.991732 ], [ -97.398265, 32.999963 ], [ -97.397919, 33.013242 ], [ -97.397155, 33.036517 ], [ -97.396223, 33.066681 ], [ -97.395783, 33.080372 ], [ -97.395612, 33.086202 ], [ -97.395594, 33.086818 ], [ -97.395479, 33.090945 ], [ -97.395238, 33.098275 ], [ -97.394972, 33.105706 ], [ -97.394735, 33.11299 ], [ -97.394514, 33.120707 ], [ -97.394207, 33.13177 ], [ -97.393997, 33.139 ], [ -97.393859, 33.143767 ], [ -97.393595, 33.153224 ], [ -97.391927, 33.207746 ], [ -97.391644, 33.21732 ], [ -97.391606, 33.218935 ], [ -97.390937, 33.242039 ], [ -97.390828, 33.245787 ], [ -97.390819, 33.246106 ], [ -97.389971, 33.260514 ], [ -97.389096, 33.277537 ], [ -97.388271, 33.294984 ], [ -97.388064, 33.307752 ], [ -97.386073, 33.35366 ], [ -97.385666, 33.362896 ], [ -97.385786, 33.364797 ], [ -97.384617, 33.396273 ], [ -97.384304, 33.404206 ], [ -97.383919, 33.404823 ], [ -97.383095, 33.43045 ], [ -97.383015, 33.43289 ], [ -97.480043, 33.433632 ], [ -97.481162, 33.433766 ], [ -97.487065, 33.433681 ], [ -97.486972, 33.448187 ], [ -97.486905, 33.458766 ], [ -97.486442, 33.541818 ], [ -97.486276, 33.556803 ], [ -97.486138, 33.569368 ], [ -97.4854, 33.648943 ], [ -97.485046, 33.698185 ], [ -97.484037243770004, 33.9157618691195 ], [ -97.461128731008898, 33.904323832551597 ], [ -97.460376, 33.903948 ], [ -97.458069, 33.901635 ], [ -97.450954, 33.891398 ], [ -97.451469, 33.87093 ], [ -97.457617, 33.855126 ], [ -97.461486, 33.84956 ], [ -97.462857, 33.841772 ], [ -97.459068, 33.834581 ], [ -97.453057, 33.828536 ], [ -97.444193, 33.823773 ], [ -97.426493, 33.819398 ], [ -97.410387, 33.818845 ], [ -97.403328578773298, 33.818959794064199 ], [ -97.372941, 33.819454 ], [ -97.365507, 33.823763 ], [ -97.358513, 33.830018 ], [ -97.348338, 33.843876 ], [ -97.339202, 33.862063 ], [ -97.335915, 33.879168 ], [ -97.332457, 33.884253 ], [ -97.325812, 33.883888 ], [ -97.32345, 33.87846 ], [ -97.333382, 33.864148 ], [ -97.334616, 33.857231 ], [ -97.329819874972401, 33.855766988334501 ], [ -97.328729, 33.855434 ], [ -97.323947, 33.858986 ], [ -97.318243, 33.865121 ], [ -97.315035584309001, 33.866685347914 ], [ -97.314413, 33.866989 ], [ -97.309946, 33.874449 ], [ -97.309846, 33.883003 ], [ -97.310143, 33.888532 ], [ -97.305565, 33.886435 ], [ -97.294227, 33.876412 ], [ -97.285983, 33.868526 ], [ -97.279108, 33.864555 ], [ -97.275348, 33.863225 ], [ -97.275607, 33.858168 ], [ -97.270314, 33.858221 ], [ -97.265087, 33.862413 ], [ -97.256625, 33.863286 ], [ -97.254235, 33.865323 ], [ -97.249209, 33.875101 ], [ -97.24618, 33.900344 ], [ -97.244946, 33.903092 ], [ -97.243983023281999, 33.904166660422902 ], [ -97.242092, 33.906277 ], [ -97.226522, 33.914642 ], [ -97.210921, 33.916064 ], [ -97.206141, 33.91428 ], [ -97.189853154197905, 33.903585760963502 ], [ -97.185458, 33.9007 ], [ -97.1814903420956, 33.8959728706173 ], [ -97.180845, 33.895204 ], [ -97.179609, 33.89225 ], [ -97.172547864264104, 33.867803129519601 ], [ -97.166629, 33.847311 ], [ -97.166824, 33.840395 ], [ -97.171627, 33.835335 ], [ -97.18137, 33.831375 ], [ -97.186254, 33.830894 ], [ -97.19369, 33.831307 ], [ -97.1997, 33.827322 ], [ -97.203514, 33.821825 ], [ -97.204939, 33.815229 ], [ -97.205705, 33.802908 ], [ -97.200492, 33.793198 ], [ -97.190809, 33.781772 ], [ -97.187724, 33.769831 ], [ -97.192817, 33.761169 ], [ -97.185325, 33.755503 ], [ -97.181843, 33.75587 ], [ -97.172192, 33.737545 ], [ -97.163149, 33.729322 ], [ -97.162810327388598, 33.729117531072198 ], [ -97.155066, 33.724442 ], [ -97.149394, 33.721967 ], [ -97.13753, 33.718664 ], [ -97.126102, 33.716941 ], [ -97.121102, 33.717174 ], [ -97.113265, 33.718804 ], [ -97.108936, 33.720294 ], [ -97.104525, 33.722608 ], [ -97.100449429366606, 33.725483735024298 ], [ -97.097154, 33.727809 ], [ -97.094085, 33.730992 ], [ -97.091072, 33.735115 ], [ -97.086195, 33.743933 ], [ -97.085963596814196, 33.745352539916098 ], [ -97.084693, 33.753147 ], [ -97.084613, 33.759993 ], [ -97.085218, 33.765512 ], [ -97.087852, 33.774099 ], [ -97.093917, 33.789052 ], [ -97.095236, 33.794136 ], [ -97.094771, 33.798532 ], [ -97.092112, 33.804097 ], [ -97.087999, 33.808747 ], [ -97.07859, 33.812756 ], [ -97.067977, 33.814476 ], [ -97.062632, 33.816079 ], [ -97.054926, 33.816412 ], [ -97.052694587657697, 33.816755598006701 ], [ -97.048146, 33.817456 ], [ -97.049316, 33.829794 ], [ -97.053024, 33.833884 ], [ -97.058343, 33.836764 ], [ -97.069486, 33.839412 ], [ -97.08345, 33.840456 ], [ -97.087731, 33.841956 ], [ -97.090479, 33.844841 ], [ -97.089464, 33.849847 ], [ -97.087247, 33.853448 ], [ -97.086719524122202, 33.853684515719202 ], [ -97.075621, 33.858661 ], [ -97.068071, 33.860465 ], [ -97.059826, 33.858404 ], [ -97.055838, 33.855741 ], [ -97.050952, 33.846568 ], [ -97.046126, 33.83956 ], [ -97.041245, 33.837761 ], [ -97.038858, 33.838264 ], [ -97.029048652947395, 33.842833624071901 ], [ -97.021438, 33.846379 ], [ -97.009856, 33.859762 ], [ -96.997088, 33.871017 ], [ -96.991897642823005, 33.879622262158797 ], [ -96.988043, 33.886013 ], [ -96.983835, 33.890949 ], [ -96.984939, 33.904866 ], [ -96.988745, 33.918468 ], [ -96.993997, 33.928979 ], [ -96.995023, 33.932035 ], [ -96.996183, 33.941728 ], [ -96.995368, 33.947302 ], [ -96.994288, 33.949206 ], [ -96.990835, 33.952701 ], [ -96.987892, 33.954671 ], [ -96.981337, 33.956378 ], [ -96.979415, 33.956178 ], [ -96.979347, 33.95513 ], [ -96.980676, 33.951814 ], [ -96.981031, 33.94916 ], [ -96.979818, 33.941588 ], [ -96.976955, 33.937453 ], [ -96.973807, 33.935697 ], [ -96.972542, 33.935795 ], [ -96.952313, 33.944582 ], [ -96.944611, 33.949217 ], [ -96.9347906714179, 33.954358787058403 ], [ -96.932252, 33.955688 ], [ -96.924268, 33.959159 ], [ -96.922114, 33.959579 ], [ -96.918618, 33.958926 ], [ -96.9163, 33.957798 ], [ -96.911336, 33.95396 ], [ -96.910084156179494, 33.9527125942178 ], [ -96.907387, 33.950025 ], [ -96.905253, 33.947219 ], [ -96.902434, 33.942018 ], [ -96.899442, 33.933728 ], [ -96.896469, 33.913318 ], [ -96.897194, 33.902954 ], [ -96.895728, 33.896414 ], [ -96.892686357509703, 33.889623039274198 ], [ -96.88301, 33.868019 ], [ -96.875281, 33.860505 ], [ -96.866438, 33.853149 ], [ -96.85609, 33.84749 ], [ -96.850593, 33.847211 ], [ -96.845896, 33.848975 ], [ -96.841592, 33.852894 ], [ -96.840819, 33.863645 ], [ -96.839778, 33.868396 ], [ -96.837413, 33.871349 ], [ -96.833891748554905, 33.8736844418831 ], [ -96.832157, 33.874835 ], [ -96.812778, 33.872646 ], [ -96.798389029450306, 33.869721855082297 ], [ -96.794276, 33.868886 ], [ -96.788892438372798, 33.866215921061197 ], [ -96.786859368545393, 33.865207581730601 ], [ -96.783485, 33.863534 ], [ -96.780569, 33.860098 ], [ -96.779588, 33.857939 ], [ -96.777202, 33.848162 ], [ -96.776766, 33.841976 ], [ -96.771615929457298, 33.831527868381698 ], [ -96.770676, 33.829621 ], [ -96.769378, 33.827477 ], [ -96.767935966158504, 33.826550666456903 ], [ -96.766235, 33.825458 ], [ -96.761588, 33.824406 ], [ -96.754041, 33.824658 ], [ -96.746038, 33.825699 ], [ -96.712422, 33.831633 ], [ -96.708134, 33.83306 ], [ -96.704457, 33.835021 ], [ -96.702201164109397, 33.836881845170403 ], [ -96.699574, 33.839049 ], [ -96.693102950708294, 33.8470119086141 ], [ -96.691914005345097, 33.848474957780901 ], [ -96.690708, 33.849959 ], [ -96.688191, 33.854613 ], [ -96.684727, 33.862905 ], [ -96.682209, 33.873876 ], [ -96.682103, 33.876645 ], [ -96.683089771088802, 33.882134956417602 ], [ -96.683464, 33.884217 ], [ -96.680947, 33.896204 ], [ -96.678298655814302, 33.902265003977497 ], [ -96.675306, 33.909114 ], [ -96.673449, 33.912278 ], [ -96.670618, 33.914914 ], [ -96.667187, 33.91694 ], [ -96.66441, 33.917267 ], [ -96.659896, 33.916666 ], [ -96.645951221608996, 33.907246278436403 ], [ -96.64405, 33.905962 ], [ -96.639463654016694, 33.902492532788003 ], [ -96.630117, 33.895422 ], [ -96.628294, 33.894477 ], [ -96.6262173962632, 33.894502842357902 ], [ -96.607562, 33.894735 ], [ -96.592948, 33.895616 ], [ -96.588518915748494, 33.8948810582175 ], [ -96.587934, 33.894784 ], [ -96.585452, 33.891281 ], [ -96.58536, 33.888948 ], [ -96.5873434435115, 33.884582379487597 ], [ -96.587494, 33.884251 ], [ -96.590112, 33.880665 ], [ -96.597348, 33.875101 ], [ -96.601686, 33.872823 ], [ -96.61197, 33.869016 ], [ -96.614678363659095, 33.866500240949897 ], [ -96.625399, 33.856542 ], [ -96.628969, 33.852407 ], [ -96.629747, 33.850866 ], [ -96.630022, 33.847541 ], [ -96.62929, 33.845488 ], [ -96.623155, 33.841483 ], [ -96.601258, 33.834327 ], [ -96.592926, 33.830916 ], [ -96.587067, 33.828009 ], [ -96.572937, 33.819098 ], [ -96.566298, 33.818511 ], [ -96.551223, 33.819129 ], [ -96.544036513404194, 33.820646312454798 ], [ -96.532865, 33.823005 ], [ -96.532225678842906, 33.822850407883202 ], [ -96.532092113683404, 33.822818110937398 ], [ -96.529234, 33.822127 ], [ -96.526655, 33.820891 ], [ -96.523863, 33.818114 ], [ -96.519911, 33.811347 ], [ -96.516584, 33.803168 ], [ -96.515959, 33.798934 ], [ -96.515945094033597, 33.795638285954603 ], [ -96.515932437172907, 33.7926386099697 ], [ -96.515914863040805, 33.788473540662302 ], [ -96.515912, 33.787795 ], [ -96.511914, 33.781478 ], [ -96.502286, 33.77346 ], [ -96.500268, 33.772583 ], [ -96.48606, 33.77301 ], [ -96.473092, 33.775445 ], [ -96.467872, 33.775795 ], [ -96.459154, 33.775232 ], [ -96.457113372647896, 33.775797042677098 ], [ -96.456254, 33.776035 ], [ -96.45051, 33.780588 ], [ -96.448670661463296, 33.780918558609201 ], [ -96.448045, 33.781031 ], [ -96.441206, 33.780327 ], [ -96.436714, 33.779329 ], [ -96.430214, 33.778654 ], [ -96.422643, 33.776041 ], [ -96.419961, 33.773034 ], [ -96.419205722102006, 33.771775938107403 ], [ -96.417562, 33.769038 ], [ -96.416146, 33.766099 ], [ -96.413408, 33.757714 ], [ -96.411873085408203, 33.7556871295874 ], [ -96.408469, 33.751192 ], [ -96.403507, 33.746289 ], [ -96.384116, 33.730141 ], [ -96.379403992276906, 33.7258163072446 ], [ -96.36959, 33.716809 ], [ -96.366945, 33.711222 ], [ -96.363253, 33.70105 ], [ -96.363135, 33.694215 ], [ -96.362198, 33.691818 ], [ -96.355946, 33.687155 ], [ -96.348306, 33.686379 ], [ -96.342665, 33.686975 ], [ -96.338013, 33.688728 ], [ -96.334932, 33.69208 ], [ -96.331874, 33.693449 ], [ -96.321103, 33.6951 ], [ -96.31876, 33.696753 ], [ -96.316925, 33.698997 ], [ -96.309964, 33.710489 ], [ -96.308340337899395, 33.715754122100201 ], [ -96.307840939177694, 33.7173735447901 ], [ -96.307035, 33.719987 ], [ -96.306596, 33.726786 ], [ -96.307389, 33.735005 ], [ -96.3061, 33.741002 ], [ -96.303009, 33.750878 ], [ -96.301706, 33.753756 ], [ -96.29653, 33.765789 ], [ -96.293708, 33.769409 ], [ -96.288254, 33.771221 ], [ -96.277847, 33.770477 ], [ -96.269896, 33.768405 ], [ -96.267876, 33.76777 ], [ -96.263593, 33.767467 ], [ -96.257511, 33.763948 ], [ -96.255565, 33.762079 ], [ -96.248232, 33.758986 ], [ -96.229023, 33.748021 ], [ -96.220521, 33.74739 ], [ -96.1999, 33.752117 ], [ -96.196380324258897, 33.753239941653298 ], [ -96.196374909533702, 33.753241669204598 ], [ -96.186554, 33.756375 ], [ -96.186257450331894, 33.7565196268717 ], [ -96.178059, 33.760518 ], [ -96.174633, 33.763699 ], [ -96.169452, 33.770131 ], [ -96.162757, 33.788769 ], [ -96.161249, 33.795715 ], [ -96.161114, 33.805767 ], [ -96.159182, 33.810184 ], [ -96.156355, 33.813349 ], [ -96.161939, 33.81317 ], [ -96.166991, 33.811103 ], [ -96.168829, 33.807658 ], [ -96.169748, 33.804902 ], [ -96.168829, 33.802605 ], [ -96.170373, 33.799382 ], [ -96.17515, 33.801951 ], [ -96.17734, 33.805117 ], [ -96.178964, 33.810553 ], [ -96.17589, 33.814627 ], [ -96.164808, 33.817797 ], [ -96.156656, 33.818223 ], [ -96.150765, 33.816987 ], [ -96.148792, 33.819197 ], [ -96.15163, 33.831946 ], [ -96.150147, 33.835856 ], [ -96.14807, 33.837799 ], [ -96.138905, 33.839159 ], [ -96.122951, 33.839964 ], [ -96.118169, 33.837884 ], [ -96.109993, 33.832396 ], [ -96.104075, 33.83073 ], [ -96.09936, 33.83047 ], [ -96.097448, 33.832725 ], [ -96.097638, 33.837935 ], [ -96.099153, 33.842409 ], [ -96.100785, 33.84423 ], [ -96.101349, 33.845721 ], [ -96.101473, 33.846709 ], [ -96.100185074656096, 33.8478885078258 ], [ -96.100095, 33.847971 ], [ -96.095121094766398, 33.847548174647201 ], [ -96.084626, 33.846656 ], [ -96.063924, 33.841523 ], [ -96.059203260359297, 33.839725856412798 ], [ -96.055358, 33.838262 ], [ -96.048834, 33.836468 ], [ -96.037191, 33.841245 ], [ -96.031372, 33.847249 ], [ -96.031158, 33.852584 ], [ -96.029438, 33.856348 ], [ -96.02694, 33.856803 ], [ -96.023907, 33.857067 ], [ -96.021168, 33.855471 ], [ -96.019542, 33.853497 ], [ -96.021783, 33.846927 ], [ -96.023241, 33.842479 ], [ -96.02139, 33.841039 ], [ -96.019599, 33.840566 ], [ -96.005296, 33.845505 ], [ -96.00163, 33.8477 ], [ -95.998351, 33.851049 ], [ -95.997709, 33.852182 ], [ -95.995857, 33.855693 ], [ -95.995191, 33.858135 ], [ -95.994525, 33.861465 ], [ -95.998077, 33.861687 ], [ -96.001336, 33.863496 ], [ -96.002962, 33.866794 ], [ -96.00444, 33.869742 ], [ -96.003406, 33.872344 ], [ -96.001186, 33.872344 ], [ -95.998617, 33.87223 ], [ -95.989191, 33.86859 ], [ -95.984254, 33.864403 ], [ -95.983735, 33.861687 ], [ -95.983957, 33.858579 ], [ -95.985511, 33.855693 ], [ -95.984280783948606, 33.852730897917702 ], [ -95.984253, 33.852664 ], [ -95.972156, 33.856371 ], [ -95.952652, 33.858357 ], [ -95.944284, 33.859811 ], [ -95.941267, 33.861619 ], [ -95.936631, 33.870615 ], [ -95.935325, 33.875099 ], [ -95.933558, 33.879449 ], [ -95.932448, 33.883223 ], [ -95.931980494072903, 33.883510758237797 ], [ -95.929561, 33.885 ], [ -95.925787, 33.885 ], [ -95.922712, 33.883758 ], [ -95.918583, 33.880838 ], [ -95.905828, 33.874053 ], [ -95.894556, 33.86741 ], [ -95.886688, 33.864814 ], [ -95.883542, 33.862715 ], [ -95.881292, 33.860627 ], [ -95.8749, 33.855915 ], [ -95.866907, 33.851474 ], [ -95.860912, 33.84992 ], [ -95.858808, 33.850668 ], [ -95.855521, 33.849258 ], [ -95.849367, 33.842593 ], [ -95.846378177736497, 33.840039745675497 ], [ -95.845243, 33.83907 ], [ -95.840012, 33.836486 ], [ -95.837516, 33.83564 ], [ -95.831948, 33.835161 ], [ -95.828245, 33.836054 ], [ -95.822787, 33.838756 ], [ -95.820784, 33.840564 ], [ -95.819358, 33.842785 ], [ -95.818976, 33.844456 ], [ -95.819525, 33.848439 ], [ -95.820677, 33.850751 ], [ -95.821666, 33.855443 ], [ -95.821666, 33.856633 ], [ -95.817618, 33.859023 ], [ -95.805149, 33.861304 ], [ -95.800842, 33.861212 ], [ -95.789867, 33.857686 ], [ -95.787891, 33.856336 ], [ -95.782395, 33.85105 ], [ -95.779884, 33.851331 ], [ -95.775902, 33.847311 ], [ -95.770556, 33.845269 ], [ -95.763586, 33.846824 ], [ -95.757465, 33.850039 ], [ -95.75373, 33.853179 ], [ -95.751746, 33.855557 ], [ -95.75129, 33.858881 ], [ -95.751644, 33.8611 ], [ -95.75321, 33.863656 ], [ -95.756796, 33.868228 ], [ -95.761449035939805, 33.873184617670397 ], [ -95.762559, 33.874367 ], [ -95.761916, 33.883402 ], [ -95.756367, 33.892625 ], [ -95.745905, 33.896323 ], [ -95.73769, 33.896545 ], [ -95.732961, 33.895879 ], [ -95.729075703309306, 33.894006100996897 ], [ -95.728449, 33.893704 ], [ -95.718308, 33.889662 ], [ -95.714089, 33.885888 ], [ -95.710537, 33.885 ], [ -95.697882, 33.88611 ], [ -95.684831, 33.890232 ], [ -95.676925, 33.897237 ], [ -95.669978, 33.905844 ], [ -95.665466, 33.908978 ], [ -95.660138, 33.910088 ], [ -95.656364, 33.910088 ], [ -95.651701, 33.9092 ], [ -95.649703, 33.907424 ], [ -95.645262, 33.906536 ], [ -95.640156, 33.904982 ], [ -95.635938, 33.905204 ], [ -95.632163, 33.904982 ], [ -95.629055, 33.90587 ], [ -95.626835, 33.907868 ], [ -95.625947, 33.91031 ], [ -95.625058, 33.913196 ], [ -95.622394, 33.918303 ], [ -95.619286, 33.922743 ], [ -95.616422, 33.927406 ], [ -95.611981, 33.928738 ], [ -95.608207, 33.928738 ], [ -95.603767, 33.929182 ], [ -95.600695, 33.931268 ], [ -95.59866, 33.934066 ], [ -95.598524, 33.938103 ], [ -95.597047778323798, 33.941239376450703 ], [ -95.596662, 33.942059 ], [ -95.593827, 33.943031 ], [ -95.589557, 33.941615 ], [ -95.586449, 33.939395 ], [ -95.584369, 33.936311 ], [ -95.580898, 33.933844 ], [ -95.578012, 33.933178 ], [ -95.573766, 33.933525 ], [ -95.569353, 33.933178 ], [ -95.563803, 33.932956 ], [ -95.561007, 33.931552 ], [ -95.557364, 33.930514 ], [ -95.554478, 33.928072 ], [ -95.553146, 33.925408 ], [ -95.55248, 33.922965 ], [ -95.55248, 33.919857 ], [ -95.550481, 33.915195 ], [ -95.548483, 33.908534 ], [ -95.548039, 33.901207 ], [ -95.548483, 33.896767 ], [ -95.550925, 33.892992 ], [ -95.550259, 33.88833 ], [ -95.548325, 33.882744 ], [ -95.545197, 33.880294 ], [ -95.53979, 33.879904 ], [ -95.533283, 33.881162 ], [ -95.525322, 33.885487 ], [ -95.521334098780102, 33.888442539445698 ], [ -95.520138, 33.889329 ], [ -95.514955, 33.894735 ], [ -95.512732, 33.896392 ], [ -95.510739, 33.897877 ], [ -95.507556, 33.897216 ], [ -95.505189, 33.894991 ], [ -95.504944, 33.889143 ], [ -95.504523, 33.883668 ], [ -95.505633, 33.877229 ], [ -95.502635433439394, 33.874989604374797 ], [ -95.502582505273296, 33.874950063266702 ], [ -95.502304, 33.874742 ], [ -95.497418, 33.874343 ], [ -95.492028, 33.874822 ], [ -95.484541, 33.875897 ], [ -95.478102, 33.878561 ], [ -95.472552, 33.880337 ], [ -95.469265, 33.882511 ], [ -95.467609, 33.884635 ], [ -95.466113, 33.886554 ], [ -95.463785, 33.887232 ], [ -95.461673, 33.886998 ], [ -95.459452, 33.886332 ], [ -95.459452, 33.884112 ], [ -95.461229, 33.882557 ], [ -95.464115, 33.876119 ], [ -95.464211, 33.873372 ], [ -95.462339, 33.871678 ], [ -95.458564, 33.871678 ], [ -95.453458, 33.870346 ], [ -95.440928, 33.866429 ], [ -95.427313, 33.870446 ], [ -95.402055, 33.864188 ], [ -95.392804, 33.867108 ], [ -95.384639, 33.868425 ], [ -95.375233, 33.868243 ], [ -95.369628, 33.866844 ], [ -95.365639592379495, 33.866696488932 ], [ -95.362517, 33.866581 ], [ -95.356541, 33.869382 ], [ -95.343423, 33.872542 ], [ -95.334854, 33.876831 ], [ -95.331967, 33.879749 ], [ -95.331938008190505, 33.879828724036301 ], [ -95.32986, 33.885543 ], [ -95.326436, 33.88607 ], [ -95.322222, 33.884753 ], [ -95.314428, 33.881632 ], [ -95.310898, 33.877642 ], [ -95.310405619391105, 33.877368530190402 ], [ -95.310555, 33.864127 ], [ -95.310878, 33.789066 ], [ -95.310893, 33.781354 ], [ -95.311035, 33.7501 ], [ -95.31068, 33.743232 ], [ -95.310819, 33.739087 ], [ -95.310689, 33.719518 ], [ -95.310573, 33.696943 ], [ -95.310673, 33.663154 ], [ -95.310385, 33.637098 ], [ -95.310565, 33.608422 ], [ -95.31049, 33.600972 ], [ -95.310361, 33.551074 ], [ -95.310535, 33.53179 ], [ -95.310278, 33.52122 ], [ -95.310271, 33.520826 ], [ -95.309878, 33.500106 ], [ -95.309285, 33.495112 ], [ -95.308637, 33.380662 ], [ -95.308073, 33.38075 ], [ -95.30664, 33.378027 ], [ -95.30792, 33.377622 ], [ -95.308593, 33.37719 ], [ -95.308291, 33.329759 ], [ -95.308219, 33.322156 ], [ -95.307925, 33.302031 ], [ -95.307716, 33.300334 ], [ -95.307884, 33.255938 ], [ -95.307894, 33.204807 ], [ -95.307895, 33.204521 ], [ -95.308061, 33.185923 ], [ -95.307984, 33.166321 ], [ -95.308072, 33.078206 ], [ -95.308204, 33.066644 ], [ -95.308344, 33.050296 ], [ -95.30839, 33.041772 ], [ -95.308455, 33.024549 ], [ -95.308718, 32.994562 ], [ -95.308957, 32.962572 ], [ -95.323185, 32.962452 ], [ -95.388979, 32.962113 ], [ -95.397889, 32.962108 ], [ -95.417576, 32.961866 ], [ -95.427096, 32.961893 ], [ -95.469998, 32.961672 ], [ -95.509755, 32.961446 ], [ -95.515196, 32.961394 ], [ -95.520591, 32.96136 ], [ -95.522469, 32.961439 ], [ -95.563263, 32.9611 ], [ -95.58106, 32.960988 ], [ -95.625357, 32.960653 ], [ -95.665389, 32.960434 ], [ -95.667704, 32.978333 ], [ -95.667728, 32.979554 ], [ -95.683141, 32.979629 ], [ -95.712186, 32.979543 ], [ -95.721338, 32.979771 ], [ -95.747988, 32.980072 ], [ -95.750239, 32.980227 ], [ -95.778729, 32.979828 ], [ -95.799171, 32.97965 ], [ -95.817072, 32.979581 ], [ -95.862521, 32.979571 ], [ -95.863129, 32.999712 ], [ -95.863326, 33.049892 ], [ -95.863021, 33.065092 ], [ -95.862775, 33.129455 ], [ -95.862773, 33.129663 ] ] ] } },
{ "type": "Feature", "properties": { "FederalDivisionName": "Texarkana", "FederalJudicialDistrict": "Eastern" }, "geometry": { "type": "Polygon", "coordinates": [ [ [ -95.30839, 33.041772 ], [ -95.308344, 33.050296 ], [ -95.308204, 33.066644 ], [ -95.308072, 33.078206 ], [ -95.307984, 33.166321 ], [ -95.308061, 33.185923 ], [ -95.307895, 33.204521 ], [ -95.307894, 33.204807 ], [ -95.307884, 33.255938 ], [ -95.307716, 33.300334 ], [ -95.307925, 33.302031 ], [ -95.308219, 33.322156 ], [ -95.308291, 33.329759 ], [ -95.308593, 33.37719 ], [ -95.30792, 33.377622 ], [ -95.30664, 33.378027 ], [ -95.308073, 33.38075 ], [ -95.308637, 33.380662 ], [ -95.309285, 33.495112 ], [ -95.309878, 33.500106 ], [ -95.310271, 33.520826 ], [ -95.310278, 33.52122 ], [ -95.310535, 33.53179 ], [ -95.310361, 33.551074 ], [ -95.31049, 33.600972 ], [ -95.310565, 33.608422 ], [ -95.310385, 33.637098 ], [ -95.310673, 33.663154 ], [ -95.310573, 33.696943 ], [ -95.310689, 33.719518 ], [ -95.310819, 33.739087 ], [ -95.31068, 33.743232 ], [ -95.311035, 33.7501 ], [ -95.310893, 33.781354 ], [ -95.310878, 33.789066 ], [ -95.310555, 33.864127 ], [ -95.310405619391105, 33.877368530190402 ], [ -95.30579, 33.874805 ], [ -95.289302, 33.873103 ], [ -95.280922, 33.875403 ], [ -95.278767, 33.877906 ], [ -95.278318, 33.881677 ], [ -95.27794, 33.887508 ], [ -95.280351, 33.896751 ], [ -95.284298, 33.899238 ], [ -95.285591, 33.903357 ], [ -95.282981, 33.907402 ], [ -95.278577, 33.910191 ], [ -95.270674, 33.91151 ], [ -95.266126, 33.909773 ], [ -95.265227, 33.905566 ], [ -95.265891, 33.895378 ], [ -95.264019, 33.889757 ], [ -95.260595, 33.88765 ], [ -95.252694, 33.894234 ], [ -95.249743, 33.902755 ], [ -95.248273, 33.92019 ], [ -95.250171, 33.938497 ], [ -95.245847, 33.943747 ], [ -95.239748, 33.947543 ], [ -95.235707, 33.948259 ], [ -95.232879, 33.949736 ], [ -95.231644, 33.953294 ], [ -95.230377, 33.955768 ], [ -95.230637, 33.959799 ], [ -95.229521, 33.960451 ], [ -95.227574, 33.960798 ], [ -95.226393, 33.961954 ], [ -95.22401, 33.962161 ], [ -95.220488, 33.961997 ], [ -95.217633, 33.962646 ], [ -95.214137, 33.962142 ], [ -95.211908, 33.961241 ], [ -95.206882, 33.959088 ], [ -95.202615, 33.956907 ], [ -95.19935, 33.953973 ], [ -95.197029, 33.953105 ], [ -95.189758, 33.951361 ], [ -95.184968, 33.949529 ], [ -95.182232, 33.948941 ], [ -95.179686, 33.948688 ], [ -95.174794, 33.947457 ], [ -95.171154, 33.946506 ], [ -95.167527, 33.944738 ], [ -95.163392, 33.940857 ], [ -95.158296, 33.937526 ], [ -95.155886470440905, 33.936892754136402 ], [ -95.154978, 33.936654 ], [ -95.147909, 33.935566 ], [ -95.140069, 33.934782 ], [ -95.135953, 33.93537 ], [ -95.131056, 33.936925 ], [ -95.1247, 33.934675 ], [ -95.121184, 33.931307 ], [ -95.120862, 33.928118 ], [ -95.122795, 33.924696 ], [ -95.12733, 33.920278 ], [ -95.131642, 33.916027 ], [ -95.131249, 33.912243 ], [ -95.126442, 33.90708 ], [ -95.122038, 33.904795 ], [ -95.117138, 33.903619 ], [ -95.112575, 33.904603 ], [ -95.104789, 33.909595 ], [ -95.092668, 33.912831 ], [ -95.089111, 33.914203 ], [ -95.085975, 33.916946 ], [ -95.083819, 33.921062 ], [ -95.082387, 33.921758 ], [ -95.07795, 33.918696 ], [ -95.076372, 33.915378 ], [ -95.078528, 33.910283 ], [ -95.080488, 33.907735 ], [ -95.086759, 33.903815 ], [ -95.091636, 33.902104 ], [ -95.096755, 33.899699 ], [ -95.100168, 33.896101 ], [ -95.098911, 33.89088 ], [ -95.095833, 33.88843 ], [ -95.095580016421096, 33.8880245743835 ], [ -95.093815, 33.885196 ], [ -95.089607, 33.880857 ], [ -95.082408, 33.879882 ], [ -95.080586, 33.882256 ], [ -95.079834, 33.887479 ], [ -95.079369, 33.894626 ], [ -95.078822, 33.903031 ], [ -95.077058, 33.906559 ], [ -95.075098, 33.908911 ], [ -95.074902, 33.910479 ], [ -95.074052, 33.915349 ], [ -95.068729, 33.917601 ], [ -95.06569, 33.915966 ], [ -95.063248, 33.913262 ], [ -95.063338, 33.910871 ], [ -95.064261144014296, 33.910096773221298 ], [ -95.065923, 33.908703 ], [ -95.070498, 33.908402 ], [ -95.072158, 33.905579 ], [ -95.072413, 33.902699 ], [ -95.070198, 33.902443 ], [ -95.065581, 33.903559 ], [ -95.062554, 33.903031 ], [ -95.060105, 33.901873 ], [ -95.058243, 33.887548 ], [ -95.050572, 33.877497 ], [ -95.050821, 33.86944 ], [ -95.049423, 33.864813 ], [ -95.046568, 33.862565 ], [ -95.037207, 33.86025 ], [ -95.031441261579999, 33.859847880717901 ], [ -95.023944, 33.859325 ], [ -95.01728, 33.857953 ], [ -95.012353, 33.858012 ], [ -95.007873, 33.859521 ], [ -95.004737, 33.861677 ], [ -95.001993, 33.863049 ], [ -95.000223, 33.862505 ], [ -94.997485, 33.860501 ], [ -94.995524, 33.857438 ], [ -94.992671, 33.852455 ], [ -94.988487, 33.851 ], [ -94.983303, 33.851354 ], [ -94.98165, 33.852284 ], [ -94.976208, 33.859847 ], [ -94.973411, 33.861731 ], [ -94.971435, 33.862123 ], [ -94.968895, 33.860916 ], [ -94.968472793363503, 33.859161743360197 ], [ -94.965888, 33.848422 ], [ -94.964401, 33.837021 ], [ -94.957676, 33.835004 ], [ -94.949481, 33.833534 ], [ -94.943831, 33.8293 ], [ -94.953518, 33.816475 ], [ -94.947874, 33.808356 ], [ -94.939992, 33.805679 ], [ -94.929211, 33.807754 ], [ -94.925215, 33.808678 ], [ -94.923071, 33.811357 ], [ -94.923099, 33.815456 ], [ -94.924411, 33.81886 ], [ -94.926287, 33.822612 ], [ -94.926822, 33.826631 ], [ -94.926072, 33.828533 ], [ -94.921999, 33.828775 ], [ -94.918599, 33.82682 ], [ -94.914764, 33.824487 ], [ -94.912085, 33.820468 ], [ -94.910882, 33.815915 ], [ -94.910209, 33.812429 ], [ -94.912621, 33.808678 ], [ -94.917029, 33.808321 ], [ -94.91863, 33.802944 ], [ -94.921667, 33.795919 ], [ -94.921955, 33.791599 ], [ -94.921786533070104, 33.791405679162601 ], [ -94.917522, 33.786512 ], [ -94.914496, 33.78215 ], [ -94.911427, 33.778383 ], [ -94.906243, 33.77819 ], [ -94.904172, 33.777198 ], [ -94.904198, 33.773249 ], [ -94.897718, 33.768839 ], [ -94.887748, 33.769016 ], [ -94.883847, 33.763243 ], [ -94.877814562670196, 33.758446953543299 ], [ -94.876504, 33.757405 ], [ -94.8748, 33.757894 ], [ -94.873944, 33.76057 ], [ -94.874571, 33.762857 ], [ -94.87493, 33.767432 ], [ -94.873837, 33.770315 ], [ -94.871274, 33.770323 ], [ -94.868144, 33.768874 ], [ -94.866064, 33.766156 ], [ -94.866736, 33.76183 ], [ -94.86914, 33.759045 ], [ -94.875376, 33.75492 ], [ -94.87708, 33.75222 ], [ -94.874668, 33.749164 ], [ -94.8693, 33.745871 ], [ -94.860687, 33.741945 ], [ -94.849296, 33.739585 ], [ -94.842574, 33.739445 ], [ -94.830717, 33.7405 ], [ -94.828037, 33.73916 ], [ -94.828321, 33.734947 ], [ -94.822473, 33.732716 ], [ -94.820089, 33.734826 ], [ -94.823042, 33.747525 ], [ -94.830844, 33.758079 ], [ -94.83009, 33.763661 ], [ -94.825294, 33.768525 ], [ -94.821783, 33.768752 ], [ -94.818574, 33.767704 ], [ -94.816158, 33.763403 ], [ -94.816663, 33.755265 ], [ -94.814282, 33.7519 ], [ -94.812155, 33.750936 ], [ -94.812912, 33.745447 ], [ -94.816208, 33.741931 ], [ -94.816065, 33.739215 ], [ -94.811101, 33.734825 ], [ -94.802252, 33.732788 ], [ -94.795844, 33.737588 ], [ -94.786762, 33.741532 ], [ -94.780966, 33.744804 ], [ -94.778202, 33.749739 ], [ -94.777841, 33.753006 ], [ -94.776017446164502, 33.756198781544001 ], [ -94.774923, 33.758115 ], [ -94.770499, 33.760942 ], [ -94.76444, 33.760178 ], [ -94.760058, 33.758291 ], [ -94.757205, 33.754818 ], [ -94.757813, 33.750109 ], [ -94.761751, 33.746795 ], [ -94.769435, 33.746265 ], [ -94.773819, 33.746512 ], [ -94.777393, 33.745196 ], [ -94.788251, 33.735316 ], [ -94.782636, 33.730247 ], [ -94.773126, 33.727187 ], [ -94.760604, 33.727054 ], [ -94.754736403852107, 33.733042577511704 ], [ -94.754396, 33.73339 ], [ -94.752512, 33.734468 ], [ -94.751371, 33.733727 ], [ -94.747998, 33.725539 ], [ -94.748236, 33.724712 ], [ -94.757313, 33.718168 ], [ -94.757611, 33.717164 ], [ -94.755905, 33.715073 ], [ -94.752129, 33.713835 ], [ -94.747149, 33.715293 ], [ -94.745108, 33.717908 ], [ -94.744805, 33.722189 ], [ -94.743976, 33.725001 ], [ -94.741775, 33.72687 ], [ -94.738251, 33.727168 ], [ -94.735178, 33.726616 ], [ -94.73263, 33.723917 ], [ -94.732786, 33.720035 ], [ -94.738572, 33.714501 ], [ -94.747564, 33.711682 ], [ -94.75327, 33.710277 ], [ -94.753801, 33.707729 ], [ -94.752023, 33.704939 ], [ -94.746096, 33.702768220185298 ], [ -94.741877, 33.701223 ], [ -94.735856, 33.691625 ], [ -94.725593, 33.690459 ], [ -94.720742, 33.689056 ], [ -94.719814, 33.689739 ], [ -94.716594, 33.695164 ], [ -94.717788, 33.701846 ], [ -94.721447, 33.704559 ], [ -94.72695, 33.705247 ], [ -94.731306, 33.707081 ], [ -94.73309, 33.710147 ], [ -94.734831, 33.713924 ], [ -94.732309, 33.715987 ], [ -94.727867, 33.715565 ], [ -94.711359, 33.708916 ], [ -94.706024, 33.706293 ], [ -94.701729, 33.703413 ], [ -94.701055, 33.700053 ], [ -94.702187, 33.697452 ], [ -94.706336, 33.696726 ], [ -94.712845, 33.697551 ], [ -94.713935, 33.696835 ], [ -94.714344, 33.694074 ], [ -94.717344, 33.688994 ], [ -94.716188, 33.687902 ], [ -94.712067, 33.687935 ], [ -94.705449, 33.688038 ], [ -94.684792, 33.684353 ], [ -94.677883, 33.687822 ], [ -94.671773, 33.693307 ], [ -94.667852, 33.694607 ], [ -94.661701, 33.693136 ], [ -94.652995, 33.687224 ], [ -94.650961, 33.686558 ], [ -94.649007, 33.68735 ], [ -94.647241, 33.692654 ], [ -94.648641, 33.697988 ], [ -94.647389, 33.70112 ], [ -94.644322, 33.701666 ], [ -94.639003, 33.697681 ], [ -94.638646, 33.695804 ], [ -94.643132, 33.690323 ], [ -94.64547, 33.685344 ], [ -94.648902, 33.684024 ], [ -94.648478, 33.682125 ], [ -94.645579, 33.6755 ], [ -94.645535, 33.673531 ], [ -94.651296, 33.670419 ], [ -94.653996, 33.671147 ], [ -94.657916, 33.674186 ], [ -94.661806, 33.675133 ], [ -94.668848, 33.671878 ], [ -94.671048, 33.668388 ], [ -94.669311, 33.664362 ], [ -94.663195, 33.661084 ], [ -94.655891, 33.660166 ], [ -94.637996, 33.664578 ], [ -94.635573, 33.667527 ], [ -94.630919, 33.673442 ], [ -94.63045, 33.677123 ], [ -94.628191, 33.681073 ], [ -94.622379, 33.682428 ], [ -94.617625, 33.681242 ], [ -94.613317, 33.67567 ], [ -94.612830252676503, 33.674001108709703 ], [ -94.611712, 33.670167 ], [ -94.607683, 33.665569 ], [ -94.602999, 33.663059 ], [ -94.59797, 33.663381 ], [ -94.59312, 33.665429 ], [ -94.591435, 33.668914 ], [ -94.591953, 33.672863 ], [ -94.590027, 33.67585 ], [ -94.59314, 33.683236 ], [ -94.590544, 33.686222 ], [ -94.587072, 33.68582 ], [ -94.582997, 33.681167 ], [ -94.580292, 33.678819 ], [ -94.579864, 33.666167 ], [ -94.577876, 33.665682 ], [ -94.569065, 33.668562 ], [ -94.562166, 33.668965 ], [ -94.560339, 33.666591 ], [ -94.563251, 33.662684 ], [ -94.57557, 33.659409 ], [ -94.586986, 33.65018 ], [ -94.59083, 33.645563 ], [ -94.588632, 33.644183 ], [ -94.583273, 33.643793 ], [ -94.577838, 33.645557 ], [ -94.570566, 33.652226 ], [ -94.560198, 33.656967 ], [ -94.549636, 33.660676 ], [ -94.546366, 33.659161 ], [ -94.543332, 33.655686 ], [ -94.542593, 33.651411 ], [ -94.545436, 33.646228 ], [ -94.559042, 33.641971 ], [ -94.568386, 33.637203 ], [ -94.570447, 33.629947 ], [ -94.569523, 33.627832 ], [ -94.564076, 33.626265 ], [ -94.555747, 33.62709 ], [ -94.551405, 33.628491 ], [ -94.541095, 33.636529 ], [ -94.534818, 33.639277 ], [ -94.527491, 33.641344 ], [ -94.521837, 33.640728 ], [ -94.519133, 33.638298 ], [ -94.518932, 33.637164 ], [ -94.524573, 33.632609 ], [ -94.531992, 33.627833 ], [ -94.535065, 33.625115 ], [ -94.535169, 33.621919 ], [ -94.531871, 33.618648 ], [ -94.527376, 33.615833 ], [ -94.523004, 33.616077 ], [ -94.519838, 33.618077 ], [ -94.518057, 33.622978 ], [ -94.520245, 33.629805 ], [ -94.51726, 33.632729 ], [ -94.511514, 33.623105 ], [ -94.504615, 33.620682 ], [ -94.497801, 33.624013 ], [ -94.491503, 33.625115 ], [ -94.487514, 33.628939 ], [ -94.488434, 33.632367 ], [ -94.491109, 33.636233 ], [ -94.485875, 33.637867 ], [ -94.481313, 33.638819 ], [ -94.476415, 33.638947 ], [ -94.466075, 33.636262 ], [ -94.464186, 33.637655 ], [ -94.461453, 33.643616 ], [ -94.459198, 33.645146 ], [ -94.45482, 33.644903 ], [ -94.448637, 33.642766 ], [ -94.446871, 33.640178 ], [ -94.447514, 33.636255 ], [ -94.448451, 33.634497 ], [ -94.458817, 33.632444 ], [ -94.462736, 33.63091 ], [ -94.461129, 33.625415 ], [ -94.460286, 33.624421 ], [ -94.455255, 33.622917 ], [ -94.452711, 33.622621 ], [ -94.452325, 33.618817 ], [ -94.452961, 33.616986 ], [ -94.454769, 33.615156 ], [ -94.462336, 33.610567 ], [ -94.469451, 33.607316 ], [ -94.472166, 33.604199 ], [ -94.471974, 33.602665 ], [ -94.471152, 33.601588 ], [ -94.468086, 33.599436 ], [ -94.459131468383205, 33.598376431919498 ], [ -94.458232, 33.59827 ], [ -94.453996, 33.592223 ], [ -94.451622, 33.591361 ], [ -94.449112, 33.590894 ], [ -94.442364, 33.591243 ], [ -94.441537, 33.591502 ], [ -94.439518, 33.594154 ], [ -94.430039, 33.591124 ], [ -94.427578, 33.589319 ], [ -94.425982, 33.586425 ], [ -94.413155, 33.569368 ], [ -94.412531021053397, 33.568936945156302 ], [ -94.412175, 33.568691 ], [ -94.408901, 33.568197 ], [ -94.403342, 33.568424 ], [ -94.397342, 33.571608 ], [ -94.385927, 33.581888 ], [ -94.382887, 33.583268 ], [ -94.379649, 33.580607 ], [ -94.378076, 33.577019 ], [ -94.37776, 33.574609 ], [ -94.378561, 33.571329 ], [ -94.380091, 33.568943 ], [ -94.382534, 33.567057 ], [ -94.388052, 33.565511 ], [ -94.392357, 33.565287 ], [ -94.394372, 33.565644 ], [ -94.397688, 33.564903 ], [ -94.400736, 33.562532 ], [ -94.401616, 33.559378 ], [ -94.399941, 33.557102 ], [ -94.39723, 33.553786 ], [ -94.392573, 33.551142 ], [ -94.389515, 33.546778 ], [ -94.386086, 33.544923 ], [ -94.381667, 33.544035 ], [ -94.373393, 33.544471 ], [ -94.371598, 33.545001 ], [ -94.363297, 33.544957 ], [ -94.361351, 33.544613 ], [ -94.35897, 33.54323 ], [ -94.3579185104131, 33.543212620006798 ], [ -94.355945, 33.54318 ], [ -94.348945, 33.548359 ], [ -94.347383, 33.551078 ], [ -94.34729, 33.552197 ], [ -94.352653, 33.560611 ], [ -94.352433, 33.562172 ], [ -94.345513, 33.567313 ], [ -94.344023, 33.567824 ], [ -94.340577, 33.567878 ], [ -94.338422, 33.567082 ], [ -94.33494, 33.563592 ], [ -94.33438, 33.562536 ], [ -94.333895, 33.557461 ], [ -94.333870633081801, 33.557387230211603 ], [ -94.333203, 33.555366 ], [ -94.331833, 33.553348 ], [ -94.33059, 33.552692 ], [ -94.327683217363202, 33.551493633767201 ], [ -94.32366, 33.549835 ], [ -94.319492, 33.548864 ], [ -94.309582, 33.551673 ], [ -94.308445868234003, 33.553085284852799 ], [ -94.30641, 33.555616 ], [ -94.306215, 33.557676 ], [ -94.307181, 33.559797 ], [ -94.303577, 33.56828 ], [ -94.301023, 33.573022 ], [ -94.298392, 33.576218 ], [ -94.293258, 33.580419 ], [ -94.289129, 33.582144 ], [ -94.287025, 33.58241 ], [ -94.283582, 33.581891 ], [ -94.282648, 33.580978 ], [ -94.280849, 33.577187 ], [ -94.280605, 33.574908 ], [ -94.282172, 33.572989 ], [ -94.290372, 33.567905 ], [ -94.291687, 33.563481 ], [ -94.290901, 33.558872 ], [ -94.28944, 33.557635 ], [ -94.287572, 33.557178 ], [ -94.27909, 33.557026 ], [ -94.275601, 33.557964 ], [ -94.274473, 33.558652 ], [ -94.271998, 33.561518 ], [ -94.270979, 33.563221 ], [ -94.270853, 33.564783 ], [ -94.265669, 33.573589 ], [ -94.262755, 33.577354 ], [ -94.257801, 33.582508 ], [ -94.252656, 33.586144 ], [ -94.245932, 33.589114 ], [ -94.242777, 33.589709 ], [ -94.240179, 33.589536 ], [ -94.236972, 33.587411 ], [ -94.236363, 33.585992 ], [ -94.236836, 33.580914 ], [ -94.237975, 33.577757 ], [ -94.238868, 33.576722 ], [ -94.244366, 33.573549 ], [ -94.251108, 33.56528 ], [ -94.252331, 33.561855 ], [ -94.252283, 33.560445 ], [ -94.251569, 33.558188 ], [ -94.250197, 33.556765 ], [ -94.237904, 33.552675 ], [ -94.233357835162494, 33.552234637168397 ], [ -94.231844, 33.552088 ], [ -94.226392, 33.552912 ], [ -94.222921, 33.554088 ], [ -94.219221, 33.556096 ], [ -94.215808170390005, 33.560372214134802 ], [ -94.213604, 33.563134 ], [ -94.212537286277197, 33.563863094775797 ], [ -94.208078, 33.566911 ], [ -94.205634, 33.567229 ], [ -94.203594, 33.566546 ], [ -94.201237, 33.557826 ], [ -94.199486, 33.556085 ], [ -94.197817, 33.555238 ], [ -94.196395, 33.555123 ], [ -94.193248, 33.556154 ], [ -94.191333, 33.557666 ], [ -94.189884, 33.562454 ], [ -94.192483, 33.570425 ], [ -94.194399, 33.573678 ], [ -94.196367, 33.57478 ], [ -94.201106, 33.575851 ], [ -94.204265, 33.575005 ], [ -94.207405, 33.574353 ], [ -94.209665, 33.57351 ], [ -94.211329, 33.573774 ], [ -94.216141, 33.576392 ], [ -94.217408, 33.57926 ], [ -94.217198, 33.580737 ], [ -94.214431, 33.583187 ], [ -94.212997, 33.583487 ], [ -94.210967, 33.583143 ], [ -94.205788, 33.58138 ], [ -94.203588, 33.580816 ], [ -94.199752, 33.581098 ], [ -94.196536, 33.581719 ], [ -94.194465, 33.582886 ], [ -94.190891, 33.587474 ], [ -94.187123060581996, 33.591366133465897 ], [ -94.183913, 33.594682 ], [ -94.18088, 33.592612 ], [ -94.176327, 33.591077 ], [ -94.162266, 33.588906 ], [ -94.162265526062299, 33.588905626133602 ], [ -94.161082, 33.587972 ], [ -94.16201, 33.580877 ], [ -94.161277, 33.579271 ], [ -94.156782, 33.575749 ], [ -94.152626, 33.575923 ], [ -94.148732, 33.580197 ], [ -94.146048, 33.581975 ], [ -94.144383, 33.582098 ], [ -94.14216, 33.58139 ], [ -94.141852, 33.57959 ], [ -94.143024, 33.577725 ], [ -94.145669, 33.5756 ], [ -94.149506, 33.573602 ], [ -94.151257, 33.571793 ], [ -94.151755, 33.569476 ], [ -94.151456, 33.568387 ], [ -94.14852, 33.565678 ], [ -94.145239, 33.564987 ], [ -94.143402, 33.565505 ], [ -94.136864, 33.571 ], [ -94.136046, 33.571388 ], [ -94.135142, 33.571033 ], [ -94.134308, 33.569209 ], [ -94.133048, 33.557953 ], [ -94.131382, 33.552934 ], [ -94.128658, 33.550952 ], [ -94.126898, 33.550647 ], [ -94.123898, 33.5521 ], [ -94.122879, 33.553112 ], [ -94.120719, 33.560555 ], [ -94.120355, 33.5655 ], [ -94.119902, 33.566999 ], [ -94.112843, 33.566991 ], [ -94.103176, 33.57035 ], [ -94.100107, 33.572568 ], [ -94.09744, 33.573719 ], [ -94.088943, 33.575322 ], [ -94.082641, 33.575492 ], [ -94.07267, 33.572234 ], [ -94.072231, 33.572605 ], [ -94.072032, 33.573523 ], [ -94.072032, 33.574162 ], [ -94.071713, 33.574601 ], [ -94.071353, 33.57484 ], [ -94.070395, 33.574561 ], [ -94.069517, 33.574162 ], [ -94.068559, 33.573563 ], [ -94.06828, 33.571967 ], [ -94.067801, 33.570131 ], [ -94.066846, 33.568909 ], [ -94.066180732519399, 33.568896562858498 ], [ -94.061283, 33.568805 ], [ -94.056598, 33.567825 ], [ -94.056096, 33.567252 ], [ -94.055663, 33.561887 ], [ -94.056442, 33.560998 ], [ -94.05985, 33.559249 ], [ -94.06118, 33.559159 ], [ -94.066685, 33.560954 ], [ -94.067985, 33.560961 ], [ -94.07172, 33.559682 ], [ -94.073744, 33.558285 ], [ -94.073826, 33.555834 ], [ -94.072156, 33.553864 ], [ -94.069092, 33.553406 ], [ -94.06548, 33.550909 ], [ -94.061896, 33.549764 ], [ -94.056096, 33.550726 ], [ -94.051882, 33.552585 ], [ -94.050212, 33.551083 ], [ -94.04604, 33.551321 ], [ -94.044973225181394, 33.551704874181802 ], [ -94.04345, 33.552253 ], [ -94.043432140528296, 33.551580834430403 ], [ -94.043428, 33.551425 ], [ -94.043375, 33.542315 ], [ -94.043285028020506, 33.530201723327103 ], [ -94.043200723856799, 33.518851526687797 ], [ -94.043016546622695, 33.494055031088898 ], [ -94.043015186021506, 33.493871848078498 ], [ -94.043009, 33.493039 ], [ -94.043245453938297, 33.491279607547703 ], [ -94.043279, 33.49103 ], [ -94.043272105629697, 33.489461265593903 ], [ -94.043188223036495, 33.470374749372901 ], [ -94.043188213895505, 33.470372669445297 ], [ -94.043188, 33.470324 ], [ -94.043119153550805, 33.458447987515598 ], [ -94.043091363180395, 33.453654148619201 ], [ -94.043087143678406, 33.452926284520899 ], [ -94.043061016172501, 33.448419289761297 ], [ -94.0430587781985, 33.448033239246797 ], [ -94.0430452274651, 33.445695737733899 ], [ -94.043011087449301, 33.439806585000298 ], [ -94.043002811734397, 33.438379024179397 ], [ -94.042988, 33.435824 ], [ -94.042988, 33.43459 ], [ -94.042988, 33.431024 ], [ -94.042963866391503, 33.4284436154677 ], [ -94.042887, 33.420225 ], [ -94.042889196849302, 33.419662434535702 ], [ -94.042914789322495, 33.413108757164402 ], [ -94.0429439102506, 33.405651519024197 ], [ -94.042944156935107, 33.405588348468598 ], [ -94.042965744087695, 33.400060346856399 ], [ -94.043013589159699, 33.387808261503601 ], [ -94.043042109787294, 33.380504747300002 ], [ -94.043053, 33.377716 ], [ -94.042869, 33.37117 ], [ -94.043128, 33.358757 ], [ -94.043127639220302, 33.358717609960003 ], [ -94.043073488417704, 33.352805407577499 ], [ -94.043067, 33.352097 ], [ -94.043067, 33.349796 ], [ -94.043067, 33.347351 ], [ -94.043067, 33.343799521348302 ], [ -94.043067, 33.339573 ], [ -94.043067, 33.330498 ], [ -94.042990021000193, 33.271243165049398 ], [ -94.04653, 33.272654 ], [ -94.04685, 33.274248 ], [ -94.050329, 33.276283 ], [ -94.050588, 33.277291 ], [ -94.049017, 33.278276 ], [ -94.049017, 33.27987 ], [ -94.050192, 33.281509 ], [ -94.050787, 33.284042 ], [ -94.051565, 33.284829 ], [ -94.054586, 33.285103 ], [ -94.055563, 33.286355 ], [ -94.053991, 33.287087 ], [ -94.051107, 33.286904 ], [ -94.051046, 33.287965 ], [ -94.054113, 33.291215 ], [ -94.05596, 33.291596 ], [ -94.058646, 33.292924 ], [ -94.059363, 33.294137 ], [ -94.058188, 33.294854 ], [ -94.055349, 33.293259 ], [ -94.054052, 33.294023 ], [ -94.054388, 33.295243 ], [ -94.056144, 33.298036 ], [ -94.057395, 33.298318 ], [ -94.059028, 33.297058 ], [ -94.060477, 33.297784 ], [ -94.061591, 33.299867 ], [ -94.063559, 33.297845 ], [ -94.065192, 33.297829 ], [ -94.067939, 33.299751 ], [ -94.070365, 33.300697 ], [ -94.071418, 33.300385 ], [ -94.07154, 33.299087 ], [ -94.067283, 33.296388 ], [ -94.0671, 33.294694 ], [ -94.068854, 33.294739 ], [ -94.070563, 33.296128 ], [ -94.072928, 33.295899 ], [ -94.072333, 33.293199 ], [ -94.07331, 33.292046 ], [ -94.075873, 33.294587 ], [ -94.077903, 33.297776 ], [ -94.080848, 33.299264 ], [ -94.081702, 33.29815 ], [ -94.080649, 33.296777 ], [ -94.081565, 33.294038 ], [ -94.083732, 33.293084 ], [ -94.084983, 33.294632 ], [ -94.088982, 33.296128 ], [ -94.088646, 33.297387 ], [ -94.085442, 33.297784 ], [ -94.084389, 33.301476 ], [ -94.082161, 33.302735 ], [ -94.082619, 33.304558 ], [ -94.084129, 33.304322 ], [ -94.084785, 33.302003 ], [ -94.087074, 33.302346 ], [ -94.088127, 33.304605 ], [ -94.090752, 33.305267 ], [ -94.09127, 33.303903 ], [ -94.089958, 33.30124 ], [ -94.090553, 33.299591 ], [ -94.092903, 33.298364 ], [ -94.09481, 33.299706 ], [ -94.098015, 33.306046 ], [ -94.099525, 33.305748 ], [ -94.100182, 33.303552 ], [ -94.099525, 33.30211 ], [ -94.097694, 33.300683 ], [ -94.098412, 33.298585 ], [ -94.10038, 33.297891 ], [ -94.102531, 33.301965 ], [ -94.103783, 33.303589 ], [ -94.103325, 33.305861 ], [ -94.108438, 33.308104 ], [ -94.11007, 33.309424 ], [ -94.111199, 33.30912 ], [ -94.111383, 33.307564 ], [ -94.107841, 33.303558 ], [ -94.109413, 33.302269 ], [ -94.111062, 33.304367 ], [ -94.112039, 33.304871 ], [ -94.115914, 33.305145 ], [ -94.115899, 33.303168 ], [ -94.114663, 33.29969 ], [ -94.112358, 33.298485 ], [ -94.113472, 33.296388 ], [ -94.113472, 33.294564 ], [ -94.114525, 33.294052 ], [ -94.116235, 33.294457 ], [ -94.117547, 33.296937 ], [ -94.115701, 33.299728 ], [ -94.116815, 33.300452 ], [ -94.123773, 33.298698 ], [ -94.124612, 33.29818 ], [ -94.124291, 33.29676 ], [ -94.122125, 33.295273 ], [ -94.119119, 33.295105 ], [ -94.118264, 33.294128 ], [ -94.120492, 33.292465 ], [ -94.12507, 33.292909 ], [ -94.130474, 33.292608 ], [ -94.133077, 33.293264 ], [ -94.139314, 33.293773 ], [ -94.14035, 33.294376 ], [ -94.143763, 33.298564 ], [ -94.144869, 33.30096 ], [ -94.148639, 33.301754 ], [ -94.151362, 33.304378 ], [ -94.151764, 33.304558 ], [ -94.1542, 33.305435 ], [ -94.155314, 33.307364 ], [ -94.15925, 33.30809 ], [ -94.161417, 33.309029 ], [ -94.163721, 33.312012 ], [ -94.166347, 33.311241 ], [ -94.167857, 33.309257 ], [ -94.16917, 33.306389 ], [ -94.171733, 33.303841 ], [ -94.172908, 33.301475 ], [ -94.174083, 33.301246 ], [ -94.175136, 33.302193 ], [ -94.174876, 33.304298 ], [ -94.177562, 33.305099 ], [ -94.17921, 33.304459 ], [ -94.180919, 33.305672 ], [ -94.18249, 33.305168 ], [ -94.182628, 33.303848 ], [ -94.184398, 33.305061 ], [ -94.186946, 33.305495 ], [ -94.186885, 33.304176 ], [ -94.185573, 33.302422 ], [ -94.187877, 33.301537 ], [ -94.191676, 33.303856 ], [ -94.191218, 33.302788 ], [ -94.193446, 33.301422 ], [ -94.193446, 33.300528 ], [ -94.191081, 33.298706 ], [ -94.190883, 33.298042 ], [ -94.192531, 33.297722 ], [ -94.19601, 33.298561 ], [ -94.198833, 33.298423 ], [ -94.199351, 33.299103 ], [ -94.199031, 33.301079 ], [ -94.20277, 33.300659 ], [ -94.203701, 33.299492 ], [ -94.203228, 33.298102 ], [ -94.2048, 33.296883 ], [ -94.20657, 33.297728 ], [ -94.210587, 33.297017 ], [ -94.213665, 33.296059 ], [ -94.216091, 33.296844 ], [ -94.218517, 33.296936 ], [ -94.217526, 33.292427 ], [ -94.218578, 33.291702 ], [ -94.217861, 33.290152 ], [ -94.218578, 33.288444 ], [ -94.217724, 33.287415 ], [ -94.215099, 33.286803 ], [ -94.215756, 33.284805 ], [ -94.217724, 33.284636 ], [ -94.218899, 33.285645 ], [ -94.219235, 33.287292 ], [ -94.220745, 33.287415 ], [ -94.22041, 33.285697 ], [ -94.222515, 33.284309 ], [ -94.225201, 33.281837 ], [ -94.223293, 33.27758 ], [ -94.227108, 33.277092 ], [ -94.228283, 33.277572 ], [ -94.229138, 33.279297 ], [ -94.230312, 33.279525 ], [ -94.232357, 33.278084 ], [ -94.23222, 33.276587 ], [ -94.233334, 33.276199 ], [ -94.237591, 33.276306 ], [ -94.238644, 33.275978 ], [ -94.240353, 33.27404 ], [ -94.240017, 33.273384 ], [ -94.237179, 33.273086 ], [ -94.234997, 33.273338 ], [ -94.235043, 33.271628 ], [ -94.232739, 33.269913 ], [ -94.234646, 33.266098 ], [ -94.23666, 33.263618 ], [ -94.236996, 33.261856 ], [ -94.239086, 33.259574 ], [ -94.239163, 33.25827 ], [ -94.237454, 33.258713 ], [ -94.234768, 33.258536 ], [ -94.233196, 33.257225 ], [ -94.234173, 33.256659 ], [ -94.236736, 33.25788 ], [ -94.237652, 33.256957 ], [ -94.236065, 33.255958 ], [ -94.237255, 33.255074 ], [ -94.236996, 33.254181 ], [ -94.234509, 33.253242 ], [ -94.232662, 33.254416 ], [ -94.231747, 33.253532 ], [ -94.23312, 33.251717 ], [ -94.231945, 33.251266 ], [ -94.231603, 33.249936 ], [ -94.229775, 33.248227 ], [ -94.229672, 33.24731 ], [ -94.23156, 33.247135 ], [ -94.232597, 33.248223 ], [ -94.233134, 33.246654 ], [ -94.234527, 33.246662 ], [ -94.23495, 33.244819 ], [ -94.232528, 33.244737 ], [ -94.229621, 33.243777 ], [ -94.229365, 33.243028 ], [ -94.231743, 33.240857 ], [ -94.234383, 33.241422 ], [ -94.236368, 33.24053 ], [ -94.237789, 33.240645 ], [ -94.238883, 33.242328 ], [ -94.240598, 33.24299 ], [ -94.243659, 33.24263 ], [ -94.246757, 33.24268 ], [ -94.250549, 33.241867 ], [ -94.250653, 33.243302 ], [ -94.253971, 33.242956 ], [ -94.255587, 33.242261 ], [ -94.257512, 33.239908 ], [ -94.2585, 33.237167 ], [ -94.259313, 33.237046 ], [ -94.258948, 33.238802 ], [ -94.260516, 33.239191 ], [ -94.260839, 33.240513 ], [ -94.259356, 33.242303 ], [ -94.262091, 33.24203 ], [ -94.264033, 33.240434 ], [ -94.265066, 33.240378 ], [ -94.265428, 33.24154 ], [ -94.263658, 33.242491 ], [ -94.263771, 33.24483 ], [ -94.264355, 33.245347 ], [ -94.265885, 33.245339 ], [ -94.267015, 33.24371 ], [ -94.267837, 33.243968 ], [ -94.267663, 33.245856 ], [ -94.270033, 33.247284 ], [ -94.270665, 33.246679 ], [ -94.269308, 33.245671 ], [ -94.269778, 33.244453 ], [ -94.271852, 33.244614 ], [ -94.272819, 33.243589 ], [ -94.275563, 33.244438 ], [ -94.2756, 33.245897 ], [ -94.274308, 33.246906 ], [ -94.274556, 33.248244 ], [ -94.276172, 33.248544 ], [ -94.277415, 33.247842 ], [ -94.276594, 33.246018 ], [ -94.278001, 33.24439 ], [ -94.280687, 33.245632 ], [ -94.279959, 33.247487 ], [ -94.278324, 33.248002 ], [ -94.277825, 33.249229 ], [ -94.279011, 33.249834 ], [ -94.283234, 33.250543 ], [ -94.284443, 33.249391 ], [ -94.285542, 33.249609 ], [ -94.287135, 33.251132 ], [ -94.287625, 33.250414 ], [ -94.290516, 33.248883 ], [ -94.294557, 33.251261 ], [ -94.294247, 33.253059 ], [ -94.294763, 33.254098 ], [ -94.297685, 33.255631 ], [ -94.299038, 33.25517 ], [ -94.298992, 33.253977 ], [ -94.297459, 33.253252 ], [ -94.297211, 33.252042 ], [ -94.298929, 33.250825 ], [ -94.307002, 33.250371 ], [ -94.312033, 33.248793 ], [ -94.314031, 33.249809 ], [ -94.319072, 33.250625 ], [ -94.321918, 33.252988 ], [ -94.32397, 33.252874 ], [ -94.325339, 33.253985 ], [ -94.32458, 33.255381 ], [ -94.325624, 33.256712 ], [ -94.327045, 33.254986 ], [ -94.330018, 33.253694 ], [ -94.330996, 33.254194 ], [ -94.331957, 33.256134 ], [ -94.332827, 33.254145 ], [ -94.334273, 33.255249 ], [ -94.336748, 33.254861 ], [ -94.339567, 33.253673 ], [ -94.341195, 33.255575 ], [ -94.342749, 33.254955 ], [ -94.343308, 33.252737 ], [ -94.344673, 33.252723 ], [ -94.345662, 33.253605 ], [ -94.34656, 33.255561 ], [ -94.347952, 33.255902 ], [ -94.349597, 33.254869 ], [ -94.352244, 33.256647 ], [ -94.350973, 33.258161 ], [ -94.352831, 33.259428 ], [ -94.353237, 33.261293 ], [ -94.354447, 33.261705 ], [ -94.354761, 33.260544 ], [ -94.357502, 33.259043 ], [ -94.358547, 33.258986 ], [ -94.359534, 33.25996 ], [ -94.358996, 33.261186 ], [ -94.35703, 33.262147 ], [ -94.357096, 33.263154 ], [ -94.360901, 33.264918 ], [ -94.363376, 33.263965 ], [ -94.363531, 33.262352 ], [ -94.36242, 33.260353 ], [ -94.364194, 33.259796 ], [ -94.364136, 33.261054 ], [ -94.366349, 33.262866 ], [ -94.367184, 33.26256 ], [ -94.368643, 33.260269 ], [ -94.368673, 33.258011 ], [ -94.370476, 33.25705 ], [ -94.370714, 33.259718 ], [ -94.372794, 33.260177 ], [ -94.374023, 33.258781 ], [ -94.377312, 33.258483 ], [ -94.379063, 33.257598 ], [ -94.379409, 33.255651 ], [ -94.395144, 33.261718 ], [ -94.396434, 33.262497 ], [ -94.396245, 33.264831 ], [ -94.400259, 33.265326 ], [ -94.400984, 33.266446 ], [ -94.399673, 33.268977 ], [ -94.397543, 33.26896 ], [ -94.397753, 33.270606 ], [ -94.402577, 33.26972 ], [ -94.403233, 33.270797 ], [ -94.404694, 33.271196 ], [ -94.411294, 33.27084 ], [ -94.410019, 33.272985 ], [ -94.410388, 33.273783 ], [ -94.413533, 33.273304 ], [ -94.412822, 33.274904 ], [ -94.413953, 33.276515 ], [ -94.412943, 33.278011 ], [ -94.413203, 33.279877 ], [ -94.41494, 33.283552 ], [ -94.415739, 33.284017 ], [ -94.420885, 33.284264 ], [ -94.426264, 33.285052 ], [ -94.428915, 33.285471 ], [ -94.431886, 33.282868 ], [ -94.433612, 33.28266 ], [ -94.433597, 33.285066 ], [ -94.432414, 33.286355 ], [ -94.434291, 33.287509 ], [ -94.43722, 33.286054 ], [ -94.437825, 33.284348 ], [ -94.436295, 33.281858 ], [ -94.438478, 33.281052 ], [ -94.4392, 33.282275 ], [ -94.439998, 33.283299 ], [ -94.440956, 33.283085 ], [ -94.441322, 33.281492 ], [ -94.444228, 33.281247 ], [ -94.448222, 33.283292 ], [ -94.451986, 33.283493 ], [ -94.453789, 33.284844 ], [ -94.453984, 33.287095 ], [ -94.455299, 33.287123 ], [ -94.45759, 33.285007 ], [ -94.458957, 33.285623 ], [ -94.459082, 33.289118 ], [ -94.460774, 33.289523 ], [ -94.462009, 33.287363 ], [ -94.463592, 33.287276 ], [ -94.463927, 33.288767 ], [ -94.462833, 33.290331 ], [ -94.465615, 33.293501 ], [ -94.468442, 33.294313 ], [ -94.469735, 33.293864 ], [ -94.470906, 33.292195 ], [ -94.471325, 33.290038 ], [ -94.472247, 33.288541 ], [ -94.473464, 33.288238 ], [ -94.474587, 33.289879 ], [ -94.476869, 33.289394 ], [ -94.479896, 33.289931 ], [ -94.480109, 33.288614 ], [ -94.478754, 33.286844 ], [ -94.482279, 33.284157 ], [ -94.483849, 33.284958 ], [ -94.482719, 33.287013 ], [ -94.48523, 33.287939 ], [ -94.48892, 33.284065 ], [ -94.488814, 33.282427 ], [ -94.486303, 33.281331 ], [ -94.486661, 33.280296 ], [ -94.491811, 33.27979 ], [ -94.4957, 33.284747 ], [ -94.496671, 33.284985 ], [ -94.496457, 33.281563 ], [ -94.498328, 33.281466 ], [ -94.498874, 33.28282 ], [ -94.5002, 33.283336 ], [ -94.503971, 33.282781 ], [ -94.504177, 33.283946 ], [ -94.505376, 33.284405 ], [ -94.506931, 33.284039 ], [ -94.506141, 33.28191 ], [ -94.507014, 33.281314 ], [ -94.508541, 33.282826 ], [ -94.510068, 33.281774 ], [ -94.513478, 33.282691 ], [ -94.51495, 33.282738 ], [ -94.515578, 33.281753 ], [ -94.513697, 33.280149 ], [ -94.514516, 33.279027 ], [ -94.516288, 33.280172 ], [ -94.51656, 33.281433 ], [ -94.517868, 33.282096 ], [ -94.519233, 33.280723 ], [ -94.519288, 33.279006 ], [ -94.517543, 33.278225 ], [ -94.516971, 33.277012 ], [ -94.518499, 33.274241 ], [ -94.520299, 33.275387 ], [ -94.51918, 33.277172 ], [ -94.522616, 33.276578 ], [ -94.524117, 33.273853 ], [ -94.526626, 33.270968 ], [ -94.528863, 33.26909 ], [ -94.529954, 33.26735 ], [ -94.531372, 33.267442 ], [ -94.534154, 33.266205 ], [ -94.535108, 33.266755 ], [ -94.534698, 33.269664 ], [ -94.537534, 33.269184 ], [ -94.539415, 33.269619 ], [ -94.54146, 33.268634 ], [ -94.539443, 33.267902 ], [ -94.539198, 33.265703 ], [ -94.540016, 33.264649 ], [ -94.541188, 33.264741 ], [ -94.542442, 33.266596 ], [ -94.54356, 33.265154 ], [ -94.54506, 33.265543 ], [ -94.545877, 33.26836 ], [ -94.548767, 33.267535 ], [ -94.549258, 33.265566 ], [ -94.55114, 33.26568 ], [ -94.553131, 33.267192 ], [ -94.554221, 33.269092 ], [ -94.556893, 33.267215 ], [ -94.555721, 33.266092 ], [ -94.557984, 33.263299 ], [ -94.558311, 33.261466 ], [ -94.559347, 33.261054 ], [ -94.562565, 33.262152 ], [ -94.565018, 33.265177 ], [ -94.566381, 33.263253 ], [ -94.568972, 33.264328 ], [ -94.570962, 33.260893 ], [ -94.569925, 33.258992 ], [ -94.570007, 33.257664 ], [ -94.571779, 33.257686 ], [ -94.573306, 33.257022 ], [ -94.569789, 33.254593 ], [ -94.56968, 33.253884 ], [ -94.57077, 33.253174 ], [ -94.572406, 33.253334 ], [ -94.573005, 33.252074 ], [ -94.571969, 33.250653 ], [ -94.572463, 33.249826 ], [ -94.574711, 33.250121 ], [ -94.575867, 33.251547 ], [ -94.57693, 33.250929 ], [ -94.578294, 33.251478 ], [ -94.579438, 33.251066 ], [ -94.578406, 33.247717 ], [ -94.583967, 33.249342 ], [ -94.586039, 33.249722 ], [ -94.586444, 33.250743 ], [ -94.584945, 33.252119 ], [ -94.585573, 33.253493 ], [ -94.587862, 33.251339 ], [ -94.588734, 33.251522 ], [ -94.58789, 33.253194 ], [ -94.588299, 33.254294 ], [ -94.589827, 33.255302 ], [ -94.593043, 33.255118 ], [ -94.59318, 33.255713 ], [ -94.591354, 33.256332 ], [ -94.589773, 33.258737 ], [ -94.590455, 33.259424 ], [ -94.598143, 33.258392 ], [ -94.604085, 33.257222 ], [ -94.605121, 33.256603 ], [ -94.605147, 33.253923 ], [ -94.606509, 33.253211 ], [ -94.608009, 33.254174 ], [ -94.609508, 33.253601 ], [ -94.608826, 33.25179 ], [ -94.607108, 33.250599 ], [ -94.605418, 33.250473 ], [ -94.605012, 33.249176 ], [ -94.608009, 33.247479 ], [ -94.610626, 33.248027 ], [ -94.61319, 33.249218 ], [ -94.614743, 33.248942 ], [ -94.617168, 33.247086 ], [ -94.618461, 33.246828 ], [ -94.619568, 33.249513 ], [ -94.623423, 33.251807 ], [ -94.625204, 33.251841 ], [ -94.626725, 33.250638 ], [ -94.62847, 33.250593 ], [ -94.630296, 33.252194 ], [ -94.634839, 33.251351 ], [ -94.635963, 33.252401 ], [ -94.64136, 33.253597 ], [ -94.641523, 33.256737 ], [ -94.643212, 33.258043 ], [ -94.645421, 33.257447 ], [ -94.649101, 33.25871 ], [ -94.649726, 33.259604 ], [ -94.648582, 33.260268 ], [ -94.650162, 33.262905 ], [ -94.649561, 33.265149 ], [ -94.651443, 33.265379 ], [ -94.650134, 33.267577 ], [ -94.650706, 33.268653 ], [ -94.65226, 33.268861 ], [ -94.652751, 33.268265 ], [ -94.654031, 33.271289 ], [ -94.65354, 33.272526 ], [ -94.654521, 33.274701 ], [ -94.65253, 33.274701 ], [ -94.652448, 33.275709 ], [ -94.654847, 33.276328 ], [ -94.658337, 33.276397 ], [ -94.659428, 33.275388 ], [ -94.662264, 33.277679 ], [ -94.659809, 33.280589 ], [ -94.661036, 33.280566 ], [ -94.660463, 33.282444 ], [ -94.663707, 33.283796 ], [ -94.666598, 33.283247 ], [ -94.668779, 33.284141 ], [ -94.669652, 33.285171 ], [ -94.672271, 33.284805 ], [ -94.675134, 33.286248 ], [ -94.674752, 33.287416 ], [ -94.673143, 33.287416 ], [ -94.672352, 33.28973 ], [ -94.67497, 33.28918 ], [ -94.675869, 33.290715 ], [ -94.673633, 33.292616 ], [ -94.675733, 33.293418 ], [ -94.676769, 33.29486 ], [ -94.67876, 33.293624 ], [ -94.677778, 33.291677 ], [ -94.678542, 33.290624 ], [ -94.68056, 33.292845 ], [ -94.68206, 33.293692 ], [ -94.684514, 33.293762 ], [ -94.686314, 33.292777 ], [ -94.687214, 33.293464 ], [ -94.687951, 33.296028 ], [ -94.690542, 33.300311 ], [ -94.690406, 33.302945 ], [ -94.691333, 33.304778 ], [ -94.691306, 33.307823 ], [ -94.690051, 33.309496 ], [ -94.690571, 33.310847 ], [ -94.692262, 33.312405 ], [ -94.693762, 33.311328 ], [ -94.695208, 33.307159 ], [ -94.696408, 33.307411 ], [ -94.697963, 33.309266 ], [ -94.698727, 33.311487 ], [ -94.702082, 33.311396 ], [ -94.701318, 33.313114 ], [ -94.701483, 33.31545 ], [ -94.702792, 33.315815 ], [ -94.704047, 33.314923 ], [ -94.702874, 33.313983 ], [ -94.703501, 33.313114 ], [ -94.706501, 33.311991 ], [ -94.710593, 33.311715 ], [ -94.709747, 33.310271 ], [ -94.710783, 33.308531 ], [ -94.714793, 33.311897 ], [ -94.717385, 33.311667 ], [ -94.718011, 33.310248 ], [ -94.716729, 33.308484 ], [ -94.717656, 33.307156 ], [ -94.719184, 33.30798 ], [ -94.719974, 33.306537 ], [ -94.721175, 33.308529 ], [ -94.723084, 33.308826 ], [ -94.722865, 33.307085 ], [ -94.726221, 33.30729 ], [ -94.727813, 33.308888 ], [ -94.73031, 33.308814 ], [ -94.732055, 33.311475 ], [ -94.732168, 33.314397 ], [ -94.731295, 33.316304 ], [ -94.732097, 33.317359 ], [ -94.734822, 33.316513 ], [ -94.73754, 33.316708 ], [ -94.737746, 33.31747 ], [ -94.735012, 33.318437 ], [ -94.736746, 33.31917 ], [ -94.736449, 33.321163 ], [ -94.737598, 33.322491 ], [ -94.736892, 33.324119 ], [ -94.738775, 33.323659 ], [ -94.740032, 33.324233 ], [ -94.739544, 33.326821 ], [ -94.742573, 33.327965 ], [ -94.745631, 33.329932 ], [ -94.746925, 33.328938 ], [ -94.749476, 33.327046 ], [ -94.749837, 33.323633 ], [ -94.752339, 33.321919 ], [ -94.752422, 33.319398 ], [ -94.754251, 33.31798 ], [ -94.756242, 33.317615 ], [ -94.758751, 33.3186 ], [ -94.761398, 33.317365 ], [ -94.761888, 33.31915 ], [ -94.760087, 33.3208 ], [ -94.760959, 33.321922 ], [ -94.763959, 33.322885 ], [ -94.76527, 33.320847 ], [ -94.767015, 33.322062 ], [ -94.769171, 33.320528 ], [ -94.770126, 33.321032 ], [ -94.772936, 33.320048 ], [ -94.772936, 33.318857 ], [ -94.774655, 33.318285 ], [ -94.778174, 33.319615 ], [ -94.781693, 33.318905 ], [ -94.781311, 33.320165 ], [ -94.779455, 33.320714 ], [ -94.777546, 33.320027 ], [ -94.776045, 33.321011 ], [ -94.776481, 33.322065 ], [ -94.778036, 33.322546 ], [ -94.782456, 33.322477 ], [ -94.78401, 33.323829 ], [ -94.781717, 33.327607 ], [ -94.779699, 33.327675 ], [ -94.778907, 33.329279 ], [ -94.779998, 33.331043 ], [ -94.777214, 33.331637 ], [ -94.777078, 33.332966 ], [ -94.778987, 33.333011 ], [ -94.780898, 33.334983 ], [ -94.780215, 33.336379 ], [ -94.781688, 33.337913 ], [ -94.782289, 33.335051 ], [ -94.783462, 33.335327 ], [ -94.784444, 33.337457 ], [ -94.786054, 33.337617 ], [ -94.788346, 33.33677 ], [ -94.789409, 33.33842 ], [ -94.787308, 33.338876 ], [ -94.788126, 33.341282 ], [ -94.786918, 33.34218 ], [ -94.782809, 33.342015 ], [ -94.781867, 33.344261 ], [ -94.783611, 33.34422 ], [ -94.784881, 33.343162 ], [ -94.786188, 33.344443 ], [ -94.784878, 33.345312 ], [ -94.785205, 33.349092 ], [ -94.786815, 33.349252 ], [ -94.788016, 33.346069 ], [ -94.790418, 33.344946 ], [ -94.790991, 33.345748 ], [ -94.789981, 33.347237 ], [ -94.790663, 33.348681 ], [ -94.792218, 33.348795 ], [ -94.79653, 33.347903 ], [ -94.797566, 33.348613 ], [ -94.795465, 33.352414 ], [ -94.794619, 33.352964 ], [ -94.791753, 33.352277 ], [ -94.791289, 33.352826 ], [ -94.791043, 33.355322 ], [ -94.792653, 33.356696 ], [ -94.794345, 33.355849 ], [ -94.794837, 33.353856 ], [ -94.79672, 33.354566 ], [ -94.797675, 33.356375 ], [ -94.794945, 33.357658 ], [ -94.79489, 33.360086 ], [ -94.795927, 33.361552 ], [ -94.797401, 33.361024 ], [ -94.800131, 33.361873 ], [ -94.799558, 33.363132 ], [ -94.800813, 33.365354 ], [ -94.802779, 33.364849 ], [ -94.805644, 33.364873 ], [ -94.805644, 33.365651 ], [ -94.807528, 33.365972 ], [ -94.808428, 33.365606 ], [ -94.808783, 33.363636 ], [ -94.809952, 33.301029 ], [ -94.810269, 33.28289 ], [ -94.810359, 33.27901 ], [ -94.810429, 33.275683 ], [ -94.810445, 33.272171 ], [ -94.810752, 33.269391 ], [ -94.812615, 33.210445 ], [ -94.813197, 33.187483 ], [ -94.814078, 33.152791 ], [ -94.814502, 33.136215 ], [ -94.814786, 33.125278 ], [ -94.815206, 33.12229 ], [ -94.816276, 33.094074 ], [ -94.816844, 33.076009 ], [ -94.817709, 33.037202 ], [ -94.819828, 32.982886 ], [ -94.821202, 32.982453 ], [ -94.825488, 32.985635 ], [ -94.826844, 32.983826 ], [ -94.828403, 32.983271 ], [ -94.82912, 32.984529 ], [ -94.828005, 32.985777 ], [ -94.829917, 32.986711 ], [ -94.830322, 32.989201 ], [ -94.830771, 32.987975 ], [ -94.832872, 32.987326 ], [ -94.833446, 32.989069 ], [ -94.835109, 32.989525 ], [ -94.83464, 32.990755 ], [ -94.835964, 32.9908 ], [ -94.836278, 32.991959 ], [ -94.83832, 32.993163 ], [ -94.840728, 32.993876 ], [ -94.841478, 32.995647 ], [ -94.842665, 32.996768 ], [ -94.843657, 32.995976 ], [ -94.8459, 32.995545 ], [ -94.848256, 32.99676 ], [ -94.849353, 32.999332 ], [ -94.850814, 32.999733 ], [ -94.853237, 33.001511 ], [ -94.854106, 33.003642 ], [ -94.855867, 33.003433 ], [ -94.857047, 33.001702 ], [ -94.858254, 33.002245 ], [ -94.856689, 33.003619 ], [ -94.858835, 33.00341 ], [ -94.859945, 33.003905 ], [ -94.85992, 33.005862 ], [ -94.862509, 33.005905 ], [ -94.861871, 33.00718 ], [ -94.860794, 33.006554 ], [ -94.859895, 33.007978 ], [ -94.858968, 33.008181 ], [ -94.859675, 33.011314 ], [ -94.857946, 33.011557 ], [ -94.859049, 33.013343 ], [ -94.861098, 33.014029 ], [ -94.863786, 33.013472 ], [ -94.864374, 33.014951 ], [ -94.869939, 33.013817 ], [ -94.87022, 33.014636 ], [ -94.872255, 33.014013 ], [ -94.872712, 33.014937 ], [ -94.875896, 33.015692 ], [ -94.876691, 33.017331 ], [ -94.876423, 33.018338 ], [ -94.87667, 33.019337 ], [ -94.879899, 33.020124 ], [ -94.881544, 33.020142 ], [ -94.883037, 33.021714 ], [ -94.886886, 33.023244 ], [ -94.88823, 33.023266 ], [ -94.888575, 33.024498 ], [ -94.890343, 33.025114 ], [ -94.890753, 33.02646 ], [ -94.889428, 33.026553 ], [ -94.889427, 33.029511 ], [ -94.888722, 33.030506 ], [ -94.893759, 33.030749 ], [ -94.89366, 33.033338 ], [ -94.894907, 33.032597 ], [ -94.896133, 33.034131 ], [ -94.895551, 33.03584 ], [ -94.897411, 33.035747 ], [ -94.897763, 33.036737 ], [ -94.900869, 33.037639 ], [ -94.900503, 33.040277 ], [ -94.901123, 33.039788 ], [ -94.901905, 33.041597 ], [ -94.905449, 33.042476 ], [ -94.905507, 33.044334 ], [ -94.906303, 33.043467 ], [ -94.906995, 33.044676 ], [ -94.907706, 33.043956 ], [ -94.908567, 33.045209 ], [ -94.910793, 33.045924 ], [ -94.912301, 33.044507 ], [ -94.914441, 33.044496 ], [ -94.916921, 33.045349 ], [ -94.917887, 33.046194 ], [ -94.916457, 33.048037 ], [ -94.919081, 33.048119 ], [ -94.919994, 33.050576 ], [ -94.921469, 33.050725 ], [ -94.921143, 33.052737 ], [ -94.922024, 33.053913 ], [ -94.921371, 33.055216 ], [ -94.924412, 33.056815 ], [ -94.922304, 33.057442 ], [ -94.923459, 33.058646 ], [ -94.92451, 33.058624 ], [ -94.922767, 33.062306 ], [ -94.924483, 33.06185 ], [ -94.926063, 33.062285 ], [ -94.926383, 33.063829 ], [ -94.924281, 33.06617 ], [ -94.923902, 33.067341 ], [ -94.925815, 33.066583 ], [ -94.927015, 33.070579 ], [ -94.929059, 33.070639 ], [ -94.930188, 33.069744 ], [ -94.930489, 33.070864 ], [ -94.933779, 33.071596 ], [ -94.933276, 33.072646 ], [ -94.934725, 33.072657 ], [ -94.935874, 33.073926 ], [ -94.938094, 33.073645 ], [ -94.939152, 33.074514 ], [ -94.940588, 33.074509 ], [ -94.94098, 33.073036 ], [ -94.945295, 33.074998 ], [ -94.945817, 33.073437 ], [ -94.947482, 33.074641 ], [ -94.948004, 33.073948 ], [ -94.950146, 33.073596 ], [ -94.950629, 33.074497 ], [ -94.954598, 33.073876 ], [ -94.954781, 33.073002 ], [ -94.957412, 33.073666 ], [ -94.959474, 33.072297 ], [ -94.960487, 33.073 ], [ -94.962119, 33.073231 ], [ -94.967361, 33.072735 ], [ -94.969097, 33.073135 ], [ -94.970351, 33.0733 ], [ -94.972276, 33.071925 ], [ -94.972733, 33.072733 ], [ -94.97481, 33.07282 ], [ -94.977154, 33.074061 ], [ -94.977357, 33.075342 ], [ -94.979414, 33.077343 ], [ -94.980968, 33.077348 ], [ -94.982508, 33.076154 ], [ -94.985746, 33.076109 ], [ -94.987429, 33.073371 ], [ -94.989093, 33.072809 ], [ -94.991248, 33.073886 ], [ -94.994851, 33.072977 ], [ -94.994323, 33.073835 ], [ -94.995668, 33.074439 ], [ -94.998633, 33.074613 ], [ -94.998882, 33.076394 ], [ -95.002753, 33.074962 ], [ -95.003828, 33.073532 ], [ -95.003166, 33.072405 ], [ -95.007223, 33.071149 ], [ -95.006527, 33.072847 ], [ -95.007678, 33.072499 ], [ -95.010167, 33.073154 ], [ -95.010044, 33.074984 ], [ -95.011292, 33.074542 ], [ -95.011393, 33.075719 ], [ -95.014465, 33.075725 ], [ -95.015488, 33.074747 ], [ -95.01827, 33.075742 ], [ -95.021388, 33.074745 ], [ -95.025611, 33.074325 ], [ -95.025744, 33.0732 ], [ -95.030058, 33.073043 ], [ -95.030475, 33.07144 ], [ -95.031178, 33.072994 ], [ -95.03182, 33.0719 ], [ -95.034822, 33.07096 ], [ -95.037152, 33.072305 ], [ -95.036819, 33.071044 ], [ -95.039303, 33.070318 ], [ -95.040269, 33.072294 ], [ -95.039917, 33.070041 ], [ -95.043543, 33.069814 ], [ -95.043914, 33.067999 ], [ -95.047039, 33.067221 ], [ -95.047898, 33.066283 ], [ -95.046328, 33.064433 ], [ -95.047716, 33.064352 ], [ -95.04637, 33.063069 ], [ -95.048351, 33.061863 ], [ -95.048561, 33.062905 ], [ -95.050485, 33.062708 ], [ -95.050378, 33.061812 ], [ -95.052632, 33.062052 ], [ -95.054424, 33.061611 ], [ -95.055404, 33.060052 ], [ -95.054171, 33.057978 ], [ -95.055626, 33.057761 ], [ -95.055799, 33.056649 ], [ -95.057959, 33.057727 ], [ -95.058078, 33.055259 ], [ -95.059389, 33.056106 ], [ -95.060703, 33.054622 ], [ -95.064262, 33.054378 ], [ -95.065626, 33.054685 ], [ -95.067452, 33.053688 ], [ -95.069776, 33.054744 ], [ -95.072587, 33.05359 ], [ -95.07445, 33.053683 ], [ -95.078394, 33.052076 ], [ -95.079028, 33.050365 ], [ -95.079439, 33.047483 ], [ -95.082053, 33.045966 ], [ -95.084022, 33.04593 ], [ -95.085249, 33.043791 ], [ -95.09086, 33.04234 ], [ -95.090757, 33.041051 ], [ -95.093493, 33.038731 ], [ -95.094577, 33.037565 ], [ -95.096977, 33.038172 ], [ -95.09659, 33.036959 ], [ -95.098926, 33.037132 ], [ -95.100269, 33.035908 ], [ -95.100301, 33.034553 ], [ -95.10152, 33.035578 ], [ -95.103228, 33.034773 ], [ -95.103043, 33.032956 ], [ -95.105238, 33.03342 ], [ -95.104969, 33.032466 ], [ -95.107535, 33.033006 ], [ -95.10833, 33.031664 ], [ -95.109276, 33.032871 ], [ -95.109588, 33.031073 ], [ -95.110405, 33.031757 ], [ -95.112614, 33.031568 ], [ -95.113617, 33.030509 ], [ -95.115009, 33.031953 ], [ -95.113252, 33.031838 ], [ -95.113063, 33.032635 ], [ -95.11477, 33.033138 ], [ -95.115039, 33.034076 ], [ -95.118656, 33.034743 ], [ -95.120935, 33.034239 ], [ -95.122222, 33.035756 ], [ -95.125217, 33.035362 ], [ -95.12613, 33.034581 ], [ -95.128934, 33.033772 ], [ -95.130336, 33.032162 ], [ -95.129154, 33.031362 ], [ -95.131884, 33.029809 ], [ -95.133943, 33.031321 ], [ -95.137213, 33.030938 ], [ -95.137355, 33.029086 ], [ -95.138714, 33.026226 ], [ -95.141115, 33.025835 ], [ -95.141054, 33.02431 ], [ -95.142623, 33.023862 ], [ -95.1457, 33.021456 ], [ -95.147452, 33.020871 ], [ -95.148078, 33.019582 ], [ -95.147365, 33.018701 ], [ -95.148953, 33.015875 ], [ -95.149976, 33.015659 ], [ -95.152206, 33.01345 ], [ -95.15365, 33.012448 ], [ -95.154411, 33.007866 ], [ -95.153158, 33.008311 ], [ -95.151695, 33.006054 ], [ -95.152138, 33.002735 ], [ -95.154135, 33.002889 ], [ -95.156263, 33.001409 ], [ -95.156103, 33.000763 ], [ -95.157527, 32.99775 ], [ -95.158636, 32.997267 ], [ -95.157613, 32.994695 ], [ -95.158871, 32.995486 ], [ -95.159654, 32.9947 ], [ -95.161435, 32.994717 ], [ -95.162681, 32.9927 ], [ -95.161853, 32.992063 ], [ -95.161371, 32.989589 ], [ -95.163588, 32.988507 ], [ -95.161834, 32.986483 ], [ -95.162585, 32.984977 ], [ -95.163967, 32.984758 ], [ -95.162005, 32.982956 ], [ -95.16254, 32.98019 ], [ -95.164438, 32.978499 ], [ -95.163936, 32.977058 ], [ -95.164895, 32.97685 ], [ -95.165038, 32.975322 ], [ -95.167373, 32.974784 ], [ -95.167738, 32.973674 ], [ -95.169466, 32.972624 ], [ -95.171748, 32.972513 ], [ -95.172648, 32.969437 ], [ -95.173933, 32.969184 ], [ -95.173561, 32.967425 ], [ -95.175178, 32.966617 ], [ -95.175837, 32.965325 ], [ -95.174246, 32.963666 ], [ -95.17259, 32.963292 ], [ -95.172947, 32.961829 ], [ -95.184049, 32.961931 ], [ -95.231193, 32.962196 ], [ -95.271942, 32.96237 ], [ -95.276347, 32.962398 ], [ -95.288268, 32.962452 ], [ -95.301241, 32.962587 ], [ -95.308957, 32.962572 ], [ -95.308718, 32.994562 ], [ -95.308455, 33.024549 ], [ -95.30839, 33.041772 ] ] ] } },
{ "type": "Feature", "properties": { "FederalDivisionName": "Tyler", "FederalJudicialDistrict": "Eastern" }, "geometry": { "type": "Polygon", "coordinates": [ [ [ -94.579201, 32.394925 ], [ -94.573922, 32.397023 ], [ -94.569759, 32.398364 ], [ -94.565036, 32.399264 ], [ -94.5626, 32.40099 ], [ -94.559195, 32.405084 ], [ -94.555726, 32.4075 ], [ -94.554417, 32.407625 ], [ -94.550548, 32.406833 ], [ -94.550143, 32.405653 ], [ -94.551044, 32.403707 ], [ -94.549139, 32.402798 ], [ -94.546395, 32.403098 ], [ -94.544619, 32.402498 ], [ -94.543242, 32.401344 ], [ -94.542146, 32.399446 ], [ -94.540587, 32.399388 ], [ -94.536489, 32.400873 ], [ -94.532682, 32.403325 ], [ -94.531211, 32.403421 ], [ -94.529199, 32.402729 ], [ -94.525994, 32.402323 ], [ -94.525805, 32.400957 ], [ -94.527535, 32.400561 ], [ -94.527315, 32.399348 ], [ -94.524943, 32.398457 ], [ -94.525343, 32.397048 ], [ -94.526959, 32.397348 ], [ -94.52787, 32.396176 ], [ -94.527205, 32.393321 ], [ -94.525546, 32.392499 ], [ -94.523813, 32.393341 ], [ -94.523946, 32.394871 ], [ -94.522832, 32.395317 ], [ -94.520786, 32.394235 ], [ -94.521287, 32.392244 ], [ -94.520097, 32.39043 ], [ -94.517869, 32.390457 ], [ -94.51726, 32.389555 ], [ -94.518038, 32.388124 ], [ -94.517011, 32.387562 ], [ -94.514159, 32.387508 ], [ -94.512985, 32.39025 ], [ -94.510204, 32.391142 ], [ -94.508581, 32.391063 ], [ -94.508812, 32.389112 ], [ -94.50724, 32.388723 ], [ -94.506307, 32.390757 ], [ -94.507252, 32.391946 ], [ -94.507153, 32.394553 ], [ -94.503344, 32.3959 ], [ -94.501694, 32.397915 ], [ -94.499876, 32.397805 ], [ -94.498493, 32.396722 ], [ -94.498474, 32.394665 ], [ -94.495234, 32.395193 ], [ -94.491818, 32.394137 ], [ -94.489651, 32.392492 ], [ -94.487059, 32.391526 ], [ -94.483772, 32.389566 ], [ -94.481398, 32.389657 ], [ -94.479877, 32.390598 ], [ -94.478403, 32.38889 ], [ -94.478766, 32.386981 ], [ -94.478072, 32.385368 ], [ -94.47561, 32.384352 ], [ -94.475338, 32.382041 ], [ -94.473901, 32.380177 ], [ -94.475199, 32.379844 ], [ -94.476631, 32.381423 ], [ -94.477544, 32.380252 ], [ -94.477288, 32.378886 ], [ -94.472976, 32.378179 ], [ -94.470743, 32.378429 ], [ -94.466763, 32.377196 ], [ -94.464068, 32.376851 ], [ -94.463968, 32.375364 ], [ -94.462845, 32.372217 ], [ -94.45943, 32.371493 ], [ -94.457537, 32.369608 ], [ -94.456049, 32.369252 ], [ -94.452758, 32.369972 ], [ -94.448568, 32.372177 ], [ -94.446421, 32.371887 ], [ -94.44588, 32.369602 ], [ -94.447028, 32.368298 ], [ -94.44646, 32.366969 ], [ -94.44189, 32.365127 ], [ -94.441145, 32.364474 ], [ -94.440545, 32.3621 ], [ -94.438397, 32.361559 ], [ -94.43695, 32.361518 ], [ -94.432302, 32.362617 ], [ -94.429381, 32.36264 ], [ -94.428125, 32.36393 ], [ -94.428048, 32.366984 ], [ -94.427306, 32.367613 ], [ -94.421993, 32.369542 ], [ -94.421322, 32.368626 ], [ -94.421815, 32.367146 ], [ -94.420788, 32.365482 ], [ -94.419489, 32.364813 ], [ -94.417334, 32.364712 ], [ -94.416334, 32.366124 ], [ -94.417202, 32.367955 ], [ -94.416586, 32.36859 ], [ -94.414077, 32.367923 ], [ -94.409125, 32.36738 ], [ -94.409138, 32.368779 ], [ -94.411692, 32.369786 ], [ -94.411374, 32.371265 ], [ -94.409213, 32.371167 ], [ -94.408212, 32.369354 ], [ -94.404019, 32.369839 ], [ -94.401007, 32.368567 ], [ -94.399977, 32.366631 ], [ -94.397284, 32.366515 ], [ -94.395623, 32.368471 ], [ -94.394571, 32.368756 ], [ -94.392011, 32.367946 ], [ -94.389417, 32.367775 ], [ -94.389986, 32.366437 ], [ -94.388487, 32.364982 ], [ -94.385839, 32.3672 ], [ -94.384578, 32.366803 ], [ -94.382707, 32.365847 ], [ -94.383572, 32.363563 ], [ -94.382824, 32.359082 ], [ -94.38305, 32.356257 ], [ -94.382666, 32.354875 ], [ -94.380919, 32.352436 ], [ -94.380737, 32.350219 ], [ -94.379686, 32.348002 ], [ -94.38218, 32.348324 ], [ -94.383553, 32.347328 ], [ -94.382909, 32.345733 ], [ -94.38217, 32.344908 ], [ -94.380132, 32.344674 ], [ -94.378831, 32.342375 ], [ -94.375004, 32.342047 ], [ -94.372119, 32.341088 ], [ -94.371554, 32.341788 ], [ -94.372721, 32.344952 ], [ -94.371912, 32.345999 ], [ -94.369484, 32.346535 ], [ -94.367808, 32.346302 ], [ -94.366738, 32.345363 ], [ -94.366298, 32.342204 ], [ -94.364387, 32.341174 ], [ -94.361728, 32.340542 ], [ -94.360843, 32.339374 ], [ -94.360897, 32.336942 ], [ -94.359726, 32.335508 ], [ -94.357133, 32.334776 ], [ -94.355734, 32.331705 ], [ -94.356527, 32.329303 ], [ -94.353936, 32.328968 ], [ -94.35064, 32.326583 ], [ -94.349149, 32.32753 ], [ -94.350121, 32.32957 ], [ -94.348693, 32.332323 ], [ -94.347499, 32.332088 ], [ -94.347563, 32.330682 ], [ -94.277189, 32.344938 ], [ -94.245623, 32.351193 ], [ -94.224999, 32.355347 ], [ -94.188519, 32.36277 ], [ -94.104269, 32.379865 ], [ -94.086522, 32.383452 ], [ -94.042901, 32.392283 ], [ -94.042763340526193, 32.373378763124499 ], [ -94.042763, 32.373332 ], [ -94.042739, 32.363559 ], [ -94.042738007214695, 32.348028032660899 ], [ -94.042735733808698, 32.3124632472285 ], [ -94.042733739652604, 32.281267001614701 ], [ -94.042733, 32.269696 ], [ -94.042732, 32.26962 ], [ -94.042671315178595, 32.224995850032499 ], [ -94.042671313979497, 32.2249949682951 ], [ -94.042662, 32.218146 ], [ -94.042620640051695, 32.196064957593002 ], [ -94.042566, 32.166894 ], [ -94.042539, 32.166826 ], [ -94.042591, 32.158097 ], [ -94.0426809089344, 32.137976379458102 ], [ -94.042681, 32.137956 ], [ -94.042752, 32.125163 ], [ -94.042337, 32.119914 ], [ -94.0427, 32.056012 ], [ -94.042709784771802, 32.028249177862797 ], [ -94.042719997885399, 31.9992709999993 ], [ -94.04272, 31.999265 ], [ -94.041833, 31.992402 ], [ -94.038412, 31.992437 ], [ -94.034255, 31.995289 ], [ -94.029283, 31.995865 ], [ -94.025194, 31.99444 ], [ -94.023212, 31.991891 ], [ -94.019814, 31.991042 ], [ -94.017265, 31.989343 ], [ -94.017265, 31.984812 ], [ -94.017246737205497, 31.984726730603601 ], [ -94.016416, 31.980848 ], [ -94.015420380704199, 31.980158829131799 ], [ -94.01563, 31.979856 ], [ -94.062749, 31.979226 ], [ -94.120057, 31.978913 ], [ -94.125193, 31.978612 ], [ -94.14488, 31.978395 ], [ -94.153826, 31.978296 ], [ -94.193734, 31.97786 ], [ -94.228716, 31.977476 ], [ -94.234402, 31.977579 ], [ -94.291653, 31.976334 ], [ -94.294243, 31.976471 ], [ -94.317585, 31.976356 ], [ -94.328053, 31.976012 ], [ -94.331615, 31.975979 ], [ -94.342715, 31.975872 ], [ -94.346443, 31.975903 ], [ -94.388751, 31.97541 ], [ -94.492049, 31.974052 ], [ -94.492569, 31.974073 ], [ -94.511431, 31.973984 ], [ -94.511471, 31.926245 ], [ -94.511315, 31.924129 ], [ -94.509265, 31.922189 ], [ -94.508134, 31.922503 ], [ -94.506525, 31.921932 ], [ -94.507206, 31.920918 ], [ -94.50563, 31.9214 ], [ -94.504466, 31.920436 ], [ -94.504482, 31.918685 ], [ -94.50327, 31.917069 ], [ -94.503932, 31.915988 ], [ -94.502614, 31.914371 ], [ -94.501878, 31.915905 ], [ -94.50146, 31.91458 ], [ -94.498437, 31.915011 ], [ -94.499558, 31.913785 ], [ -94.498358, 31.912653 ], [ -94.497327, 31.912802 ], [ -94.496314, 31.911757 ], [ -94.493928, 31.910879 ], [ -94.49184, 31.910962 ], [ -94.490704, 31.90944 ], [ -94.491883, 31.908284 ], [ -94.491547, 31.907223 ], [ -94.489909, 31.905586 ], [ -94.488685, 31.906081 ], [ -94.486969, 31.903426 ], [ -94.485326, 31.904163 ], [ -94.484011, 31.903773 ], [ -94.483132, 31.902305 ], [ -94.480709, 31.902113 ], [ -94.482242, 31.900787 ], [ -94.481416, 31.899254 ], [ -94.481615, 31.898115 ], [ -94.479598, 31.898396 ], [ -94.478934, 31.897291 ], [ -94.479132, 31.895422 ], [ -94.480113, 31.896153 ], [ -94.480377, 31.895185 ], [ -94.480131, 31.893574 ], [ -94.479042, 31.893338 ], [ -94.479183, 31.891897 ], [ -94.478171, 31.89087 ], [ -94.477488, 31.891722 ], [ -94.475605, 31.889457 ], [ -94.476242, 31.888027 ], [ -94.477583, 31.887219 ], [ -94.477518, 31.886245 ], [ -94.476906, 31.887026 ], [ -94.474566, 31.884943 ], [ -94.474295, 31.883493 ], [ -94.473103, 31.883751 ], [ -94.474147, 31.882509 ], [ -94.472149, 31.882421 ], [ -94.470009, 31.88163 ], [ -94.469615, 31.879293 ], [ -94.46678, 31.878991 ], [ -94.466019, 31.878051 ], [ -94.465516, 31.875896 ], [ -94.463779, 31.874151 ], [ -94.463482, 31.87303 ], [ -94.461974, 31.871386 ], [ -94.462624, 31.869428 ], [ -94.460748, 31.866976 ], [ -94.461734, 31.866052 ], [ -94.460078, 31.86492 ], [ -94.461076, 31.864392 ], [ -94.460934, 31.863298 ], [ -94.459588, 31.863782 ], [ -94.460399, 31.862611 ], [ -94.460231, 31.860587 ], [ -94.463606, 31.859049 ], [ -94.46258, 31.858805 ], [ -94.464259, 31.858302 ], [ -94.463759, 31.856474 ], [ -94.461592, 31.854765 ], [ -94.461605, 31.853389 ], [ -94.460593, 31.853749 ], [ -94.460241, 31.852383 ], [ -94.458715, 31.853186 ], [ -94.457134, 31.852178 ], [ -94.456595, 31.849721 ], [ -94.45283, 31.848102 ], [ -94.453096, 31.846179 ], [ -94.452513, 31.844113 ], [ -94.496028, 31.844009 ], [ -94.5, 31.84416 ], [ -94.509744, 31.844116 ], [ -94.559557, 31.844027 ], [ -94.581301, 31.84398 ], [ -94.61024, 31.843913 ], [ -94.642555, 31.843821 ], [ -94.643341, 31.843864 ], [ -94.678473, 31.843776 ], [ -94.681192, 31.843943 ], [ -94.724764, 31.843828 ], [ -94.769573, 31.843897 ], [ -94.800274, 31.843974 ], [ -94.824774, 31.844156 ], [ -94.867195, 31.844524 ], [ -94.874745, 31.84459 ], [ -94.89868, 31.845198 ], [ -94.937532, 31.845555 ], [ -94.937057, 31.844506 ], [ -94.938048, 31.843901 ], [ -94.936529, 31.843588 ], [ -94.937076, 31.841427 ], [ -94.935389, 31.842406 ], [ -94.936728, 31.840608 ], [ -94.935685, 31.837838 ], [ -94.937688, 31.839179 ], [ -94.935685, 31.835831 ], [ -94.936947, 31.83577 ], [ -94.934616, 31.834748 ], [ -94.93591, 31.831482 ], [ -94.940218, 31.828263 ], [ -94.940983, 31.82691 ], [ -94.941886, 31.828944 ], [ -94.9432, 31.827325 ], [ -94.94483, 31.827231 ], [ -94.94535, 31.825305 ], [ -94.946492, 31.826823 ], [ -94.948366, 31.826117 ], [ -94.948359, 31.82539 ], [ -94.945859, 31.824903 ], [ -94.946561, 31.823638 ], [ -94.945344, 31.823097 ], [ -94.943623, 31.820838 ], [ -94.943745, 31.820053 ], [ -94.94229, 31.818332 ], [ -94.942786, 31.817122 ], [ -94.944357, 31.816589 ], [ -94.944408, 31.814637 ], [ -94.945786, 31.81423 ], [ -94.945489, 31.81306 ], [ -94.947131, 31.810849 ], [ -94.946352, 31.808738 ], [ -94.946564, 31.80732 ], [ -94.949036, 31.807639 ], [ -94.949834, 31.806836 ], [ -94.951321, 31.80771 ], [ -94.95174, 31.806863 ], [ -94.954256, 31.805524 ], [ -94.95369, 31.803894 ], [ -94.952383, 31.8039 ], [ -94.952479, 31.802432 ], [ -94.953451, 31.801888 ], [ -94.951957, 31.800772 ], [ -94.955195, 31.800678 ], [ -94.954526, 31.79954 ], [ -94.953277, 31.799595 ], [ -94.954995, 31.798099 ], [ -94.954068, 31.796863 ], [ -94.956211, 31.796214 ], [ -94.960485, 31.79557 ], [ -94.960409, 31.797175 ], [ -94.964592, 31.796206 ], [ -94.966099, 31.796734 ], [ -94.968773, 31.79511 ], [ -94.970644, 31.796663 ], [ -94.971303, 31.795498 ], [ -94.972268, 31.796125 ], [ -94.972232, 31.794721 ], [ -94.973507, 31.79563 ], [ -94.975088, 31.793918 ], [ -94.975372, 31.794964 ], [ -94.976331, 31.793938 ], [ -94.978134, 31.793514 ], [ -94.977182, 31.791312 ], [ -94.977359, 31.790377 ], [ -94.975895, 31.787771 ], [ -94.976322, 31.786484 ], [ -94.974659, 31.785732 ], [ -94.974847, 31.783685 ], [ -94.974029, 31.783497 ], [ -94.974678, 31.7819 ], [ -94.971831, 31.782399 ], [ -94.971679, 31.781272 ], [ -94.969837, 31.781753 ], [ -94.967176, 31.781159 ], [ -94.964794, 31.7801 ], [ -94.962638, 31.780662 ], [ -94.961258, 31.77929 ], [ -94.96206, 31.778178 ], [ -94.959105, 31.778981 ], [ -94.957636, 31.777717 ], [ -94.955289, 31.773346 ], [ -94.951876, 31.769469 ], [ -94.951008, 31.769088 ], [ -94.951573, 31.772558 ], [ -94.948838, 31.774403 ], [ -94.946871, 31.771744 ], [ -94.944201, 31.773623 ], [ -94.942272, 31.772217 ], [ -94.938627, 31.772227 ], [ -94.937629, 31.771346 ], [ -94.937438, 31.769582 ], [ -94.935357, 31.768331 ], [ -94.933498, 31.768147 ], [ -94.933136, 31.766533 ], [ -94.931285, 31.766942 ], [ -94.929228, 31.766354 ], [ -94.92785, 31.762521 ], [ -94.926266, 31.761858 ], [ -94.926078, 31.760342 ], [ -94.926987, 31.758739 ], [ -94.928888, 31.758343 ], [ -94.928478, 31.75665 ], [ -94.930431, 31.755048 ], [ -94.933367, 31.754743 ], [ -94.934573, 31.756293 ], [ -94.936334, 31.755013 ], [ -94.93754, 31.756706 ], [ -94.939646, 31.755466 ], [ -94.939215, 31.754391 ], [ -94.94247, 31.753333 ], [ -94.943153, 31.754708 ], [ -94.943804, 31.752378 ], [ -94.948402, 31.752541 ], [ -94.950203, 31.753848 ], [ -94.952005, 31.753496 ], [ -94.955208, 31.75483 ], [ -94.958764, 31.753236 ], [ -94.959557, 31.754108 ], [ -94.960433, 31.753085 ], [ -94.964363, 31.754974 ], [ -94.967268, 31.753816 ], [ -94.966439, 31.751687 ], [ -94.966865, 31.749684 ], [ -94.968341, 31.748306 ], [ -94.970386, 31.742654 ], [ -94.97009, 31.740252 ], [ -94.97184, 31.739957 ], [ -94.972669, 31.738996 ], [ -94.972615, 31.737423 ], [ -94.970251, 31.737753 ], [ -94.969148, 31.736436 ], [ -94.967443, 31.73668 ], [ -94.966797, 31.734909 ], [ -94.96601, 31.734847 ], [ -94.965091, 31.736498 ], [ -94.962404, 31.733718 ], [ -94.958344, 31.7241 ], [ -94.956926, 31.724299 ], [ -94.954379, 31.723181 ], [ -94.955246, 31.721248 ], [ -94.957148, 31.719894 ], [ -94.958622, 31.71808 ], [ -94.958999, 31.716264 ], [ -94.961063, 31.71547 ], [ -94.962698, 31.715832 ], [ -94.962868, 31.713648 ], [ -94.960784, 31.712401 ], [ -94.959727, 31.709192 ], [ -94.9617, 31.704984 ], [ -94.961454, 31.704135 ], [ -94.963581, 31.704929 ], [ -94.964069, 31.703956 ], [ -94.963125, 31.701723 ], [ -94.960208, 31.699155 ], [ -94.960359, 31.698422 ], [ -94.963765, 31.698747 ], [ -94.964477, 31.697643 ], [ -94.965946, 31.697758 ], [ -94.965164, 31.696362 ], [ -94.965223, 31.693885 ], [ -94.963474, 31.691697 ], [ -94.963024, 31.690459 ], [ -94.961584, 31.689464 ], [ -94.959668, 31.685963 ], [ -94.958552, 31.685456 ], [ -94.957253, 31.686925 ], [ -94.956155, 31.68428 ], [ -94.9553, 31.680977 ], [ -94.951901, 31.681823 ], [ -94.952768, 31.680293 ], [ -94.950675, 31.679663 ], [ -94.953548, 31.677379 ], [ -94.952637, 31.676571 ], [ -94.954022, 31.676555 ], [ -94.952861, 31.67289 ], [ -94.955587, 31.672212 ], [ -94.957072, 31.670301 ], [ -94.956271, 31.669157 ], [ -94.954214, 31.66888 ], [ -94.954459, 31.669885 ], [ -94.952362, 31.671126 ], [ -94.951546, 31.669194 ], [ -94.952413, 31.66738 ], [ -94.95133, 31.666787 ], [ -94.951592, 31.665202 ], [ -94.950828, 31.663617 ], [ -94.951056, 31.661861 ], [ -94.952218, 31.659617 ], [ -94.951074, 31.659368 ], [ -94.950987, 31.65812 ], [ -94.949973, 31.65714 ], [ -94.94857, 31.657413 ], [ -94.948444, 31.655384 ], [ -94.949984, 31.655577 ], [ -94.949893, 31.654597 ], [ -94.948612, 31.654639 ], [ -94.94869, 31.653066 ], [ -94.95109, 31.651693 ], [ -94.952495, 31.651566 ], [ -94.951212, 31.650526 ], [ -94.948998, 31.649618 ], [ -94.949062, 31.648578 ], [ -94.950161, 31.648194 ], [ -94.949843, 31.646931 ], [ -94.952073, 31.646936 ], [ -94.951933, 31.645044 ], [ -94.950976, 31.645729 ], [ -94.951292, 31.642723 ], [ -94.952644, 31.642398 ], [ -94.951969, 31.641351 ], [ -94.954031, 31.639574 ], [ -94.952948, 31.639076 ], [ -94.950813, 31.640101 ], [ -94.950261, 31.637984 ], [ -94.949269, 31.637426 ], [ -94.949669, 31.63649 ], [ -94.947778, 31.636303 ], [ -94.947098, 31.638019 ], [ -94.945939, 31.637377 ], [ -94.941768, 31.638449 ], [ -94.941687, 31.636406 ], [ -94.940982, 31.633961 ], [ -94.94186, 31.633337 ], [ -94.941664, 31.631881 ], [ -94.940516, 31.63004 ], [ -94.9397, 31.630949 ], [ -94.939538, 31.629706 ], [ -94.941976, 31.629274 ], [ -94.941415, 31.627032 ], [ -94.940527, 31.626585 ], [ -94.938774, 31.62431 ], [ -94.936827, 31.622906 ], [ -94.935878, 31.621184 ], [ -94.934672, 31.620804 ], [ -94.933467, 31.621817 ], [ -94.932999, 31.619643 ], [ -94.934292, 31.618872 ], [ -94.932536, 31.617743 ], [ -94.931597, 31.618557 ], [ -94.931275, 31.616712 ], [ -94.93189, 31.615675 ], [ -94.930445, 31.61349 ], [ -94.929293, 31.613087 ], [ -94.930587, 31.612115 ], [ -94.928011, 31.610251 ], [ -94.926244, 31.609984 ], [ -94.926626, 31.607877 ], [ -94.925186, 31.606001 ], [ -94.925063, 31.60401 ], [ -94.92645, 31.602224 ], [ -94.927631, 31.602823 ], [ -94.927894, 31.601087 ], [ -94.927056, 31.60049 ], [ -94.926717, 31.598683 ], [ -94.927991, 31.598313 ], [ -94.926472, 31.598286 ], [ -94.925827, 31.596275 ], [ -94.926419, 31.593596 ], [ -94.925962, 31.592698 ], [ -94.924488, 31.592432 ], [ -94.924867, 31.59034 ], [ -94.921146, 31.588564 ], [ -94.919277, 31.586972 ], [ -94.922272, 31.584134 ], [ -94.924758, 31.582986 ], [ -94.923297, 31.581923 ], [ -94.923945, 31.579201 ], [ -94.921517, 31.577583 ], [ -94.920716, 31.576178 ], [ -94.920791, 31.574392 ], [ -94.919141, 31.572632 ], [ -94.917689, 31.571979 ], [ -94.915079, 31.569627 ], [ -94.913809, 31.569202 ], [ -94.912305, 31.569027 ], [ -94.9099, 31.569544 ], [ -94.907282, 31.570676 ], [ -94.904557, 31.573041 ], [ -94.902123, 31.5743 ], [ -94.897656, 31.575327 ], [ -94.894705, 31.576682 ], [ -94.893378, 31.57786 ], [ -94.891827, 31.578001 ], [ -94.891503, 31.577384 ], [ -94.890498, 31.572948 ], [ -94.890777, 31.569232 ], [ -94.889591, 31.566254 ], [ -94.891562, 31.562353 ], [ -94.894272, 31.559987 ], [ -94.89503, 31.558875 ], [ -94.896567, 31.554961 ], [ -94.898716, 31.555631 ], [ -94.900524, 31.552458 ], [ -94.899121, 31.551907 ], [ -94.89803, 31.553112 ], [ -94.897201, 31.552813 ], [ -94.89592, 31.550566 ], [ -94.89634, 31.549504 ], [ -94.893585, 31.550011 ], [ -94.893149, 31.549068 ], [ -94.895846, 31.546716 ], [ -94.896138, 31.545739 ], [ -94.893737, 31.542774 ], [ -94.894002, 31.541226 ], [ -94.891855, 31.542135 ], [ -94.89018, 31.542293 ], [ -94.890503, 31.541105 ], [ -94.886451, 31.542343 ], [ -94.885582, 31.541143 ], [ -94.884366, 31.540894 ], [ -94.885067, 31.540083 ], [ -94.884232, 31.538027 ], [ -94.885949, 31.537186 ], [ -94.883797, 31.537028 ], [ -94.883005, 31.536068 ], [ -94.884758, 31.535989 ], [ -94.885465, 31.534971 ], [ -94.882415, 31.532993 ], [ -94.882482, 31.531927 ], [ -94.88399, 31.532488 ], [ -94.884561, 31.531489 ], [ -94.883969, 31.529693 ], [ -94.88298, 31.529336 ], [ -94.881526, 31.529973 ], [ -94.879798, 31.529669 ], [ -94.880669, 31.52846 ], [ -94.876442, 31.528648 ], [ -94.875673, 31.527581 ], [ -94.874302, 31.528311 ], [ -94.874507, 31.526821 ], [ -94.87309, 31.52674 ], [ -94.872554, 31.529056 ], [ -94.869868, 31.528941 ], [ -94.869724, 31.527902 ], [ -94.870138, 31.526696 ], [ -94.865857, 31.526916 ], [ -94.903467, 31.499178 ], [ -94.92687, 31.482018 ], [ -94.95601, 31.460612 ], [ -95.003035, 31.426222 ], [ -95.003345, 31.42571 ], [ -95.003255, 31.427356 ], [ -95.003989, 31.428581 ], [ -95.006677, 31.429783 ], [ -95.007667, 31.431242 ], [ -95.007082, 31.432922 ], [ -95.011417, 31.434567 ], [ -95.012077, 31.435596 ], [ -95.011278, 31.437768 ], [ -95.008662, 31.439087 ], [ -95.00538, 31.439723 ], [ -95.004871, 31.441595 ], [ -95.006239, 31.441835 ], [ -95.006271, 31.442786 ], [ -95.007741, 31.44319 ], [ -95.0075, 31.444676 ], [ -95.010019, 31.444635 ], [ -95.012369, 31.444032 ], [ -95.016533, 31.445721 ], [ -95.017046, 31.444735 ], [ -95.02134, 31.443814 ], [ -95.022772, 31.442765 ], [ -95.024475, 31.442693 ], [ -95.028784, 31.443935 ], [ -95.031864, 31.445617 ], [ -95.032449, 31.444822 ], [ -95.030983, 31.443714 ], [ -95.031964, 31.44323 ], [ -95.035135, 31.443417 ], [ -95.034483, 31.444831 ], [ -95.039664, 31.446662 ], [ -95.044193, 31.444965 ], [ -95.045224, 31.445086 ], [ -95.044737, 31.446345 ], [ -95.048525, 31.449061 ], [ -95.048498, 31.450978 ], [ -95.051678, 31.453057 ], [ -95.051199, 31.456838 ], [ -95.05242, 31.459142 ], [ -95.055883, 31.460543 ], [ -95.054832, 31.461495 ], [ -95.055377, 31.462282 ], [ -95.058154, 31.463233 ], [ -95.058378, 31.46396 ], [ -95.057024, 31.464632 ], [ -95.060348, 31.46791 ], [ -95.062344, 31.46765 ], [ -95.062183, 31.469311 ], [ -95.065402, 31.471518 ], [ -95.06887, 31.470443 ], [ -95.068427, 31.469362 ], [ -95.066589, 31.470328 ], [ -95.06739, 31.466101 ], [ -95.069891, 31.465406 ], [ -95.071915, 31.463601 ], [ -95.073565, 31.463802 ], [ -95.074132, 31.466794 ], [ -95.078473, 31.467442 ], [ -95.079896, 31.469473 ], [ -95.080766, 31.469885 ], [ -95.081435, 31.468162 ], [ -95.08817, 31.46601 ], [ -95.091297, 31.467043 ], [ -95.092216, 31.46928 ], [ -95.094638, 31.468152 ], [ -95.098777, 31.468712 ], [ -95.100323, 31.468196 ], [ -95.100118, 31.469036 ], [ -95.101382, 31.469887 ], [ -95.100522, 31.472042 ], [ -95.098164, 31.473453 ], [ -95.097215, 31.475169 ], [ -95.097772, 31.47643 ], [ -95.098826, 31.476711 ], [ -95.098423, 31.47475 ], [ -95.101712, 31.473856 ], [ -95.102608, 31.474087 ], [ -95.103541, 31.474733 ], [ -95.103104, 31.47867 ], [ -95.104622, 31.479994 ], [ -95.106991, 31.480949 ], [ -95.106205, 31.482886 ], [ -95.109343, 31.483086 ], [ -95.111118, 31.483962 ], [ -95.110199, 31.485019 ], [ -95.109107, 31.485706 ], [ -95.109741, 31.488853 ], [ -95.107641, 31.489678 ], [ -95.10561, 31.491252 ], [ -95.10466, 31.49312 ], [ -95.105573, 31.494668 ], [ -95.103342, 31.494933 ], [ -95.103009, 31.49374 ], [ -95.101583, 31.494387 ], [ -95.101403, 31.495843 ], [ -95.099257, 31.494855 ], [ -95.098942, 31.493488 ], [ -95.098046, 31.493495 ], [ -95.097786, 31.498447 ], [ -95.096133, 31.497774 ], [ -95.094423, 31.49873 ], [ -95.0959, 31.499177 ], [ -95.095101, 31.500074 ], [ -95.095646, 31.501437 ], [ -95.093804, 31.502935 ], [ -95.094563, 31.504085 ], [ -95.096731, 31.503707 ], [ -95.09844, 31.504854 ], [ -95.097598, 31.506138 ], [ -95.100566, 31.508415 ], [ -95.100467, 31.510602 ], [ -95.099752, 31.510645 ], [ -95.098078, 31.509046 ], [ -95.096696, 31.509266 ], [ -95.096805, 31.510681 ], [ -95.09896, 31.511192 ], [ -95.099971, 31.512325 ], [ -95.098951, 31.513943 ], [ -95.099236, 31.516587 ], [ -95.099966, 31.518869 ], [ -95.101036, 31.519474 ], [ -95.103196, 31.521878 ], [ -95.103487, 31.523442 ], [ -95.104409, 31.522881 ], [ -95.105788, 31.52416 ], [ -95.107777, 31.522908 ], [ -95.110129, 31.524288 ], [ -95.108079, 31.526105 ], [ -95.109748, 31.527767 ], [ -95.114175, 31.529384 ], [ -95.115194, 31.53051 ], [ -95.120387, 31.532711 ], [ -95.120297, 31.534613 ], [ -95.122723, 31.534623 ], [ -95.123514, 31.533562 ], [ -95.123, 31.531137 ], [ -95.125428, 31.53284 ], [ -95.12626, 31.535172 ], [ -95.125338, 31.537248 ], [ -95.126646, 31.538363 ], [ -95.127384, 31.538056 ], [ -95.12926, 31.538349 ], [ -95.134996, 31.540392 ], [ -95.138661, 31.540227 ], [ -95.141189, 31.539614 ], [ -95.143445, 31.539641 ], [ -95.146137, 31.542888 ], [ -95.144239, 31.541935 ], [ -95.14317, 31.544037 ], [ -95.144309, 31.546677 ], [ -95.147048, 31.550285 ], [ -95.147309, 31.553754 ], [ -95.146088, 31.555641 ], [ -95.141825, 31.557851 ], [ -95.141355, 31.559129 ], [ -95.139723, 31.560867 ], [ -95.139727, 31.563031 ], [ -95.142905, 31.564688 ], [ -95.143576, 31.562902 ], [ -95.145185, 31.563121 ], [ -95.146228, 31.563972 ], [ -95.147426, 31.563174 ], [ -95.150912, 31.565668 ], [ -95.150564, 31.566996 ], [ -95.149195, 31.568949 ], [ -95.149737, 31.569568 ], [ -95.152936, 31.570199 ], [ -95.154728, 31.571118 ], [ -95.156732, 31.570832 ], [ -95.156315, 31.57196 ], [ -95.157467, 31.572335 ], [ -95.158242, 31.571564 ], [ -95.16025, 31.573046 ], [ -95.161757, 31.57346 ], [ -95.161634, 31.574903 ], [ -95.162217, 31.577676 ], [ -95.164797, 31.579089 ], [ -95.170223, 31.580678 ], [ -95.170905, 31.581689 ], [ -95.168996, 31.582342 ], [ -95.168784, 31.583755 ], [ -95.170255, 31.583094 ], [ -95.171913, 31.584878 ], [ -95.173534, 31.585116 ], [ -95.176359, 31.584826 ], [ -95.179431, 31.580406 ], [ -95.180554, 31.580604 ], [ -95.184877, 31.578181 ], [ -95.185908, 31.57894 ], [ -95.190023, 31.578002 ], [ -95.192722, 31.576059 ], [ -95.193092, 31.574751 ], [ -95.192573, 31.573297 ], [ -95.193374, 31.573283 ], [ -95.194684, 31.574688 ], [ -95.198676, 31.573914 ], [ -95.19724, 31.572963 ], [ -95.197545, 31.571567 ], [ -95.200659, 31.572073 ], [ -95.202716, 31.573393 ], [ -95.204275, 31.572842 ], [ -95.208518, 31.570185 ], [ -95.209524, 31.570782 ], [ -95.208283, 31.571852 ], [ -95.208776, 31.573054 ], [ -95.209842, 31.572168 ], [ -95.211274, 31.572035 ], [ -95.211641, 31.573275 ], [ -95.213949, 31.572729 ], [ -95.218356, 31.57343 ], [ -95.219458, 31.574513 ], [ -95.220378, 31.574172 ], [ -95.221632, 31.575866 ], [ -95.225113, 31.576691 ], [ -95.226544, 31.577407 ], [ -95.228398, 31.576363 ], [ -95.230088, 31.577327 ], [ -95.231601, 31.577048 ], [ -95.22994, 31.575523 ], [ -95.228169, 31.574722 ], [ -95.230187, 31.573495 ], [ -95.231621, 31.573903 ], [ -95.233142, 31.574834 ], [ -95.236087, 31.575325 ], [ -95.239814, 31.576705 ], [ -95.240799, 31.576435 ], [ -95.24101, 31.57466 ], [ -95.24662, 31.575375 ], [ -95.250001, 31.575355 ], [ -95.251204, 31.576265 ], [ -95.252702, 31.57617 ], [ -95.255023, 31.574789 ], [ -95.256415, 31.576159 ], [ -95.260257, 31.577104 ], [ -95.260737, 31.579431 ], [ -95.262162, 31.581217 ], [ -95.263709, 31.58155 ], [ -95.264881, 31.583907 ], [ -95.26669, 31.584034 ], [ -95.268118, 31.586649 ], [ -95.269301, 31.587537 ], [ -95.268962, 31.588397 ], [ -95.269973, 31.591453 ], [ -95.272155, 31.590347 ], [ -95.273998, 31.591442 ], [ -95.273203, 31.592886 ], [ -95.365632, 31.581188 ], [ -95.375224, 31.579561 ], [ -95.452319, 31.570136 ], [ -95.493001, 31.564927 ], [ -95.493171, 31.564905 ], [ -95.500228, 31.563514 ], [ -95.564093, 31.554195 ], [ -95.565536, 31.554125 ], [ -95.61221, 31.547668 ], [ -95.614806, 31.547177 ], [ -95.651764, 31.541791 ], [ -95.647696, 31.528704 ], [ -95.647171, 31.527014 ], [ -95.739279, 31.504056 ], [ -95.737216, 31.505321 ], [ -95.733877, 31.508376 ], [ -95.733829, 31.509161 ], [ -95.73581, 31.514144 ], [ -95.737034, 31.518534 ], [ -95.739421, 31.520233 ], [ -95.741139, 31.522474 ], [ -95.747048, 31.52437 ], [ -95.747114, 31.527607 ], [ -95.748249, 31.528708 ], [ -95.751732, 31.529398 ], [ -95.756495, 31.531052 ], [ -95.758711, 31.533217 ], [ -95.75863, 31.534098 ], [ -95.756731, 31.536571 ], [ -95.754665, 31.537986 ], [ -95.75271, 31.538732 ], [ -95.750875, 31.540734 ], [ -95.751358, 31.54276 ], [ -95.753766, 31.544773 ], [ -95.754132, 31.546048 ], [ -95.752466, 31.550739 ], [ -95.75171, 31.551552 ], [ -95.748251, 31.552545 ], [ -95.746465, 31.55343 ], [ -95.742871, 31.554156 ], [ -95.7384, 31.552853 ], [ -95.73475, 31.551191 ], [ -95.731652, 31.551105 ], [ -95.729137, 31.551578 ], [ -95.72595, 31.555037 ], [ -95.72434, 31.555737 ], [ -95.722353, 31.555538 ], [ -95.718512, 31.553659 ], [ -95.715875, 31.553824 ], [ -95.715464, 31.555 ], [ -95.717215, 31.558645 ], [ -95.717361, 31.561996 ], [ -95.717038, 31.567765 ], [ -95.718795, 31.568712 ], [ -95.721306, 31.56894 ], [ -95.722248, 31.569714 ], [ -95.721744, 31.570398 ], [ -95.719506, 31.570748 ], [ -95.717991, 31.571934 ], [ -95.718233, 31.573215 ], [ -95.719493, 31.574532 ], [ -95.721322, 31.577847 ], [ -95.724694, 31.579773 ], [ -95.726806, 31.581523 ], [ -95.729423, 31.583133 ], [ -95.729038, 31.584237 ], [ -95.725154, 31.58476 ], [ -95.721855, 31.586281 ], [ -95.720689, 31.588384 ], [ -95.720257, 31.591978 ], [ -95.719024, 31.593417 ], [ -95.71587, 31.594067 ], [ -95.716581, 31.595826 ], [ -95.716084, 31.598786 ], [ -95.714003, 31.601775 ], [ -95.711185, 31.603903 ], [ -95.712363, 31.607618 ], [ -95.711953, 31.610421 ], [ -95.710035, 31.614694 ], [ -95.710112, 31.615587 ], [ -95.713426, 31.621664 ], [ -95.717355, 31.627206 ], [ -95.71746, 31.630053 ], [ -95.718468, 31.632402 ], [ -95.723079, 31.63726 ], [ -95.723648, 31.637972 ], [ -95.727241, 31.643788 ], [ -95.728605, 31.645272 ], [ -95.730706, 31.646713 ], [ -95.732759, 31.648823 ], [ -95.735253, 31.653426 ], [ -95.736026, 31.653956 ], [ -95.739373, 31.653827 ], [ -95.74173, 31.652108 ], [ -95.74468, 31.651833 ], [ -95.749039, 31.649894 ], [ -95.752204, 31.649492 ], [ -95.753488, 31.64896 ], [ -95.756137, 31.646498 ], [ -95.756833, 31.645402 ], [ -95.757268, 31.643548 ], [ -95.754181, 31.639417 ], [ -95.752875, 31.635298 ], [ -95.752783, 31.633727 ], [ -95.753327, 31.630432 ], [ -95.753174, 31.629223 ], [ -95.751467, 31.626107 ], [ -95.750783, 31.62379 ], [ -95.748864, 31.620806 ], [ -95.748669, 31.617709 ], [ -95.752334, 31.615146 ], [ -95.753344, 31.61375 ], [ -95.753439, 31.612506 ], [ -95.752557, 31.61005 ], [ -95.753381, 31.606833 ], [ -95.758041, 31.604691 ], [ -95.760752, 31.604012 ], [ -95.761274, 31.602516 ], [ -95.760961, 31.60008 ], [ -95.764483, 31.599445 ], [ -95.767234, 31.597581 ], [ -95.768443, 31.597409 ], [ -95.77198, 31.598621 ], [ -95.777586, 31.602257 ], [ -95.779978, 31.604337 ], [ -95.782577, 31.607467 ], [ -95.785155, 31.611442 ], [ -95.786305, 31.617128 ], [ -95.7873, 31.618385 ], [ -95.788971, 31.622188 ], [ -95.788167, 31.626173 ], [ -95.79017, 31.627723 ], [ -95.793782, 31.628167 ], [ -95.795636, 31.62893 ], [ -95.796653, 31.631059 ], [ -95.796733, 31.632132 ], [ -95.795103, 31.638252 ], [ -95.792327, 31.64314 ], [ -95.789737, 31.646212 ], [ -95.789679, 31.648776 ], [ -95.790625, 31.653016 ], [ -95.791665, 31.654136 ], [ -95.794081, 31.66031 ], [ -95.793723, 31.661033 ], [ -95.790683, 31.663068 ], [ -95.790263, 31.66399 ], [ -95.790665, 31.667342 ], [ -95.79009, 31.670143 ], [ -95.788981, 31.671916 ], [ -95.784353, 31.675894 ], [ -95.782216, 31.678975 ], [ -95.780164, 31.68281 ], [ -95.779678, 31.684579 ], [ -95.780888, 31.685368 ], [ -95.787903, 31.687313 ], [ -95.788427, 31.688667 ], [ -95.787127, 31.691537 ], [ -95.787553, 31.692596 ], [ -95.788749, 31.692317 ], [ -95.79078, 31.689453 ], [ -95.791354, 31.685635 ], [ -95.792614, 31.681856 ], [ -95.794369, 31.679977 ], [ -95.794999, 31.678093 ], [ -95.794815, 31.676164 ], [ -95.795439, 31.674935 ], [ -95.800316, 31.675132 ], [ -95.802063, 31.674376 ], [ -95.804622, 31.671369 ], [ -95.805732, 31.671075 ], [ -95.809, 31.672108 ], [ -95.810561, 31.673461 ], [ -95.816465, 31.681272 ], [ -95.817307, 31.683106 ], [ -95.819889, 31.686668 ], [ -95.821283, 31.686967 ], [ -95.823067, 31.686525 ], [ -95.824287, 31.686866 ], [ -95.827123, 31.689754 ], [ -95.829638, 31.69187 ], [ -95.831204, 31.693723 ], [ -95.833102, 31.694907 ], [ -95.835324, 31.695597 ], [ -95.84553, 31.696049 ], [ -95.850497, 31.697865 ], [ -95.852779, 31.697805 ], [ -95.85516, 31.696471 ], [ -95.857538, 31.69295 ], [ -95.858822, 31.690108 ], [ -95.860954, 31.687746 ], [ -95.862206, 31.687465 ], [ -95.863701, 31.690671 ], [ -95.865395, 31.692007 ], [ -95.872512, 31.693008 ], [ -95.875347, 31.694822 ], [ -95.877027, 31.69864 ], [ -95.879401, 31.699356 ], [ -95.880632, 31.700369 ], [ -95.88044, 31.70335 ], [ -95.879423, 31.703517 ], [ -95.877032, 31.702378 ], [ -95.87485, 31.702949 ], [ -95.875784, 31.705138 ], [ -95.87751, 31.707127 ], [ -95.87769, 31.708634 ], [ -95.875667, 31.711731 ], [ -95.876092, 31.715252 ], [ -95.875933, 31.717219 ], [ -95.875016, 31.719028 ], [ -95.871336, 31.719869 ], [ -95.869681, 31.719648 ], [ -95.867137, 31.718189 ], [ -95.86661, 31.719099 ], [ -95.867023, 31.719962 ], [ -95.866629, 31.722764 ], [ -95.86882, 31.724652 ], [ -95.86874, 31.725745 ], [ -95.866985, 31.727432 ], [ -95.867028, 31.728634 ], [ -95.868864, 31.732011 ], [ -95.869715, 31.736641 ], [ -95.870508, 31.739508 ], [ -95.871446, 31.739583 ], [ -95.875039, 31.738411 ], [ -95.875134, 31.736107 ], [ -95.876287, 31.733333 ], [ -95.87714, 31.732568 ], [ -95.879526, 31.733003 ], [ -95.881151, 31.735847 ], [ -95.880889, 31.738703 ], [ -95.88028, 31.740454 ], [ -95.875617, 31.743415 ], [ -95.873078, 31.743897 ], [ -95.868825, 31.741444 ], [ -95.867285, 31.741501 ], [ -95.866646, 31.742614 ], [ -95.867755, 31.745093 ], [ -95.868833, 31.74599 ], [ -95.871666, 31.745297 ], [ -95.873245, 31.747082 ], [ -95.873362, 31.75029 ], [ -95.873848, 31.753497 ], [ -95.874718, 31.754673 ], [ -95.875937, 31.755503 ], [ -95.878697, 31.756392 ], [ -95.882735, 31.756438 ], [ -95.886343, 31.757772 ], [ -95.889509, 31.756466 ], [ -95.891058, 31.756708 ], [ -95.892776, 31.758416 ], [ -95.895147, 31.75844 ], [ -95.897824, 31.756138 ], [ -95.898529, 31.753155 ], [ -95.900079, 31.752132 ], [ -95.901568, 31.75327 ], [ -95.901928, 31.754841 ], [ -95.900498, 31.757995 ], [ -95.901776, 31.760485 ], [ -95.9031, 31.761369 ], [ -95.902935, 31.762535 ], [ -95.899477, 31.761337 ], [ -95.898033, 31.76246 ], [ -95.896544, 31.765261 ], [ -95.896687, 31.766105 ], [ -95.897965, 31.766963 ], [ -95.902178, 31.767592 ], [ -95.903924, 31.767399 ], [ -95.90693, 31.765861 ], [ -95.908587, 31.76566 ], [ -95.911495, 31.766351 ], [ -95.914343, 31.765564 ], [ -95.91589, 31.765882 ], [ -95.918531, 31.767158 ], [ -95.919741, 31.768391 ], [ -95.921018, 31.768202 ], [ -95.921268, 31.767015 ], [ -95.924241, 31.76585 ], [ -95.925777, 31.766638 ], [ -95.930431, 31.772335 ], [ -95.930766, 31.774264 ], [ -95.932335, 31.773999 ], [ -95.932937, 31.770823 ], [ -95.933846, 31.769809 ], [ -95.935849, 31.770042 ], [ -95.937036, 31.771683 ], [ -95.938127, 31.774159 ], [ -95.938991, 31.774664 ], [ -95.942023, 31.775113 ], [ -95.948698, 31.775094 ], [ -95.952224, 31.775678 ], [ -95.953019, 31.776284 ], [ -95.953197, 31.779755 ], [ -95.954301, 31.781251 ], [ -95.955705, 31.78182 ], [ -95.959317, 31.782072 ], [ -95.960463, 31.782592 ], [ -95.961006, 31.784064 ], [ -95.960703, 31.78709 ], [ -95.961963, 31.788973 ], [ -95.963066, 31.789426 ], [ -95.96739, 31.788102 ], [ -95.969418, 31.788095 ], [ -95.972715, 31.788729 ], [ -95.975318, 31.787783 ], [ -95.977994, 31.784395 ], [ -95.979537, 31.784084 ], [ -95.980568, 31.784561 ], [ -95.983574, 31.788002 ], [ -95.983449, 31.789979 ], [ -95.981718, 31.792628 ], [ -95.979617, 31.794439 ], [ -95.978528, 31.796098 ], [ -95.976181, 31.802196 ], [ -95.976181, 31.803977 ], [ -95.975398, 31.807546 ], [ -95.974955, 31.811945 ], [ -95.976798, 31.814568 ], [ -95.976152, 31.81651 ], [ -95.973232, 31.819136 ], [ -95.97376, 31.820641 ], [ -95.976424, 31.821611 ], [ -95.977578, 31.824203 ], [ -95.977972, 31.827163 ], [ -95.97791, 31.833241 ], [ -95.978493, 31.834259 ], [ -95.984395, 31.836867 ], [ -95.985637, 31.83885 ], [ -95.98801, 31.840327 ], [ -95.990116, 31.83963 ], [ -95.992023, 31.839617 ], [ -95.993222, 31.840652 ], [ -95.994543, 31.843359 ], [ -95.993565, 31.84586 ], [ -95.990868, 31.848507 ], [ -95.988192, 31.855762 ], [ -95.987619, 31.858784 ], [ -95.986275, 31.860174 ], [ -95.982376, 31.861815 ], [ -95.980083, 31.862398 ], [ -95.977899, 31.868746 ], [ -95.976665, 31.870734 ], [ -95.97436, 31.872091 ], [ -95.972169, 31.871797 ], [ -95.969729, 31.870648 ], [ -95.96832, 31.87087 ], [ -95.968119, 31.87246 ], [ -95.970056, 31.874897 ], [ -95.969759, 31.876739 ], [ -95.97029, 31.877187 ], [ -95.974597, 31.877192 ], [ -95.977263, 31.877542 ], [ -95.97953, 31.876782 ], [ -95.981965, 31.875305 ], [ -95.987318, 31.873117 ], [ -95.988442, 31.873667 ], [ -95.989259, 31.875966 ], [ -95.991374, 31.875878 ], [ -95.991579, 31.874079 ], [ -95.988805, 31.872237 ], [ -95.989117, 31.868676 ], [ -95.989899, 31.868082 ], [ -95.991391, 31.868749 ], [ -95.992579, 31.868348 ], [ -95.992924, 31.866778 ], [ -95.994127, 31.866258 ], [ -95.997506, 31.868062 ], [ -96.000236, 31.868121 ], [ -96.001267, 31.869281 ], [ -96.001033, 31.872336 ], [ -96.003283, 31.871996 ], [ -96.004831, 31.872639 ], [ -96.0051, 31.875141 ], [ -96.003972, 31.876949 ], [ -96.006654, 31.881021 ], [ -96.007907, 31.881136 ], [ -96.009372, 31.879266 ], [ -96.013534, 31.875458 ], [ -96.018597, 31.871972 ], [ -96.019929, 31.871645 ], [ -96.024265, 31.87312 ], [ -96.027622, 31.877875 ], [ -96.027607, 31.881215 ], [ -96.026584, 31.883189 ], [ -96.026716, 31.886172 ], [ -96.025486, 31.889215 ], [ -96.025004, 31.892016 ], [ -96.023311, 31.896186 ], [ -96.021571, 31.898068 ], [ -96.019472, 31.903771 ], [ -96.018358, 31.903885 ], [ -96.01664, 31.902741 ], [ -96.015759, 31.903263 ], [ -96.01589, 31.905144 ], [ -96.014667, 31.906663 ], [ -96.013579, 31.911114 ], [ -96.011816, 31.911389 ], [ -96.010098, 31.908739 ], [ -96.009282, 31.90608 ], [ -96.008332, 31.905262 ], [ -96.00718, 31.906176 ], [ -96.007322, 31.908064 ], [ -96.006533, 31.908533 ], [ -96.004614, 31.907734 ], [ -96.002919, 31.906242 ], [ -96.001341, 31.90717 ], [ -96.002616, 31.911435 ], [ -96.002669, 31.912795 ], [ -96.004806, 31.916358 ], [ -96.004264, 31.919055 ], [ -96.005218, 31.919087 ], [ -96.006569, 31.917729 ], [ -96.008329, 31.91852 ], [ -96.00617, 31.924292 ], [ -96.006536, 31.925068 ], [ -96.00998, 31.928412 ], [ -96.013442, 31.929918 ], [ -96.012702, 31.931317 ], [ -96.010407, 31.933639 ], [ -96.01131, 31.934529 ], [ -96.016401, 31.934718 ], [ -96.019763, 31.936902 ], [ -96.020889, 31.938224 ], [ -96.019923, 31.940163 ], [ -96.017888, 31.941169 ], [ -96.015118, 31.944612 ], [ -96.014512, 31.9461 ], [ -96.015944, 31.948467 ], [ -96.019272, 31.949091 ], [ -96.020709, 31.950569 ], [ -96.020463, 31.952473 ], [ -96.019358, 31.95414 ], [ -96.019754, 31.955211 ], [ -96.02193, 31.957299 ], [ -96.025342, 31.95732 ], [ -96.028975, 31.957916 ], [ -96.030014, 31.957321 ], [ -96.029318, 31.955925 ], [ -96.029812, 31.954779 ], [ -96.033335, 31.952884 ], [ -96.034896, 31.952563 ], [ -96.040837, 31.952134 ], [ -96.040674, 31.950808 ], [ -96.039046, 31.950497 ], [ -96.037652, 31.949505 ], [ -96.037751, 31.948391 ], [ -96.040529, 31.946453 ], [ -96.041451, 31.944927 ], [ -96.042532, 31.945317 ], [ -96.043751, 31.949502 ], [ -96.044799, 31.950967 ], [ -96.04734, 31.951747 ], [ -96.050197, 31.949143 ], [ -96.053354, 31.947823 ], [ -96.054688, 31.948225 ], [ -96.056853, 31.953021 ], [ -96.058735, 31.953992 ], [ -96.061559, 31.954823 ], [ -96.062172, 31.95634 ], [ -96.061883, 31.959552 ], [ -96.06046, 31.960547 ], [ -96.058358, 31.959765 ], [ -96.057211, 31.96022 ], [ -96.057131, 31.962139 ], [ -96.055892, 31.96365 ], [ -96.052478, 31.964028 ], [ -96.051254, 31.963597 ], [ -96.050394, 31.961161 ], [ -96.047614, 31.960065 ], [ -96.044976, 31.959752 ], [ -96.043816, 31.960289 ], [ -96.042914, 31.962793 ], [ -96.044175, 31.964125 ], [ -96.046584, 31.965207 ], [ -96.047295, 31.966013 ], [ -96.046794, 31.967884 ], [ -96.04575, 31.968858 ], [ -96.046441, 31.970182 ], [ -96.049436, 31.969474 ], [ -96.051256, 31.969513 ], [ -96.054124, 31.970519 ], [ -96.055583, 31.972045 ], [ -96.055627, 31.973023 ], [ -96.054405, 31.974501 ], [ -96.054733, 31.975328 ], [ -96.057985, 31.97482 ], [ -96.061314, 31.975379 ], [ -96.061735, 31.977784 ], [ -96.063641, 31.979135 ], [ -96.064804, 31.980664 ], [ -96.063048, 31.982008 ], [ -96.061849, 31.985159 ], [ -96.060785, 31.986929 ], [ -96.059715, 31.987422 ], [ -96.057627, 31.98671 ], [ -96.056498, 31.987766 ], [ -96.056726, 31.990869 ], [ -96.053785, 31.993021 ], [ -96.051554, 31.995826 ], [ -96.048953, 31.997591 ], [ -96.049209, 31.998563 ], [ -96.051208, 32.000764 ], [ -96.052668, 32.004055 ], [ -96.052786, 32.005895 ], [ -96.053215, 32.009384 ], [ -96.05478, 32.012526 ], [ -96.055573, 32.014606 ], [ -96.05407, 32.015816 ], [ -96.05251, 32.015501 ], [ -96.051062, 32.016038 ], [ -96.050758, 32.01678 ], [ -96.05284, 32.018605 ], [ -96.05626, 32.019759 ], [ -96.057606, 32.020625 ], [ -96.05876, 32.022655 ], [ -96.061579, 32.024996 ], [ -96.063156, 32.027539 ], [ -96.06353, 32.029192 ], [ -96.06219, 32.031397 ], [ -96.063448, 32.03292 ], [ -96.063941, 32.034476 ], [ -96.065416, 32.03571 ], [ -96.066462, 32.037757 ], [ -96.065588, 32.042379 ], [ -96.064647, 32.044444 ], [ -96.065004, 32.046342 ], [ -96.066102, 32.047893 ], [ -96.06575, 32.049571 ], [ -96.064003, 32.051081 ], [ -96.064288, 32.052354 ], [ -96.065987, 32.055146 ], [ -96.066808, 32.05844 ], [ -96.066545, 32.060041 ], [ -96.062372, 32.061916 ], [ -96.062449, 32.062939 ], [ -96.064655, 32.065412 ], [ -96.068602, 32.066399 ], [ -96.068816, 32.067379 ], [ -96.0668, 32.071421 ], [ -96.069237, 32.072947 ], [ -96.070245, 32.074763 ], [ -96.069534, 32.0765 ], [ -96.06664, 32.077297 ], [ -96.065059, 32.076538 ], [ -96.06338, 32.07667 ], [ -96.062524, 32.077754 ], [ -96.063021, 32.08086 ], [ -96.064523, 32.08251 ], [ -96.06601, 32.085812 ], [ -96.067209, 32.085986 ], [ -96.069346, 32.085346 ], [ -96.072126, 32.083878 ], [ -96.07774, 32.082839 ], [ -96.081578, 32.081479 ], [ -96.084851, 32.081362 ], [ -96.085992, 32.081736 ], [ -96.092134, 32.081895 ], [ -96.09537, 32.080684 ], [ -96.098505, 32.08168 ], [ -96.099464, 32.081277 ], [ -96.100285, 32.077772 ], [ -96.101092, 32.07716 ], [ -96.105364, 32.075337 ], [ -96.108199, 32.076037 ], [ -96.109205, 32.077111 ], [ -96.108063, 32.081212 ], [ -96.108004, 32.083602 ], [ -96.108757, 32.085504 ], [ -96.111735, 32.090527 ], [ -96.114382, 32.091046 ], [ -96.116241, 32.093521 ], [ -96.117827, 32.094977 ], [ -96.117965, 32.098197 ], [ -96.117438, 32.099294 ], [ -96.117196, 32.104053 ], [ -96.116066, 32.106963 ], [ -96.11153, 32.115803 ], [ -96.113114, 32.117474 ], [ -96.114342, 32.120119 ], [ -96.114147, 32.124315 ], [ -96.114699, 32.126487 ], [ -96.113786, 32.128778 ], [ -96.111564, 32.131976 ], [ -96.10881, 32.133872 ], [ -96.105977, 32.135242 ], [ -96.104105, 32.138477 ], [ -96.102421, 32.142269 ], [ -96.102712, 32.145086 ], [ -96.102549, 32.148134 ], [ -96.102974, 32.150554 ], [ -96.104429, 32.152656 ], [ -96.107413, 32.153828 ], [ -96.110505, 32.155844 ], [ -96.112675, 32.156784 ], [ -96.112857, 32.160321 ], [ -96.11366, 32.160901 ], [ -96.115693, 32.160915 ], [ -96.117734, 32.1599 ], [ -96.119099, 32.157864 ], [ -96.120556, 32.156743 ], [ -96.122781, 32.156025 ], [ -96.125954, 32.154657 ], [ -96.128111, 32.154326 ], [ -96.13098, 32.152954 ], [ -96.135872, 32.152758 ], [ -96.138914, 32.151377 ], [ -96.140792, 32.153347 ], [ -96.144135, 32.152572 ], [ -96.145345, 32.152814 ], [ -96.14955, 32.155914 ], [ -96.152209, 32.158416 ], [ -96.153415, 32.158295 ], [ -96.156706, 32.156526 ], [ -96.159006, 32.154902 ], [ -96.161081, 32.156039 ], [ -96.163059, 32.155982 ], [ -96.166611, 32.158043 ], [ -96.166975, 32.158672 ], [ -96.165407, 32.162571 ], [ -96.166455, 32.166102 ], [ -96.16842, 32.166475 ], [ -96.171489, 32.168551 ], [ -96.174448, 32.167921 ], [ -96.17584, 32.168241 ], [ -96.175368, 32.169268 ], [ -96.173218, 32.170045 ], [ -96.173169, 32.17156 ], [ -96.175317, 32.173372 ], [ -96.175325, 32.175885 ], [ -96.175939, 32.177384 ], [ -96.176839, 32.178997 ], [ -96.176477, 32.181379 ], [ -96.171666, 32.185291 ], [ -96.169727, 32.184753 ], [ -96.168197, 32.183178 ], [ -96.166497, 32.183086 ], [ -96.166173, 32.18452 ], [ -96.168158, 32.185746 ], [ -96.168252, 32.186906 ], [ -96.167327, 32.187583 ], [ -96.164167, 32.187775 ], [ -96.164936, 32.188832 ], [ -96.163374, 32.190535 ], [ -96.16023, 32.190052 ], [ -96.157907, 32.191334 ], [ -96.156105, 32.194357 ], [ -96.155969, 32.195592 ], [ -96.157279, 32.197656 ], [ -96.156139, 32.19885 ], [ -96.155642, 32.200444 ], [ -96.156315, 32.201032 ], [ -96.159951, 32.200567 ], [ -96.160933, 32.201767 ], [ -96.160392, 32.20438 ], [ -96.157895, 32.205756 ], [ -96.156011, 32.205708 ], [ -96.152241, 32.206424 ], [ -96.150517, 32.206256 ], [ -96.14739, 32.207338 ], [ -96.14621, 32.211249 ], [ -96.146799, 32.211937 ], [ -96.150479, 32.214127 ], [ -96.15186, 32.213715 ], [ -96.155392, 32.21497 ], [ -96.162177, 32.211685 ], [ -96.164109, 32.211392 ], [ -96.167332, 32.20984 ], [ -96.170894, 32.206981 ], [ -96.17534, 32.20636 ], [ -96.175035, 32.20456 ], [ -96.175848, 32.203939 ], [ -96.179349, 32.203553 ], [ -96.18141, 32.204562 ], [ -96.183368, 32.201761 ], [ -96.186147, 32.202962 ], [ -96.189536, 32.202316 ], [ -96.193685, 32.204221 ], [ -96.196965, 32.206942 ], [ -96.197202, 32.209274 ], [ -96.196348, 32.21026 ], [ -96.194214, 32.211207 ], [ -96.196449, 32.212962 ], [ -96.196096, 32.213974 ], [ -96.194155, 32.215481 ], [ -96.193977, 32.216409 ], [ -96.195159, 32.217709 ], [ -96.195947, 32.219538 ], [ -96.197414, 32.219984 ], [ -96.197769, 32.217633 ], [ -96.197263, 32.215981 ], [ -96.198155, 32.214799 ], [ -96.20032, 32.214311 ], [ -96.202945, 32.214371 ], [ -96.204163, 32.215936 ], [ -96.203935, 32.217499 ], [ -96.204655, 32.218217 ], [ -96.209099, 32.218653 ], [ -96.20989, 32.220172 ], [ -96.208179, 32.221456 ], [ -96.208629, 32.223508 ], [ -96.211104, 32.226435 ], [ -96.214894, 32.224002 ], [ -96.216279, 32.225095 ], [ -96.215705, 32.227062 ], [ -96.217149, 32.233353 ], [ -96.218379, 32.233833 ], [ -96.22032, 32.232954 ], [ -96.221995, 32.233508 ], [ -96.222574, 32.234492 ], [ -96.224236, 32.235166 ], [ -96.2278, 32.235573 ], [ -96.229373, 32.236182 ], [ -96.229815, 32.237394 ], [ -96.232214, 32.24089 ], [ -96.235891, 32.241906 ], [ -96.236135, 32.242944 ], [ -96.233193, 32.243396 ], [ -96.233197, 32.245204 ], [ -96.234517, 32.247401 ], [ -96.233967, 32.250009 ], [ -96.235083, 32.250896 ], [ -96.236582, 32.250901 ], [ -96.238039, 32.250143 ], [ -96.240153, 32.250659 ], [ -96.243126, 32.250285 ], [ -96.246616, 32.25045 ], [ -96.248927, 32.251041 ], [ -96.254399, 32.250582 ], [ -96.255314, 32.249234 ], [ -96.252044, 32.248569 ], [ -96.251034, 32.247078 ], [ -96.25655, 32.245061 ], [ -96.257758, 32.24575 ], [ -96.257391, 32.247408 ], [ -96.259589, 32.24985 ], [ -96.259487, 32.251088 ], [ -96.260529, 32.251313 ], [ -96.260853, 32.249739 ], [ -96.262248, 32.249739 ], [ -96.264676, 32.252216 ], [ -96.266714, 32.255859 ], [ -96.267044, 32.258649 ], [ -96.268671, 32.258961 ], [ -96.272605, 32.255601 ], [ -96.272213, 32.252833 ], [ -96.273668, 32.252617 ], [ -96.27664, 32.255787 ], [ -96.277734, 32.260646 ], [ -96.278898, 32.260355 ], [ -96.282151, 32.258265 ], [ -96.282295, 32.257045 ], [ -96.280369, 32.25513 ], [ -96.281547, 32.253909 ], [ -96.28507, 32.254592 ], [ -96.285895, 32.25598 ], [ -96.285646, 32.259666 ], [ -96.284595, 32.263643 ], [ -96.284881, 32.265829 ], [ -96.28561, 32.266895 ], [ -96.288597, 32.267223 ], [ -96.28989, 32.268142 ], [ -96.289359, 32.270444 ], [ -96.287632, 32.271575 ], [ -96.285529, 32.271428 ], [ -96.284731, 32.271911 ], [ -96.283853, 32.274479 ], [ -96.284013, 32.279225 ], [ -96.28519, 32.280402 ], [ -96.287126, 32.285483 ], [ -96.288199, 32.287105 ], [ -96.290902, 32.289169 ], [ -96.293299, 32.289527 ], [ -96.293651, 32.290409 ], [ -96.291781, 32.291334 ], [ -96.28955, 32.29181 ], [ -96.288882, 32.293212 ], [ -96.292936, 32.293716 ], [ -96.295947, 32.293377 ], [ -96.297456, 32.293292 ], [ -96.300485, 32.294372 ], [ -96.300048, 32.295404 ], [ -96.297573, 32.296503 ], [ -96.296572, 32.298154 ], [ -96.29868, 32.301156 ], [ -96.300416, 32.301354 ], [ -96.301909, 32.297697 ], [ -96.303033, 32.297366 ], [ -96.304294, 32.297991 ], [ -96.304816, 32.299837 ], [ -96.30426, 32.302038 ], [ -96.306448, 32.301513 ], [ -96.307494, 32.300527 ], [ -96.307191, 32.298789 ], [ -96.308046, 32.298488 ], [ -96.310108, 32.298299 ], [ -96.311345, 32.298859 ], [ -96.309661, 32.299935 ], [ -96.312635, 32.30313 ], [ -96.314065, 32.302543 ], [ -96.315162, 32.300297 ], [ -96.317433, 32.300985 ], [ -96.315839, 32.302539 ], [ -96.320046, 32.303975 ], [ -96.323116, 32.306204 ], [ -96.324404, 32.306121 ], [ -96.323279, 32.304232 ], [ -96.324398, 32.303131 ], [ -96.328212, 32.302995 ], [ -96.330988, 32.303481 ], [ -96.336632, 32.30566 ], [ -96.339016, 32.305973 ], [ -96.339532, 32.308569 ], [ -96.342357, 32.307689 ], [ -96.34539, 32.309039 ], [ -96.343742, 32.310499 ], [ -96.345317, 32.312767 ], [ -96.348828, 32.313351 ], [ -96.349846, 32.312561 ], [ -96.353071, 32.311657 ], [ -96.356036, 32.314987 ], [ -96.359331, 32.316654 ], [ -96.364369, 32.316417 ], [ -96.367216, 32.317717 ], [ -96.374721, 32.324884 ], [ -96.381298, 32.327513 ], [ -96.38291, 32.328929 ], [ -96.385201, 32.331959 ], [ -96.38821, 32.332718 ], [ -96.390805, 32.33386 ], [ -96.394234, 32.332684 ], [ -96.396563, 32.33083 ], [ -96.400411, 32.328803 ], [ -96.403368, 32.328668 ], [ -96.404928, 32.327786 ], [ -96.406948, 32.32788 ], [ -96.408118, 32.328502 ], [ -96.410886, 32.331911 ], [ -96.412136, 32.332735 ], [ -96.415677, 32.33305 ], [ -96.416442, 32.335017 ], [ -96.417533, 32.335536 ], [ -96.420389, 32.33484 ], [ -96.420013, 32.33261 ], [ -96.42164, 32.332322 ], [ -96.423259, 32.333239 ], [ -96.423764, 32.335319 ], [ -96.425216, 32.336172 ], [ -96.426273, 32.336011 ], [ -96.426226, 32.334423 ], [ -96.427772, 32.333742 ], [ -96.429131, 32.332237 ], [ -96.430226, 32.332211 ], [ -96.431045, 32.333383 ], [ -96.431399, 32.337229 ], [ -96.430279, 32.33844 ], [ -96.430525, 32.339365 ], [ -96.432871, 32.339259 ], [ -96.433833, 32.340739 ], [ -96.436919, 32.34136 ], [ -96.437108, 32.342399 ], [ -96.436293, 32.345413 ], [ -96.43733, 32.345886 ], [ -96.439307, 32.345478 ], [ -96.440752, 32.343777 ], [ -96.44177, 32.344349 ], [ -96.440946, 32.34596 ], [ -96.443784, 32.346336 ], [ -96.447128, 32.345753 ], [ -96.449104, 32.344497 ], [ -96.450997, 32.344409 ], [ -96.452043, 32.345375 ], [ -96.45202, 32.347639 ], [ -96.453882, 32.348844 ], [ -96.454555, 32.35232 ], [ -96.453082, 32.352849 ], [ -96.450527, 32.350937 ], [ -96.449312, 32.350957 ], [ -96.449264, 32.353009 ], [ -96.448437, 32.354495 ], [ -96.450469, 32.354783 ], [ -96.453664, 32.357182 ], [ -96.452372, 32.358659 ], [ -96.450802, 32.35855 ], [ -96.330324, 32.358849 ], [ -96.249701, 32.358716 ], [ -96.249739, 32.354993 ], [ -96.2409, 32.354858 ], [ -96.2394, 32.354849 ], [ -96.239274, 32.354848 ], [ -96.238909, 32.354912 ], [ -96.231509, 32.354709 ], [ -96.215014, 32.35503 ], [ -96.20745, 32.355079 ], [ -96.196928, 32.35481 ], [ -96.195748, 32.35532 ], [ -96.195616, 32.358197 ], [ -96.167668, 32.357996 ], [ -96.155313, 32.357905 ], [ -96.150546, 32.357849 ], [ -96.144858, 32.357827 ], [ -96.115223, 32.357572 ], [ -96.105405, 32.357545 ], [ -96.10389, 32.357543 ], [ -96.097943, 32.35749 ], [ -96.092769, 32.357551 ], [ -96.087552, 32.357549 ], [ -96.085701, 32.357549 ], [ -96.085377, 32.357563 ], [ -96.075899, 32.357505 ], [ -96.075871, 32.364161 ], [ -96.075852, 32.368684 ], [ -96.075852, 32.368874 ], [ -96.075797, 32.38109 ], [ -96.075802, 32.386201 ], [ -96.075803, 32.386854 ], [ -96.075807, 32.391256 ], [ -96.075807, 32.391433 ], [ -96.075807, 32.39158 ], [ -96.075809, 32.39373 ], [ -96.075856, 32.432769 ], [ -96.075912, 32.4797 ], [ -96.075965, 32.500089 ], [ -96.075537, 32.506887 ], [ -96.075708, 32.547542 ], [ -96.075729, 32.548585 ], [ -96.075799, 32.563623 ], [ -96.075808, 32.565672 ], [ -96.075905, 32.590984 ], [ -96.075921, 32.650658 ], [ -96.076172, 32.712802 ], [ -96.076425, 32.770049 ], [ -96.076504, 32.794773 ], [ -96.076619, 32.823653 ], [ -96.07662, 32.837024 ], [ -96.076801, 32.838489 ], [ -96.028939, 32.838167 ], [ -95.978877, 32.837729 ], [ -95.977795, 32.837606 ], [ -95.934433, 32.837217 ], [ -95.935328, 32.838047 ], [ -95.934939, 32.840339 ], [ -95.937301, 32.841064 ], [ -95.938102, 32.842968 ], [ -95.939815, 32.841431 ], [ -95.9415, 32.84131 ], [ -95.941225, 32.842714 ], [ -95.943081, 32.84134 ], [ -95.943653, 32.842542 ], [ -95.942997, 32.843826 ], [ -95.944074, 32.845188 ], [ -95.947301, 32.844797 ], [ -95.946814, 32.843266 ], [ -95.949032, 32.842416 ], [ -95.95012, 32.845246 ], [ -95.951453, 32.84485 ], [ -95.952587, 32.845987 ], [ -95.955939, 32.844942 ], [ -95.956777, 32.845207 ], [ -95.957892, 32.846044 ], [ -95.958674, 32.848216 ], [ -95.958486, 32.850451 ], [ -95.961248, 32.851425 ], [ -95.961735, 32.852707 ], [ -95.96385, 32.854101 ], [ -95.966298, 32.854155 ], [ -95.968642, 32.856032 ], [ -95.968025, 32.857808 ], [ -95.970977, 32.858491 ], [ -95.971103, 32.860571 ], [ -95.974181, 32.861722 ], [ -95.974772, 32.862761 ], [ -95.978089, 32.865018 ], [ -95.980396, 32.867379 ], [ -95.980112, 32.868671 ], [ -95.982284, 32.869515 ], [ -95.984859, 32.87228 ], [ -95.9866, 32.873064 ], [ -95.986282, 32.875121 ], [ -95.987259, 32.876415 ], [ -95.986106, 32.877511 ], [ -95.98664, 32.879621 ], [ -95.986073, 32.880436 ], [ -95.9828, 32.881808 ], [ -95.983335, 32.884542 ], [ -95.982932, 32.885427 ], [ -95.979739, 32.886491 ], [ -95.978133, 32.886237 ], [ -95.977365, 32.887521 ], [ -95.976813, 32.889694 ], [ -95.97737, 32.891029 ], [ -95.976427, 32.89159 ], [ -95.977501, 32.892473 ], [ -95.977372, 32.893783 ], [ -95.97452, 32.895289 ], [ -95.974561, 32.897607 ], [ -95.973494, 32.897652 ], [ -95.972662, 32.899092 ], [ -95.973744, 32.899863 ], [ -95.972119, 32.900731 ], [ -95.972534, 32.902081 ], [ -95.970436, 32.907908 ], [ -95.968411, 32.913556 ], [ -95.968131, 32.914655 ], [ -95.968057, 32.914946 ], [ -95.967347, 32.917058 ], [ -95.966078, 32.920725 ], [ -95.9453, 32.979877 ], [ -95.94019, 32.980006 ], [ -95.925181, 32.979805 ], [ -95.92355, 32.979796 ], [ -95.898203, 32.979796 ], [ -95.896895, 32.979594 ], [ -95.871835, 32.979382 ], [ -95.862521, 32.979571 ], [ -95.817072, 32.979581 ], [ -95.799171, 32.97965 ], [ -95.778729, 32.979828 ], [ -95.750239, 32.980227 ], [ -95.747988, 32.980072 ], [ -95.721338, 32.979771 ], [ -95.712186, 32.979543 ], [ -95.683141, 32.979629 ], [ -95.667728, 32.979554 ], [ -95.667704, 32.978333 ], [ -95.665389, 32.960434 ], [ -95.625357, 32.960653 ], [ -95.58106, 32.960988 ], [ -95.563263, 32.9611 ], [ -95.522469, 32.961439 ], [ -95.520591, 32.96136 ], [ -95.515196, 32.961394 ], [ -95.509755, 32.961446 ], [ -95.469998, 32.961672 ], [ -95.427096, 32.961893 ], [ -95.417576, 32.961866 ], [ -95.397889, 32.962108 ], [ -95.388979, 32.962113 ], [ -95.323185, 32.962452 ], [ -95.308957, 32.962572 ], [ -95.301241, 32.962587 ], [ -95.288268, 32.962452 ], [ -95.276347, 32.962398 ], [ -95.271942, 32.96237 ], [ -95.231193, 32.962196 ], [ -95.184049, 32.961931 ], [ -95.172947, 32.961829 ], [ -95.17259, 32.963292 ], [ -95.174246, 32.963666 ], [ -95.175837, 32.965325 ], [ -95.175178, 32.966617 ], [ -95.173561, 32.967425 ], [ -95.173933, 32.969184 ], [ -95.172648, 32.969437 ], [ -95.171748, 32.972513 ], [ -95.169466, 32.972624 ], [ -95.167738, 32.973674 ], [ -95.167373, 32.974784 ], [ -95.165038, 32.975322 ], [ -95.164895, 32.97685 ], [ -95.163936, 32.977058 ], [ -95.164438, 32.978499 ], [ -95.16254, 32.98019 ], [ -95.162005, 32.982956 ], [ -95.163967, 32.984758 ], [ -95.162585, 32.984977 ], [ -95.161834, 32.986483 ], [ -95.163588, 32.988507 ], [ -95.161371, 32.989589 ], [ -95.161853, 32.992063 ], [ -95.162681, 32.9927 ], [ -95.161435, 32.994717 ], [ -95.159654, 32.9947 ], [ -95.158871, 32.995486 ], [ -95.157613, 32.994695 ], [ -95.158636, 32.997267 ], [ -95.157527, 32.99775 ], [ -95.156103, 33.000763 ], [ -95.156263, 33.001409 ], [ -95.154135, 33.002889 ], [ -95.152138, 33.002735 ], [ -95.151695, 33.006054 ], [ -95.153158, 33.008311 ], [ -95.154411, 33.007866 ], [ -95.15365, 33.012448 ], [ -95.152206, 33.01345 ], [ -95.150535, 33.011412 ], [ -95.149962, 33.005998 ], [ -95.150309, 33.000121 ], [ -95.152248, 32.990285 ], [ -95.152188, 32.974817 ], [ -95.152201, 32.953201 ], [ -95.152586, 32.949289 ], [ -95.152301, 32.948216 ], [ -95.152297, 32.941335 ], [ -95.152266, 32.922713 ], [ -95.15255, 32.916359 ], [ -95.152103, 32.907884 ], [ -95.15211, 32.902641 ], [ -95.152117, 32.897036 ], [ -95.152118, 32.896414 ], [ -95.152107, 32.891251 ], [ -95.152282, 32.865211 ], [ -95.152237, 32.849292 ], [ -95.152265, 32.813325 ], [ -95.152436, 32.780191 ], [ -95.152451, 32.759591 ], [ -95.152527, 32.728664 ], [ -95.152611, 32.703097 ], [ -95.15263, 32.69959 ], [ -95.15265, 32.696032 ], [ -95.15274, 32.660949 ], [ -95.152879, 32.625593 ], [ -95.152964, 32.607121 ], [ -95.15341, 32.570115 ], [ -95.150507, 32.572116 ], [ -95.150769, 32.570197 ], [ -95.148413, 32.568748 ], [ -95.145888, 32.569741 ], [ -95.144291, 32.567031 ], [ -95.144309, 32.5638 ], [ -95.142603, 32.561906 ], [ -95.140693, 32.559677 ], [ -95.141469, 32.555177 ], [ -95.140665, 32.551101 ], [ -95.139766, 32.549973 ], [ -95.135434, 32.548014 ], [ -95.131344, 32.548972 ], [ -95.126058, 32.549128 ], [ -95.122633, 32.549815 ], [ -95.121432, 32.549109 ], [ -95.121946, 32.546809 ], [ -95.120002, 32.542994 ], [ -95.118786, 32.542496 ], [ -95.117559, 32.542811 ], [ -95.117048, 32.544556 ], [ -95.114687, 32.545319 ], [ -95.113067, 32.548219 ], [ -95.114133, 32.549107 ], [ -95.112711, 32.550919 ], [ -95.110815, 32.551769 ], [ -95.109334, 32.551803 ], [ -95.103272, 32.55106 ], [ -95.099015, 32.552399 ], [ -95.098949, 32.549979 ], [ -95.097559, 32.549658 ], [ -95.096479, 32.550443 ], [ -95.097507, 32.553573 ], [ -95.098746, 32.555523 ], [ -95.097977, 32.556078 ], [ -95.095577, 32.555169 ], [ -95.094386, 32.557372 ], [ -95.093259, 32.557682 ], [ -95.09011, 32.557172 ], [ -95.087063, 32.556068 ], [ -95.085054, 32.55784 ], [ -95.084515, 32.557437 ], [ -95.085968, 32.554626 ], [ -95.085742, 32.553413 ], [ -95.08442, 32.552981 ], [ -95.082677, 32.553904 ], [ -95.08149, 32.555869 ], [ -95.079116, 32.556119 ], [ -95.078983, 32.553111 ], [ -95.080107, 32.551053 ], [ -95.083552, 32.546447 ], [ -95.083871, 32.542541 ], [ -95.083043, 32.541705 ], [ -95.07994, 32.541293 ], [ -95.076242, 32.539337 ], [ -95.07579, 32.537222 ], [ -95.074901, 32.537111 ], [ -95.072427, 32.538518 ], [ -95.072326, 32.540422 ], [ -95.0714, 32.541134 ], [ -95.068841, 32.538671 ], [ -95.065935, 32.537692 ], [ -95.063305, 32.538128 ], [ -95.061265, 32.538029 ], [ -95.058772, 32.538707 ], [ -95.056437, 32.540522 ], [ -95.054971, 32.540215 ], [ -95.054201, 32.538683 ], [ -95.050738, 32.538203 ], [ -95.047836, 32.539169 ], [ -95.047465, 32.540369 ], [ -95.046144, 32.540824 ], [ -95.044855, 32.542237 ], [ -95.043525, 32.541088 ], [ -95.044514, 32.539851 ], [ -95.046264, 32.539246 ], [ -95.044939, 32.538162 ], [ -95.043316, 32.535764 ], [ -95.04327, 32.532469 ], [ -95.04076, 32.532285 ], [ -95.038064, 32.533073 ], [ -95.031484, 32.535482 ], [ -95.029025, 32.536164 ], [ -95.027242, 32.536123 ], [ -95.024817, 32.537 ], [ -95.024172, 32.538321 ], [ -95.027224, 32.539724 ], [ -95.028061, 32.540685 ], [ -95.027081, 32.542961 ], [ -95.026597, 32.545819 ], [ -95.025871, 32.546819 ], [ -95.02417, 32.547421 ], [ -95.020974, 32.546726 ], [ -95.019451, 32.543414 ], [ -95.018664, 32.542986 ], [ -95.01544, 32.543143 ], [ -95.017069, 32.53954 ], [ -95.017119, 32.537799 ], [ -95.015396, 32.533161 ], [ -95.015439, 32.53228 ], [ -95.017395, 32.526947 ], [ -95.018259, 32.525801 ], [ -95.022478, 32.522109 ], [ -95.020694, 32.520314 ], [ -95.017471, 32.518395 ], [ -95.014209, 32.51708 ], [ -95.011602, 32.516477 ], [ -95.008686, 32.516813 ], [ -95.006361, 32.519674 ], [ -95.004776, 32.52091 ], [ -94.998538, 32.521915 ], [ -94.997778, 32.523032 ], [ -94.993959, 32.526584 ], [ -94.99182, 32.52961 ], [ -94.990013, 32.534262 ], [ -94.988337, 32.536758 ], [ -94.986935, 32.537246 ], [ -94.986585, 32.537324 ], [ -94.981934, 32.537618 ], [ -94.974487, 32.536042 ], [ -94.973363, 32.537649 ], [ -94.972708, 32.537759 ], [ -94.972207, 32.537429 ], [ -94.971523, 32.537697 ], [ -94.95985, 32.542158 ], [ -94.959401, 32.542312 ], [ -94.959097, 32.542415 ], [ -94.951262, 32.545102 ], [ -94.946148, 32.547179 ], [ -94.922514, 32.555256 ], [ -94.914954, 32.557833 ], [ -94.904728, 32.561225 ], [ -94.902055, 32.561226 ], [ -94.902044, 32.562102 ], [ -94.901105, 32.562409 ], [ -94.895466, 32.564645 ], [ -94.894719, 32.564912 ], [ -94.889611, 32.566743 ], [ -94.879138, 32.570099 ], [ -94.877823, 32.570831 ], [ -94.876745, 32.57103 ], [ -94.876346, 32.571008 ], [ -94.872944, 32.572099 ], [ -94.868099, 32.574081 ], [ -94.867352, 32.574337 ], [ -94.866675, 32.574572 ], [ -94.862896, 32.575868 ], [ -94.862434, 32.576104 ], [ -94.859859, 32.57692 ], [ -94.859417, 32.577072 ], [ -94.856101, 32.578477 ], [ -94.854965, 32.578958 ], [ -94.848939, 32.58106 ], [ -94.84762, 32.581519 ], [ -94.840858, 32.583852 ], [ -94.829709, 32.58773 ], [ -94.828319, 32.588172 ], [ -94.828221, 32.588203 ], [ -94.828037, 32.588259 ], [ -94.820013, 32.59088 ], [ -94.818752, 32.59227 ], [ -94.817288, 32.593894 ], [ -94.802642, 32.610324 ], [ -94.774927, 32.641394 ], [ -94.773477, 32.643863 ], [ -94.766387, 32.650962 ], [ -94.758502, 32.659793 ], [ -94.75507, 32.660732 ], [ -94.753004, 32.660708 ], [ -94.75167, 32.662556 ], [ -94.749589, 32.660705 ], [ -94.747372, 32.660426 ], [ -94.747488, 32.662922 ], [ -94.746713, 32.664791 ], [ -94.747077, 32.666215 ], [ -94.745629, 32.667507 ], [ -94.744336, 32.666053 ], [ -94.741298, 32.664523 ], [ -94.736905, 32.663482 ], [ -94.735538, 32.660331 ], [ -94.734213, 32.661333 ], [ -94.731956, 32.657964 ], [ -94.729311, 32.658548 ], [ -94.727919, 32.65542 ], [ -94.724975, 32.654575 ], [ -94.723851, 32.65457 ], [ -94.722129, 32.655817 ], [ -94.719562, 32.654411 ], [ -94.718133, 32.656104 ], [ -94.716053, 32.655886 ], [ -94.715878, 32.656947 ], [ -94.714007, 32.656616 ], [ -94.714403, 32.657579 ], [ -94.712018, 32.65804 ], [ -94.711407, 32.656799 ], [ -94.710706, 32.657959 ], [ -94.708466, 32.656998 ], [ -94.708671, 32.655678 ], [ -94.706351, 32.656025 ], [ -94.70372, 32.657828 ], [ -94.702673, 32.656405 ], [ -94.703128, 32.654041 ], [ -94.70179, 32.652209 ], [ -94.70183, 32.607808 ], [ -94.701852, 32.58458 ], [ -94.701918, 32.538431 ], [ -94.702004, 32.532029 ], [ -94.701996, 32.530262 ], [ -94.701987, 32.528379 ], [ -94.702003, 32.517727 ], [ -94.701942, 32.503918 ], [ -94.701958, 32.49134 ], [ -94.701972, 32.481011 ], [ -94.702097, 32.472168 ], [ -94.701971, 32.467694 ], [ -94.70215, 32.456126 ], [ -94.702195, 32.452408 ], [ -94.701986, 32.421782 ], [ -94.700565, 32.423475 ], [ -94.692944, 32.427442 ], [ -94.691674, 32.427243 ], [ -94.690389, 32.425801 ], [ -94.689197, 32.42582 ], [ -94.686597, 32.426968 ], [ -94.684295, 32.427161 ], [ -94.680483, 32.4248 ], [ -94.676589, 32.42438 ], [ -94.67192, 32.42182 ], [ -94.671847, 32.420998 ], [ -94.67289, 32.420059 ], [ -94.67597, 32.41872 ], [ -94.674718, 32.417304 ], [ -94.673505, 32.417359 ], [ -94.672337, 32.418682 ], [ -94.672143, 32.417875 ], [ -94.673789, 32.416307 ], [ -94.673942, 32.413509 ], [ -94.671813, 32.41199 ], [ -94.670719, 32.411813 ], [ -94.669109, 32.413072 ], [ -94.667923, 32.412741 ], [ -94.669179, 32.409912 ], [ -94.668961, 32.408979 ], [ -94.667441, 32.40908 ], [ -94.666733, 32.410035 ], [ -94.664679, 32.410781 ], [ -94.660584, 32.410456 ], [ -94.658333, 32.408946 ], [ -94.657975, 32.407431 ], [ -94.656496, 32.406142 ], [ -94.654148, 32.40567 ], [ -94.653585, 32.402701 ], [ -94.648669, 32.401169 ], [ -94.645865, 32.399506 ], [ -94.641305, 32.398104 ], [ -94.636652, 32.397835 ], [ -94.632202, 32.398644 ], [ -94.629375, 32.398762 ], [ -94.625093, 32.398391 ], [ -94.620843, 32.398535 ], [ -94.617317, 32.397556 ], [ -94.608256, 32.397846 ], [ -94.604144, 32.399391 ], [ -94.599837, 32.399836 ], [ -94.597801, 32.399205 ], [ -94.5966, 32.398363 ], [ -94.594628, 32.395873 ], [ -94.591119, 32.392215 ], [ -94.589385, 32.391442 ], [ -94.588653, 32.391381 ], [ -94.586342, 32.391951 ], [ -94.579219, 32.394916 ], [ -94.579201, 32.394925 ] ] ] } }
]
}
