{
"type": "FeatureCollection",
"name": "TX_Federal_Divisions",
"crs": { "type": "name", "properties": { "name": "urn:ogc:def:crs:EPSG::4269" } },
"features": [
{ "type": "Feature", "properties": { "FederalDivisionName": "Abilene", "FederalJudicialDistrict": "Northern" }, "geometry": { "type": "Polygon", "coordinates": [ [ [ -99.713971, 32.082089 ], [ -99.86265, 32.08152 ], [ -99.881569, 32.081577 ], [ -99.91292, 32.081803 ], [ -99.962669, 32.082068 ], [ -100.151911, 32.082638 ], [ -100.235137, 32.082372 ], [ -100.250373, 32.081592 ], [ -100.314026, 32.081377 ], [ -100.31632, 32.081384 ], [ -100.325082, 32.081414 ], [ -100.411476, 32.0823 ], [ -100.444064, 32.082619 ], [ -100.512466, 32.083307 ], [ -100.530895, 32.083531 ], [ -100.618581, 32.084788 ], [ -100.625382, 32.085388 ], [ -100.665353, 32.085407 ], [ -100.73726, 32.085521 ], [ -100.750385, 32.086255 ], [ -100.790833, 32.086573 ], [ -100.821594, 32.08661 ], [ -100.858628, 32.086689 ], [ -100.862291, 32.086509 ], [ -100.95153, 32.086741 ], [ -100.954494, 32.086645 ], [ -100.972005, 32.086691 ], [ -100.973807, 32.086782 ], [ -100.99439, 32.086865 ], [ -100.997512, 32.086706 ], [ -101.138984, 32.087012 ], [ -101.183997, 32.087208 ], [ -101.264216, 32.087136 ], [ -101.271174, 32.087147 ], [ -101.271795, 32.087197 ], [ -101.541742, 32.08715 ], [ -101.542703, 32.087097 ], [ -101.560618, 32.087136 ], [ -101.695011, 32.087532 ], [ -101.693448, 32.196112 ], [ -101.692545, 32.249274 ], [ -101.692441, 32.250119 ], [ -101.692342, 32.265213 ], [ -101.692269, 32.271062 ], [ -101.691866, 32.299196 ], [ -101.691853, 32.300048 ], [ -101.68874, 32.525222 ], [ -101.611899, 32.524986 ], [ -101.607375, 32.524982 ], [ -101.517447, 32.52491 ], [ -101.374973, 32.524436 ], [ -101.328387, 32.52432 ], [ -101.250402, 32.524098 ], [ -101.248843, 32.52398 ], [ -101.174571, 32.524112 ], [ -101.174562, 32.527703 ], [ -101.170746, 32.527731 ], [ -101.034427, 32.527928 ], [ -101.000395, 32.52786 ], [ -100.998913, 32.52772 ], [ -100.985224, 32.527535 ], [ -100.96935, 32.52732 ], [ -100.946798, 32.527018 ], [ -100.937129, 32.526889 ], [ -100.927061, 32.526753 ], [ -100.926882, 32.526753 ], [ -100.922325, 32.526692 ], [ -100.904192, 32.526449 ], [ -100.817834, 32.525679 ], [ -100.800619, 32.525556 ], [ -100.783395, 32.525427 ], [ -100.697858, 32.52527 ], [ -100.660626, 32.525312 ], [ -100.660612, 32.533268 ], [ -100.66061, 32.534157 ], [ -100.660421, 32.615972 ], [ -100.659104, 32.683253 ], [ -100.659011, 32.709021 ], [ -100.659057, 32.733158 ], [ -100.659061, 32.733756 ], [ -100.65587, 32.963469 ], [ -100.592397, 32.962937 ], [ -100.519208, 32.962926 ], [ -100.518975, 32.993622 ], [ -100.518155, 33.0001 ], [ -100.518257, 33.024607 ], [ -100.517757, 33.074179 ], [ -100.517481, 33.181463 ], [ -100.517108, 33.218254 ], [ -100.517139, 33.218447 ], [ -100.517449, 33.397866 ], [ -100.257176, 33.397551 ], [ -100.250384, 33.398035 ], [ -100.004139, 33.397649 ], [ -100.000375, 33.39739 ], [ -99.99098, 33.397404 ], [ -99.801036, 33.398016 ], [ -99.719757, 33.398408 ], [ -99.553575, 33.398768 ], [ -99.539735, 33.39879 ], [ -99.472444, 33.399023 ], [ -99.434349, 33.398912 ], [ -99.125349, 33.398219 ], [ -99.125018, 33.398164 ], [ -99.013723, 33.39777 ], [ -99.00709, 33.397761 ], [ -98.953938, 33.397534 ], [ -98.953853, 33.33289 ], [ -98.953502, 33.285936 ], [ -98.952606, 33.16713 ], [ -98.952578, 33.163823 ], [ -98.952128, 33.111316 ], [ -98.951665, 33.055525 ], [ -98.95131, 33.014297 ], [ -98.950875, 32.956918 ], [ -98.936681, 32.957002 ], [ -98.883512, 32.957234 ], [ -98.858278, 32.957205 ], [ -98.840823, 32.957183 ], [ -98.831894, 32.957158 ], [ -98.81871, 32.957121 ], [ -98.774296, 32.957033 ], [ -98.707253, 32.956421 ], [ -98.575616, 32.954349 ], [ -98.575698, 32.880871 ], [ -98.575669, 32.857295 ], [ -98.57585, 32.75113 ], [ -98.576023, 32.733834 ], [ -98.576028, 32.679935 ], [ -98.575997, 32.623995 ], [ -98.576131, 32.572477 ], [ -98.576256, 32.515163 ], [ -98.572498, 32.515261 ], [ -98.500409, 32.513388 ], [ -98.495775, 32.513026 ], [ -98.475177, 32.513039 ], [ -98.475125, 32.460167 ], [ -98.475235, 32.459884 ], [ -98.475326, 32.408208 ], [ -98.475202, 32.392833 ], [ -98.475372, 32.388087 ], [ -98.47554, 32.376289 ], [ -98.475232, 32.373379 ], [ -98.475039, 32.348111 ], [ -98.474685, 32.299084 ], [ -98.500329, 32.286627 ], [ -98.520887, 32.2764 ], [ -98.534527, 32.269639 ], [ -98.53768, 32.268083 ], [ -98.551158, 32.261436 ], [ -98.555, 32.259537 ], [ -98.585519, 32.243327 ], [ -98.588784, 32.241779 ], [ -98.622177, 32.224514 ], [ -98.625331, 32.223054 ], [ -98.660238, 32.204451 ], [ -98.70255, 32.184241 ], [ -98.711206, 32.180116 ], [ -98.750333, 32.161508 ], [ -98.756302, 32.158235 ], [ -98.781578, 32.145884 ], [ -98.787552, 32.142965 ], [ -98.824767, 32.125051 ], [ -98.835607, 32.120244 ], [ -98.847106, 32.115143 ], [ -98.887067, 32.096004 ], [ -98.924401, 32.078018 ], [ -98.929383, 32.078106 ], [ -98.954712, 32.078558 ], [ -98.963992, 32.078723 ], [ -98.971432, 32.078857 ], [ -98.979003, 32.078992 ], [ -98.996735, 32.07931 ], [ -99.000392, 32.07868 ], [ -99.00273, 32.078697 ], [ -99.054579, 32.079094 ], [ -99.067885, 32.079194 ], [ -99.118665, 32.079585 ], [ -99.120104, 32.079597 ], [ -99.12534, 32.079187 ], [ -99.147918, 32.079242 ], [ -99.155625, 32.079467 ], [ -99.195871, 32.079235 ], [ -99.210732, 32.079124 ], [ -99.246832, 32.079356 ], [ -99.250342, 32.080065 ], [ -99.311037, 32.080094 ], [ -99.406106, 32.080132 ], [ -99.422906, 32.080154 ], [ -99.457291, 32.080099 ], [ -99.499452, 32.080035 ], [ -99.500348, 32.079874 ], [ -99.631413, 32.081274 ], [ -99.713971, 32.082089 ] ] ] } },
{ "type": "Feature", "properties": { "FederalDivisionName": "Amarillo", "FederalJudicialDistrict": "Northern" }, "geometry": { "type": "Polygon", "coordinates": [ [ [ -103.043946, 34.379555 ], [ -103.043944, 34.37966 ], [ -103.043919, 34.380916 ], [ -103.043776222217005, 34.382597745387301 ], [ -103.043693, 34.383578 ], [ -103.04363, 34.38469 ], [ -103.043614, 34.384969 ], [ -103.043613, 34.388679 ], [ -103.043613, 34.390442 ], [ -103.043612422947007, 34.390509473989802 ], [ -103.043606062015996, 34.391253248544999 ], [ -103.043585, 34.393716 ], [ -103.043611, 34.397105 ], [ -103.043610217744003, 34.3972048214656 ], [ -103.043583, 34.400678 ], [ -103.043538, 34.405463 ], [ -103.043549915640995, 34.4190560386443 ], [ -103.043575550184997, 34.448299226558603 ], [ -103.043582, 34.455657 ], [ -103.043588, 34.459662 ], [ -103.043589, 34.459774 ], [ -103.043594, 34.46266 ], [ -103.043386657767002, 34.525070012152 ], [ -103.043072, 34.619782 ], [ -103.043268998041995, 34.6504520175788 ], [ -103.043277454332994, 34.651768551522501 ], [ -103.043277470411994, 34.651771054786799 ], [ -103.043286, 34.653099 ], [ -103.042827, 34.671188 ], [ -103.042800237601995, 34.706335795357703 ], [ -103.042769, 34.747361 ], [ -103.04277, 34.792224 ], [ -103.042775480950993, 34.8211330279686 ], [ -103.042781, 34.850243 ], [ -103.042521, 34.899546 ], [ -103.042552402864004, 34.954142085470899 ], [ -103.042612809138006, 35.059162635442298 ], [ -103.042617639748002, 35.067560990429101 ], [ -103.042642, 35.109913 ], [ -103.043261, 35.125058 ], [ -103.04252, 35.135596 ], [ -103.0426, 35.142766 ], [ -103.042711, 35.144735 ], [ -103.042568, 35.159318 ], [ -103.042395, 35.178573 ], [ -103.042339, 35.181922 ], [ -103.042366, 35.182786 ], [ -103.042377, 35.183149 ], [ -103.042497, 35.211862 ], [ -103.042775, 35.241237 ], [ -103.042366, 35.250056 ], [ -103.042050683906993, 35.394678522065 ], [ -103.042050534490002, 35.394747053491798 ], [ -103.041554, 35.622487 ], [ -103.041484995686005, 35.651085905415002 ], [ -103.041271829563996, 35.739432813800804 ], [ -103.041146, 35.791583 ], [ -103.041917, 35.796441 ], [ -103.041716, 35.814072 ], [ -103.042186, 35.825217 ], [ -103.041305, 35.837694 ], [ -103.040824, 36.055231 ], [ -103.041387166568995, 36.229019565229599 ], [ -103.041674, 36.317534 ], [ -103.041745, 36.318267 ], [ -103.041923915598005, 36.500353102813399 ], [ -103.041924, 36.500439 ], [ -103.002434, 36.500397 ], [ -102.792202179534996, 36.500389172021698 ], [ -102.570696000934007, 36.500380924242798 ], [ -102.382613575418006, 36.5003739209968 ], [ -102.250453, 36.500369 ], [ -102.24499, 36.500704 ], [ -102.162463, 36.500326 ], [ -102.1438, 36.500324991543501 ], [ -102.12545, 36.500324 ], [ -102.122066, 36.500684 ], [ -102.032339034055994, 36.500610093281601 ], [ -101.931657648976, 36.500527163577203 ], [ -101.930245, 36.500526 ], [ -101.914828339438998, 36.5003963382715 ], [ -101.826565, 36.499654 ], [ -101.826498, 36.499535 ], [ -101.814493093514002, 36.4995797197465 ], [ -101.78811, 36.499678 ], [ -101.787183, 36.499684048621297 ], [ -101.783359, 36.499709 ], [ -101.781987, 36.499718 ], [ -101.78061, 36.499727 ], [ -101.779435, 36.499734 ], [ -101.778134001577996, 36.499733777356496 ], [ -101.773235947556003, 36.499732939139001 ], [ -101.751677321420999, 36.499729249751901 ], [ -101.709314, 36.499722 ], [ -101.698685, 36.499508 ], [ -101.690633999472993, 36.499519635169797 ], [ -101.672774979829001, 36.499545444723097 ], [ -101.653708, 36.499573 ], [ -101.649966, 36.499573 ], [ -101.623915, 36.499528 ], [ -101.583013007147997, 36.499506439031201 ], [ -101.366842098844998, 36.499392487268103 ], [ -101.204790103731, 36.499307063606302 ], [ -101.085156, 36.499244 ], [ -101.052418, 36.499563 ], [ -101.045331, 36.49954 ], [ -100.977088, 36.499595 ], [ -100.954152945903004, 36.4995989128779 ], [ -100.936058, 36.499602 ], [ -100.918513, 36.499621 ], [ -100.884174, 36.499682 ], [ -100.88408, 36.499682 ], [ -100.859657, 36.499687 ], [ -100.85084, 36.4997 ], [ -100.824236, 36.499618 ], [ -100.824218, 36.499618 ], [ -100.80619, 36.499674 ], [ -100.806172, 36.499634 ], [ -100.806126905829004, 36.499633820341899 ], [ -100.802909, 36.499621 ], [ -100.802886, 36.499621 ], [ -100.761811, 36.499618 ], [ -100.761811, 36.49958 ], [ -100.724362, 36.49958 ], [ -100.724361, 36.499558 ], [ -100.708626, 36.499553 ], [ -100.708628, 36.499521 ], [ -100.657763, 36.499483 ], [ -100.657763, 36.4995 ], [ -100.648343, 36.499495 ], [ -100.648344, 36.499463 ], [ -100.612161000742006, 36.499466895531903 ], [ -100.592614, 36.499469 ], [ -100.592556, 36.499469 ], [ -100.592551, 36.499429 ], [ -100.583539, 36.499483 ], [ -100.583379, 36.499443 ], [ -100.578114, 36.499463 ], [ -100.578114, 36.499439 ], [ -100.546145, 36.499343 ], [ -100.531215, 36.499341 ], [ -100.531215, 36.49929 ], [ -100.530478, 36.49924 ], [ -100.530314, 36.499357 ], [ -100.522227, 36.499291 ], [ -100.522122998184997, 36.4992912550006 ], [ -100.489069748185997, 36.499372297813103 ], [ -100.486568034645998, 36.499378431730399 ], [ -100.450508913803006, 36.499466844596597 ], [ -100.441065, 36.49949 ], [ -100.441064, 36.499462 ], [ -100.433959, 36.499456 ], [ -100.424473999827995, 36.499449241627602 ], [ -100.421328, 36.499447 ], [ -100.421301, 36.499488 ], [ -100.413634, 36.499444 ], [ -100.41355, 36.499469 ], [ -100.378634, 36.499517 ], [ -100.378592, 36.499445 ], [ -100.351852, 36.499487 ], [ -100.351842, 36.499473 ], [ -100.334464, 36.49942 ], [ -100.334441, 36.49944 ], [ -100.32415, 36.499679 ], [ -100.311245, 36.499631 ], [ -100.311018, 36.499688 ], [ -100.310911387708003, 36.499674922225601 ], [ -100.310643, 36.499642 ], [ -100.258247025540996, 36.499638356386299 ], [ -100.253333137412, 36.499638014674701 ], [ -100.181221, 36.499633 ], [ -100.090021, 36.499634 ], [ -100.025724867048993, 36.499682788004698 ], [ -100.003761886524003, 36.499699453548097 ], [ -100.000406, 36.499702 ], [ -100.000402433432996, 36.273466999320497 ], [ -100.000402224683995, 36.260225587313002 ], [ -100.000401313984995, 36.202457999994998 ], [ -100.000400703064003, 36.163705999988899 ], [ -100.000399, 36.055677 ], [ -100.000398790976007, 36.0426410036671 ], [ -100.000396202898997, 35.881232999996698 ], [ -100.000394036974996, 35.746153000276699 ], [ -100.000392093753007, 35.624961999982503 ], [ -100.000392, 35.619115 ], [ -100.000390930799, 35.552455999707803 ], [ -100.000388942770996, 35.428512953191898 ], [ -100.000388844143004, 35.422363988309499 ], [ -100.000388841577006, 35.422203994889301 ], [ -100.000386884967995, 35.300219822563598 ], [ -100.000386882596999, 35.300072000001897 ], [ -100.000385600949002, 35.220167997680598 ], [ -100.000385585790994, 35.219222997921399 ], [ -100.000385, 35.182702 ], [ -100.000384602330001, 35.139332000003598 ], [ -100.000383599195999, 35.029930000203898 ], [ -100.000381979734001, 34.853311000000197 ], [ -100.000381, 34.746461 ], [ -100.000381, 34.746358 ], [ -100.000381, 34.616297 ], [ -100.000381, 34.570426199215703 ], [ -100.000381, 34.560509 ], [ -99.997501410946697, 34.560423887043399 ], [ -99.997831, 34.463389 ], [ -99.997816, 34.448965 ], [ -99.99784, 34.441912 ], [ -99.997812, 34.400871 ], [ -99.998006, 34.396821 ], [ -99.997832, 34.390816 ], [ -99.99772, 34.311829 ], [ -100.000404, 34.311929 ], [ -100.024285, 34.312002 ], [ -100.12318, 34.31229 ], [ -100.134601, 34.311976 ], [ -100.24152, 34.312229 ], [ -100.350099, 34.312713 ], [ -100.350774, 34.312571 ], [ -100.359546, 34.312561 ], [ -100.375394, 34.312718 ], [ -100.399581, 34.31354 ], [ -100.417783, 34.313524 ], [ -100.469748, 34.313554 ], [ -100.494809, 34.313644 ], [ -100.498193, 34.313527 ], [ -100.500398, 34.314074 ], [ -100.503373, 34.314079 ], [ -100.51734, 34.314102 ], [ -100.624038, 34.314191 ], [ -100.625404, 34.313399 ], [ -100.627316, 34.313392 ], [ -100.670188, 34.313244 ], [ -100.672837, 34.313474 ], [ -100.682694, 34.313391 ], [ -100.723385, 34.313319 ], [ -100.769851, 34.313257 ], [ -100.946132, 34.312759 ], [ -100.963587, 34.312754 ], [ -100.963904, 34.312687 ], [ -101.041484, 34.312444 ], [ -101.153749, 34.312322 ], [ -101.171406, 34.312295 ], [ -101.172535, 34.312237 ], [ -101.193326, 34.312258 ], [ -101.223344, 34.312285 ], [ -101.258921, 34.312235 ], [ -101.268048, 34.312536 ], [ -101.274825, 34.31224 ], [ -101.47158, 34.31229 ], [ -101.499813, 34.312292 ], [ -101.500375, 34.312204 ], [ -101.564856, 34.312493 ], [ -101.76227, 34.31298 ], [ -101.846979, 34.313067 ], [ -101.873919, 34.31311 ], [ -101.875422, 34.313009 ], [ -101.99802, 34.313039 ], [ -102.009091, 34.313092 ], [ -102.090415, 34.313132 ], [ -102.163609, 34.312888 ], [ -102.168765, 34.313095 ], [ -102.173497, 34.312725 ], [ -102.234999, 34.313208 ], [ -102.287153, 34.313124 ], [ -102.435961, 34.313189 ], [ -102.500474, 34.313124 ], [ -102.525631, 34.313034 ], [ -102.526346, 34.313032 ], [ -102.61515, 34.312891 ], [ -102.722317, 34.312927 ], [ -102.748351, 34.312906 ], [ -102.750494, 34.312824 ], [ -102.817056, 34.312832 ], [ -102.885683, 34.312824 ], [ -102.905801, 34.312721 ], [ -103.043978936987003, 34.312749083575 ], [ -103.043979, 34.312764 ], [ -103.043955125638007, 34.361084985692401 ], [ -103.043947594325999, 34.376328131718502 ], [ -103.043947462899993, 34.376594133629901 ], [ -103.043946, 34.379555 ] ] ] } },
{ "type": "Feature", "properties": { "FederalDivisionName": "Austin", "FederalJudicialDistrict": "Western" }, "geometry": { "type": "Polygon", "coordinates": [ [ [ -98.298118, 30.037505 ], [ -98.324933, 30.014194 ], [ -98.408388, 29.942402 ], [ -98.410135, 29.940923 ], [ -98.41034, 29.940752 ], [ -98.411638, 29.939622 ], [ -98.414018, 29.937557 ], [ -98.438585, 29.966242 ], [ -98.52965, 30.07128 ], [ -98.532351, 30.073812 ], [ -98.544942, 30.089001 ], [ -98.553768, 30.099106 ], [ -98.587897, 30.138954 ], [ -98.624601, 30.138886 ], [ -98.625306, 30.138945 ], [ -98.656658, 30.138837 ], [ -98.667658, 30.138799 ], [ -98.73003, 30.138589 ], [ -98.749684, 30.138523 ], [ -98.75031, 30.138188 ], [ -98.772046, 30.13798 ], [ -98.90678, 30.138312 ], [ -98.920147, 30.13829 ], [ -98.958694, 30.137969 ], [ -98.979419, 30.137726 ], [ -99.064964, 30.136736 ], [ -99.125445, 30.136061 ], [ -99.155645, 30.135725 ], [ -99.187187, 30.135372 ], [ -99.214513, 30.135067 ], [ -99.300988, 30.134298 ], [ -99.301012, 30.135947 ], [ -99.301425, 30.187937 ], [ -99.301656, 30.227924 ], [ -99.301952, 30.28107 ], [ -99.301718, 30.286653 ], [ -99.420271, 30.287692 ], [ -99.476678, 30.288188 ], [ -99.597285, 30.289247 ], [ -99.754142, 30.290698 ], [ -99.875346, 30.290228 ], [ -99.910959, 30.290407 ], [ -99.914897, 30.290292 ], [ -99.936735, 30.290431 ], [ -99.942849, 30.290071 ], [ -99.958414, 30.289992 ], [ -99.959768, 30.290177 ], [ -100.116461, 30.290296 ], [ -100.116533, 30.500522 ], [ -100.116234, 30.710366 ], [ -99.860771, 30.710623 ], [ -99.771199, 30.710793 ], [ -99.625342, 30.710544 ], [ -99.617931, 30.711018 ], [ -99.51413, 30.710769 ], [ -99.483869, 30.710771 ], [ -99.484366, 30.823445 ], [ -99.484699, 30.909603 ], [ -99.484694, 30.909617 ], [ -99.484755, 30.940605 ], [ -99.603627, 30.940726 ], [ -99.603682, 30.980737 ], [ -99.603223, 31.087296 ], [ -99.601894, 31.121647 ], [ -99.601736, 31.121784 ], [ -99.602505, 31.392843 ], [ -99.60185, 31.49195 ], [ -99.598296, 31.490666 ], [ -99.591882, 31.489588 ], [ -99.590678, 31.488674 ], [ -99.588859, 31.489404 ], [ -99.580506, 31.491597 ], [ -99.575909, 31.493312 ], [ -99.572559, 31.49365 ], [ -99.568734, 31.49262 ], [ -99.565455, 31.49212 ], [ -99.563982, 31.490525 ], [ -99.561652, 31.490181 ], [ -99.559395, 31.489359 ], [ -99.555992, 31.489004 ], [ -99.552084, 31.486296 ], [ -99.550411, 31.485622 ], [ -99.545027, 31.484476 ], [ -99.544075, 31.483653 ], [ -99.538812, 31.483272 ], [ -99.536723, 31.483429 ], [ -99.535827, 31.482448 ], [ -99.534618, 31.479793 ], [ -99.533961, 31.474962 ], [ -99.534142, 31.472666 ], [ -99.53381, 31.470476 ], [ -99.532921, 31.469201 ], [ -99.53233, 31.466345 ], [ -99.529716, 31.460574 ], [ -99.527305, 31.456909 ], [ -99.525787, 31.455492 ], [ -99.525246, 31.452975 ], [ -99.522858, 31.449819 ], [ -99.519675, 31.446397 ], [ -99.517636, 31.439434 ], [ -99.516703, 31.432289 ], [ -99.514513, 31.426823 ], [ -99.513678, 31.425495 ], [ -99.511477, 31.424401 ], [ -99.508753, 31.425421 ], [ -99.507966, 31.429127 ], [ -99.506698, 31.431782 ], [ -99.505877, 31.436819 ], [ -99.50499, 31.438258 ], [ -99.49759, 31.444289 ], [ -99.495661, 31.444975 ], [ -99.493, 31.444513 ], [ -99.488036, 31.440849 ], [ -99.485332, 31.437009 ], [ -99.480765, 31.4341 ], [ -99.479885, 31.434178 ], [ -99.479074, 31.432478 ], [ -99.478401, 31.426213 ], [ -99.476543, 31.423782 ], [ -99.47247, 31.421702 ], [ -99.470901, 31.421733 ], [ -99.468302, 31.42522 ], [ -99.469803, 31.428419 ], [ -99.46925, 31.430367 ], [ -99.465438, 31.432755 ], [ -99.462639, 31.43249 ], [ -99.4606, 31.434507 ], [ -99.457633, 31.436266 ], [ -99.456409, 31.438289 ], [ -99.454096, 31.439632 ], [ -99.453342, 31.440509 ], [ -99.450542, 31.441372 ], [ -99.444167, 31.443983 ], [ -99.441174, 31.444323 ], [ -99.436896, 31.446032 ], [ -99.434872, 31.448627 ], [ -99.435596, 31.44963 ], [ -99.440782, 31.450049 ], [ -99.444301, 31.449702 ], [ -99.446342, 31.450493 ], [ -99.446669, 31.452104 ], [ -99.448028, 31.453618 ], [ -99.449803, 31.45766 ], [ -99.450138, 31.460689 ], [ -99.449595, 31.469476 ], [ -99.449239, 31.470252 ], [ -99.448053, 31.472224 ], [ -99.444609, 31.474779 ], [ -99.440824, 31.475009 ], [ -99.436701, 31.472844 ], [ -99.434882, 31.470036 ], [ -99.432936, 31.469502 ], [ -99.429508, 31.467815 ], [ -99.427301, 31.465279 ], [ -99.424033, 31.463891 ], [ -99.416887, 31.461391 ], [ -99.411471, 31.460656 ], [ -99.409843, 31.462006 ], [ -99.404836, 31.459574 ], [ -99.400536, 31.460304 ], [ -99.398793, 31.460083 ], [ -99.398435, 31.458268 ], [ -99.399418, 31.455485 ], [ -99.401931, 31.454592 ], [ -99.402434, 31.453155 ], [ -99.404749, 31.450892 ], [ -99.405654, 31.448782 ], [ -99.402284, 31.446198 ], [ -99.399375, 31.445269 ], [ -99.397549, 31.445514 ], [ -99.39163, 31.444196 ], [ -99.388943, 31.442965 ], [ -99.385614, 31.443741 ], [ -99.383467, 31.443482 ], [ -99.380676, 31.440304 ], [ -99.367029, 31.437872 ], [ -99.365913, 31.437459 ], [ -99.362452, 31.434584 ], [ -99.361323, 31.433094 ], [ -99.357498, 31.431038 ], [ -99.354454, 31.432182 ], [ -99.350244, 31.437739 ], [ -99.350126, 31.438995 ], [ -99.348542, 31.439762 ], [ -99.346422, 31.443109 ], [ -99.345259, 31.44375 ], [ -99.343865, 31.443282 ], [ -99.342392, 31.441253 ], [ -99.341075, 31.435377 ], [ -99.341264, 31.431647 ], [ -99.34312, 31.428567 ], [ -99.347155, 31.424992 ], [ -99.34625, 31.421907 ], [ -99.342063, 31.418835 ], [ -99.33793, 31.416849 ], [ -99.334376, 31.416515 ], [ -99.329566, 31.414812 ], [ -99.320842, 31.415429 ], [ -99.318963, 31.414329 ], [ -99.315712, 31.410283 ], [ -99.314014, 31.409778 ], [ -99.311438, 31.411224 ], [ -99.308231, 31.415206 ], [ -99.308642, 31.41617 ], [ -99.304252, 31.42059 ], [ -99.304038, 31.422101 ], [ -99.305656, 31.42504 ], [ -99.30666, 31.425853 ], [ -99.306796, 31.427496 ], [ -99.30514, 31.430164 ], [ -99.302605, 31.432504 ], [ -99.299626, 31.432485 ], [ -99.298013, 31.431948 ], [ -99.293236, 31.429086 ], [ -99.288647, 31.428715 ], [ -99.287407, 31.42962 ], [ -99.28637, 31.432822 ], [ -99.287885, 31.437213 ], [ -99.289228, 31.43917 ], [ -99.289954, 31.441447 ], [ -99.289807, 31.442898 ], [ -99.288684, 31.444225 ], [ -99.285801, 31.446073 ], [ -99.281971, 31.447431 ], [ -99.278063, 31.445814 ], [ -99.276051, 31.44553 ], [ -99.271492, 31.446789 ], [ -99.27064, 31.449186 ], [ -99.271301, 31.452354 ], [ -99.272381, 31.454557 ], [ -99.271178, 31.456283 ], [ -99.268925, 31.458095 ], [ -99.263596, 31.461405 ], [ -99.25852, 31.46651 ], [ -99.256932, 31.467572 ], [ -99.254765, 31.470312 ], [ -99.253251, 31.475022 ], [ -99.251788, 31.476629 ], [ -99.247184, 31.479712 ], [ -99.241097, 31.482489 ], [ -99.238447, 31.483127 ], [ -99.235071, 31.48177 ], [ -99.235133, 31.479664 ], [ -99.232514, 31.477737 ], [ -99.22864, 31.477627 ], [ -99.221673, 31.476388 ], [ -99.21878, 31.475048 ], [ -99.216565, 31.473248 ], [ -99.21623, 31.471414 ], [ -99.209172, 31.465272 ], [ -99.205767, 31.465879 ], [ -99.202768, 31.467234 ], [ -99.201573, 31.467763 ], [ -99.197543, 31.472269 ], [ -99.195637, 31.473549 ], [ -99.194023, 31.473375 ], [ -99.188558, 31.470337 ], [ -99.187425, 31.468465 ], [ -99.186643, 31.46436 ], [ -99.184629, 31.460417 ], [ -99.184464, 31.45739 ], [ -99.184874, 31.454963 ], [ -99.184441, 31.453936 ], [ -99.183736, 31.453726 ], [ -99.18223, 31.455117 ], [ -99.180706, 31.454959 ], [ -99.177732, 31.456177 ], [ -99.174643, 31.458704 ], [ -99.172091, 31.461758 ], [ -99.171762, 31.462846 ], [ -99.165804, 31.466319 ], [ -99.162124, 31.467848 ], [ -99.159463, 31.468198 ], [ -99.153668, 31.467948 ], [ -99.150868, 31.465686 ], [ -99.148495, 31.465653 ], [ -99.14337, 31.46716 ], [ -99.141313, 31.467169 ], [ -99.136067, 31.465967 ], [ -99.133208, 31.464811 ], [ -99.127603, 31.45957 ], [ -99.126848, 31.458034 ], [ -99.125081, 31.456502 ], [ -99.124012, 31.456604 ], [ -99.123496, 31.457789 ], [ -99.119537, 31.460372 ], [ -99.11883, 31.461147 ], [ -99.120133, 31.463598 ], [ -99.120208, 31.466879 ], [ -99.119382, 31.467713 ], [ -99.11615, 31.46824 ], [ -99.11339, 31.46678 ], [ -99.110384, 31.466511 ], [ -99.108124, 31.465055 ], [ -99.107244, 31.463571 ], [ -99.108009, 31.461954 ], [ -99.109108, 31.455984 ], [ -99.107851, 31.454499 ], [ -99.104531, 31.453658 ], [ -99.100137, 31.449274 ], [ -99.097937, 31.448186 ], [ -99.095564, 31.448469 ], [ -99.094425, 31.450253 ], [ -99.096116, 31.452799 ], [ -99.096947, 31.455555 ], [ -99.096019, 31.457431 ], [ -99.090622, 31.460927 ], [ -99.088568, 31.461229 ], [ -99.087758, 31.460678 ], [ -99.086579, 31.458241 ], [ -99.088356, 31.456944 ], [ -99.087506, 31.456017 ], [ -99.085808, 31.455891 ], [ -99.084821, 31.456513 ], [ -99.085226, 31.457847 ], [ -99.083285, 31.458557 ], [ -99.080319, 31.460506 ], [ -99.075538, 31.463252 ], [ -99.072618, 31.467078 ], [ -99.068866, 31.466059 ], [ -99.067499, 31.465255 ], [ -99.06593, 31.46335 ], [ -99.064212, 31.462383 ], [ -99.062995, 31.462722 ], [ -99.060155, 31.464962 ], [ -99.060605, 31.467501 ], [ -99.062264, 31.469886 ], [ -99.06228, 31.470712 ], [ -99.060026, 31.4728 ], [ -99.056503, 31.473689 ], [ -99.05533, 31.474445 ], [ -99.053121, 31.478468 ], [ -99.05057, 31.484205 ], [ -99.049816, 31.485095 ], [ -99.047255, 31.486601 ], [ -99.046276, 31.486733 ], [ -99.04287, 31.488903 ], [ -99.041741, 31.490302 ], [ -99.039387, 31.490209 ], [ -99.037623, 31.489536 ], [ -99.034306, 31.487528 ], [ -99.032474, 31.485808 ], [ -99.029914, 31.482063 ], [ -99.027745, 31.480484 ], [ -99.027057, 31.479465 ], [ -99.025311, 31.478812 ], [ -99.024336, 31.477035 ], [ -99.02174, 31.475104 ], [ -99.019011, 31.469599 ], [ -99.014428, 31.470263 ], [ -99.010644, 31.471246 ], [ -99.009132, 31.472619 ], [ -99.007585, 31.476756 ], [ -99.006358, 31.478871 ], [ -99.006103, 31.480274 ], [ -99.003435, 31.480873 ], [ -99.002304, 31.480388 ], [ -98.99739, 31.48124 ], [ -98.991608, 31.484071 ], [ -98.990188, 31.48391 ], [ -98.987428, 31.482076 ], [ -98.986828, 31.480031 ], [ -98.986941, 31.478929 ], [ -98.991764, 31.474309 ], [ -98.993153, 31.474083 ], [ -98.994723, 31.470985 ], [ -98.995029, 31.466674 ], [ -98.99452, 31.466001 ], [ -98.991572, 31.464579 ], [ -98.990673, 31.464666 ], [ -98.987464, 31.462669 ], [ -98.985388, 31.461804 ], [ -98.983584, 31.459743 ], [ -98.978228, 31.456253 ], [ -98.976326, 31.455524 ], [ -98.972105, 31.454694 ], [ -98.967853, 31.454191 ], [ -98.965018, 31.453298 ], [ -98.964321, 31.452255 ], [ -98.9642, 31.448523 ], [ -98.963593, 31.446251 ], [ -98.964818, 31.444952 ], [ -98.966857, 31.444321 ], [ -98.967122, 31.44292 ], [ -98.966476, 31.441724 ], [ -98.967602, 31.437887 ], [ -98.966878, 31.435548 ], [ -98.964545, 31.434879 ], [ -98.96367, 31.434894 ], [ -98.961536, 31.437385 ], [ -98.960272, 31.440035 ], [ -98.956761, 31.443978 ], [ -98.952985, 31.447309 ], [ -98.953349, 31.4492 ], [ -98.955253, 31.450258 ], [ -98.955426, 31.452391 ], [ -98.95336, 31.454688 ], [ -98.95141, 31.455649 ], [ -98.950219, 31.456973 ], [ -98.94626, 31.458319 ], [ -98.942737, 31.458629 ], [ -98.939827, 31.458247 ], [ -98.93591, 31.455931 ], [ -98.935172, 31.452899 ], [ -98.935778, 31.449696 ], [ -98.935541, 31.446503 ], [ -98.933821, 31.438543 ], [ -98.933188, 31.436928 ], [ -98.929097, 31.435112 ], [ -98.926766, 31.434808 ], [ -98.925192, 31.433988 ], [ -98.921757, 31.434318 ], [ -98.918852, 31.435833 ], [ -98.916994, 31.43584 ], [ -98.914432, 31.435074 ], [ -98.913351, 31.434313 ], [ -98.910485, 31.434141 ], [ -98.908499, 31.434425 ], [ -98.904868, 31.436168 ], [ -98.901936, 31.436021 ], [ -98.895846, 31.433567 ], [ -98.893511, 31.434653 ], [ -98.887479, 31.439862 ], [ -98.885453, 31.442914 ], [ -98.881752, 31.443789 ], [ -98.879668, 31.443756 ], [ -98.875566, 31.444596 ], [ -98.8725, 31.444299 ], [ -98.867526, 31.441581 ], [ -98.865937, 31.440524 ], [ -98.859294, 31.434958 ], [ -98.858498, 31.433655 ], [ -98.856511, 31.428117 ], [ -98.854906, 31.424462 ], [ -98.853401, 31.422473 ], [ -98.852463, 31.420408 ], [ -98.852544, 31.418776 ], [ -98.854701, 31.415489 ], [ -98.8549, 31.414169 ], [ -98.854292, 31.413425 ], [ -98.851627, 31.412493 ], [ -98.84936, 31.412598 ], [ -98.84712, 31.410676 ], [ -98.846241, 31.410478 ], [ -98.837658, 31.410574 ], [ -98.83452, 31.410436 ], [ -98.832048, 31.410077 ], [ -98.829935, 31.410331 ], [ -98.826983, 31.411601 ], [ -98.823842, 31.413981 ], [ -98.818983, 31.416449 ], [ -98.816021, 31.417075 ], [ -98.814997, 31.416322 ], [ -98.814215, 31.413659 ], [ -98.814558, 31.412198 ], [ -98.816385, 31.408808 ], [ -98.816865, 31.406929 ], [ -98.814243, 31.404972 ], [ -98.813559, 31.404717 ], [ -98.808726, 31.405471 ], [ -98.804993, 31.406939 ], [ -98.802118, 31.408728 ], [ -98.801505, 31.409965 ], [ -98.799405, 31.410601 ], [ -98.798145, 31.410378 ], [ -98.79433, 31.409237 ], [ -98.791473, 31.407886 ], [ -98.789154, 31.407477 ], [ -98.787457, 31.407916 ], [ -98.782326, 31.41103 ], [ -98.778889, 31.413521 ], [ -98.777243, 31.414012 ], [ -98.775969, 31.413564 ], [ -98.773997, 31.412433 ], [ -98.773, 31.410926 ], [ -98.773228, 31.406884 ], [ -98.77466, 31.402943 ], [ -98.774464, 31.395741 ], [ -98.775853, 31.391812 ], [ -98.775625, 31.38759 ], [ -98.776826, 31.383741 ], [ -98.779478, 31.379165 ], [ -98.77878, 31.377672 ], [ -98.776493, 31.377279 ], [ -98.773074, 31.380279 ], [ -98.771696, 31.380794 ], [ -98.770594, 31.379992 ], [ -98.767514, 31.375993 ], [ -98.763724, 31.375216 ], [ -98.762589, 31.375282 ], [ -98.759825, 31.37794 ], [ -98.756957, 31.382234 ], [ -98.752984, 31.385204 ], [ -98.751406, 31.387605 ], [ -98.751716, 31.389089 ], [ -98.753905, 31.393734 ], [ -98.755382, 31.395932 ], [ -98.755911, 31.398997 ], [ -98.755672, 31.400444 ], [ -98.753491, 31.402455 ], [ -98.751101, 31.403606 ], [ -98.747445, 31.404035 ], [ -98.7454, 31.403918 ], [ -98.742271, 31.405273 ], [ -98.74027, 31.4076 ], [ -98.738765, 31.411365 ], [ -98.738572, 31.413768 ], [ -98.736783, 31.417127 ], [ -98.737149, 31.420631 ], [ -98.739612, 31.424312 ], [ -98.74216, 31.426571 ], [ -98.742815, 31.428135 ], [ -98.738114, 31.430362 ], [ -98.734123, 31.430079 ], [ -98.728395, 31.429063 ], [ -98.724493, 31.427432 ], [ -98.724031, 31.425114 ], [ -98.724301, 31.422701 ], [ -98.7252, 31.419432 ], [ -98.725577, 31.415806 ], [ -98.726615, 31.414832 ], [ -98.728738, 31.414411 ], [ -98.728846, 31.41187 ], [ -98.727116, 31.409768 ], [ -98.723839, 31.40727 ], [ -98.722074, 31.40682 ], [ -98.719201, 31.40441 ], [ -98.718125, 31.40403 ], [ -98.711992, 31.405444 ], [ -98.708945, 31.406997 ], [ -98.706427, 31.407559 ], [ -98.70158, 31.407091 ], [ -98.698661, 31.407602 ], [ -98.696634, 31.407287 ], [ -98.695644, 31.405803 ], [ -98.695274, 31.404213 ], [ -98.695247, 31.398846 ], [ -98.695892, 31.394257 ], [ -98.694812, 31.391903 ], [ -98.693029, 31.389975 ], [ -98.693028, 31.38743 ], [ -98.697525, 31.385984 ], [ -98.699516, 31.384792 ], [ -98.704348, 31.380186 ], [ -98.704693, 31.377461 ], [ -98.704129, 31.375776 ], [ -98.705101, 31.369258 ], [ -98.702796, 31.36544 ], [ -98.702599, 31.364212 ], [ -98.703054, 31.360983 ], [ -98.704636, 31.357603 ], [ -98.706161, 31.355912 ], [ -98.707752, 31.355553 ], [ -98.710056, 31.356403 ], [ -98.712542, 31.355562 ], [ -98.713131, 31.34883 ], [ -98.712352, 31.347157 ], [ -98.711383, 31.346768 ], [ -98.708282, 31.347501 ], [ -98.706372, 31.346797 ], [ -98.70498, 31.342724 ], [ -98.702695, 31.339148 ], [ -98.698999, 31.338718 ], [ -98.695351, 31.339963 ], [ -98.690832, 31.342943 ], [ -98.690451, 31.343901 ], [ -98.682773, 31.346157 ], [ -98.679819, 31.3485 ], [ -98.67726, 31.350941 ], [ -98.677132, 31.351898 ], [ -98.675277, 31.352808 ], [ -98.6726, 31.352935 ], [ -98.670865, 31.353886 ], [ -98.670167, 31.355111 ], [ -98.669936, 31.357672 ], [ -98.670349, 31.360186 ], [ -98.669947, 31.361182 ], [ -98.667675, 31.363083 ], [ -98.665569, 31.364204 ], [ -98.663355, 31.363939 ], [ -98.657104, 31.368723 ], [ -98.653977, 31.370088 ], [ -98.651354, 31.368793 ], [ -98.650119, 31.366875 ], [ -98.650356, 31.365175 ], [ -98.652142, 31.362625 ], [ -98.654464, 31.360363 ], [ -98.654614, 31.358493 ], [ -98.653023, 31.357299 ], [ -98.651268, 31.357 ], [ -98.64944, 31.358363 ], [ -98.648653, 31.359658 ], [ -98.646076, 31.359707 ], [ -98.644316, 31.358863 ], [ -98.642821, 31.356553 ], [ -98.63834, 31.354431 ], [ -98.636375, 31.352912 ], [ -98.636786, 31.350804 ], [ -98.638377, 31.346552 ], [ -98.641857, 31.345966 ], [ -98.643813, 31.344239 ], [ -98.646969, 31.340685 ], [ -98.644901, 31.335441 ], [ -98.643453, 31.334534 ], [ -98.640626, 31.333614 ], [ -98.639668, 31.33281 ], [ -98.639722, 31.33187 ], [ -98.641719, 31.328359 ], [ -98.644271, 31.325911 ], [ -98.64809, 31.323985 ], [ -98.648531, 31.323469 ], [ -98.649095, 31.317585 ], [ -98.647633, 31.31486 ], [ -98.643921, 31.31407 ], [ -98.639618, 31.317168 ], [ -98.636186, 31.320518 ], [ -98.632643, 31.324969 ], [ -98.631432, 31.325832 ], [ -98.629946, 31.326021 ], [ -98.626361, 31.325378 ], [ -98.622826, 31.325488 ], [ -98.620324, 31.324895 ], [ -98.618579, 31.323824 ], [ -98.618097, 31.322728 ], [ -98.619295, 31.3215 ], [ -98.621285, 31.321472 ], [ -98.622616, 31.320547 ], [ -98.623205, 31.31867 ], [ -98.624954, 31.317641 ], [ -98.629818, 31.316433 ], [ -98.630926, 31.315345 ], [ -98.631372, 31.311901 ], [ -98.630771, 31.310163 ], [ -98.627426, 31.309488 ], [ -98.623894, 31.309374 ], [ -98.620452, 31.310034 ], [ -98.606849, 31.312149 ], [ -98.604941, 31.312593 ], [ -98.603072, 31.313692 ], [ -98.599418, 31.316625 ], [ -98.597301, 31.31872 ], [ -98.59576, 31.320772 ], [ -98.595229, 31.32281 ], [ -98.595882, 31.323707 ], [ -98.594411, 31.326354 ], [ -98.592306, 31.326945 ], [ -98.587268, 31.325463 ], [ -98.585987, 31.321557 ], [ -98.586656, 31.319429 ], [ -98.590454, 31.317289 ], [ -98.590675, 31.314896 ], [ -98.594372, 31.311486 ], [ -98.596281, 31.305833 ], [ -98.59722, 31.301231 ], [ -98.59736, 31.297078 ], [ -98.597955, 31.295612 ], [ -98.598385, 31.291859 ], [ -98.597843, 31.288809 ], [ -98.598539, 31.286581 ], [ -98.604435, 31.284067 ], [ -98.612011, 31.282207 ], [ -98.613815, 31.281595 ], [ -98.619474, 31.284621 ], [ -98.622135, 31.285088 ], [ -98.626926, 31.281182 ], [ -98.628369, 31.274251 ], [ -98.625628, 31.269798 ], [ -98.624347, 31.2695 ], [ -98.619628, 31.267142 ], [ -98.618481, 31.267013 ], [ -98.616643, 31.265286 ], [ -98.613133, 31.263 ], [ -98.607451, 31.261308 ], [ -98.605903, 31.260534 ], [ -98.601481, 31.257329 ], [ -98.597889, 31.25389 ], [ -98.595651, 31.253059 ], [ -98.593918, 31.254925 ], [ -98.593736, 31.258537 ], [ -98.594642, 31.261145 ], [ -98.594404, 31.263032 ], [ -98.592897, 31.265924 ], [ -98.588543, 31.267592 ], [ -98.58648, 31.267096 ], [ -98.5838, 31.266167 ], [ -98.57981, 31.265386 ], [ -98.578219, 31.26302 ], [ -98.578216, 31.260993 ], [ -98.576174, 31.257981 ], [ -98.575136, 31.254153 ], [ -98.57139, 31.248585 ], [ -98.56843, 31.244808 ], [ -98.565237, 31.242626 ], [ -98.565099, 31.241385 ], [ -98.56355, 31.23785 ], [ -98.562963, 31.235781 ], [ -98.562732, 31.230443 ], [ -98.55801, 31.23334 ], [ -98.55782, 31.23349 ], [ -98.530911, 31.249817 ], [ -98.530176, 31.250166 ], [ -98.401998, 31.328399 ], [ -98.389511, 31.335967 ], [ -98.385824, 31.338221 ], [ -98.31058, 31.38363 ], [ -98.266794, 31.410521 ], [ -98.27107, 31.416398 ], [ -98.253255, 31.425789 ], [ -98.249659, 31.428109 ], [ -98.231056, 31.437619 ], [ -98.230778, 31.43776 ], [ -98.180006, 31.463717 ], [ -98.076817, 31.314655 ], [ -98.076758, 31.314555 ], [ -98.054547, 31.282789 ], [ -98.050744, 31.277265 ], [ -98.014284, 31.224906 ], [ -98.005351, 31.212246 ], [ -97.967993, 31.15777 ], [ -97.950099, 31.132284 ], [ -97.935207, 31.110688 ], [ -97.928672, 31.101276 ], [ -97.92855, 31.10114 ], [ -97.928044, 31.10037 ], [ -97.92636, 31.097883 ], [ -97.92537, 31.09644 ], [ -97.918638, 31.086515 ], [ -97.9071, 31.069374 ], [ -97.913847, 31.065882 ], [ -97.911689, 31.035009 ], [ -97.906166, 31.027603 ], [ -97.889944, 31.006071 ], [ -97.886578, 31.001664 ], [ -97.875544, 30.983767 ], [ -97.874351, 30.981626 ], [ -97.866426, 30.96942 ], [ -97.863334, 30.96548 ], [ -97.862892, 30.96481 ], [ -97.840365, 30.929318 ], [ -97.829882, 30.909521 ], [ -97.8281, 30.904414 ], [ -97.800349, 30.89963 ], [ -97.773835, 30.895094 ], [ -97.72987, 30.887623 ], [ -97.705432, 30.883471 ], [ -97.6803, 30.879085 ], [ -97.625279, 30.870189 ], [ -97.624051, 30.870004 ], [ -97.589397, 30.85681 ], [ -97.550732, 30.842112 ], [ -97.54002, 30.838003 ], [ -97.513067, 30.827711 ], [ -97.460436, 30.807676 ], [ -97.444918, 30.801752 ], [ -97.419373, 30.792068 ], [ -97.419175, 30.79199 ], [ -97.402486, 30.785582 ], [ -97.38834, 30.780257 ], [ -97.375365, 30.775307 ], [ -97.373841, 30.774281 ], [ -97.359001, 30.76873 ], [ -97.356846, 30.767807 ], [ -97.331004, 30.758234 ], [ -97.328987, 30.757347 ], [ -97.315485, 30.752363 ], [ -97.307122, 30.749306 ], [ -97.28625, 30.741324 ], [ -97.27455, 30.737071 ], [ -97.269949, 30.735362 ], [ -97.252409, 30.693473 ], [ -97.236852, 30.654725 ], [ -97.226166, 30.629707 ], [ -97.22203, 30.619935 ], [ -97.220024, 30.614839 ], [ -97.218861, 30.611883 ], [ -97.218237, 30.610253 ], [ -97.217865, 30.609256 ], [ -97.215946, 30.604411 ], [ -97.214774, 30.602328 ], [ -97.164933, 30.481016 ], [ -97.162104, 30.474156 ], [ -97.155219, 30.457344 ], [ -97.13472, 30.468137 ], [ -97.126449, 30.472532 ], [ -97.085749, 30.493669 ], [ -97.051648, 30.51156 ], [ -96.96363, 30.557198 ], [ -96.945083, 30.566642 ], [ -96.877384, 30.601104 ], [ -96.801094, 30.640019 ], [ -96.800381, 30.640367 ], [ -96.799861, 30.640539 ], [ -96.729597, 30.675628 ], [ -96.700906, 30.690045 ], [ -96.621423, 30.730764 ], [ -96.620456, 30.729549 ], [ -96.618234, 30.728638 ], [ -96.616345, 30.728477 ], [ -96.607327, 30.72941 ], [ -96.604042, 30.729311 ], [ -96.599467, 30.728634 ], [ -96.596157, 30.726641 ], [ -96.594632, 30.724273 ], [ -96.594436, 30.721216 ], [ -96.596977, 30.717452 ], [ -96.596467, 30.71564 ], [ -96.595776, 30.715072 ], [ -96.591914, 30.713811 ], [ -96.586945, 30.71077 ], [ -96.583667, 30.709187 ], [ -96.577609, 30.706953 ], [ -96.573363, 30.704821 ], [ -96.570369, 30.702942 ], [ -96.568795, 30.701387 ], [ -96.567405, 30.698257 ], [ -96.566983, 30.69567 ], [ -96.567333, 30.692667 ], [ -96.568034, 30.691622 ], [ -96.569757, 30.690293 ], [ -96.573005, 30.688497 ], [ -96.575761, 30.688304 ], [ -96.578993, 30.689573 ], [ -96.581519, 30.68889 ], [ -96.582676, 30.687177 ], [ -96.584171, 30.683191 ], [ -96.584308, 30.68111 ], [ -96.58352, 30.674949 ], [ -96.582804, 30.663792 ], [ -96.583688, 30.660469 ], [ -96.58617, 30.656847 ], [ -96.590999, 30.653591 ], [ -96.594308, 30.652589 ], [ -96.595496, 30.650284 ], [ -96.595222, 30.649054 ], [ -96.596616, 30.646281 ], [ -96.599906, 30.643905 ], [ -96.601831, 30.641926 ], [ -96.601723, 30.640564 ], [ -96.601047, 30.639808 ], [ -96.598909, 30.639255 ], [ -96.591201, 30.640002 ], [ -96.589063, 30.639699 ], [ -96.586395, 30.638277 ], [ -96.583675, 30.637346 ], [ -96.579018, 30.636922 ], [ -96.574762, 30.637242 ], [ -96.570253, 30.636683 ], [ -96.568744, 30.63558 ], [ -96.567999, 30.633618 ], [ -96.567768, 30.631441 ], [ -96.566632, 30.629387 ], [ -96.565498, 30.629472 ], [ -96.562251, 30.631165 ], [ -96.56, 30.631903 ], [ -96.554505, 30.632264 ], [ -96.550599, 30.630802 ], [ -96.548214, 30.627883 ], [ -96.544216, 30.627996 ], [ -96.543984, 30.628017 ], [ -96.539011, 30.628388 ], [ -96.529003, 30.628072 ], [ -96.525564, 30.627615 ], [ -96.518343, 30.626224 ], [ -96.5141, 30.626692 ], [ -96.510494, 30.627828 ], [ -96.50807, 30.625228 ], [ -96.507451, 30.623005 ], [ -96.508245, 30.620579 ], [ -96.507983, 30.616989 ], [ -96.506803, 30.615307 ], [ -96.502635, 30.613366 ], [ -96.499488, 30.612853 ], [ -96.49582, 30.614627 ], [ -96.493284, 30.6171 ], [ -96.492512, 30.618955 ], [ -96.492459, 30.620603 ], [ -96.491419, 30.621745 ], [ -96.489157, 30.621733 ], [ -96.487399, 30.620478 ], [ -96.486323, 30.617436 ], [ -96.48674, 30.614891 ], [ -96.489067, 30.609421 ], [ -96.489428, 30.60685 ], [ -96.487626, 30.604881 ], [ -96.48505, 30.603844 ], [ -96.482038, 30.604357 ], [ -96.478148, 30.604644 ], [ -96.473522, 30.606644 ], [ -96.471375, 30.607222 ], [ -96.469338, 30.606881 ], [ -96.465723, 30.603639 ], [ -96.46401, 30.599923 ], [ -96.461433, 30.598209 ], [ -96.458744, 30.597595 ], [ -96.455504, 30.597636 ], [ -96.45168, 30.596855 ], [ -96.450706, 30.596183 ], [ -96.449651, 30.594069 ], [ -96.450464, 30.590479 ], [ -96.449625, 30.588978 ], [ -96.44744, 30.587213 ], [ -96.442991, 30.58351 ], [ -96.439903, 30.579369 ], [ -96.438327, 30.575143 ], [ -96.43547, 30.573187 ], [ -96.432062, 30.572703 ], [ -96.430577, 30.572879 ], [ -96.429336, 30.573389 ], [ -96.427508, 30.575054 ], [ -96.4267, 30.577113 ], [ -96.42674, 30.578902 ], [ -96.428102, 30.581754 ], [ -96.430659, 30.585855 ], [ -96.431517, 30.589061 ], [ -96.430751, 30.590564 ], [ -96.427657, 30.591307 ], [ -96.426088, 30.590752 ], [ -96.420065, 30.584309 ], [ -96.419809, 30.582799 ], [ -96.420498, 30.581299 ], [ -96.422859, 30.579613 ], [ -96.424087, 30.578045 ], [ -96.423734, 30.575654 ], [ -96.422499, 30.572573 ], [ -96.422173, 30.570044 ], [ -96.422654, 30.566515 ], [ -96.423527, 30.562669 ], [ -96.423429, 30.559088 ], [ -96.422238, 30.55258 ], [ -96.419261, 30.545941 ], [ -96.416356, 30.541917 ], [ -96.413057, 30.539535 ], [ -96.411258, 30.539296 ], [ -96.406212, 30.540485 ], [ -96.404662, 30.540088 ], [ -96.403021, 30.538512 ], [ -96.402361, 30.537069 ], [ -96.400299, 30.535565 ], [ -96.397116, 30.534487 ], [ -96.391023, 30.532939 ], [ -96.387955, 30.532443 ], [ -96.385309, 30.532727 ], [ -96.38369, 30.533516 ], [ -96.382877, 30.535409 ], [ -96.383685, 30.537994 ], [ -96.386446, 30.53956 ], [ -96.387082, 30.542074 ], [ -96.38598, 30.543768 ], [ -96.38522, 30.544123 ], [ -96.382205, 30.543961 ], [ -96.38021, 30.542689 ], [ -96.379222, 30.537677 ], [ -96.377698, 30.536099 ], [ -96.375762, 30.535989 ], [ -96.374265, 30.5384 ], [ -96.375102, 30.541636 ], [ -96.376975, 30.544056 ], [ -96.37722, 30.54588 ], [ -96.376526, 30.546727 ], [ -96.373376, 30.546616 ], [ -96.369201, 30.543944 ], [ -96.365357, 30.542906 ], [ -96.360519, 30.542912 ], [ -96.358817, 30.541753 ], [ -96.356635, 30.533511 ], [ -96.355226, 30.529936 ], [ -96.354589, 30.525021 ], [ -96.355744, 30.52112 ], [ -96.357292, 30.519535 ], [ -96.360926, 30.518141 ], [ -96.36548, 30.517746 ], [ -96.367964, 30.518177 ], [ -96.370433, 30.516728 ], [ -96.371298, 30.514996 ], [ -96.371094, 30.513411 ], [ -96.368877, 30.511368 ], [ -96.367086, 30.510612 ], [ -96.363335, 30.51053 ], [ -96.359295, 30.513315 ], [ -96.356971, 30.514079 ], [ -96.356047, 30.513861 ], [ -96.355001, 30.512779 ], [ -96.35478, 30.511407 ], [ -96.355628, 30.50641 ], [ -96.354986, 30.504876 ], [ -96.35365, 30.502683 ], [ -96.351966, 30.501264 ], [ -96.348297, 30.50058 ], [ -96.346878, 30.499918 ], [ -96.344894, 30.499795 ], [ -96.343105, 30.498656 ], [ -96.33978, 30.494255 ], [ -96.336348, 30.488482 ], [ -96.333901, 30.483456 ], [ -96.329935, 30.477882 ], [ -96.330021, 30.476297 ], [ -96.331597, 30.474544 ], [ -96.333193, 30.474153 ], [ -96.335813, 30.474204 ], [ -96.339781, 30.475399 ], [ -96.340665, 30.473717 ], [ -96.337323, 30.469352 ], [ -96.335636, 30.468215 ], [ -96.330828, 30.463791 ], [ -96.328504, 30.462175 ], [ -96.324879, 30.460371 ], [ -96.322466, 30.45875 ], [ -96.321648, 30.456951 ], [ -96.32147, 30.454824 ], [ -96.321884, 30.451813 ], [ -96.320946, 30.449567 ], [ -96.318082, 30.449805 ], [ -96.315954, 30.450843 ], [ -96.313984, 30.4528 ], [ -96.312979, 30.454501 ], [ -96.311541, 30.455556 ], [ -96.308921, 30.455199 ], [ -96.306458, 30.453089 ], [ -96.303543, 30.449023 ], [ -96.301772, 30.447851 ], [ -96.292865, 30.444276 ], [ -96.290895, 30.443999 ], [ -96.288964, 30.445279 ], [ -96.286048, 30.448206 ], [ -96.28485, 30.448089 ], [ -96.284252, 30.446705 ], [ -96.286052, 30.44286 ], [ -96.286883, 30.438557 ], [ -96.286449, 30.433756 ], [ -96.282564, 30.426614 ], [ -96.284889, 30.423715 ], [ -96.287988, 30.421287 ], [ -96.28688, 30.418834 ], [ -96.285907, 30.416922 ], [ -96.283537, 30.415588 ], [ -96.281109, 30.414831 ], [ -96.277283, 30.41554 ], [ -96.273547, 30.418325 ], [ -96.271816, 30.416388 ], [ -96.272898, 30.413887 ], [ -96.272323, 30.410202 ], [ -96.272837, 30.409042 ], [ -96.276916, 30.407031 ], [ -96.278998, 30.407422 ], [ -96.282817, 30.40982 ], [ -96.28659, 30.411661 ], [ -96.28936, 30.412401 ], [ -96.291324, 30.411968 ], [ -96.295201, 30.412367 ], [ -96.29749, 30.411787 ], [ -96.298866, 30.410502 ], [ -96.300253, 30.407269 ], [ -96.299701, 30.405057 ], [ -96.297633, 30.401827 ], [ -96.297599, 30.400421 ], [ -96.302498, 30.399403 ], [ -96.305193, 30.397216 ], [ -96.306931, 30.394586 ], [ -96.306356, 30.391715 ], [ -96.305209, 30.390492 ], [ -96.302421, 30.389695 ], [ -96.298014, 30.386957 ], [ -96.294939, 30.385623 ], [ -96.293617, 30.383574 ], [ -96.293471, 30.38145 ], [ -96.294068, 30.380235 ], [ -96.296325, 30.379062 ], [ -96.299173, 30.379152 ], [ -96.299634, 30.378808 ], [ -96.299635, 30.377772 ], [ -96.298632, 30.377022 ], [ -96.294546, 30.376218 ], [ -96.290575, 30.373394 ], [ -96.289191, 30.371485 ], [ -96.287654, 30.366334 ], [ -96.285753, 30.364689 ], [ -96.28336, 30.364326 ], [ -96.279437, 30.364468 ], [ -96.277792, 30.362837 ], [ -96.276579, 30.360266 ], [ -96.272455, 30.358468 ], [ -96.271232, 30.35835 ], [ -96.268675, 30.358675 ], [ -96.263648, 30.362343 ], [ -96.262302, 30.364658 ], [ -96.26354, 30.368192 ], [ -96.262915, 30.370021 ], [ -96.261458, 30.36997 ], [ -96.259539, 30.368723 ], [ -96.258944, 30.36735 ], [ -96.257222, 30.366403 ], [ -96.25175, 30.365384 ], [ -96.249556, 30.366277 ], [ -96.246606, 30.368514 ], [ -96.243205, 30.369719 ], [ -96.23869, 30.369006 ], [ -96.235086, 30.36972 ], [ -96.23058, 30.372206 ], [ -96.224011, 30.375377 ], [ -96.221552, 30.376241 ], [ -96.218036, 30.376693 ], [ -96.214732, 30.375881 ], [ -96.212171, 30.373679 ], [ -96.2096, 30.374173 ], [ -96.209217, 30.375842 ], [ -96.206507, 30.379 ], [ -96.204931, 30.380108 ], [ -96.201239, 30.381145 ], [ -96.199544, 30.38291 ], [ -96.199211, 30.387383 ], [ -96.198228, 30.395118 ], [ -96.196516, 30.398729 ], [ -96.1945, 30.39989 ], [ -96.190775, 30.398706 ], [ -96.189971, 30.397841 ], [ -96.187711, 30.397013 ], [ -96.184744, 30.39459 ], [ -96.183814, 30.394281 ], [ -96.180522, 30.395099 ], [ -96.178661, 30.394718 ], [ -96.177095, 30.393587 ], [ -96.174461, 30.390878 ], [ -96.173467, 30.389221 ], [ -96.17327, 30.38645 ], [ -96.174151, 30.385084 ], [ -96.17495, 30.381977 ], [ -96.176455, 30.378345 ], [ -96.176568, 30.376103 ], [ -96.175545, 30.375012 ], [ -96.173038, 30.373911 ], [ -96.171543, 30.37379 ], [ -96.167219, 30.375246 ], [ -96.164186, 30.3775 ], [ -96.160523, 30.378709 ], [ -96.15904, 30.378621 ], [ -96.158438, 30.378368 ], [ -96.157194, 30.375741 ], [ -96.153315, 30.372403 ], [ -96.151447, 30.371485 ], [ -96.149872, 30.36879 ], [ -96.1504, 30.366694 ], [ -96.151598, 30.365455 ], [ -96.155438, 30.363141 ], [ -96.15527, 30.36158 ], [ -96.153456, 30.357466 ], [ -96.152364, 30.352879 ], [ -96.15263, 30.350311 ], [ -96.155539, 30.347521 ], [ -96.16016, 30.341739 ], [ -96.160445, 30.339364 ], [ -96.15463, 30.330288 ], [ -96.152789, 30.32801 ], [ -96.149386, 30.325187 ], [ -96.147462, 30.324168 ], [ -96.145244, 30.323592 ], [ -96.138866, 30.322453 ], [ -96.137298, 30.321058 ], [ -96.137078, 30.316669 ], [ -96.136547, 30.314752 ], [ -96.135057, 30.313508 ], [ -96.131635, 30.312434 ], [ -96.125273, 30.311563 ], [ -96.122703, 30.309368 ], [ -96.120477, 30.305689 ], [ -96.119506, 30.304821 ], [ -96.117372, 30.304195 ], [ -96.115056, 30.306001 ], [ -96.112305, 30.306601 ], [ -96.10408, 30.30882 ], [ -96.100871, 30.310214 ], [ -96.097193, 30.311112 ], [ -96.094404, 30.309371 ], [ -96.093513, 30.306532 ], [ -96.093637, 30.305195 ], [ -96.095342, 30.302824 ], [ -96.097614, 30.300984 ], [ -96.098768, 30.299555 ], [ -96.100046, 30.29669 ], [ -96.10058, 30.292805 ], [ -96.099316, 30.290258 ], [ -96.096933, 30.289 ], [ -96.09393, 30.289078 ], [ -96.089809, 30.289668 ], [ -96.087691, 30.289623 ], [ -96.085893, 30.288983 ], [ -96.084382, 30.28766 ], [ -96.084068, 30.286456 ], [ -96.084382, 30.28376 ], [ -96.085089, 30.282607 ], [ -96.090602, 30.279071 ], [ -96.091737, 30.278013 ], [ -96.093798, 30.274316 ], [ -96.094683, 30.271205 ], [ -96.094859, 30.268309 ], [ -96.095514, 30.265597 ], [ -96.098039, 30.261674 ], [ -96.099253, 30.258049 ], [ -96.09874, 30.254488 ], [ -96.094873, 30.252392 ], [ -96.089438, 30.253041 ], [ -96.08605, 30.252541 ], [ -96.084578, 30.251253 ], [ -96.08304, 30.248753 ], [ -96.080839, 30.244305 ], [ -96.081741, 30.240882 ], [ -96.083327, 30.238312 ], [ -96.087671, 30.23777 ], [ -96.090396, 30.238883 ], [ -96.094423, 30.242386 ], [ -96.096936, 30.243007 ], [ -96.098571, 30.242736 ], [ -96.101346, 30.24088 ], [ -96.103145, 30.238681 ], [ -96.105379, 30.23287 ], [ -96.104367, 30.231473 ], [ -96.101477, 30.23076 ], [ -96.098248, 30.230439 ], [ -96.09557, 30.22876 ], [ -96.093165, 30.225187 ], [ -96.092662, 30.22364 ], [ -96.093122, 30.220447 ], [ -96.096706, 30.214872 ], [ -96.098936, 30.214525 ], [ -96.103384, 30.216572 ], [ -96.109406, 30.219914 ], [ -96.110982, 30.222315 ], [ -96.113704, 30.227203 ], [ -96.114778, 30.227898 ], [ -96.117159, 30.227275 ], [ -96.118018, 30.224212 ], [ -96.128228, 30.211605 ], [ -96.130107, 30.210755 ], [ -96.133983, 30.210557 ], [ -96.136315, 30.210806 ], [ -96.14019, 30.212224 ], [ -96.14188, 30.213879 ], [ -96.143531, 30.216809 ], [ -96.145075, 30.218566 ], [ -96.147428, 30.217976 ], [ -96.148454, 30.216578 ], [ -96.149885, 30.213024 ], [ -96.151551, 30.211525 ], [ -96.15901, 30.206613 ], [ -96.15933, 30.203402 ], [ -96.159071, 30.201297 ], [ -96.158282, 30.199219 ], [ -96.159094, 30.195859 ], [ -96.158482, 30.192633 ], [ -96.157092, 30.190498 ], [ -96.157264, 30.188105 ], [ -96.159775, 30.18318 ], [ -96.159231, 30.180413 ], [ -96.156628, 30.17888 ], [ -96.154562, 30.177124 ], [ -96.1552, 30.173161 ], [ -96.156841, 30.171299 ], [ -96.160912, 30.168559 ], [ -96.162006, 30.164915 ], [ -96.160031, 30.161829 ], [ -96.157327, 30.160632 ], [ -96.153408, 30.159488 ], [ -96.150126, 30.155445 ], [ -96.1504, 30.152066 ], [ -96.151129, 30.149912 ], [ -96.151082, 30.146851 ], [ -96.152527, 30.143128 ], [ -96.153529, 30.141958 ], [ -96.15596, 30.141293 ], [ -96.158846, 30.142144 ], [ -96.160639, 30.143128 ], [ -96.164502, 30.146572 ], [ -96.168448, 30.149167 ], [ -96.172609, 30.151602 ], [ -96.176289, 30.154821 ], [ -96.178729, 30.155804 ], [ -96.180662, 30.155684 ], [ -96.182546, 30.153982 ], [ -96.183214, 30.152439 ], [ -96.183153, 30.15071 ], [ -96.181877, 30.148129 ], [ -96.178231, 30.144991 ], [ -96.174585, 30.14366 ], [ -96.171942, 30.14116 ], [ -96.17176, 30.13983 ], [ -96.17261, 30.138633 ], [ -96.174403, 30.137755 ], [ -96.175922, 30.137728 ], [ -96.179052, 30.138819 ], [ -96.181827, 30.140903 ], [ -96.186131, 30.141931 ], [ -96.187802, 30.141692 ], [ -96.190172, 30.140202 ], [ -96.191782, 30.13842 ], [ -96.192208, 30.136664 ], [ -96.191418, 30.134669 ], [ -96.188288, 30.132011 ], [ -96.1872, 30.129458 ], [ -96.186368, 30.128147 ], [ -96.182446, 30.125217 ], [ -96.179872, 30.122992 ], [ -96.1789, 30.120943 ], [ -96.178869, 30.118443 ], [ -96.179811, 30.117352 ], [ -96.183002, 30.117086 ], [ -96.187418, 30.118594 ], [ -96.189761, 30.118481 ], [ -96.191235, 30.117577 ], [ -96.191708, 30.115235 ], [ -96.191099, 30.113872 ], [ -96.188653, 30.110463 ], [ -96.186101, 30.109266 ], [ -96.183548, 30.109212 ], [ -96.175046, 30.112435 ], [ -96.17261, 30.110755 ], [ -96.171456, 30.109345 ], [ -96.171425, 30.108095 ], [ -96.17466, 30.102702 ], [ -96.173643, 30.100035 ], [ -96.172823, 30.099343 ], [ -96.169936, 30.098785 ], [ -96.168144, 30.098998 ], [ -96.164285, 30.101152 ], [ -96.162371, 30.103467 ], [ -96.160271, 30.108066 ], [ -96.157661, 30.108547 ], [ -96.154988, 30.108521 ], [ -96.153985, 30.107989 ], [ -96.153347, 30.107217 ], [ -96.152496, 30.104211 ], [ -96.152557, 30.102535 ], [ -96.156173, 30.098838 ], [ -96.157661, 30.098306 ], [ -96.158998, 30.097029 ], [ -96.159241, 30.094103 ], [ -96.158421, 30.091709 ], [ -96.15435, 30.086522 ], [ -96.152071, 30.085032 ], [ -96.15046, 30.084713 ], [ -96.145326, 30.085245 ], [ -96.143502, 30.084979 ], [ -96.141649, 30.083197 ], [ -96.141193, 30.081175 ], [ -96.141315, 30.078807 ], [ -96.14092, 30.076839 ], [ -96.139674, 30.075562 ], [ -96.135379, 30.073242 ], [ -96.13378, 30.07096 ], [ -96.133567, 30.068965 ], [ -96.134661, 30.067529 ], [ -96.137, 30.066997 ], [ -96.142858, 30.070942 ], [ -96.146294, 30.074946 ], [ -96.149129, 30.076632 ], [ -96.151247, 30.076396 ], [ -96.151878, 30.075161 ], [ -96.151305, 30.073445 ], [ -96.150005, 30.071726 ], [ -96.146052, 30.070224 ], [ -96.148562, 30.069175 ], [ -96.149308, 30.067993 ], [ -96.150527, 30.068175 ], [ -96.152973, 30.067197 ], [ -96.155223, 30.067132 ], [ -96.154357, 30.065851 ], [ -96.156014, 30.06273 ], [ -96.157209, 30.061895 ], [ -96.157424, 30.060609 ], [ -96.156299, 30.060141 ], [ -96.155706, 30.058789 ], [ -96.15735, 30.055926 ], [ -96.159442, 30.053832 ], [ -96.160472, 30.053409 ], [ -96.162228, 30.054201 ], [ -96.162816, 30.052882 ], [ -96.1654, 30.053218 ], [ -96.168837, 30.054411 ], [ -96.168451, 30.056115 ], [ -96.170681, 30.055758 ], [ -96.173727, 30.056847 ], [ -96.173796, 30.057935 ], [ -96.175495, 30.058991 ], [ -96.177915, 30.059563 ], [ -96.1777, 30.060541 ], [ -96.179545, 30.060877 ], [ -96.179773, 30.062047 ], [ -96.181352, 30.0628 ], [ -96.182875, 30.06235 ], [ -96.18364, 30.063015 ], [ -96.185838, 30.06235 ], [ -96.18908, 30.064389 ], [ -96.192479, 30.065181 ], [ -96.197023, 30.064703 ], [ -96.199569, 30.065659 ], [ -96.200568, 30.066588 ], [ -96.202375, 30.066197 ], [ -96.206786, 30.066961 ], [ -96.208511, 30.065224 ], [ -96.208441, 30.063613 ], [ -96.209174, 30.062245 ], [ -96.212719, 30.065883 ], [ -96.214059, 30.066388 ], [ -96.21382, 30.068988 ], [ -96.216152, 30.06968 ], [ -96.216916, 30.070521 ], [ -96.218686, 30.070757 ], [ -96.218414, 30.071785 ], [ -96.219837, 30.07262 ], [ -96.225018, 30.072372 ], [ -96.225385, 30.073801 ], [ -96.22859, 30.075592 ], [ -96.233931, 30.076294 ], [ -96.23654, 30.075469 ], [ -96.239561, 30.075572 ], [ -96.24095, 30.072977 ], [ -96.243781, 30.07241 ], [ -96.244926, 30.073987 ], [ -96.247417, 30.075256 ], [ -96.250881, 30.074063 ], [ -96.253869, 30.075823 ], [ -96.254337, 30.074494 ], [ -96.25483, 30.075681 ], [ -96.257939, 30.076216 ], [ -96.259336, 30.075744 ], [ -96.259821, 30.077277 ], [ -96.260947, 30.078117 ], [ -96.263847, 30.07829 ], [ -96.264237, 30.080814 ], [ -96.265595, 30.082326 ], [ -96.267902, 30.082931 ], [ -96.267516, 30.083893 ], [ -96.268823, 30.086318 ], [ -96.268759, 30.087681 ], [ -96.270016, 30.09005 ], [ -96.26932, 30.091001 ], [ -96.270634, 30.09248 ], [ -96.271057, 30.093882 ], [ -96.272479, 30.094432 ], [ -96.273869, 30.093976 ], [ -96.276171, 30.092378 ], [ -96.280089, 30.094132 ], [ -96.281828, 30.093292 ], [ -96.28392, 30.094271 ], [ -96.284469, 30.09553 ], [ -96.285746, 30.096387 ], [ -96.288998, 30.096829 ], [ -96.28983, 30.096235 ], [ -96.292849, 30.09615 ], [ -96.334061, 30.090646 ], [ -96.33748, 30.09005 ], [ -96.35652, 30.08682 ], [ -96.35724, 30.0866 ], [ -96.370091, 30.085383 ], [ -96.374575, 30.085098 ], [ -96.375236, 30.084787 ], [ -96.436225, 30.076487 ], [ -96.50452, 30.06729 ], [ -96.518814, 30.065198 ], [ -96.531821, 30.0651 ], [ -96.57436, 30.06476 ], [ -96.585899, 30.064668 ], [ -96.587194, 30.065339 ], [ -96.588161, 30.067016 ], [ -96.591638, 30.069396 ], [ -96.592321, 30.070671 ], [ -96.594141, 30.071022 ], [ -96.620848, 30.045203 ], [ -96.62198, 30.044283 ], [ -96.623863, 30.066713 ], [ -96.626018, 30.067796 ], [ -96.630847, 30.070287 ], [ -96.634289, 30.075701 ], [ -96.632478, 30.08404 ], [ -96.633186, 30.092951 ], [ -96.633673, 30.106142 ], [ -96.640649, 30.120579 ], [ -96.653112, 30.12999 ], [ -96.653062, 30.13012 ], [ -96.647223, 30.145174 ], [ -96.661872, 30.149133 ], [ -96.668606, 30.149729 ], [ -96.683394, 30.151038 ], [ -96.687141, 30.16435 ], [ -96.693755, 30.161456 ], [ -96.702002, 30.157839 ], [ -96.705462, 30.154414 ], [ -96.714989, 30.144983 ], [ -96.732136, 30.147016 ], [ -96.735445, 30.147393 ], [ -96.735967, 30.147225 ], [ -96.747229, 30.144173 ], [ -96.766937, 30.138745 ], [ -96.773016, 30.149466 ], [ -96.780751, 30.152124 ], [ -96.794552, 30.160545 ], [ -96.801371, 30.154641 ], [ -96.806259, 30.150408 ], [ -96.845857, 30.116027 ], [ -96.861725, 30.108644 ], [ -96.863451, 30.107906 ], [ -96.881791, 30.098953 ], [ -96.892419, 30.093788 ], [ -96.98319, 30.0496 ], [ -96.984382, 30.048836 ], [ -96.987139, 30.047785 ], [ -96.991442, 30.045688 ], [ -97.019163, 30.032 ], [ -97.024461, 30.051435 ], [ -97.044335, 30.033192 ], [ -97.044365, 30.033151 ], [ -97.086458, 29.994298 ], [ -97.106961, 29.97543 ], [ -97.107179, 29.975232 ], [ -97.121134, 29.962585 ], [ -97.128501, 29.956473 ], [ -97.130912, 29.95406 ], [ -97.14403, 29.942245 ], [ -97.165346, 29.922973 ], [ -97.194235, 29.896776 ], [ -97.221837, 29.871837 ], [ -97.315823, 29.786541 ], [ -97.317893, 29.784658 ], [ -97.409777, 29.734258 ], [ -97.451439, 29.711354 ], [ -97.511442, 29.678372 ], [ -97.595145, 29.632185 ], [ -97.597695, 29.630745 ], [ -97.599632, 29.631176 ], [ -97.599947, 29.632367 ], [ -97.598583, 29.633651 ], [ -97.598629, 29.635155 ], [ -97.600368, 29.635713 ], [ -97.60003, 29.637613 ], [ -97.602272, 29.63954 ], [ -97.603731, 29.641786 ], [ -97.606368, 29.640434 ], [ -97.604644, 29.63648 ], [ -97.60585, 29.635093 ], [ -97.607492, 29.635401 ], [ -97.609104, 29.636994 ], [ -97.611885, 29.636879 ], [ -97.615969, 29.634898 ], [ -97.617497, 29.633553 ], [ -97.618456, 29.633809 ], [ -97.618836, 29.635547 ], [ -97.617894, 29.63688 ], [ -97.618077, 29.637931 ], [ -97.61674, 29.639421 ], [ -97.616242, 29.641117 ], [ -97.617161, 29.64318 ], [ -97.617477, 29.645105 ], [ -97.621229, 29.644026 ], [ -97.62199, 29.642948 ], [ -97.624692, 29.642993 ], [ -97.628168, 29.642304 ], [ -97.627676, 29.640225 ], [ -97.629429, 29.639783 ], [ -97.630188, 29.643199 ], [ -97.629951, 29.644413 ], [ -97.631131, 29.645606 ], [ -97.630369, 29.64682 ], [ -97.631707, 29.646614 ], [ -97.633879, 29.647507 ], [ -97.632965, 29.648884 ], [ -97.633176, 29.649863 ], [ -97.631432, 29.650606 ], [ -97.63102, 29.653472 ], [ -97.635269, 29.653717 ], [ -97.635627, 29.655229 ], [ -97.637444, 29.654674 ], [ -97.63794, 29.653291 ], [ -97.638997, 29.653265 ], [ -97.640492, 29.651883 ], [ -97.641661, 29.652136 ], [ -97.642885, 29.654609 ], [ -97.64771, 29.654188 ], [ -97.65035, 29.655268 ], [ -97.651654, 29.653965 ], [ -97.651895, 29.655245 ], [ -97.653559, 29.656183 ], [ -97.654344, 29.658035 ], [ -97.653219, 29.658824 ], [ -97.653627, 29.659899 ], [ -97.652225, 29.66182 ], [ -97.650141, 29.661323 ], [ -97.649106, 29.659303 ], [ -97.649648, 29.657437 ], [ -97.648672, 29.656964 ], [ -97.647921, 29.658079 ], [ -97.647785, 29.662127 ], [ -97.648983, 29.662221 ], [ -97.650073, 29.665021 ], [ -97.651902, 29.666575 ], [ -97.652236, 29.666957 ], [ -97.652612, 29.667843 ], [ -97.654005, 29.666991 ], [ -97.656849, 29.664672 ], [ -97.656462, 29.662863 ], [ -97.65865, 29.663249 ], [ -97.65939, 29.666539 ], [ -97.661045, 29.668513 ], [ -97.663366, 29.666983 ], [ -97.665002, 29.668801 ], [ -97.665209, 29.668043 ], [ -97.66591, 29.666905 ], [ -97.669162, 29.66753 ], [ -97.670864, 29.667063 ], [ -97.67117, 29.664116 ], [ -97.673466, 29.663197 ], [ -97.675135, 29.666085 ], [ -97.673878, 29.668222 ], [ -97.675933, 29.668134 ], [ -97.677592, 29.668775 ], [ -97.676575, 29.667099 ], [ -97.678368, 29.666761 ], [ -97.678484, 29.664469 ], [ -97.680498, 29.663623 ], [ -97.683823, 29.664269 ], [ -97.682072, 29.665919 ], [ -97.683594, 29.66717 ], [ -97.683864, 29.666057 ], [ -97.685813, 29.665667 ], [ -97.68723, 29.666673 ], [ -97.686587, 29.667295 ], [ -97.685326, 29.666261 ], [ -97.685188, 29.667446 ], [ -97.686128, 29.669503 ], [ -97.688301, 29.672589 ], [ -97.689791, 29.671823 ], [ -97.691617, 29.672366 ], [ -97.690701, 29.673096 ], [ -97.698284, 29.669249 ], [ -97.697325, 29.667923 ], [ -97.698511, 29.666988 ], [ -97.699477, 29.667424 ], [ -97.700536, 29.668413 ], [ -97.702229, 29.668592 ], [ -97.702197, 29.670099 ], [ -97.703421, 29.670482 ], [ -97.703299, 29.673072 ], [ -97.703849, 29.674249 ], [ -97.706075, 29.67455 ], [ -97.705317, 29.675889 ], [ -97.705862, 29.67715 ], [ -97.704784, 29.679112 ], [ -97.705641, 29.680218 ], [ -97.703855, 29.681267 ], [ -97.704558, 29.682615 ], [ -97.706378, 29.682712 ], [ -97.708451, 29.683733 ], [ -97.711705, 29.6815 ], [ -97.715574, 29.682105 ], [ -97.717215, 29.681797 ], [ -97.717737, 29.682614 ], [ -97.716759, 29.683742 ], [ -97.71764, 29.684115 ], [ -97.721852, 29.682088 ], [ -97.722852, 29.682557 ], [ -97.72145, 29.684163 ], [ -97.722104, 29.68552 ], [ -97.725625, 29.685672 ], [ -97.727576, 29.687892 ], [ -97.731985, 29.690127 ], [ -97.733415, 29.690541 ], [ -97.734592, 29.691075 ], [ -97.73572, 29.691198 ], [ -97.735409, 29.693618 ], [ -97.737992, 29.696254 ], [ -97.740339, 29.696784 ], [ -97.742698, 29.69667 ], [ -97.743629, 29.697496 ], [ -97.743347, 29.698841 ], [ -97.736996, 29.701954 ], [ -97.735942, 29.705629 ], [ -97.73677, 29.711046 ], [ -97.738369, 29.712905 ], [ -97.744108, 29.711887 ], [ -97.744933, 29.71269 ], [ -97.746091, 29.711298 ], [ -97.749654, 29.711422 ], [ -97.74665, 29.712556 ], [ -97.74772, 29.714398 ], [ -97.749984, 29.714631 ], [ -97.7519, 29.71586 ], [ -97.75294, 29.716626 ], [ -97.756548, 29.717825 ], [ -97.758627, 29.715735 ], [ -97.758689, 29.714889 ], [ -97.763364, 29.713042 ], [ -97.765661, 29.717128 ], [ -97.768459, 29.719103 ], [ -97.768333, 29.720267 ], [ -97.766466, 29.721759 ], [ -97.763536, 29.721766 ], [ -97.758601, 29.725047 ], [ -97.760808, 29.725405 ], [ -97.760691, 29.727763 ], [ -97.761873, 29.728389 ], [ -97.763739, 29.727899 ], [ -97.771582, 29.733032 ], [ -97.772325, 29.733973 ], [ -97.771274, 29.732839 ], [ -97.770212, 29.735177 ], [ -97.770699, 29.737819 ], [ -97.769976, 29.739508 ], [ -97.768234, 29.74108 ], [ -97.768764, 29.74173 ], [ -97.774364, 29.742157 ], [ -97.774002, 29.743938 ], [ -97.775123, 29.7444 ], [ -97.77772, 29.747112 ], [ -97.78204, 29.747699 ], [ -97.781127, 29.748619 ], [ -97.779464, 29.748209 ], [ -97.781237, 29.752709 ], [ -97.780228, 29.754759 ], [ -97.780383, 29.756795 ], [ -97.781724, 29.757831 ], [ -97.780503, 29.758245 ], [ -97.780917, 29.759258 ], [ -97.781616, 29.759719 ], [ -97.78638, 29.760959 ], [ -97.790921, 29.75959 ], [ -97.792683, 29.759393 ], [ -97.793271, 29.757861 ], [ -97.792916, 29.754192 ], [ -97.793971, 29.752943 ], [ -97.795925, 29.752333 ], [ -97.799678, 29.752301 ], [ -97.800848, 29.75293 ], [ -97.801361, 29.754194 ], [ -97.803416, 29.753651 ], [ -97.803979, 29.754914 ], [ -97.80302, 29.756366 ], [ -97.80382, 29.757432 ], [ -97.802978, 29.758651 ], [ -97.800872, 29.759167 ], [ -97.799745, 29.763216 ], [ -97.800194, 29.765932 ], [ -97.801214, 29.767025 ], [ -97.802115, 29.766584 ], [ -97.804898, 29.767238 ], [ -97.807056, 29.768987 ], [ -97.811171, 29.774501 ], [ -97.807969, 29.774642 ], [ -97.805892, 29.773066 ], [ -97.805234, 29.773444 ], [ -97.806462, 29.775338 ], [ -97.80565, 29.777058 ], [ -97.806253, 29.777746 ], [ -97.808214, 29.779639 ], [ -97.811371, 29.780295 ], [ -97.812931, 29.778319 ], [ -97.815102, 29.780726 ], [ -97.811953, 29.783469 ], [ -97.814341, 29.784747 ], [ -97.814724, 29.785542 ], [ -97.815121, 29.787499 ], [ -97.815393, 29.788208 ], [ -97.817138, 29.790383 ], [ -97.819566, 29.78943 ], [ -97.821379, 29.785672 ], [ -97.821837, 29.782721 ], [ -97.823997, 29.783537 ], [ -97.822654, 29.784629 ], [ -97.823274, 29.785492 ], [ -97.826233, 29.784527 ], [ -97.826317, 29.783359 ], [ -97.824086, 29.781662 ], [ -97.825102, 29.781007 ], [ -97.828535, 29.781426 ], [ -97.828902, 29.780538 ], [ -97.827653, 29.779247 ], [ -97.829259, 29.779597 ], [ -97.830146, 29.780874 ], [ -97.830501, 29.781859 ], [ -97.831398, 29.783013 ], [ -97.832374, 29.784496 ], [ -97.831349, 29.787916 ], [ -97.830043, 29.789983 ], [ -97.829484, 29.793502 ], [ -97.830265, 29.795533 ], [ -97.833524, 29.795009 ], [ -97.834393, 29.794648 ], [ -97.83686, 29.795179 ], [ -97.837997, 29.79596 ], [ -97.838504, 29.797606 ], [ -97.839808, 29.797808 ], [ -97.842351, 29.799224 ], [ -97.843181, 29.801216 ], [ -97.842254, 29.802311 ], [ -97.842007, 29.806242 ], [ -97.842414, 29.808303 ], [ -97.844842, 29.808455 ], [ -97.845413, 29.807355 ], [ -97.846362, 29.808648 ], [ -97.845221, 29.811115 ], [ -97.842283, 29.81316 ], [ -97.84075, 29.815758 ], [ -97.839747, 29.820402 ], [ -97.842202, 29.821656 ], [ -97.842704, 29.824015 ], [ -97.841549, 29.824941 ], [ -97.838342, 29.825417 ], [ -97.837141, 29.824984 ], [ -97.836691, 29.82691 ], [ -97.837614, 29.828497 ], [ -97.839334, 29.828807 ], [ -97.840744, 29.829983 ], [ -97.84131, 29.83192 ], [ -97.842349, 29.832131 ], [ -97.843898, 29.832841 ], [ -97.844253, 29.836444 ], [ -97.84484, 29.839111 ], [ -97.846104, 29.839904 ], [ -97.846645, 29.841671 ], [ -97.848635, 29.843348 ], [ -97.853701, 29.843119 ], [ -97.855533, 29.843913 ], [ -97.856203, 29.848884 ], [ -97.860939, 29.853719 ], [ -97.861442, 29.855003 ], [ -97.863718, 29.856279 ], [ -97.867167, 29.854535 ], [ -97.867493, 29.851723 ], [ -97.872196, 29.852519 ], [ -97.873044, 29.855939 ], [ -97.875228, 29.858136 ], [ -97.875259, 29.858208 ], [ -97.905173, 29.835664 ], [ -97.905297, 29.835573 ], [ -97.919255, 29.825138 ], [ -97.928116, 29.818403 ], [ -97.930509, 29.816604 ], [ -97.932916, 29.81482 ], [ -97.943564, 29.806914 ], [ -97.944443, 29.806993 ], [ -97.944572, 29.805869 ], [ -97.961814, 29.789027 ], [ -97.999271, 29.752444 ], [ -98.012943, 29.794735 ], [ -98.015044, 29.801057 ], [ -98.01518, 29.801485 ], [ -98.018657, 29.812175 ], [ -98.018682, 29.812253 ], [ -98.030523, 29.848539 ], [ -98.071531, 29.877729 ], [ -98.12127, 29.912844 ], [ -98.151587, 29.934318 ], [ -98.188144, 29.960341 ], [ -98.196608, 29.96631 ], [ -98.198395, 29.967524 ], [ -98.198953, 29.967995 ], [ -98.203141, 29.97099 ], [ -98.224261, 29.986049 ], [ -98.246305, 30.001774 ], [ -98.253898, 30.007115 ], [ -98.254522, 30.007635 ], [ -98.2976, 30.037994 ], [ -98.298118, 30.037505 ] ] ] } },
{ "type": "Feature", "properties": { "FederalDivisionName": "Beaumont", "FederalJudicialDistrict": "Eastern" }, "geometry": { "type": "Polygon", "coordinates": [ [ [ -93.705083, 30.242752 ], [ -93.703113, 30.239176 ], [ -93.706547, 30.239659 ], [ -93.705032, 30.233396 ], [ -93.709284, 30.233873 ], [ -93.713359, 30.225261 ], [ -93.712152, 30.219815 ], [ -93.71922, 30.218542 ], [ -93.719046, 30.208727 ], [ -93.717112, 30.201831 ], [ -93.714959, 30.197346 ], [ -93.717839, 30.193999 ], [ -93.713052, 30.193371 ], [ -93.708489, 30.196759 ], [ -93.705495, 30.192921 ], [ -93.712595, 30.190186 ], [ -93.709661, 30.183278 ], [ -93.7052430686647, 30.176279133706299 ], [ -93.703764, 30.173936 ], [ -93.701959, 30.167774 ], [ -93.701959, 30.166226 ], [ -93.701959, 30.164701 ], [ -93.703926, 30.161136 ], [ -93.706015, 30.159169 ], [ -93.707491, 30.156096 ], [ -93.707614, 30.149826 ], [ -93.706532, 30.147424 ], [ -93.70306, 30.149876 ], [ -93.70018, 30.15272 ], [ -93.697737, 30.152946 ], [ -93.696292, 30.151601 ], [ -93.6937, 30.142512 ], [ -93.691771, 30.141125 ], [ -93.689527, 30.141751 ], [ -93.688552, 30.140374 ], [ -93.692849, 30.135213 ], [ -93.695499, 30.135597 ], [ -93.698274, 30.138619 ], [ -93.700744, 30.138144 ], [ -93.701459, 30.134705 ], [ -93.701951, 30.13066 ], [ -93.701875996234406, 30.130302425229701 ], [ -93.701301680142294, 30.1275644167692 ], [ -93.701295646104498, 30.127535649951099 ], [ -93.700631, 30.124367 ], [ -93.70143, 30.122295 ], [ -93.706463, 30.121678 ], [ -93.707794, 30.12074 ], [ -93.70729, 30.119365 ], [ -93.703412, 30.117185 ], [ -93.702404, 30.11489 ], [ -93.702436, 30.112721 ], [ -93.703732, 30.111057 ], [ -93.705492, 30.110289 ], [ -93.711503, 30.109392 ], [ -93.712997, 30.107857 ], [ -93.713176400179904, 30.107180661321699 ], [ -93.714597, 30.101825 ], [ -93.723765, 30.09413 ], [ -93.723045, 30.087682 ], [ -93.723631, 30.083176 ], [ -93.725802, 30.081999 ], [ -93.727637, 30.083282 ], [ -93.729674, 30.088014 ], [ -93.729927201382907, 30.088304954503901 ], [ -93.730566, 30.089039 ], [ -93.732485, 30.088914 ], [ -93.734085, 30.08613 ], [ -93.733584, 30.084276 ], [ -93.731448, 30.08193 ], [ -93.726707, 30.078915 ], [ -93.726137888049607, 30.078374006665602 ], [ -93.716405, 30.069122 ], [ -93.706171, 30.067311 ], [ -93.70218, 30.065474 ], [ -93.70058, 30.063666 ], [ -93.699396, 30.05925 ], [ -93.70082, 30.056274 ], [ -93.70394, 30.054291 ], [ -93.708045, 30.0538 ], [ -93.710891, 30.054377 ], [ -93.711928, 30.056957 ], [ -93.713772, 30.065687 ], [ -93.715461, 30.066579 ], [ -93.717327, 30.06571 ], [ -93.719453, 30.063808 ], [ -93.719685, 30.05605 ], [ -93.720805, 30.053043 ], [ -93.721411382310507, 30.052468720496801 ], [ -93.728086517368197, 30.046146977301699 ], [ -93.737446, 30.037283 ], [ -93.739158, 30.032627 ], [ -93.739734, 30.023987 ], [ -93.74207, 30.020771 ], [ -93.7445667645393, 30.019356448187501 ], [ -93.745323, 30.018928 ], [ -93.755061145635807, 30.0152537284091 ], [ -93.755238, 30.015187 ], [ -93.760182, 30.010836 ], [ -93.768444, 30.001694 ], [ -93.769127, 29.99834 ], [ -93.770567, 29.996532 ], [ -93.771575, 29.995924 ], [ -93.775111, 29.995524 ], [ -93.778888, 29.99487 ], [ -93.782171, 29.993671 ], [ -93.786935, 29.99058 ], [ -93.789431, 29.987812 ], [ -93.790087, 29.986564 ], [ -93.792323, 29.979413 ], [ -93.793415, 29.976741 ], [ -93.794439, 29.974773 ], [ -93.796151, 29.972037 ], [ -93.801607, 29.965093 ], [ -93.803409, 29.962565 ], [ -93.807815, 29.954549 ], [ -93.813008437547794, 29.937509787585999 ], [ -93.813735, 29.935126 ], [ -93.81655, 29.920726 ], [ -93.818998, 29.914822 ], [ -93.830374, 29.894359 ], [ -93.838374, 29.882855 ], [ -93.854342640830893, 29.864990999795801 ], [ -93.85514, 29.864099 ], [ -93.86357, 29.857177 ], [ -93.872446, 29.85165 ], [ -93.890679, 29.843159 ], [ -93.900728, 29.836967 ], [ -93.911152358236507, 29.828965344774801 ], [ -93.91636, 29.824968 ], [ -93.922744, 29.818808 ], [ -93.927992, 29.80964 ], [ -93.929208, 29.802952 ], [ -93.928808, 29.79708 ], [ -93.926930181833299, 29.790951010150302 ], [ -93.926504, 29.78956 ], [ -93.922407, 29.785048 ], [ -93.89847, 29.771577 ], [ -93.893862, 29.767289 ], [ -93.890821, 29.761673 ], [ -93.893829, 29.753033 ], [ -93.891637, 29.744618 ], [ -93.888821, 29.742234 ], [ -93.873941, 29.73777 ], [ -93.87002, 29.735482 ], [ -93.863204, 29.724059 ], [ -93.838308532873896, 29.691066314996299 ], [ -93.837971, 29.690619 ], [ -93.841431, 29.68782 ], [ -93.840643, 29.685757 ], [ -93.839093, 29.683425 ], [ -93.837725, 29.679024 ], [ -93.839539, 29.678523 ], [ -93.841372, 29.678556 ], [ -93.845158, 29.678819 ], [ -93.852069, 29.679173 ], [ -93.861291, 29.679007 ], [ -93.869848, 29.67942 ], [ -93.896943, 29.681072 ], [ -93.922969, 29.682518 ], [ -93.95256, 29.683344 ], [ -93.9570103378732, 29.682507971751299 ], [ -93.959033, 29.682128 ], [ -93.965068, 29.68277 ], [ -93.984766, 29.682415 ], [ -94.001406, 29.681486 ], [ -94.015347, 29.679666 ], [ -94.038973, 29.675017 ], [ -94.056506, 29.671163 ], [ -94.095762, 29.660524 ], [ -94.11953, 29.652365 ], [ -94.14722, 29.64245 ], [ -94.185011, 29.628299 ], [ -94.218049, 29.615386 ], [ -94.260118, 29.598957 ], [ -94.293726, 29.585373 ], [ -94.354094018520101, 29.5625650084448 ], [ -94.353383, 29.574844 ], [ -94.353948, 29.611497 ], [ -94.354087, 29.620349 ], [ -94.353979, 29.625226 ], [ -94.355489, 29.728608 ], [ -94.355791, 29.748417 ], [ -94.35673, 29.806045 ], [ -94.35703, 29.825482 ], [ -94.357019, 29.826033 ], [ -94.357292, 29.842779 ], [ -94.357976, 29.887464 ], [ -94.440633, 29.88699 ], [ -94.442204, 29.887053 ], [ -94.442235, 29.889538 ], [ -94.491536, 29.889508 ], [ -94.500191, 29.88994 ], [ -94.525217, 29.889621 ], [ -94.534569, 29.889506 ], [ -94.638396, 29.888392 ], [ -94.659943, 29.88812 ], [ -94.695837, 29.887663 ], [ -94.738857, 29.887217 ], [ -94.778794, 29.88672 ], [ -94.787803, 29.886641 ], [ -94.81409, 29.886266 ], [ -94.81604, 29.886231 ], [ -94.82617, 29.886114 ], [ -94.827844, 29.886084 ], [ -94.835474, 29.885992 ], [ -94.85476, 29.885825 ], [ -94.866012, 29.885658 ], [ -94.870287, 29.885584 ], [ -94.872964, 29.885546 ], [ -94.881757, 29.885524 ], [ -94.887154, 29.885474 ], [ -94.890446, 29.885444 ], [ -94.89384, 29.885413 ], [ -94.89461, 29.885407 ], [ -94.894984, 29.885402 ], [ -94.910275, 29.88521 ], [ -94.919554, 29.885134 ], [ -94.934584, 29.884899 ], [ -94.934857, 29.884894 ], [ -94.98146, 29.884276 ], [ -94.984987, 29.889659 ], [ -94.985978, 29.890549 ], [ -94.984364, 29.893244 ], [ -94.984498, 29.894255 ], [ -94.987917, 29.904736 ], [ -94.992869, 29.911871 ], [ -94.993703, 29.912404 ], [ -94.994771, 29.915417 ], [ -94.996446, 29.918106 ], [ -94.998656, 29.919771 ], [ -94.997748, 29.921987 ], [ -94.996512, 29.923769 ], [ -94.995458, 29.924039 ], [ -94.994165, 29.925728 ], [ -94.99306, 29.926031 ], [ -94.992878, 29.927752 ], [ -94.995202, 29.929049 ], [ -94.996144, 29.930082 ], [ -94.995112, 29.936236 ], [ -94.994734, 29.937342 ], [ -94.991971, 29.940758 ], [ -94.987696, 29.952835 ], [ -94.981175, 29.95556 ], [ -94.980645, 29.957083 ], [ -94.982095, 29.964754 ], [ -94.984762, 29.968025 ], [ -94.985531, 29.972536 ], [ -94.985911, 29.973012 ], [ -94.988269, 29.974707 ], [ -94.99542, 29.977826 ], [ -94.995266, 29.979447 ], [ -94.999834, 29.991322 ], [ -95.003148, 29.992328 ], [ -95.017057, 29.995797 ], [ -95.018667, 29.996457 ], [ -95.021908, 29.996909 ], [ -95.024732, 29.996579 ], [ -95.026772, 29.996739 ], [ -95.028668, 29.994634 ], [ -95.031179, 29.993324 ], [ -95.045132, 30.029209 ], [ -95.046215, 30.033181 ], [ -95.04844, 30.038581 ], [ -95.048489, 30.038726 ], [ -95.0496, 30.04149 ], [ -95.072603, 30.103054 ], [ -95.073285, 30.103709 ], [ -95.096708, 30.167214 ], [ -95.098022, 30.171147 ], [ -95.100547, 30.176801 ], [ -95.104005, 30.186549 ], [ -95.105597, 30.190642 ], [ -95.108474, 30.197967 ], [ -95.108639, 30.198408 ], [ -95.108958, 30.199253 ], [ -95.125594, 30.241875 ], [ -95.128946, 30.250212 ], [ -95.129447, 30.250503 ], [ -95.136922, 30.270634 ], [ -95.137255, 30.271502 ], [ -95.140147, 30.27897 ], [ -95.143333, 30.287219 ], [ -95.154531, 30.315832 ], [ -95.154973, 30.316969 ], [ -95.155844, 30.319207 ], [ -95.157493, 30.323473 ], [ -95.162558, 30.336365 ], [ -95.165897, 30.344976 ], [ -95.138369, 30.356589 ], [ -95.132026, 30.359698 ], [ -95.110382, 30.369139 ], [ -95.09825, 30.37461 ], [ -95.081538, 30.38133 ], [ -95.061519, 30.390582 ], [ -95.060512, 30.391015 ], [ -95.060194, 30.391164 ], [ -95.055247, 30.393486 ], [ -95.048056, 30.396863 ], [ -95.03246, 30.404091 ], [ -95.006645, 30.413998 ], [ -94.959046, 30.434992 ], [ -94.947403, 30.440422 ], [ -94.842621, 30.487458 ], [ -94.847722, 30.492557 ], [ -94.849414, 30.493553 ], [ -94.841469, 30.492906 ], [ -94.830421, 30.492453 ], [ -94.783964, 30.489478 ], [ -94.775274, 30.489016 ], [ -94.752627, 30.489624 ], [ -94.732732, 30.490066 ], [ -94.631177, 30.49061 ], [ -94.580972, 30.490829 ], [ -94.537926, 30.491059 ], [ -94.539242, 30.499125 ], [ -94.545717, 30.526977 ], [ -94.500197, 30.526816 ], [ -94.496195, 30.527007 ], [ -94.46042, 30.527021 ], [ -94.449495, 30.527032 ], [ -94.433273, 30.527057 ], [ -94.433155, 30.527056 ], [ -94.400652, 30.526945 ], [ -94.399954, 30.526941 ], [ -94.375193, 30.526848 ], [ -94.375022, 30.526868 ], [ -94.313482, 30.526783 ], [ -94.26409, 30.526761 ], [ -94.251827, 30.526711 ], [ -94.186553, 30.526539 ], [ -94.185871, 30.526484 ], [ -94.071689, 30.526033 ], [ -94.070092, 30.526624 ], [ -94.068322, 30.528322 ], [ -94.06699, 30.531936 ], [ -94.067114, 30.533236 ], [ -94.068715, 30.533926 ], [ -94.071638, 30.533852 ], [ -94.073609, 30.534802 ], [ -94.073686, 30.536264 ], [ -94.070773, 30.538727 ], [ -94.070624, 30.541044 ], [ -94.072628, 30.542923 ], [ -94.074794, 30.543978 ], [ -94.078268, 30.547211 ], [ -94.083744, 30.546423 ], [ -94.08591, 30.547276 ], [ -94.085307, 30.551837 ], [ -94.087334, 30.554274 ], [ -94.087955, 30.555163 ], [ -94.087854, 30.557092 ], [ -94.086467, 30.55826 ], [ -94.086563, 30.559746 ], [ -94.088847, 30.561729 ], [ -94.09111, 30.564222 ], [ -94.093598, 30.566069 ], [ -94.093871, 30.567313 ], [ -94.09196, 30.569464 ], [ -94.089641, 30.569491 ], [ -94.087763, 30.568292 ], [ -94.086455, 30.568313 ], [ -94.085902, 30.569724 ], [ -94.088452, 30.57208 ], [ -94.087935, 30.573799 ], [ -94.08855, 30.575326 ], [ -94.094812, 30.575543 ], [ -94.095864, 30.576781 ], [ -94.095573, 30.577628 ], [ -94.093442, 30.579343 ], [ -94.09313, 30.580675 ], [ -94.093087, 30.584445 ], [ -94.091415, 30.584926 ], [ -94.088791, 30.584403 ], [ -94.086805, 30.584673 ], [ -94.086458, 30.585358 ], [ -94.08716, 30.58842 ], [ -94.086952, 30.589558 ], [ -94.083652, 30.590898 ], [ -94.08245, 30.592115 ], [ -94.083343, 30.593577 ], [ -94.085204, 30.594754 ], [ -94.085868, 30.595894 ], [ -94.085443, 30.59754 ], [ -94.083417, 30.598391 ], [ -94.081889, 30.597653 ], [ -94.079745, 30.597567 ], [ -94.079316, 30.598074 ], [ -94.07836, 30.602569 ], [ -94.079092, 30.604052 ], [ -94.081474, 30.605847 ], [ -94.081199, 30.607227 ], [ -94.07959, 30.608063 ], [ -94.07766, 30.60801 ], [ -94.074294, 30.607218 ], [ -94.072391, 30.607448 ], [ -94.070762, 30.608614 ], [ -94.069704, 30.610695 ], [ -94.069595, 30.612237 ], [ -94.070287, 30.613199 ], [ -94.074931, 30.614729 ], [ -94.076448, 30.615847 ], [ -94.075835, 30.618042 ], [ -94.072574, 30.618971 ], [ -94.069688, 30.6209 ], [ -94.063942, 30.621023 ], [ -94.063021, 30.62148 ], [ -94.062433, 30.624434 ], [ -94.057891, 30.625173 ], [ -94.0586, 30.627433 ], [ -94.057486, 30.629025 ], [ -94.053985, 30.628839 ], [ -94.052964, 30.629785 ], [ -94.055778, 30.632144 ], [ -94.055778, 30.633227 ], [ -94.052742, 30.635126 ], [ -94.051452, 30.636847 ], [ -94.05096, 30.638568 ], [ -94.051562, 30.641792 ], [ -94.054183, 30.646114 ], [ -94.055335, 30.646114 ], [ -94.056235, 30.643577 ], [ -94.058139, 30.643229 ], [ -94.059077, 30.644183 ], [ -94.059839, 30.64697 ], [ -94.058381, 30.648796 ], [ -94.056691, 30.648845 ], [ -94.054581, 30.646988 ], [ -94.053775, 30.647125 ], [ -94.053078, 30.648482 ], [ -94.05593, 30.654647 ], [ -94.057073, 30.655648 ], [ -94.059683, 30.656456 ], [ -94.063902, 30.660382 ], [ -94.064757, 30.662313 ], [ -94.065816, 30.663064 ], [ -94.069475, 30.663095 ], [ -94.072179, 30.664816 ], [ -94.073879, 30.667643 ], [ -94.075821, 30.667271 ], [ -94.07687, 30.666236 ], [ -94.07919, 30.66209 ], [ -94.079543, 30.660838 ], [ -94.078223, 30.659642 ], [ -94.076904, 30.659861 ], [ -94.075744, 30.66109 ], [ -94.074249, 30.661648 ], [ -94.073255, 30.66084 ], [ -94.073839, 30.657996 ], [ -94.073216, 30.655927 ], [ -94.073903, 30.655765 ], [ -94.076802, 30.658059 ], [ -94.07957, 30.658858 ], [ -94.081186, 30.65889 ], [ -94.083878, 30.656901 ], [ -94.085457, 30.656545 ], [ -94.086405, 30.657272 ], [ -94.086535, 30.658912 ], [ -94.083973, 30.661911 ], [ -94.082387, 30.666477 ], [ -94.082425, 30.667656 ], [ -94.083419, 30.668771 ], [ -94.086504, 30.66986 ], [ -94.088112, 30.671476 ], [ -94.089126, 30.673261 ], [ -94.091341, 30.680725 ], [ -94.091391, 30.682325 ], [ -94.090593, 30.684143 ], [ -94.089396, 30.685427 ], [ -94.089369, 30.686978 ], [ -94.091348, 30.688181 ], [ -94.095445, 30.689125 ], [ -94.096941, 30.689157 ], [ -94.100869, 30.687782 ], [ -94.103989, 30.687829 ], [ -94.107771, 30.688361 ], [ -94.110307, 30.6876 ], [ -94.114652, 30.684689 ], [ -94.117459, 30.684994 ], [ -94.120617, 30.68437 ], [ -94.122864, 30.682873 ], [ -94.124202, 30.682824 ], [ -94.125824, 30.684052 ], [ -94.126006, 30.686663 ], [ -94.12378, 30.689369 ], [ -94.123707, 30.690953 ], [ -94.124378, 30.693336 ], [ -94.12285, 30.698734 ], [ -94.123038, 30.700891 ], [ -94.124201, 30.702506 ], [ -94.127357, 30.704357 ], [ -94.129123, 30.7058 ], [ -94.130843, 30.708365 ], [ -94.133317, 30.710845 ], [ -94.137397, 30.714283 ], [ -94.135774, 30.716582 ], [ -94.12983, 30.71852 ], [ -94.129496, 30.719447 ], [ -94.130898, 30.722042 ], [ -94.131154, 30.724871 ], [ -94.133352, 30.727092 ], [ -94.138029, 30.730324 ], [ -94.138229, 30.731909 ], [ -94.135479, 30.735178 ], [ -94.134427, 30.739283 ], [ -94.128732, 30.744648 ], [ -94.128232, 30.746505 ], [ -94.129598, 30.750862 ], [ -94.130541, 30.751868 ], [ -94.134319, 30.751158 ], [ -94.136094, 30.751706 ], [ -94.137559, 30.752827 ], [ -94.139896, 30.75589 ], [ -94.139325, 30.75768 ], [ -94.136406, 30.759581 ], [ -94.133526, 30.762589 ], [ -94.132823, 30.764612 ], [ -94.133856, 30.766285 ], [ -94.135364, 30.767643 ], [ -94.137413, 30.770736 ], [ -94.142232, 30.77192 ], [ -94.142688, 30.77344 ], [ -94.139493, 30.777528 ], [ -94.139803, 30.779118 ], [ -94.141479, 30.782777 ], [ -94.143647, 30.785145 ], [ -94.150119, 30.790203 ], [ -94.152558, 30.790641 ], [ -94.157197, 30.789547 ], [ -94.158762, 30.789545 ], [ -94.16172, 30.790438 ], [ -94.163882, 30.790455 ], [ -94.165564, 30.791213 ], [ -94.168504, 30.793445 ], [ -94.176005, 30.793854 ], [ -94.179343, 30.794974 ], [ -94.180235, 30.795648 ], [ -94.181469, 30.797802 ], [ -94.179414, 30.798746 ], [ -94.178888, 30.801021 ], [ -94.181283, 30.802476 ], [ -94.182037, 30.804248 ], [ -94.181128, 30.80799 ], [ -94.178097, 30.809827 ], [ -94.177802, 30.812321 ], [ -94.178463, 30.81242 ], [ -94.180845, 30.810129 ], [ -94.183642, 30.811561 ], [ -94.184623, 30.812752 ], [ -94.184439, 30.815392 ], [ -94.184955, 30.816435 ], [ -94.188661, 30.817136 ], [ -94.189074, 30.818155 ], [ -94.187732, 30.824311 ], [ -94.185598, 30.824101 ], [ -94.179922, 30.82231 ], [ -94.178332, 30.823127 ], [ -94.178327, 30.824024 ], [ -94.181713, 30.82516 ], [ -94.182236, 30.826655 ], [ -94.180233, 30.827964 ], [ -94.179433, 30.829139 ], [ -94.180714, 30.830138 ], [ -94.185177, 30.830543 ], [ -94.185936, 30.831362 ], [ -94.185431, 30.833144 ], [ -94.184286, 30.834399 ], [ -94.180758, 30.833497 ], [ -94.18014, 30.833971 ], [ -94.181324, 30.835575 ], [ -94.183817, 30.836457 ], [ -94.189903, 30.836828 ], [ -94.191342, 30.838109 ], [ -94.191488, 30.840064 ], [ -94.193717, 30.841526 ], [ -94.19358, 30.842729 ], [ -94.191923, 30.843845 ], [ -94.192025, 30.845484 ], [ -94.194408, 30.847649 ], [ -94.19701, 30.85084 ], [ -94.198037, 30.853293 ], [ -94.198143, 30.853807 ], [ -94.197976, 30.856157 ], [ -94.197756, 30.856733 ], [ -94.196891, 30.859746 ], [ -94.19827, 30.861552 ], [ -94.19988, 30.862156 ], [ -94.200963, 30.863533 ], [ -94.200372, 30.864185 ], [ -94.197591, 30.864384 ], [ -94.19387, 30.863644 ], [ -94.193167, 30.865085 ], [ -94.194754, 30.866343 ], [ -94.195117, 30.868097 ], [ -94.194426, 30.869709 ], [ -94.190368, 30.87143 ], [ -94.189945, 30.872001 ], [ -94.190454, 30.872601 ], [ -94.195482, 30.872475 ], [ -94.198487, 30.873778 ], [ -94.199074, 30.8752 ], [ -94.196143, 30.87568 ], [ -94.194274, 30.876637 ], [ -94.193749, 30.877598 ], [ -94.194331, 30.879587 ], [ -94.195838, 30.881078 ], [ -94.200079, 30.882713 ], [ -94.202836, 30.884376 ], [ -94.205061, 30.886475 ], [ -94.205475, 30.888488 ], [ -94.204923, 30.889109 ], [ -94.201254, 30.889342 ], [ -94.200244, 30.890083 ], [ -94.200033, 30.892055 ], [ -94.201345, 30.893416 ], [ -94.204764, 30.895712 ], [ -94.207132, 30.896711 ], [ -94.208796, 30.898833 ], [ -94.215213, 30.9004 ], [ -94.215928, 30.901533 ], [ -94.214415, 30.905587 ], [ -94.213969, 30.907962 ], [ -94.212863, 30.909745 ], [ -94.211125, 30.910767 ], [ -94.207722, 30.909369 ], [ -94.20703, 30.909917 ], [ -94.206921, 30.911945 ], [ -94.204991, 30.914624 ], [ -94.204536, 30.917128 ], [ -94.206583, 30.919307 ], [ -94.208237, 30.922002 ], [ -94.208105, 30.922624 ], [ -94.205525, 30.923983 ], [ -94.203445, 30.926694 ], [ -94.199895, 30.927719 ], [ -94.199435, 30.928324 ], [ -94.199891, 30.929157 ], [ -94.204315, 30.929363 ], [ -94.20591, 30.929819 ], [ -94.207473, 30.931512 ], [ -94.206479, 30.933175 ], [ -94.204293, 30.933622 ], [ -94.203525, 30.934703 ], [ -94.206871, 30.936619 ], [ -94.210018, 30.938024 ], [ -94.211182, 30.937356 ], [ -94.212592, 30.9348 ], [ -94.215803, 30.934231 ], [ -94.220031, 30.934799 ], [ -94.220991, 30.935318 ], [ -94.222284, 30.937067 ], [ -94.221206, 30.938842 ], [ -94.220791, 30.940579 ], [ -94.221821, 30.942941 ], [ -94.222575, 30.947073 ], [ -94.223797, 30.947658 ], [ -94.224808, 30.946674 ], [ -94.224183, 30.942745 ], [ -94.224852, 30.940507 ], [ -94.225657, 30.939806 ], [ -94.228607, 30.939716 ], [ -94.228904, 30.94067 ], [ -94.227851, 30.943311 ], [ -94.228166, 30.944338 ], [ -94.23033, 30.945264 ], [ -94.23123, 30.947335 ], [ -94.227761, 30.949323 ], [ -94.226992, 30.950437 ], [ -94.228147, 30.951531 ], [ -94.232473, 30.9512 ], [ -94.233656, 30.951721 ], [ -94.233551, 30.952803 ], [ -94.230891, 30.956006 ], [ -94.228106, 30.956679 ], [ -94.227851, 30.957792 ], [ -94.229866, 30.958686 ], [ -94.233776, 30.9596 ], [ -94.238416, 30.960095 ], [ -94.243218, 30.963378 ], [ -94.244725, 30.965951 ], [ -94.245038, 30.967641 ], [ -94.244102, 30.968657 ], [ -94.239998, 30.97058 ], [ -94.239409, 30.973875 ], [ -94.241526, 30.978835 ], [ -94.243083, 30.98043 ], [ -94.243871, 30.982889 ], [ -94.242613, 30.988874 ], [ -94.241559, 30.990986 ], [ -94.241382, 30.992474 ], [ -94.239942, 30.992787 ], [ -94.239314, 30.991999 ], [ -94.241181, 30.989864 ], [ -94.241249, 30.989104 ], [ -94.238955, 30.987702 ], [ -94.234235, 30.985916 ], [ -94.233075, 30.986342 ], [ -94.233111, 30.990617 ], [ -94.235296, 30.99663 ], [ -94.237518, 31.000563 ], [ -94.239781, 31.002884 ], [ -94.240613, 31.005157 ], [ -94.240816, 31.008208 ], [ -94.240219, 31.010103 ], [ -94.238095, 31.013146 ], [ -94.238424, 31.013705 ], [ -94.240559, 31.013253 ], [ -94.243091, 31.01178 ], [ -94.245392, 31.011279 ], [ -94.246848, 31.012031 ], [ -94.248576, 31.015523 ], [ -94.250001, 31.017159 ], [ -94.252298, 31.018931 ], [ -94.256806, 31.018466 ], [ -94.259025, 31.019771 ], [ -94.260805, 31.020003 ], [ -94.264841, 31.019542 ], [ -94.267664, 31.018453 ], [ -94.269905, 31.019305 ], [ -94.273476, 31.016616 ], [ -94.277204, 31.0175 ], [ -94.279926, 31.017692 ], [ -94.281222, 31.018382 ], [ -94.283062, 31.021096 ], [ -94.284447, 31.024376 ], [ -94.285269, 31.024852 ], [ -94.286324, 31.027136 ], [ -94.286086, 31.029621 ], [ -94.284458, 31.033274 ], [ -94.282773, 31.036101 ], [ -94.285413, 31.039572 ], [ -94.286348, 31.040359 ], [ -94.289225, 31.041267 ], [ -94.292119, 31.042768 ], [ -94.29319, 31.04282 ], [ -94.295352, 31.041814 ], [ -94.299193, 31.041651 ], [ -94.299138, 31.040246 ], [ -94.297808, 31.036403 ], [ -94.298526, 31.034586 ], [ -94.307833, 31.028403 ], [ -94.309383, 31.027685 ], [ -94.311383, 31.025479 ], [ -94.315016, 31.023352 ], [ -94.318978, 31.022841 ], [ -94.322685, 31.020805 ], [ -94.325084, 31.019968 ], [ -94.328838, 31.022069 ], [ -94.330345, 31.024801 ], [ -94.333579, 31.026672 ], [ -94.334703, 31.028596 ], [ -94.337354, 31.030192 ], [ -94.336392, 31.033996 ], [ -94.337017, 31.035941 ], [ -94.338759, 31.037328 ], [ -94.33972, 31.037318 ], [ -94.342295, 31.036073 ], [ -94.34405, 31.035805 ], [ -94.344686, 31.037173 ], [ -94.342686, 31.038083 ], [ -94.342776, 31.039316 ], [ -94.344214, 31.039753 ], [ -94.34866, 31.038115 ], [ -94.353782, 31.039371 ], [ -94.355342, 31.03692 ], [ -94.353031, 31.035025 ], [ -94.35465, 31.032166 ], [ -94.355885, 31.03231 ], [ -94.356506, 31.033927 ], [ -94.35811, 31.034534 ], [ -94.361553, 31.033155 ], [ -94.363749, 31.033319 ], [ -94.370255, 31.030628 ], [ -94.374686, 31.031111 ], [ -94.374852, 31.032685 ], [ -94.37416, 31.034972 ], [ -94.374997, 31.035314 ], [ -94.376492, 31.034795 ], [ -94.379194, 31.032188 ], [ -94.380242, 31.028246 ], [ -94.382402, 31.026413 ], [ -94.383616, 31.026711 ], [ -94.383733, 31.028958 ], [ -94.386052, 31.029299 ], [ -94.386154, 31.026044 ], [ -94.389262, 31.026559 ], [ -94.390778, 31.027182 ], [ -94.392411, 31.028591 ], [ -94.396936, 31.028798 ], [ -94.39634, 31.025788 ], [ -94.399638, 31.025019 ], [ -94.401101, 31.025316 ], [ -94.402973, 31.027032 ], [ -94.404283, 31.027329 ], [ -94.413814, 31.026493 ], [ -94.415895, 31.025154 ], [ -94.418303, 31.024323 ], [ -94.419788, 31.022058 ], [ -94.42333, 31.021855 ], [ -94.425506, 31.021154 ], [ -94.426926, 31.019566 ], [ -94.427491, 31.016196 ], [ -94.432429, 31.01424 ], [ -94.435988, 31.013761 ], [ -94.435501, 31.012233 ], [ -94.432219, 31.013217 ], [ -94.432702, 31.011147 ], [ -94.435247, 31.011045 ], [ -94.435139, 31.009456 ], [ -94.433745, 31.008521 ], [ -94.434305, 31.006924 ], [ -94.438491, 31.005799 ], [ -94.444223, 31.005223 ], [ -94.448535, 31.003291 ], [ -94.451127, 31.003445 ], [ -94.450499, 31.005482 ], [ -94.452663, 31.005384 ], [ -94.45327, 31.006237 ], [ -94.450803, 31.009445 ], [ -94.450189, 31.012323 ], [ -94.450874, 31.01482 ], [ -94.450234, 31.018813 ], [ -94.448075, 31.021287 ], [ -94.446332, 31.022604 ], [ -94.442293, 31.029981 ], [ -94.443975, 31.032394 ], [ -94.444212, 31.034037 ], [ -94.445386, 31.034426 ], [ -94.446969, 31.033098 ], [ -94.449481, 31.033477 ], [ -94.451425, 31.031457 ], [ -94.455127, 31.031635 ], [ -94.458733, 31.030183 ], [ -94.460167, 31.03092 ], [ -94.45826, 31.03203 ], [ -94.457816, 31.033325 ], [ -94.457805, 31.033332 ], [ -94.404598, 31.044027 ], [ -94.323247, 31.060773 ], [ -94.308172, 31.063825 ], [ -94.276572, 31.070169 ], [ -94.238741, 31.077724 ], [ -94.19296, 31.086854 ], [ -94.129632, 31.09928 ], [ -94.074544, 31.110186 ], [ -94.065463, 31.11199 ], [ -94.064133, 31.112255 ], [ -94.062864, 31.11491 ], [ -94.062255, 31.114853 ], [ -94.062302, 31.112414 ], [ -94.061092, 31.113932 ], [ -94.06077, 31.112635 ], [ -94.059145, 31.113249 ], [ -94.058293, 31.111751 ], [ -94.057178, 31.112647 ], [ -94.05635, 31.11182 ], [ -94.055715, 31.112659 ], [ -94.057794, 31.113286 ], [ -94.057081, 31.11427 ], [ -94.055078, 31.113643 ], [ -94.055025, 31.114458 ], [ -94.050905, 31.114609 ], [ -94.050571, 31.115904 ], [ -94.04827, 31.11562 ], [ -94.048649, 31.116862 ], [ -94.047274, 31.117674 ], [ -94.045719, 31.116609 ], [ -94.045479, 31.118343 ], [ -94.043234, 31.118552 ], [ -94.042298, 31.119435 ], [ -94.042292, 31.121203 ], [ -94.040379, 31.123148 ], [ -94.041111, 31.12567 ], [ -94.038724, 31.126973 ], [ -94.037797, 31.129398 ], [ -94.039801, 31.130448 ], [ -94.039034, 31.134271 ], [ -93.984878, 31.144267 ], [ -93.911126, 31.158071 ], [ -93.846214, 31.161859 ], [ -93.796586, 31.164714 ], [ -93.734247, 31.168281 ], [ -93.616445, 31.175239 ], [ -93.615067, 31.17532 ], [ -93.610568, 31.175562 ], [ -93.600308, 31.176158 ], [ -93.598828, 31.174679 ], [ -93.588503, 31.165581 ], [ -93.579215, 31.167422 ], [ -93.569563, 31.177574 ], [ -93.567121465137504, 31.1789641453718 ], [ -93.567103377230694, 31.178974444147499 ], [ -93.560943, 31.182482 ], [ -93.552649, 31.185575 ], [ -93.552539949444096, 31.185605093025899 ], [ -93.548931, 31.186601 ], [ -93.545266, 31.183899 ], [ -93.541819, 31.183201 ], [ -93.53928, 31.183547 ], [ -93.535097, 31.185614 ], [ -93.533307, 31.184463 ], [ -93.531744, 31.180817 ], [ -93.531437, 31.178953 ], [ -93.532807, 31.174265 ], [ -93.535953, 31.172409 ], [ -93.542387, 31.171592 ], [ -93.543061, 31.170658 ], [ -93.542406, 31.168488 ], [ -93.538977, 31.16515 ], [ -93.536412, 31.160387 ], [ -93.536481, 31.158471 ], [ -93.540164, 31.156054 ], [ -93.546372, 31.156599 ], [ -93.5487, 31.155839 ], [ -93.548515, 31.148502 ], [ -93.546102, 31.143354 ], [ -93.544702, 31.135889 ], [ -93.537991, 31.126746 ], [ -93.5397, 31.114449 ], [ -93.545175, 31.111785 ], [ -93.548696, 31.106035 ], [ -93.548632, 31.101203 ], [ -93.549254, 31.100136 ], [ -93.559098, 31.097368 ], [ -93.56268, 31.097599 ], [ -93.563472, 31.093989 ], [ -93.559068, 31.091778 ], [ -93.556641, 31.087435 ], [ -93.553201, 31.088122 ], [ -93.551106, 31.090811 ], [ -93.549278, 31.090308 ], [ -93.548438, 31.088514 ], [ -93.5518, 31.084536 ], [ -93.552205, 31.078931 ], [ -93.540129, 31.078003 ], [ -93.532627, 31.074552 ], [ -93.527747, 31.07457 ], [ -93.527168, 31.073189 ], [ -93.528957, 31.069831 ], [ -93.525131, 31.066551 ], [ -93.520744, 31.066127 ], [ -93.519797915403402, 31.0648481398078 ], [ -93.519422, 31.06434 ], [ -93.518912, 31.061863 ], [ -93.521145, 31.057275 ], [ -93.529256, 31.057567 ], [ -93.532069, 31.055264 ], [ -93.531219, 31.051678 ], [ -93.526508, 31.04736 ], [ -93.523509, 31.046173 ], [ -93.519961, 31.045168 ], [ -93.518899, 31.043736 ], [ -93.519941, 31.041876 ], [ -93.521932, 31.041413 ], [ -93.524048, 31.04152 ], [ -93.524904, 31.039947 ], [ -93.524739, 31.039007 ], [ -93.521598, 31.036301 ], [ -93.514975, 31.034864 ], [ -93.508292, 31.032352 ], [ -93.50846, 31.029441 ], [ -93.514924, 31.025696 ], [ -93.522314, 31.020098 ], [ -93.524522, 31.019642 ], [ -93.531578, 31.020191 ], [ -93.53343, 31.018971 ], [ -93.539141, 31.008292 ], [ -93.540429, 31.007808 ], [ -93.54268, 31.008224 ], [ -93.54576, 31.010033 ], [ -93.548498, 31.010258 ], [ -93.551466, 31.009237 ], [ -93.554462, 31.004364 ], [ -93.555927, 31.003744 ], [ -93.561173, 31.007764 ], [ -93.565631, 31.013156 ], [ -93.567548, 31.012672 ], [ -93.571465, 31.009599 ], [ -93.572819, 31.007471 ], [ -93.573044, 31.004712 ], [ -93.574588, 31.002363 ], [ -93.578207, 30.999995 ], [ -93.575116, 30.994647 ], [ -93.573365, 30.991828 ], [ -93.568948, 30.990674 ], [ -93.566208, 30.990714 ], [ -93.564289, 30.989601 ], [ -93.56411, 30.988012 ], [ -93.565881, 30.98518 ], [ -93.566478, 30.981318 ], [ -93.567972, 30.977981 ], [ -93.569295, 30.976191 ], [ -93.572798, 30.974724 ], [ -93.574332, 30.973708 ], [ -93.574024, 30.972249 ], [ -93.572823, 30.970723 ], [ -93.568441, 30.9691 ], [ -93.564841, 30.969527 ], [ -93.560533, 30.971286 ], [ -93.556106, 30.968639 ], [ -93.55354, 30.967374 ], [ -93.549841, 30.967118 ], [ -93.547314, 30.964755 ], [ -93.546327, 30.957802 ], [ -93.542668, 30.956694 ], [ -93.539274, 30.95652 ], [ -93.534628, 30.957998 ], [ -93.531758, 30.958217 ], [ -93.530927, 30.957114 ], [ -93.530507, 30.955738 ], [ -93.530534, 30.954578 ], [ -93.532217, 30.951837 ], [ -93.532555, 30.950702 ], [ -93.532367, 30.948977 ], [ -93.529814, 30.942172 ], [ -93.526439, 30.939375 ], [ -93.526013, 30.937535 ], [ -93.527262, 30.935634 ], [ -93.527777, 30.932847 ], [ -93.526147, 30.930035 ], [ -93.530936, 30.924534 ], [ -93.543212, 30.920133 ], [ -93.542073, 30.925849 ], [ -93.545166, 30.927059 ], [ -93.549549, 30.923753 ], [ -93.550731998706098, 30.921228313668198 ], [ -93.551942, 30.918646 ], [ -93.554917, 30.915737 ], [ -93.558375, 30.913537 ], [ -93.558539, 30.911392 ], [ -93.555345, 30.909348 ], [ -93.555046842404593, 30.909187542613601 ], [ -93.553026, 30.9081 ], [ -93.553995, 30.902773 ], [ -93.553116, 30.901053 ], [ -93.550476, 30.900526 ], [ -93.548623, 30.899894 ], [ -93.548643, 30.898622 ], [ -93.549202, 30.897439 ], [ -93.552475, 30.896704 ], [ -93.557806, 30.896746 ], [ -93.562872, 30.895617 ], [ -93.566316, 30.894839 ], [ -93.568158, 30.893374 ], [ -93.568743, 30.891857 ], [ -93.5699, 30.890603 ], [ -93.572957, 30.88757 ], [ -93.57408, 30.884529 ], [ -93.573493, 30.88267 ], [ -93.570824, 30.87558 ], [ -93.564795, 30.875675 ], [ -93.562937, 30.872804 ], [ -93.564137, 30.868556 ], [ -93.559142, 30.869937 ], [ -93.558770115298799, 30.8687666728907 ], [ -93.558455, 30.867775 ], [ -93.561545, 30.861379 ], [ -93.561911, 30.858332 ], [ -93.559653, 30.855608 ], [ -93.55792, 30.854299 ], [ -93.557314, 30.852081 ], [ -93.564101, 30.846744 ], [ -93.568482, 30.845125 ], [ -93.56797, 30.843026 ], [ -93.563494, 30.842049 ], [ -93.558172, 30.839974 ], [ -93.553626, 30.83514 ], [ -93.553104, 30.833111 ], [ -93.55716, 30.828761 ], [ -93.556179, 30.826387 ], [ -93.554057, 30.824941 ], [ -93.554645, 30.823249 ], [ -93.557842, 30.821015 ], [ -93.561912, 30.819459 ], [ -93.564164, 30.817541 ], [ -93.563763, 30.813606 ], [ -93.560707, 30.809639 ], [ -93.561349, 30.807577 ], [ -93.563243, 30.806218 ], [ -93.569303, 30.802969 ], [ -93.574677, 30.801373 ], [ -93.578395, 30.802047 ], [ -93.582229, 30.803117 ], [ -93.583775, 30.801779 ], [ -93.584265, 30.796663 ], [ -93.5837729089926, 30.7955760134573 ], [ -93.583188, 30.794284 ], [ -93.581388, 30.791627 ], [ -93.581921, 30.788979 ], [ -93.583693, 30.787762 ], [ -93.58716, 30.787859 ], [ -93.588939, 30.78755 ], [ -93.589381, 30.786676 ], [ -93.586956, 30.782895 ], [ -93.58445, 30.781164 ], [ -93.583354, 30.779408 ], [ -93.583165, 30.778596 ], [ -93.58387, 30.777048 ], [ -93.587143, 30.776815 ], [ -93.589896, 30.77776 ], [ -93.591731, 30.776664 ], [ -93.592714, 30.775095 ], [ -93.593505, 30.772275 ], [ -93.59156, 30.767228 ], [ -93.592101, 30.763675 ], [ -93.600811, 30.762193 ], [ -93.604969, 30.761984 ], [ -93.606316, 30.761042 ], [ -93.606241, 30.759397 ], [ -93.606785, 30.758157 ], [ -93.609178, 30.75726 ], [ -93.610065, 30.757529 ], [ -93.611015, 30.75898 ], [ -93.61162, 30.760031 ], [ -93.613474, 30.76085 ], [ -93.614448, 30.75987 ], [ -93.614575, 30.758159 ], [ -93.614777, 30.756064 ], [ -93.612368, 30.753896 ], [ -93.610354, 30.750591 ], [ -93.608344, 30.747835 ], [ -93.608540281314404, 30.747136310550601 ], [ -93.608654023715602, 30.746731429342798 ], [ -93.608998, 30.745507 ], [ -93.609946, 30.744649 ], [ -93.614888, 30.744321 ], [ -93.617753, 30.743252 ], [ -93.61913, 30.741997 ], [ -93.618981, 30.740265 ], [ -93.617688, 30.738479 ], [ -93.61282, 30.736707 ], [ -93.610645, 30.734279 ], [ -93.609719, 30.729182 ], [ -93.609544, 30.723139 ], [ -93.611192, 30.718053 ], [ -93.612809, 30.71657 ], [ -93.614771, 30.719864 ], [ -93.616178, 30.718775 ], [ -93.617229, 30.71858 ], [ -93.616184, 30.71398 ], [ -93.616437, 30.712388 ], [ -93.619655, 30.708939 ], [ -93.620774, 30.704122 ], [ -93.621809, 30.702762 ], [ -93.624466, 30.701083 ], [ -93.624587, 30.699543 ], [ -93.623804, 30.69797 ], [ -93.62282, 30.69711 ], [ -93.621224, 30.696243 ], [ -93.620379, 30.695046 ], [ -93.620434, 30.694238 ], [ -93.625377, 30.689711 ], [ -93.626647, 30.688357 ], [ -93.627228, 30.687412 ], [ -93.627709, 30.683731 ], [ -93.629904, 30.67994 ], [ -93.63616, 30.676115 ], [ -93.638213, 30.673058 ], [ -93.645364, 30.673394 ], [ -93.646623, 30.671435 ], [ -93.646847, 30.668727 ], [ -93.648252, 30.667781 ], [ -93.65319, 30.670386 ], [ -93.654971, 30.670184 ], [ -93.659745, 30.662052 ], [ -93.661251, 30.661203 ], [ -93.66456, 30.661725 ], [ -93.667657, 30.660506 ], [ -93.670354, 30.658034 ], [ -93.6705045501743, 30.6567140600995 ], [ -93.670569, 30.656149 ], [ -93.670111, 30.653839 ], [ -93.670536, 30.652626 ], [ -93.673838, 30.651297 ], [ -93.674134, 30.648686 ], [ -93.6786, 30.64419 ], [ -93.681086, 30.643108 ], [ -93.6831, 30.640763 ], [ -93.682868, 30.639346 ], [ -93.680661, 30.636499 ], [ -93.680470988261902, 30.635246158377001 ], [ -93.680415, 30.634877 ], [ -93.681763, 30.633033 ], [ -93.683819, 30.632578 ], [ -93.684715, 30.63081 ], [ -93.683887, 30.6286 ], [ -93.685121, 30.625201 ], [ -93.6821792174281, 30.620853450993501 ], [ -93.681959, 30.620528 ], [ -93.681983, 30.618584 ], [ -93.685702, 30.616418 ], [ -93.686905, 30.613757 ], [ -93.689134, 30.611406 ], [ -93.688658, 30.610526 ], [ -93.68742, 30.609742 ], [ -93.684396, 30.609181 ], [ -93.683397, 30.608041 ], [ -93.682524, 30.604264 ], [ -93.679235, 30.599765 ], [ -93.678662, 30.594097 ], [ -93.679609, 30.593402 ], [ -93.682829, 30.593681 ], [ -93.685066, 30.592086 ], [ -93.685117, 30.586614 ], [ -93.68811, 30.585658 ], [ -93.692222, 30.585706 ], [ -93.691751, 30.587959 ], [ -93.68937, 30.589119 ], [ -93.687804, 30.590138 ], [ -93.689534, 30.592759 ], [ -93.692869, 30.594382 ], [ -93.700828, 30.591983 ], [ -93.703297, 30.588773 ], [ -93.706034, 30.588035 ], [ -93.709985, 30.588875 ], [ -93.712454, 30.588479 ], [ -93.7136, 30.587406 ], [ -93.714032, 30.580284 ], [ -93.716821, 30.57786 ], [ -93.717911, 30.577767 ], [ -93.720477, 30.58036 ], [ -93.721936, 30.580324 ], [ -93.727844, 30.57407 ], [ -93.728184, 30.57287 ], [ -93.726194, 30.569866 ], [ -93.726423, 30.568105 ], [ -93.727746, 30.566487 ], [ -93.724799, 30.562771 ], [ -93.723945, 30.559224 ], [ -93.725958, 30.556652 ], [ -93.731068, 30.553336 ], [ -93.731379, 30.551375 ], [ -93.728763, 30.546438 ], [ -93.729179, 30.544851 ], [ -93.734801, 30.541731 ], [ -93.739101, 30.540827 ], [ -93.740253, 30.539569 ], [ -93.739494, 30.538038 ], [ -93.736592, 30.537196 ], [ -93.73285, 30.536633 ], [ -93.732209, 30.535805 ], [ -93.733778, 30.531396 ], [ -93.731834, 30.529144 ], [ -93.727721, 30.525671 ], [ -93.725879, 30.525054 ], [ -93.720484, 30.524328 ], [ -93.719034, 30.521062 ], [ -93.716473, 30.519231 ], [ -93.714322, 30.518562 ], [ -93.71082, 30.517725 ], [ -93.710604, 30.515922 ], [ -93.710346, 30.513166 ], [ -93.711551, 30.511962 ], [ -93.711705, 30.510754 ], [ -93.709521, 30.510697 ], [ -93.707254, 30.511389 ], [ -93.706507, 30.50991 ], [ -93.706809, 30.507069 ], [ -93.709726, 30.506511 ], [ -93.715145, 30.501268 ], [ -93.714124, 30.499997 ], [ -93.708536, 30.500397 ], [ -93.708669, 30.499124 ], [ -93.710395, 30.497411 ], [ -93.714495, 30.497701 ], [ -93.716678, 30.494006 ], [ -93.714887140840801, 30.491569620819298 ], [ -93.711995, 30.487635 ], [ -93.710247, 30.486253 ], [ -93.709478, 30.484015 ], [ -93.709763, 30.482649 ], [ -93.711727, 30.482299 ], [ -93.713178, 30.483398 ], [ -93.71483, 30.485235 ], [ -93.716096, 30.485093 ], [ -93.717421, 30.483822 ], [ -93.716765, 30.481941 ], [ -93.713327, 30.479009 ], [ -93.710519, 30.475498 ], [ -93.71124, 30.472734 ], [ -93.712226, 30.470627 ], [ -93.711854, 30.469437 ], [ -93.706377, 30.466904 ], [ -93.702396, 30.461735 ], [ -93.699036, 30.458805 ], [ -93.699447, 30.457913 ], [ -93.706339, 30.458141 ], [ -93.706936, 30.455341 ], [ -93.702103, 30.449759 ], [ -93.703802, 30.447756 ], [ -93.70744, 30.445933 ], [ -93.706945, 30.443994 ], [ -93.704633, 30.443118 ], [ -93.700836, 30.444915 ], [ -93.698306, 30.444928 ], [ -93.697828, 30.443838 ], [ -93.6978, 30.440583 ], [ -93.699277, 30.437376 ], [ -93.702023, 30.436307 ], [ -93.704154, 30.434353 ], [ -93.702368, 30.430922 ], [ -93.702665, 30.429947 ], [ -93.704678, 30.429477 ], [ -93.708255, 30.430252 ], [ -93.711254, 30.433149 ], [ -93.712747, 30.433175 ], [ -93.714039, 30.429729 ], [ -93.716472, 30.428442 ], [ -93.716369, 30.424755 ], [ -93.717062, 30.423114 ], [ -93.719178, 30.422722 ], [ -93.719799, 30.426803 ], [ -93.722953, 30.432097 ], [ -93.726824, 30.429675 ], [ -93.726834, 30.423642 ], [ -93.722314, 30.420729 ], [ -93.722749, 30.419557 ], [ -93.72671, 30.419392 ], [ -93.727548, 30.41872 ], [ -93.727871, 30.4177 ], [ -93.727551, 30.416526 ], [ -93.728023, 30.414675 ], [ -93.728721, 30.413547 ], [ -93.730608, 30.41333 ], [ -93.731988, 30.413878 ], [ -93.732988, 30.415128 ], [ -93.733917, 30.414935 ], [ -93.734882, 30.41283 ], [ -93.734806, 30.409201 ], [ -93.734892, 30.408339 ], [ -93.735626, 30.406856 ], [ -93.738273, 30.403963 ], [ -93.741679, 30.402975 ], [ -93.74185, 30.401377 ], [ -93.742037, 30.400515 ], [ -93.743595, 30.399436 ], [ -93.745498, 30.398747 ], [ -93.745333, 30.397022 ], [ -93.745971, 30.396478 ], [ -93.748616, 30.396819 ], [ -93.751437, 30.396288 ], [ -93.751997, 30.395753 ], [ -93.752242, 30.393415 ], [ -93.753304, 30.392225 ], [ -93.756773, 30.391156 ], [ -93.757654, 30.390423 ], [ -93.758753, 30.387892 ], [ -93.758466, 30.384033 ], [ -93.758350640744396, 30.383725526160202 ], [ -93.755152, 30.3752 ], [ -93.755894, 30.370709 ], [ -93.757264, 30.364282 ], [ -93.751744, 30.361046 ], [ -93.756352, 30.356166 ], [ -93.761539, 30.35223 ], [ -93.758117, 30.349524 ], [ -93.763022, 30.344147 ], [ -93.758922, 30.338547 ], [ -93.765822, 30.333318 ], [ -93.765742344593093, 30.3331596612176 ], [ -93.764265, 30.330223 ], [ -93.75556, 30.329579 ], [ -93.75604, 30.325706 ], [ -93.751043, 30.320943 ], [ -93.749863, 30.314383 ], [ -93.744211, 30.310681 ], [ -93.743941, 30.304032 ], [ -93.738699, 30.303794 ], [ -93.734228, 30.298813 ], [ -93.72422, 30.295134 ], [ -93.718684, 30.29501 ], [ -93.714319, 30.294282 ], [ -93.712908, 30.287939 ], [ -93.704584, 30.289949 ], [ -93.704633699924202, 30.289733867819201 ], [ -93.704643417163695, 30.289691805563301 ], [ -93.705716, 30.285049 ], [ -93.706608, 30.281187 ], [ -93.70719, 30.275513 ], [ -93.709132, 30.271827 ], [ -93.708594, 30.265503 ], [ -93.703162, 30.260008 ], [ -93.707638, 30.254257 ], [ -93.707271, 30.249937 ], [ -93.705374, 30.247023 ], [ -93.705158559681095, 30.243860987621801 ], [ -93.705083, 30.242752 ] ] ] } },
{ "type": "Feature", "properties": { "FederalDivisionName": "Brownsville", "FederalJudicialDistrict": "Southern" }, "geometry": { "type": "MultiPolygon", "coordinates": [ [ [ [ -97.859009, 26.066536 ], [ -97.859847, 26.06831 ], [ -97.861273, 26.069927 ], [ -97.861666115959807, 26.069783317266101 ], [ -97.861791, 26.070125 ], [ -97.861875, 26.084383 ], [ -97.861875, 26.129972 ], [ -97.861874, 26.135469 ], [ -97.861876, 26.149485 ], [ -97.861688, 26.151956 ], [ -97.861782, 26.156518 ], [ -97.861808, 26.157775 ], [ -97.861843, 26.159621 ], [ -97.861876, 26.161082 ], [ -97.862097, 26.171837 ], [ -97.861913, 26.230051 ], [ -97.86191, 26.233605 ], [ -97.861897, 26.259014 ], [ -97.861881, 26.307617 ], [ -97.861875, 26.348156 ], [ -97.861875, 26.371241 ], [ -97.861822, 26.385778 ], [ -97.862227, 26.433579 ], [ -97.872384, 26.433535 ], [ -97.890307, 26.433308 ], [ -97.908273, 26.433243 ], [ -97.908296, 26.434908 ], [ -97.922664, 26.437047 ], [ -97.924445, 26.437407 ], [ -97.925943, 26.437457 ], [ -98.000378, 26.448222 ], [ -98.004189, 26.448784 ], [ -97.996514, 26.49191 ], [ -97.992285, 26.491308 ], [ -97.984367, 26.536578 ], [ -97.980479, 26.53599 ], [ -97.963912, 26.5335 ], [ -97.96884, 26.551355 ], [ -97.970067, 26.552253 ], [ -97.96876, 26.55398 ], [ -97.968244, 26.560175 ], [ -97.968657, 26.5622 ], [ -97.968087, 26.568919 ], [ -97.964423, 26.568751 ], [ -97.957405, 26.611769 ], [ -97.861688, 26.597995 ], [ -97.766897, 26.59807 ], [ -97.764372, 26.598072 ], [ -97.666579, 26.598935 ], [ -97.625266, 26.59923 ], [ -97.622724, 26.599558 ], [ -97.500261, 26.600985 ], [ -97.474302, 26.599808 ], [ -97.453391, 26.599862 ], [ -97.440625393530496, 26.599908017993599 ], [ -97.439494, 26.598571 ], [ -97.433552, 26.589645 ], [ -97.433294476623999, 26.588400953994199 ], [ -97.432364, 26.583906 ], [ -97.432536908254804, 26.583132092568999 ], [ -97.432757, 26.582147 ], [ -97.430569724276097, 26.578984434271199 ], [ -97.430225, 26.578486 ], [ -97.428151, 26.572466 ], [ -97.428638784571305, 26.570616615993099 ], [ -97.428918, 26.569558 ], [ -97.425234, 26.558184 ], [ -97.424758, 26.557121 ], [ -97.423926, 26.555527 ], [ -97.420837, 26.554358 ], [ -97.418816, 26.555208 ], [ -97.416955, 26.553637 ], [ -97.41537, 26.552763 ], [ -97.415845, 26.551594 ], [ -97.417707, 26.548946 ], [ -97.418401, 26.544615 ], [ -97.419604, 26.541656 ], [ -97.420955, 26.53554 ], [ -97.419173, 26.527247 ], [ -97.417783361718804, 26.521614149382899 ], [ -97.417153, 26.519059 ], [ -97.414538, 26.515338 ], [ -97.413825, 26.512573 ], [ -97.40919, 26.505448 ], [ -97.406813, 26.499492 ], [ -97.407645, 26.491515 ], [ -97.411092, 26.485984 ], [ -97.413112, 26.481197 ], [ -97.405744, 26.478751 ], [ -97.38055, 26.480559 ], [ -97.375679835739206, 26.469598 ], [ -97.35488, 26.422785 ], [ -97.348742185031298, 26.4110407453481 ], [ -97.347037, 26.407778 ], [ -97.335034, 26.379994 ], [ -97.334915, 26.376055 ], [ -97.329805, 26.368069 ], [ -97.330281, 26.36594 ], [ -97.329092, 26.359125 ], [ -97.323388, 26.352416 ], [ -97.301165, 26.303953 ], [ -97.297005, 26.296069 ], [ -97.295651885995795, 26.295536984262 ], [ -97.290232, 26.293406 ], [ -97.286191, 26.284349 ], [ -97.2812, 26.280513 ], [ -97.279892, 26.270923 ], [ -97.284979118061599, 26.268169059280901 ], [ -97.286191, 26.267513 ], [ -97.29653, 26.276997 ], [ -97.303779, 26.280833 ], [ -97.306513, 26.283603 ], [ -97.306869, 26.285628 ], [ -97.307701, 26.287546 ], [ -97.30984, 26.288291 ], [ -97.313286, 26.284136 ], [ -97.31911, 26.279341 ], [ -97.324339, 26.277316 ], [ -97.322807, 26.271956 ], [ -97.319347, 26.270283 ], [ -97.31602, 26.270923 ], [ -97.313888, 26.273408 ], [ -97.311866, 26.273737 ], [ -97.306156, 26.274013 ], [ -97.302234, 26.271988 ], [ -97.299858, 26.267406 ], [ -97.298788, 26.260692 ], [ -97.298868062094897, 26.2602998771053 ], [ -97.300333, 26.253125 ], [ -97.305681, 26.242679 ], [ -97.307226, 26.239695 ], [ -97.30675, 26.235324 ], [ -97.308889, 26.229035 ], [ -97.310672, 26.227649 ], [ -97.312098, 26.225624 ], [ -97.315544, 26.22541 ], [ -97.316733, 26.224025 ], [ -97.31293, 26.218374 ], [ -97.311333, 26.213177 ], [ -97.304486, 26.20249 ], [ -97.30164, 26.200995 ], [ -97.298817, 26.20121 ], [ -97.298823, 26.203155 ], [ -97.297243, 26.203341 ], [ -97.294817, 26.192312 ], [ -97.296089, 26.182388 ], [ -97.29909, 26.175958 ], [ -97.303066, 26.170815 ], [ -97.303635, 26.166219 ], [ -97.301521, 26.165695 ], [ -97.299976, 26.163242 ], [ -97.299263, 26.159722 ], [ -97.297005, 26.158335 ], [ -97.294985, 26.155349 ], [ -97.295936, 26.151509 ], [ -97.298313, 26.149055 ], [ -97.298907, 26.147562 ], [ -97.296598, 26.142439 ], [ -97.293607, 26.137583 ], [ -97.292279700852205, 26.135955056118402 ], [ -97.285338, 26.127441 ], [ -97.282753, 26.11909 ], [ -97.28522, 26.116938 ], [ -97.288698, 26.117969 ], [ -97.288822232064703, 26.118944064167 ], [ -97.289242069234405, 26.122239253547502 ], [ -97.289802, 26.126634 ], [ -97.292085146453999, 26.129162302235802 ], [ -97.293015, 26.130192 ], [ -97.294016701608001, 26.1301138134579 ], [ -97.294988, 26.130038 ], [ -97.295026346813401, 26.129384817366098 ], [ -97.295137, 26.1275 ], [ -97.297675, 26.125131 ], [ -97.302435, 26.124377 ], [ -97.30562, 26.126144 ], [ -97.305968, 26.128435 ], [ -97.306973, 26.128774 ], [ -97.307921, 26.128336 ], [ -97.308561, 26.126943 ], [ -97.311298, 26.123668 ], [ -97.312110132823094, 26.121490960077502 ], [ -97.312538, 26.120344 ], [ -97.310233, 26.117563 ], [ -97.303787, 26.118172 ], [ -97.301216256600995, 26.1164079624312 ], [ -97.29539, 26.11241 ], [ -97.296426, 26.108 ], [ -97.295641336464101, 26.107214243617999 ], [ -97.294272, 26.105843 ], [ -97.290588, 26.104776 ], [ -97.287910837956005, 26.101618468097399 ], [ -97.287630360289199, 26.1012876636238 ], [ -97.282885917757099, 26.095691913942101 ], [ -97.282832650866695, 26.095629089240798 ], [ -97.280964414518294, 26.093425630587699 ], [ -97.279804, 26.092057 ], [ -97.269422, 26.086082 ], [ -97.266177494988696, 26.0852535972857 ], [ -97.262536777323902, 26.084324031640001 ], [ -97.254235242664095, 26.0822044436532 ], [ -97.254210253413802, 26.082198063276898 ], [ -97.251579477345402, 26.0815263608051 ], [ -97.251482558284394, 26.081501614961599 ], [ -97.24698, 26.080352 ], [ -97.229480506374202, 26.079272472281399 ], [ -97.225939, 26.079054 ], [ -97.219671052994599, 26.0791153436687 ], [ -97.215006, 26.079161 ], [ -97.208048, 26.079589 ], [ -97.204667, 26.077773 ], [ -97.199651, 26.077044 ], [ -97.198606, 26.074891 ], [ -97.197943554867905, 26.0744510666247 ], [ -97.195873, 26.073076 ], [ -97.193971, 26.071475 ], [ -97.1917112702818, 26.071531519653998 ], [ -97.189693, 26.071582 ], [ -97.19005, 26.069874 ], [ -97.198299, 26.066679 ], [ -97.195940168145498, 26.048592225262301 ], [ -97.195675, 26.046559 ], [ -97.18273, 26.053126 ], [ -97.164982, 26.063876 ], [ -97.162672, 26.063561 ], [ -97.158557, 26.060907 ], [ -97.157131, 26.061334 ], [ -97.152614, 26.064086 ], [ -97.149662, 26.064136 ], [ -97.151418, 26.060093 ], [ -97.152497, 26.052686 ], [ -97.15321, 26.038906 ], [ -97.151922, 26.017653 ], [ -97.147012, 25.970516 ], [ -97.146881, 25.969781 ], [ -97.146105, 25.956657 ], [ -97.147333, 25.955701 ], [ -97.147277, 25.953324 ], [ -97.150485, 25.951472 ], [ -97.156608, 25.949022 ], [ -97.158954, 25.949119 ], [ -97.160294, 25.950243 ], [ -97.158577, 25.957571 ], [ -97.158188, 25.960365 ], [ -97.158515, 25.961879 ], [ -97.160004, 25.962371 ], [ -97.163227, 25.961029 ], [ -97.165893, 25.960281 ], [ -97.170238, 25.961252 ], [ -97.171879, 25.96228 ], [ -97.173479, 25.96457 ], [ -97.175263, 25.965503 ], [ -97.177345, 25.964962 ], [ -97.177942, 25.963297 ], [ -97.178601, 25.961459 ], [ -97.183122, 25.959783 ], [ -97.186578, 25.958775 ], [ -97.187513, 25.957584 ], [ -97.187083, 25.955578 ], [ -97.187895, 25.954513 ], [ -97.19032, 25.953861 ], [ -97.194456, 25.955247 ], [ -97.195896, 25.956878 ], [ -97.197888, 25.957926 ], [ -97.200612, 25.958347 ], [ -97.204878, 25.95811 ], [ -97.206059, 25.958652 ], [ -97.206582, 25.961876 ], [ -97.207157, 25.963646 ], [ -97.209571, 25.963567 ], [ -97.211011, 25.962668 ], [ -97.214089, 25.960311 ], [ -97.218425, 25.958312 ], [ -97.220922, 25.957272 ], [ -97.22256, 25.957326 ], [ -97.22422, 25.958629 ], [ -97.225354, 25.959094 ], [ -97.229226, 25.958753 ], [ -97.232604, 25.956636 ], [ -97.236999, 25.955992 ], [ -97.239867, 25.954974 ], [ -97.243299, 25.953324 ], [ -97.244665, 25.951431 ], [ -97.245243, 25.949225 ], [ -97.24701, 25.948234 ], [ -97.24959, 25.948281 ], [ -97.252925, 25.948365 ], [ -97.255014, 25.948779 ], [ -97.257269, 25.950087 ], [ -97.260864, 25.950933 ], [ -97.267305, 25.951614 ], [ -97.276707, 25.952147 ], [ -97.280021, 25.954286 ], [ -97.281713, 25.958077 ], [ -97.282848, 25.959228 ], [ -97.284446, 25.959156 ], [ -97.289239, 25.955444 ], [ -97.28944, 25.953766 ], [ -97.288212, 25.952235 ], [ -97.284741, 25.949487 ], [ -97.281818, 25.948222 ], [ -97.278611, 25.947526 ], [ -97.278284, 25.946582 ], [ -97.28039, 25.945446 ], [ -97.281037, 25.943457 ], [ -97.278937, 25.941724 ], [ -97.276872, 25.938207 ], [ -97.276523, 25.936729 ], [ -97.277163, 25.935438 ], [ -97.280046, 25.93507 ], [ -97.284066, 25.935846 ], [ -97.291786, 25.936302 ], [ -97.293675, 25.93535 ], [ -97.294794, 25.933908 ], [ -97.295807, 25.933442 ], [ -97.29782, 25.933836 ], [ -97.298893, 25.936246 ], [ -97.300716, 25.937224 ], [ -97.303029, 25.936999 ], [ -97.304365, 25.935722 ], [ -97.304228, 25.930035 ], [ -97.30481, 25.928419 ], [ -97.307403, 25.926814 ], [ -97.309739, 25.926405 ], [ -97.311487, 25.927544 ], [ -97.312383, 25.92967 ], [ -97.315177, 25.931468 ], [ -97.318359, 25.931117 ], [ -97.320561, 25.929802 ], [ -97.324914, 25.924041 ], [ -97.324651, 25.918592 ], [ -97.326003, 25.917689 ], [ -97.327921, 25.917646 ], [ -97.329586, 25.917748 ], [ -97.331241, 25.918556 ], [ -97.331938, 25.92174 ], [ -97.335074, 25.919833 ], [ -97.337342, 25.920153 ], [ -97.338345, 25.921482 ], [ -97.336535, 25.929152 ], [ -97.33779, 25.929723 ], [ -97.339675, 25.929064 ], [ -97.340685870996197, 25.9290358012681 ], [ -97.342507, 25.928985 ], [ -97.346067, 25.930417 ], [ -97.348274, 25.931143 ], [ -97.349246, 25.929661 ], [ -97.351612, 25.923403 ], [ -97.355441, 25.919428 ], [ -97.360357, 25.916634 ], [ -97.363204, 25.91564 ], [ -97.367113349389498, 25.9156752352356 ], [ -97.367642, 25.91568 ], [ -97.369113, 25.914622 ], [ -97.369188335000302, 25.914219495855701 ], [ -97.369337786566803, 25.913420997485801 ], [ -97.369393, 25.913126 ], [ -97.368373, 25.909903 ], [ -97.370577, 25.90865 ], [ -97.372573, 25.909483 ], [ -97.374855, 25.908543 ], [ -97.375118, 25.907196 ], [ -97.374498, 25.905657 ], [ -97.372365, 25.905016 ], [ -97.365976, 25.902447 ], [ -97.366753, 25.896735 ], [ -97.367246, 25.894284 ], [ -97.366957, 25.891746 ], [ -97.365521, 25.890476 ], [ -97.363427, 25.889689 ], [ -97.358832, 25.88972 ], [ -97.357115, 25.888818 ], [ -97.356629, 25.887681 ], [ -97.357401, 25.886825 ], [ -97.360913, 25.885952 ], [ -97.36688, 25.884997 ], [ -97.372835, 25.881528 ], [ -97.374036, 25.879764 ], [ -97.373337, 25.878484 ], [ -97.362496, 25.877753 ], [ -97.361134, 25.879559 ], [ -97.359932, 25.879875 ], [ -97.358573, 25.878129 ], [ -97.35918, 25.874388 ], [ -97.359091, 25.872044 ], [ -97.35766, 25.869182 ], [ -97.35893, 25.868985 ], [ -97.360072, 25.869577 ], [ -97.362362, 25.868458 ], [ -97.364742, 25.865136 ], [ -97.367333, 25.861541 ], [ -97.369744, 25.858038 ], [ -97.374781, 25.856771 ], [ -97.37618, 25.855733 ], [ -97.376095, 25.854212 ], [ -97.374643, 25.853986 ], [ -97.370595, 25.854363 ], [ -97.366583, 25.853564 ], [ -97.364585, 25.852134 ], [ -97.3641, 25.850034 ], [ -97.36542, 25.849826 ], [ -97.368197, 25.850705 ], [ -97.370616, 25.849817 ], [ -97.372042, 25.847422 ], [ -97.371774, 25.841539 ], [ -97.372864, 25.840117 ], [ -97.376551, 25.84041 ], [ -97.381038, 25.839606 ], [ -97.38258, 25.839789 ], [ -97.385329, 25.84277 ], [ -97.387138, 25.843853 ], [ -97.38839, 25.842096 ], [ -97.389524, 25.839345 ], [ -97.394513, 25.837377 ], [ -97.396404, 25.837728 ], [ -97.399005, 25.83911 ], [ -97.401823, 25.838888 ], [ -97.403622, 25.837675 ], [ -97.40525, 25.837728 ], [ -97.406987, 25.838851 ], [ -97.406535, 25.840272 ], [ -97.404243, 25.840445 ], [ -97.402127, 25.840384 ], [ -97.40041, 25.841973 ], [ -97.400332, 25.844136 ], [ -97.400623, 25.846668 ], [ -97.399051, 25.849592 ], [ -97.399246807171096, 25.850242917556798 ], [ -97.39964, 25.85155 ], [ -97.400846, 25.852318 ], [ -97.402253, 25.851929 ], [ -97.404314, 25.85003 ], [ -97.405253, 25.847564 ], [ -97.405498, 25.845759 ], [ -97.406397, 25.844805 ], [ -97.408247, 25.845633 ], [ -97.410193, 25.848692 ], [ -97.410404, 25.850578 ], [ -97.408531, 25.854342 ], [ -97.40824, 25.855837 ], [ -97.409262, 25.85759 ], [ -97.408635, 25.85947 ], [ -97.407872, 25.861145 ], [ -97.408417, 25.861963 ], [ -97.410018, 25.862077 ], [ -97.411506, 25.861128 ], [ -97.412965, 25.859007 ], [ -97.413408462674198, 25.857951548032499 ], [ -97.413786, 25.857053 ], [ -97.413891, 25.855238 ], [ -97.413359, 25.85241 ], [ -97.414308, 25.849293 ], [ -97.414666, 25.846741 ], [ -97.413625, 25.844034 ], [ -97.412261, 25.8427 ], [ -97.412657, 25.841175 ], [ -97.416718, 25.841349 ], [ -97.422171, 25.840318 ], [ -97.424888, 25.840632 ], [ -97.427824, 25.842247 ], [ -97.431635, 25.845816 ], [ -97.435086759901793, 25.849128313635902 ], [ -97.435348, 25.849379 ], [ -97.437246, 25.849688 ], [ -97.438774, 25.8488 ], [ -97.442969, 25.848092 ], [ -97.445121, 25.850019 ], [ -97.445849, 25.851373 ], [ -97.445266, 25.852763 ], [ -97.444345, 25.854 ], [ -97.444451, 25.855746 ], [ -97.446349, 25.85643 ], [ -97.44818, 25.855988 ], [ -97.452663, 25.853734 ], [ -97.454064, 25.854815 ], [ -97.453656, 25.856486 ], [ -97.452257, 25.858306 ], [ -97.450729, 25.859279 ], [ -97.448408, 25.85927 ], [ -97.448108, 25.860948 ], [ -97.447642, 25.863288 ], [ -97.446249, 25.864321 ], [ -97.444739, 25.867062 ], [ -97.44548, 25.869199 ], [ -97.446957, 25.871159 ], [ -97.448643, 25.872126 ], [ -97.449962, 25.871947 ], [ -97.452096, 25.868734 ], [ -97.454257, 25.867155 ], [ -97.456212, 25.867778 ], [ -97.457022, 25.868936 ], [ -97.456734, 25.871041 ], [ -97.456178601987901, 25.873336755808801 ], [ -97.454888693393201, 25.878668635082001 ], [ -97.454727, 25.879337 ], [ -97.455718, 25.883997 ], [ -97.458162, 25.884275 ], [ -97.464911, 25.881254 ], [ -97.467433, 25.877977 ], [ -97.469507, 25.875539 ], [ -97.472321, 25.875596 ], [ -97.474103, 25.876531 ], [ -97.474743, 25.878037 ], [ -97.474223, 25.880117 ], [ -97.472085, 25.881293 ], [ -97.46846, 25.883707 ], [ -97.467756, 25.88636 ], [ -97.468744, 25.888628 ], [ -97.470394, 25.888587 ], [ -97.477749, 25.882663 ], [ -97.481769, 25.879955 ], [ -97.484865, 25.8787 ], [ -97.486074, 25.878476 ], [ -97.48764, 25.879023 ], [ -97.486469, 25.883987 ], [ -97.487161, 25.885158 ], [ -97.488472, 25.885384 ], [ -97.489512125136599, 25.884267865718801 ], [ -97.490324951779797, 25.883395640205499 ], [ -97.491072, 25.882594 ], [ -97.492814, 25.880806 ], [ -97.495094, 25.879665 ], [ -97.496687, 25.87968 ], [ -97.497457, 25.880563 ], [ -97.497578, 25.884429 ], [ -97.497478, 25.888228 ], [ -97.49643, 25.895805 ], [ -97.497386, 25.898644 ], [ -97.498886, 25.898722 ], [ -97.500425, 25.897026 ], [ -97.503853, 25.893024 ], [ -97.504743611697407, 25.892076912469602 ], [ -97.506045, 25.890693 ], [ -97.508699, 25.888915 ], [ -97.511156, 25.88743 ], [ -97.512648, 25.887391 ], [ -97.517143, 25.886721 ], [ -97.51984, 25.885986 ], [ -97.521762, 25.886458 ], [ -97.523391, 25.889848 ], [ -97.523048, 25.893519 ], [ -97.523282, 25.897211 ], [ -97.524866, 25.90005 ], [ -97.527342, 25.902613 ], [ -97.527861067183395, 25.9044373902716 ], [ -97.528393, 25.906307 ], [ -97.529668, 25.90731 ], [ -97.531298, 25.907334 ], [ -97.532863, 25.907626 ], [ -97.533423, 25.909076 ], [ -97.533399, 25.912746 ], [ -97.531026635077097, 25.9155879120325 ], [ -97.530413, 25.916323 ], [ -97.530254930161803, 25.918739210384398 ], [ -97.530182, 25.919854 ], [ -97.532372, 25.920547 ], [ -97.54038, 25.919131 ], [ -97.542957, 25.920035 ], [ -97.54253, 25.922373 ], [ -97.543322, 25.923279 ], [ -97.545477, 25.92517 ], [ -97.545664356742904, 25.930274974716902 ], [ -97.54576, 25.932881 ], [ -97.547626, 25.935148 ], [ -97.552483, 25.937036 ], [ -97.555379, 25.937136 ], [ -97.557586, 25.935267 ], [ -97.559364, 25.932257 ], [ -97.55921, 25.927206 ], [ -97.56013, 25.925938 ], [ -97.563829, 25.925724 ], [ -97.568155, 25.92793 ], [ -97.565848, 25.931683 ], [ -97.566568, 25.933505 ], [ -97.574568, 25.935133 ], [ -97.580032, 25.932772 ], [ -97.582338, 25.932683 ], [ -97.584111, 25.934683 ], [ -97.583194, 25.937411 ], [ -97.580661, 25.938868 ], [ -97.570816, 25.942963 ], [ -97.567479, 25.944266 ], [ -97.566319, 25.945067 ], [ -97.565971, 25.946925 ], [ -97.566281359128993, 25.947833842703101 ], [ -97.567646, 25.95183 ], [ -97.568761, 25.952879 ], [ -97.573732, 25.953907 ], [ -97.574668, 25.952777 ], [ -97.574062, 25.95132 ], [ -97.572998, 25.94865 ], [ -97.573046, 25.946399 ], [ -97.575255, 25.943913 ], [ -97.577941, 25.942865 ], [ -97.579718, 25.9438 ], [ -97.580546, 25.946555 ], [ -97.580570091682304, 25.946751912628098 ], [ -97.580938, 25.949759 ], [ -97.583044, 25.955443 ], [ -97.582237, 25.958977 ], [ -97.581716, 25.960848 ], [ -97.582373, 25.962469 ], [ -97.583822, 25.962309 ], [ -97.586859, 25.961409 ], [ -97.591162, 25.96176 ], [ -97.594704, 25.961171 ], [ -97.598043, 25.957556 ], [ -97.599629, 25.956733 ], [ -97.602149, 25.957381 ], [ -97.604484, 25.961047 ], [ -97.610373, 25.965837 ], [ -97.608077, 25.97128 ], [ -97.608283, 25.976594 ], [ -97.608669629915696, 25.976781812634499 ], [ -97.610391, 25.977618 ], [ -97.614777, 25.978088 ], [ -97.617666, 25.979956 ], [ -97.618852, 25.981919 ], [ -97.618875407694603, 25.981977179994601 ], [ -97.620232, 25.985349 ], [ -97.619891, 25.98695 ], [ -97.62172, 25.989117 ], [ -97.624256, 25.989412 ], [ -97.627965, 25.988374 ], [ -97.631571, 25.988178 ], [ -97.633449, 25.988928 ], [ -97.634436, 25.990268 ], [ -97.633821, 25.993257 ], [ -97.632856, 25.995524 ], [ -97.630414, 25.996406 ], [ -97.626835, 25.994838 ], [ -97.624199, 25.993421 ], [ -97.623638, 25.991963 ], [ -97.621864, 25.991735 ], [ -97.620768, 25.992061 ], [ -97.619621, 25.993192 ], [ -97.618387, 25.996129 ], [ -97.617796, 25.998915 ], [ -97.617668, 26.001077 ], [ -97.619296, 26.002924 ], [ -97.620145, 26.002122 ], [ -97.621284, 25.99981 ], [ -97.622348, 25.998262 ], [ -97.623824, 25.996699 ], [ -97.627033, 25.996913 ], [ -97.62831, 25.997625 ], [ -97.627782, 25.999842 ], [ -97.626396, 26.00284 ], [ -97.626487, 26.00557 ], [ -97.627812, 26.006194 ], [ -97.629652, 26.005683 ], [ -97.631505, 26.00386 ], [ -97.632224, 26.001335 ], [ -97.634804, 25.999509 ], [ -97.639634, 26.004159 ], [ -97.642578, 26.005857 ], [ -97.645608, 26.006841 ], [ -97.647723, 26.008489 ], [ -97.649562, 26.011324 ], [ -97.648177, 26.012666 ], [ -97.646009, 26.012548 ], [ -97.643432, 26.011988 ], [ -97.641221, 26.011828 ], [ -97.638445, 26.013126 ], [ -97.638244421503202, 26.013407836954102 ], [ -97.637117, 26.014992 ], [ -97.636805, 26.017576 ], [ -97.637494, 26.020568 ], [ -97.639042, 26.02297 ], [ -97.641899, 26.025482 ], [ -97.64522, 26.027758 ], [ -97.647084057980294, 26.026561044961301 ], [ -97.64814, 26.025883 ], [ -97.649654518845793, 26.024380747385901 ], [ -97.650239, 26.023801 ], [ -97.650922, 26.021772 ], [ -97.65077, 26.019667 ], [ -97.650185, 26.017974 ], [ -97.650939, 26.01639 ], [ -97.652771, 26.016296 ], [ -97.654056, 26.017792 ], [ -97.657468, 26.019795 ], [ -97.66047, 26.020071 ], [ -97.663801, 26.019351 ], [ -97.667001, 26.018876 ], [ -97.668268, 26.019756 ], [ -97.667703, 26.023735 ], [ -97.665826, 26.026108 ], [ -97.663269, 26.027788 ], [ -97.660918, 26.03074 ], [ -97.660524, 26.033708 ], [ -97.661656, 26.036006 ], [ -97.662728, 26.038078 ], [ -97.66409, 26.036942 ], [ -97.664182, 26.033939 ], [ -97.664718, 26.031366 ], [ -97.666168, 26.029855 ], [ -97.667984, 26.028872 ], [ -97.669669, 26.030607 ], [ -97.67015, 26.032501 ], [ -97.670157283753596, 26.032511174345899 ], [ -97.671231, 26.034011 ], [ -97.671536907423999, 26.033966458534401 ], [ -97.673415, 26.033693 ], [ -97.674548, 26.033029 ], [ -97.676041, 26.030974 ], [ -97.675628, 26.029229 ], [ -97.674485, 26.028776 ], [ -97.673418, 26.0279 ], [ -97.674936, 26.026161 ], [ -97.678169, 26.025943 ], [ -97.682405, 26.026088 ], [ -97.686051, 26.026992 ], [ -97.68871, 26.028233 ], [ -97.690767, 26.03049 ], [ -97.69226, 26.032337 ], [ -97.693888, 26.031304 ], [ -97.694117, 26.02966 ], [ -97.693546, 26.026793 ], [ -97.69246, 26.024563 ], [ -97.690237, 26.02255 ], [ -97.690453, 26.020629 ], [ -97.691369, 26.01899 ], [ -97.693445, 26.019609 ], [ -97.694889, 26.0218 ], [ -97.697069, 26.023455 ], [ -97.697744, 26.025122 ], [ -97.697133, 26.030387 ], [ -97.699411, 26.031159 ], [ -97.702521, 26.031208 ], [ -97.703791, 26.033787 ], [ -97.704708, 26.036101 ], [ -97.706552, 26.037499 ], [ -97.708842, 26.036026 ], [ -97.709453, 26.033058 ], [ -97.709239, 26.029064 ], [ -97.709661, 26.026194 ], [ -97.714757, 26.025349 ], [ -97.71862, 26.023716 ], [ -97.721339, 26.023463 ], [ -97.720606, 26.025725 ], [ -97.718887, 26.027421 ], [ -97.718394, 26.029597 ], [ -97.71992, 26.030838 ], [ -97.725017, 26.030865 ], [ -97.729127, 26.031081 ], [ -97.732865, 26.031624 ], [ -97.7349, 26.032018 ], [ -97.735333, 26.030794 ], [ -97.733134, 26.027397 ], [ -97.730145, 26.028178 ], [ -97.726268, 26.027313 ], [ -97.725383, 26.024427 ], [ -97.72647, 26.022656 ], [ -97.728984, 26.02305 ], [ -97.7317, 26.023313 ], [ -97.735745, 26.021611 ], [ -97.738217, 26.021982 ], [ -97.737957, 26.023919 ], [ -97.737003, 26.025664 ], [ -97.736137, 26.027123 ], [ -97.737435, 26.028526 ], [ -97.739636, 26.029072 ], [ -97.742404, 26.029806 ], [ -97.744683, 26.029015 ], [ -97.746244, 26.026908 ], [ -97.747981, 26.026248 ], [ -97.749376, 26.027318 ], [ -97.748508, 26.029197 ], [ -97.749717, 26.031123 ], [ -97.751644, 26.031483 ], [ -97.754055, 26.030827 ], [ -97.755634, 26.02936 ], [ -97.758523, 26.026559 ], [ -97.761045, 26.025704 ], [ -97.763807, 26.02733 ], [ -97.764035, 26.029488 ], [ -97.763084, 26.035406 ], [ -97.76312, 26.04245 ], [ -97.765132652936202, 26.044828520395999 ], [ -97.765755, 26.045564 ], [ -97.768975, 26.047501 ], [ -97.771665, 26.046292 ], [ -97.773991, 26.045585 ], [ -97.775453925477294, 26.0447532415245 ], [ -97.776828, 26.043972 ], [ -97.776459, 26.04074 ], [ -97.775338401037004, 26.039892018406999 ], [ -97.773372, 26.038404 ], [ -97.770557, 26.037292 ], [ -97.769406, 26.035621 ], [ -97.772972, 26.034255 ], [ -97.775706009344503, 26.0321736058598 ], [ -97.775716, 26.032166 ], [ -97.776194, 26.030064 ], [ -97.777746, 26.029394 ], [ -97.78003, 26.031408 ], [ -97.78307, 26.034039 ], [ -97.787852, 26.033421 ], [ -97.792326, 26.034168 ], [ -97.79764, 26.04021 ], [ -97.797219, 26.043702 ], [ -97.794414, 26.047454 ], [ -97.789757, 26.047425 ], [ -97.789028, 26.049737 ], [ -97.790373, 26.051555 ], [ -97.792155, 26.052886 ], [ -97.792265130887301, 26.052873787466002 ], [ -97.7967, 26.052382 ], [ -97.799148, 26.053323 ], [ -97.800123, 26.057865 ], [ -97.800325, 26.059371 ], [ -97.801317, 26.060161 ], [ -97.804259, 26.059654 ], [ -97.807860535759502, 26.058045387229399 ], [ -97.808195, 26.057896 ], [ -97.810972, 26.055512 ], [ -97.812046, 26.053187 ], [ -97.81238, 26.048407 ], [ -97.811217, 26.046784 ], [ -97.811256, 26.045402 ], [ -97.812878, 26.044322 ], [ -97.814786, 26.044314 ], [ -97.816106, 26.045167 ], [ -97.816451, 26.047058 ], [ -97.815364, 26.049416 ], [ -97.814833, 26.052453 ], [ -97.815588, 26.05472 ], [ -97.817223, 26.056113 ], [ -97.819671, 26.056534 ], [ -97.824196, 26.056119 ], [ -97.82594, 26.055878 ], [ -97.827724, 26.052448 ], [ -97.828341455043997, 26.0516231518693 ], [ -97.830338, 26.048956 ], [ -97.832779, 26.046157 ], [ -97.834665, 26.046009 ], [ -97.835835, 26.047352 ], [ -97.83612, 26.050186 ], [ -97.837403, 26.052407 ], [ -97.842323, 26.053584 ], [ -97.847306, 26.052548 ], [ -97.849594, 26.052109 ], [ -97.852775, 26.052355 ], [ -97.857773, 26.053372 ], [ -97.860504, 26.052918 ], [ -97.86139, 26.054184 ], [ -97.862167, 26.061112 ], [ -97.85991, 26.06457 ], [ -97.859009, 26.066536 ] ] ], [ [ [ -97.217888, 26.387256 ], [ -97.211141, 26.359942 ], [ -97.201648, 26.324949 ], [ -97.195358, 26.29948 ], [ -97.192867, 26.29 ], [ -97.190523, 26.277527 ], [ -97.18533, 26.252915 ], [ -97.182136, 26.237161 ], [ -97.178966, 26.219301 ], [ -97.177107, 26.206546 ], [ -97.175834, 26.195635 ], [ -97.172075, 26.168404 ], [ -97.170345, 26.156519 ], [ -97.170186197872297, 26.1542060629777 ], [ -97.169798, 26.148552 ], [ -97.169468523523705, 26.146145656580298 ], [ -97.16878, 26.141117 ], [ -97.168431432810607, 26.138751989106201 ], [ -97.16579, 26.12083 ], [ -97.163462, 26.105786 ], [ -97.16184, 26.095793 ], [ -97.161023, 26.091144 ], [ -97.158798, 26.08266 ], [ -97.156849406666595, 26.075959929081002 ], [ -97.1562, 26.073727 ], [ -97.15482, 26.069877 ], [ -97.153712, 26.067582 ], [ -97.155627, 26.067978 ], [ -97.159049, 26.069601 ], [ -97.16019, 26.069942 ], [ -97.161046, 26.068661 ], [ -97.162187, 26.06721 ], [ -97.162757, 26.067124 ], [ -97.163137, 26.069003 ], [ -97.164753, 26.071907 ], [ -97.166655, 26.07259 ], [ -97.168417400702197, 26.0759823896311 ], [ -97.169317, 26.077714 ], [ -97.169317, 26.079507 ], [ -97.169352116409797, 26.0797024850404 ], [ -97.169896736965697, 26.082734263403399 ], [ -97.170268, 26.084801 ], [ -97.169887, 26.086167 ], [ -97.167796, 26.089326 ], [ -97.16694, 26.092827 ], [ -97.167986, 26.094449 ], [ -97.168651, 26.095389 ], [ -97.168746, 26.097865 ], [ -97.169412, 26.098975 ], [ -97.169032, 26.101792 ], [ -97.171028, 26.105634 ], [ -97.171979, 26.108366 ], [ -97.172454, 26.111268 ], [ -97.173785, 26.114683 ], [ -97.17331, 26.116646 ], [ -97.172074, 26.117927 ], [ -97.172739, 26.123646 ], [ -97.174926, 26.125866 ], [ -97.174451, 26.129194 ], [ -97.176542, 26.132097 ], [ -97.177751724677606, 26.134268070509801 ], [ -97.178159, 26.134999 ], [ -97.178159, 26.138157 ], [ -97.178159, 26.140546 ], [ -97.178729, 26.142339 ], [ -97.179204, 26.145326 ], [ -97.182057, 26.147032 ], [ -97.182437, 26.148313 ], [ -97.181866, 26.15019 ], [ -97.181495793532903, 26.153737487234299 ], [ -97.181458568881794, 26.1540941908207 ], [ -97.181296, 26.155652 ], [ -97.1812387771961, 26.1564400684403 ], [ -97.181046227109604, 26.1590918547179 ], [ -97.181011, 26.159577 ], [ -97.182247, 26.162905 ], [ -97.182201777757001, 26.163135703011999 ], [ -97.181678112555403, 26.165807201178598 ], [ -97.181597, 26.166221 ], [ -97.1810000234657, 26.169445769912599 ], [ -97.180782221608098, 26.170622300038801 ], [ -97.180726, 26.170926 ], [ -97.179903767149995, 26.172583874272899 ], [ -97.179009, 26.174388 ], [ -97.179009, 26.180787 ], [ -97.181029, 26.189958 ], [ -97.182931, 26.197743 ], [ -97.183763, 26.205633 ], [ -97.186258, 26.214269 ], [ -97.186853, 26.21928 ], [ -97.188041, 26.225144 ], [ -97.188873, 26.232606 ], [ -97.193864, 26.243798 ], [ -97.19434, 26.25435 ], [ -97.196122, 26.264049 ], [ -97.19731, 26.278009 ], [ -97.201232, 26.286746 ], [ -97.202421, 26.298466 ], [ -97.209076, 26.3235 ], [ -97.212284, 26.336495 ], [ -97.221316, 26.353002 ], [ -97.225476, 26.362905 ], [ -97.219534, 26.369613 ], [ -97.222029, 26.377066 ], [ -97.228803, 26.389415 ], [ -97.234507, 26.399315 ], [ -97.23629, 26.40368 ], [ -97.241512, 26.408334 ], [ -97.240469398106498, 26.411187847470998 ], [ -97.237771, 26.418574 ], [ -97.243723, 26.425333 ], [ -97.243064, 26.43199 ], [ -97.246986, 26.440716 ], [ -97.244043, 26.448025 ], [ -97.247654, 26.464322 ], [ -97.249864808326805, 26.4707151023558 ], [ -97.253132, 26.480163 ], [ -97.258074, 26.487815 ], [ -97.256113, 26.497261 ], [ -97.257144, 26.500287 ], [ -97.260654, 26.500935 ], [ -97.262512, 26.507005 ], [ -97.269758, 26.507897 ], [ -97.271942, 26.511988 ], [ -97.275626, 26.524854 ], [ -97.282519, 26.536125 ], [ -97.286033, 26.547158 ], [ -97.296647, 26.550843 ], [ -97.303658, 26.553607 ], [ -97.308238, 26.55761 ], [ -97.322894, 26.557173 ], [ -97.326563, 26.558786 ], [ -97.325911, 26.560805 ], [ -97.308673, 26.561064 ], [ -97.276568, 26.561678 ], [ -97.27188, 26.559943 ], [ -97.270122, 26.554546 ], [ -97.266186, 26.540359 ], [ -97.258697, 26.518001 ], [ -97.250981, 26.494617 ], [ -97.245623, 26.478099 ], [ -97.243348747883203, 26.470787787439001 ], [ -97.238057, 26.453776 ], [ -97.230408, 26.429651 ], [ -97.224946083025699, 26.411202529908699 ], [ -97.223722, 26.407068 ], [ -97.217888, 26.387256 ] ] ], [ [ [ -97.251091, 26.424162 ], [ -97.250378, 26.420969 ], [ -97.251091, 26.417776 ], [ -97.251685, 26.415222 ], [ -97.25323, 26.414903 ], [ -97.254893, 26.415222 ], [ -97.256438, 26.418309 ], [ -97.25727, 26.421608 ], [ -97.258102, 26.425439 ], [ -97.255963, 26.427035 ], [ -97.252398, 26.426503 ], [ -97.251091, 26.424162 ] ] ], [ [ [ -97.287489, 26.583434 ], [ -97.303119, 26.593296 ], [ -97.306952850884599, 26.600278273421001 ], [ -97.290150819735601, 26.600349660456502 ], [ -97.28482, 26.585146 ], [ -97.280392, 26.57451 ], [ -97.277648, 26.56843 ], [ -97.277559, 26.565788 ], [ -97.278769, 26.564641 ], [ -97.294453, 26.565049 ], [ -97.308296, 26.564567 ], [ -97.310048, 26.566509 ], [ -97.3099, 26.570253 ], [ -97.293432, 26.570538 ], [ -97.286864, 26.57618 ], [ -97.287489, 26.583434 ] ] ] ] } },
{ "type": "Feature", "properties": { "FederalDivisionName": "Corpus Christi", "FederalJudicialDistrict": "Southern" }, "geometry": { "type": "MultiPolygon", "coordinates": [ [ [ [ -97.415144, 26.74687 ], [ -97.415738, 26.742944 ], [ -97.415382, 26.740715 ], [ -97.41764, 26.739972 ], [ -97.419898, 26.739972 ], [ -97.423106, 26.740715 ], [ -97.422987, 26.744854 ], [ -97.424057, 26.750478 ], [ -97.423463, 26.752176 ], [ -97.422037, 26.751752 ], [ -97.41455, 26.752919 ], [ -97.412648, 26.751858 ], [ -97.413837, 26.749099 ], [ -97.415144, 26.74687 ] ] ], [ [ [ -97.390069, 26.950023 ], [ -97.38686, 26.957226 ], [ -97.390663, 26.963687 ], [ -97.393515, 26.971313 ], [ -97.392089, 26.977138 ], [ -97.390663, 26.98847 ], [ -97.390069, 27.003718 ], [ -97.389475, 27.017165 ], [ -97.389475, 27.030504 ], [ -97.389712, 27.039925 ], [ -97.390544, 27.04564 ], [ -97.390069, 27.050615 ], [ -97.389237, 27.068077 ], [ -97.388643, 27.078871 ], [ -97.385909, 27.08469 ], [ -97.389356, 27.093366 ], [ -97.389118, 27.101724 ], [ -97.391768, 27.108737 ], [ -97.394501, 27.123969 ], [ -97.389986, 27.129469 ], [ -97.390104, 27.151572 ], [ -97.387133, 27.165529 ], [ -97.387252, 27.174622 ], [ -97.383806, 27.187731 ], [ -97.382023, 27.193333 ], [ -97.386539, 27.197138 ], [ -97.389867, 27.20496 ], [ -97.388084, 27.20644 ], [ -97.37929, 27.20961 ], [ -97.379647, 27.219439 ], [ -97.379647, 27.226731 ], [ -97.380954, 27.235501 ], [ -97.382261, 27.239411 ], [ -97.382499, 27.246173 ], [ -97.376794, 27.247546 ], [ -97.370377, 27.249765 ], [ -97.367644, 27.255047 ], [ -97.364554, 27.263816 ], [ -97.363722, 27.268041 ], [ -97.361226, 27.272583 ], [ -97.369884644214693, 27.2780942729174 ], [ -97.370852, 27.27871 ], [ -97.368832, 27.281244 ], [ -97.369545, 27.28811 ], [ -97.371803, 27.294024 ], [ -97.370971, 27.298776 ], [ -97.362534, 27.304901 ], [ -97.357423, 27.305535 ], [ -97.355997, 27.308703 ], [ -97.35885, 27.313349 ], [ -97.359206, 27.316094 ], [ -97.361939, 27.319473 ], [ -97.362652, 27.321268 ], [ -97.362058, 27.326863 ], [ -97.364435, 27.328341 ], [ -97.366336, 27.330559 ], [ -97.365505, 27.335732 ], [ -97.365386, 27.339426 ], [ -97.36396, 27.346499 ], [ -97.361702, 27.349877 ], [ -97.361464, 27.351988 ], [ -97.362415, 27.353993 ], [ -97.361821, 27.35906 ], [ -97.358968, 27.366553 ], [ -97.353145, 27.373835 ], [ -97.352789, 27.376474 ], [ -97.349461, 27.382383 ], [ -97.347203, 27.388187 ], [ -97.342568, 27.393146 ], [ -97.340667, 27.398316 ], [ -97.338409, 27.400215 ], [ -97.33627, 27.402748 ], [ -97.334369, 27.408656 ], [ -97.331992, 27.413298 ], [ -97.330756, 27.418024 ], [ -97.330209, 27.421842 ], [ -97.330922, 27.427011 ], [ -97.330447, 27.4345 ], [ -97.328189, 27.438297 ], [ -97.324386, 27.44568 ], [ -97.319632, 27.458757 ], [ -97.314166, 27.46656 ], [ -97.31274, 27.472359 ], [ -97.309888, 27.475311 ], [ -97.307511, 27.48111 ], [ -97.30145, 27.4848 ], [ -97.297837, 27.492349 ], [ -97.304254, 27.507317 ], [ -97.300808, 27.51459 ], [ -97.293321, 27.529977 ], [ -97.287617, 27.540199 ], [ -97.284310589994604, 27.546780325392401 ], [ -97.281318, 27.552737 ], [ -97.272643, 27.568224 ], [ -97.268159563695605, 27.575971372818099 ], [ -97.265632, 27.580339 ], [ -97.256481, 27.599824 ], [ -97.255865909014105, 27.601029461427299 ], [ -97.249108465967097, 27.614272765470499 ], [ -97.246379, 27.619622 ], [ -97.245548, 27.622359 ], [ -97.242498354912797, 27.628467215420599 ], [ -97.240081, 27.633309 ], [ -97.239042036259406, 27.634488386396999 ], [ -97.236278, 27.637626 ], [ -97.235209, 27.637415 ], [ -97.234614, 27.636047 ], [ -97.235209, 27.634468 ], [ -97.231049, 27.632888 ], [ -97.228791, 27.634152 ], [ -97.22071, 27.633415 ], [ -97.217383, 27.629203 ], [ -97.214293, 27.624465 ], [ -97.210728, 27.624149 ], [ -97.209539, 27.627729 ], [ -97.212154, 27.631414 ], [ -97.212985, 27.634257 ], [ -97.215481, 27.639205 ], [ -97.215481, 27.644364 ], [ -97.213817, 27.645206 ], [ -97.209301, 27.643311 ], [ -97.203478, 27.642364 ], [ -97.20122, 27.646048 ], [ -97.200983, 27.648785 ], [ -97.203835, 27.650996 ], [ -97.203003, 27.65468 ], [ -97.201577, 27.655733 ], [ -97.197061, 27.655733 ], [ -97.197061, 27.659545555196502 ], [ -97.197061, 27.66068 ], [ -97.198085314043894, 27.672278032916498 ], [ -97.19813, 27.672784 ], [ -97.1977126340403, 27.6764805786908 ], [ -97.196823, 27.68436 ], [ -97.193971, 27.687623 ], [ -97.189931, 27.692568 ], [ -97.18696, 27.694252 ], [ -97.184107, 27.695725 ], [ -97.182325, 27.699724 ], [ -97.178284, 27.706037 ], [ -97.176977, 27.708667 ], [ -97.172699, 27.716242 ], [ -97.168896, 27.722238 ], [ -97.168539, 27.725079 ], [ -97.165212, 27.73097 ], [ -97.162122, 27.737702 ], [ -97.159508, 27.745275 ], [ -97.158676, 27.752531 ], [ -97.152377, 27.761471 ], [ -97.151545, 27.765151 ], [ -97.151189, 27.768621 ], [ -97.15, 27.770304 ], [ -97.145603, 27.772407 ], [ -97.137641, 27.774194 ], [ -97.132887, 27.775561 ], [ -97.125282, 27.779241 ], [ -97.123856, 27.781659 ], [ -97.121479, 27.785129 ], [ -97.120766, 27.789335 ], [ -97.120409, 27.792068 ], [ -97.120885, 27.798691 ], [ -97.12029, 27.805944 ], [ -97.119696, 27.810149 ], [ -97.120192522531596, 27.8119393734782 ], [ -97.121241, 27.81572 ], [ -97.126708, 27.819714 ], [ -97.131342, 27.822657 ], [ -97.135264, 27.823287 ], [ -97.135383, 27.824549 ], [ -97.131885895231306, 27.826610526319499 ], [ -97.131461, 27.826861 ], [ -97.127658, 27.828122 ], [ -97.120647, 27.828858 ], [ -97.11625, 27.829804 ], [ -97.110189, 27.831275 ], [ -97.106347687037498, 27.832013470810999 ], [ -97.104722, 27.832326 ], [ -97.095096, 27.833797 ], [ -97.085827, 27.835373 ], [ -97.079885, 27.83737 ], [ -97.079546308442104, 27.837523598631002 ], [ -97.07525, 27.839472 ], [ -97.068239, 27.840207 ], [ -97.066812, 27.841048 ], [ -97.062891, 27.841784 ], [ -97.05683, 27.841994 ], [ -97.051839, 27.838841 ], [ -97.044846, 27.834466 ], [ -97.048495, 27.831808 ], [ -97.055719, 27.825152 ], [ -97.058487522359698, 27.822141252743499 ], [ -97.072349, 27.807067 ], [ -97.081897, 27.796163 ], [ -97.084764390869296, 27.792829390452301 ], [ -97.090735, 27.785888 ], [ -97.097574, 27.777328 ], [ -97.10833, 27.76311 ], [ -97.130844, 27.731113 ], [ -97.140854, 27.716688 ], [ -97.15413, 27.696868 ], [ -97.162973, 27.682483 ], [ -97.165335, 27.677368 ], [ -97.169025, 27.673001 ], [ -97.179877, 27.655354 ], [ -97.181793683675707, 27.652021406986702 ], [ -97.187995, 27.641239 ], [ -97.199164, 27.622263 ], [ -97.203505, 27.613096 ], [ -97.212679, 27.59642 ], [ -97.220108, 27.581044 ], [ -97.222650613179496, 27.576494860085798 ], [ -97.226971, 27.568765 ], [ -97.233585749604401, 27.556089599913399 ], [ -97.235614, 27.552203 ], [ -97.243936, 27.536004 ], [ -97.257325, 27.510644 ], [ -97.263967522379104, 27.496795087224399 ], [ -97.268316, 27.487729 ], [ -97.275067, 27.475417 ], [ -97.291424, 27.438222 ], [ -97.296057, 27.427175 ], [ -97.303642, 27.409136 ], [ -97.305281782251697, 27.405004007453002 ], [ -97.311204279475206, 27.390080248910301 ], [ -97.312008, 27.388055 ], [ -97.318894, 27.369798 ], [ -97.324914, 27.352517 ], [ -97.329509, 27.338905 ], [ -97.330452649632605, 27.335896071204701 ], [ -97.337229312806997, 27.314287948594998 ], [ -97.338252, 27.311027 ], [ -97.34742, 27.278554 ], [ -97.347579752506306, 27.277963949120601 ], [ -97.350249, 27.268105 ], [ -97.357186, 27.240679 ], [ -97.360989, 27.223243 ], [ -97.365386, 27.199887 ], [ -97.367287, 27.188048 ], [ -97.370549, 27.165621 ], [ -97.373478, 27.134641 ], [ -97.3746509876093, 27.125325 ], [ -97.375262, 27.120472270622301 ], [ -97.375551, 27.118177 ], [ -97.376897, 27.102587 ], [ -97.378266, 27.075413 ], [ -97.379056, 27.04721 ], [ -97.379185, 27.031985 ], [ -97.378855, 27.010077 ], [ -97.3781, 26.990794 ], [ -97.376943, 26.971528 ], [ -97.376129, 26.960398 ], [ -97.374572, 26.943978 ], [ -97.370855, 26.910857 ], [ -97.368386, 26.894604 ], [ -97.363589, 26.866009 ], [ -97.356719, 26.832421 ], [ -97.350455, 26.805049 ], [ -97.344298, 26.779713 ], [ -97.337574, 26.753304 ], [ -97.328478, 26.720945 ], [ -97.312164, 26.666254 ], [ -97.296171, 26.61781 ], [ -97.291247, 26.603476 ], [ -97.290150819735601, 26.600349660456502 ], [ -97.306952850884599, 26.600278273421001 ], [ -97.30902, 26.604043 ], [ -97.31211, 26.616156 ], [ -97.321498, 26.634429 ], [ -97.328985, 26.646751 ], [ -97.331005, 26.659496 ], [ -97.335878, 26.668736 ], [ -97.339681, 26.679461 ], [ -97.348118, 26.702926 ], [ -97.357031, 26.725431 ], [ -97.359289, 26.738168 ], [ -97.367133, 26.756209 ], [ -97.365112, 26.761302 ], [ -97.374976, 26.773504 ], [ -97.379967, 26.787403 ], [ -97.381393, 26.799708 ], [ -97.390901, 26.816361 ], [ -97.388762, 26.839267 ], [ -97.394228, 26.855172 ], [ -97.398388, 26.867894 ], [ -97.391376, 26.8839 ], [ -97.393515, 26.906369 ], [ -97.394109, 26.915377 ], [ -97.391614, 26.936992 ], [ -97.390069, 26.950023 ] ] ], [ [ [ -97.740114, 27.267542 ], [ -97.736146, 27.26443 ], [ -97.733696, 27.264119 ], [ -97.727745, 27.26163 ], [ -97.727193493925, 27.261798084470801 ], [ -97.72366, 27.262875 ], [ -97.721443, 27.263497 ], [ -97.714675, 27.263393 ], [ -97.709774, 27.262771 ], [ -97.70534, 27.263912 ], [ -97.701839, 27.264742 ], [ -97.699855, 27.268372 ], [ -97.697171, 27.268061 ], [ -97.694487, 27.267024 ], [ -97.69157, 27.267335 ], [ -97.688419, 27.268268 ], [ -97.682934, 27.268372 ], [ -97.677567, 27.270135 ], [ -97.667881, 27.272832 ], [ -97.658079, 27.273454 ], [ -97.654811, 27.275218 ], [ -97.650403, 27.276136 ], [ -97.647343, 27.276359 ], [ -97.640111, 27.270943 ], [ -97.640808, 27.260696 ], [ -97.639875, 27.254057 ], [ -97.635207, 27.245343 ], [ -97.631123, 27.24223 ], [ -97.625988, 27.241712 ], [ -97.61712, 27.241712 ], [ -97.609651, 27.242642 ], [ -97.596932, 27.24306 ], [ -97.582605, 27.240409 ], [ -97.573953, 27.238882 ], [ -97.565658, 27.236109 ], [ -97.556626, 27.23188 ], [ -97.54291, 27.229213 ], [ -97.5296, 27.229157 ], [ -97.520009, 27.231248 ], [ -97.509831, 27.23532 ], [ -97.503215, 27.2399 ], [ -97.500162, 27.24448 ], [ -97.48872, 27.249328 ], [ -97.485373, 27.250011 ], [ -97.479189, 27.250634 ], [ -97.474638, 27.251567 ], [ -97.467083, 27.25364 ], [ -97.465419, 27.255924 ], [ -97.458431, 27.259493 ], [ -97.452699, 27.262356 ], [ -97.447878, 27.262686 ], [ -97.438229, 27.263808 ], [ -97.42539, 27.262095 ], [ -97.422593, 27.262045 ], [ -97.422299, 27.257712 ], [ -97.434767, 27.202241 ], [ -97.441565, 27.163833 ], [ -97.432862, 27.162522 ], [ -97.430994, 27.160861 ], [ -97.434379, 27.145079 ], [ -97.436596, 27.121297 ], [ -97.436596, 27.113195 ], [ -97.439396, 27.076524 ], [ -97.432045, 27.074757 ], [ -97.418158, 27.072263 ], [ -97.417925, 27.070913 ], [ -97.439163, 27.070705 ], [ -97.44068, 27.030381 ], [ -97.444064, 26.987235 ], [ -97.441497, 26.984843 ], [ -97.441964, 26.98058 ], [ -97.444998, 26.979748 ], [ -97.447915, 26.952706 ], [ -97.449432, 26.941992 ], [ -97.453283, 26.917335 ], [ -97.451416, 26.914109 ], [ -97.43893, 26.914109 ], [ -97.437296, 26.913069 ], [ -97.438463, 26.910988 ], [ -97.451649, 26.911508 ], [ -97.453166, 26.910467 ], [ -97.45515, 26.892256 ], [ -97.4569, 26.882577 ], [ -97.449506, 26.88197 ], [ -97.42761, 26.879558 ], [ -97.417691, 26.879038 ], [ -97.41244, 26.878101 ], [ -97.410223, 26.874354 ], [ -97.41209, 26.871127 ], [ -97.454216, 26.874354 ], [ -97.4576, 26.872897 ], [ -97.458651, 26.864673 ], [ -97.460284, 26.847287 ], [ -97.453166, 26.839791 ], [ -97.446748, 26.833751 ], [ -97.432862, 26.829482 ], [ -97.422476, 26.824692 ], [ -97.413957, 26.819693 ], [ -97.412674, 26.817402 ], [ -97.413841, 26.815111 ], [ -97.417808, 26.814903 ], [ -97.433795, 26.821464 ], [ -97.436246, 26.822297 ], [ -97.44068, 26.824484 ], [ -97.447098, 26.822297 ], [ -97.455617, 26.822922 ], [ -97.460051, 26.82438 ], [ -97.464806, 26.823964 ], [ -97.464835, 26.82136 ], [ -97.466469, 26.809695 ], [ -97.478605, 26.806675 ], [ -97.476971, 26.793551 ], [ -97.473704, 26.76834 ], [ -97.471663, 26.758727 ], [ -97.468609, 26.740915 ], [ -97.468028, 26.726864 ], [ -97.466946, 26.722194 ], [ -97.468729, 26.719753 ], [ -97.467608, 26.716691 ], [ -97.465402, 26.713596 ], [ -97.468254, 26.711897 ], [ -97.468135, 26.710199 ], [ -97.466977, 26.708895 ], [ -97.465045, 26.705952 ], [ -97.465758, 26.701706 ], [ -97.46457, 26.698096 ], [ -97.464688, 26.694168 ], [ -97.463144, 26.69215 ], [ -97.462312, 26.689071 ], [ -97.460721, 26.687806 ], [ -97.460331, 26.686167 ], [ -97.460054, 26.682382 ], [ -97.457854, 26.677696 ], [ -97.456375, 26.672639 ], [ -97.456607, 26.667196 ], [ -97.452868, 26.657305 ], [ -97.451854, 26.653602 ], [ -97.448303, 26.645023 ], [ -97.444945, 26.633535 ], [ -97.445507, 26.62959 ], [ -97.446981, 26.624921 ], [ -97.446625, 26.621734 ], [ -97.445559, 26.614088 ], [ -97.445708, 26.609362 ], [ -97.442228, 26.604309 ], [ -97.441959, 26.601484 ], [ -97.440625393530496, 26.599908017993599 ], [ -97.453391, 26.599862 ], [ -97.474302, 26.599808 ], [ -97.500261, 26.600985 ], [ -97.622724, 26.599558 ], [ -97.625266, 26.59923 ], [ -97.666579, 26.598935 ], [ -97.764372, 26.598072 ], [ -97.766897, 26.59807 ], [ -97.861688, 26.597995 ], [ -97.957405, 26.611769 ], [ -97.985303, 26.615809 ], [ -97.985494, 26.780917 ], [ -98.077276, 26.781749 ], [ -98.077753, 26.781798 ], [ -98.32067, 26.783081 ], [ -98.422616, 26.783535 ], [ -98.421416, 26.87452 ], [ -98.421171, 26.877031 ], [ -98.417883, 27.055285 ], [ -98.466542, 27.054711 ], [ -98.467284, 27.142006 ], [ -98.49291, 27.142062 ], [ -98.492917, 27.17466 ], [ -98.492915, 27.17469 ], [ -98.492943, 27.235012 ], [ -98.496471, 27.236913 ], [ -98.505928, 27.238608 ], [ -98.509798, 27.24375 ], [ -98.510313, 27.247845 ], [ -98.510897, 27.249997 ], [ -98.512437, 27.251196 ], [ -98.514241, 27.251505 ], [ -98.518608, 27.25018 ], [ -98.519347, 27.25023 ], [ -98.520916, 27.253032 ], [ -98.522276, 27.254089 ], [ -98.527277, 27.253 ], [ -98.530048, 27.253849 ], [ -98.531575, 27.254796 ], [ -98.533612, 27.258071 ], [ -98.533661, 27.260723 ], [ -98.53411, 27.261885 ], [ -98.536646, 27.265196 ], [ -98.523284, 27.26515 ], [ -98.522293, 27.343284 ], [ -98.522346, 27.343285 ], [ -98.552448, 27.343764 ], [ -98.552617, 27.359101 ], [ -98.589537, 27.358695 ], [ -98.589478, 27.338236 ], [ -98.60675, 27.338153 ], [ -98.624929, 27.338067 ], [ -98.625027, 27.357727 ], [ -98.648793, 27.357514 ], [ -98.67082, 27.357285 ], [ -98.693521, 27.357149 ], [ -98.749377, 27.35667 ], [ -98.749403, 27.355951 ], [ -98.749467, 27.354471 ], [ -98.750643, 27.354382 ], [ -98.798323, 27.354029 ], [ -98.798499, 27.391144 ], [ -98.799235, 27.504338 ], [ -98.801947, 27.7503 ], [ -98.802222, 27.775191 ], [ -98.802282, 27.792957 ], [ -98.803059, 28.011162 ], [ -98.803325, 28.05748 ], [ -98.50029, 28.057476 ], [ -98.499178, 28.057539 ], [ -98.465029, 28.05758 ], [ -98.334323, 28.0578 ], [ -98.334315, 28.161464 ], [ -98.334347, 28.266147 ], [ -98.334462, 28.295378 ], [ -98.334252, 28.383108 ], [ -98.334324, 28.448122 ], [ -98.335031, 28.612658 ], [ -98.308147, 28.632498 ], [ -98.259051, 28.668613 ], [ -98.201842, 28.710743 ], [ -98.148889, 28.749648 ], [ -98.14773, 28.75026 ], [ -98.125284, 28.766523 ], [ -98.123754, 28.767478 ], [ -98.112128, 28.776879 ], [ -98.098315, 28.786949 ], [ -98.074352, 28.761812 ], [ -98.052747, 28.73913 ], [ -98.032514, 28.718287 ], [ -98.005252, 28.690239 ], [ -97.99885, 28.692205 ], [ -97.925399, 28.716575 ], [ -97.9251, 28.716707 ], [ -97.918139, 28.719156 ], [ -97.916972, 28.718322 ], [ -97.915106, 28.719648 ], [ -97.910863, 28.716401 ], [ -97.909397, 28.714508 ], [ -97.907107, 28.713303 ], [ -97.904842, 28.713467 ], [ -97.904174, 28.712845 ], [ -97.902196, 28.71301 ], [ -97.900317, 28.711161 ], [ -97.898128, 28.708112 ], [ -97.897773, 28.705664 ], [ -97.89509, 28.703984 ], [ -97.893043, 28.704621 ], [ -97.891815, 28.703097 ], [ -97.892926, 28.70192 ], [ -97.89334, 28.699968 ], [ -97.89193, 28.699307 ], [ -97.889278, 28.699923 ], [ -97.886052, 28.698023 ], [ -97.884655, 28.698529 ], [ -97.883677, 28.695453 ], [ -97.881854, 28.696542 ], [ -97.879009, 28.695578 ], [ -97.879391, 28.693718 ], [ -97.877401, 28.693178 ], [ -97.875792, 28.691428 ], [ -97.87357, 28.691227 ], [ -97.872827, 28.690275 ], [ -97.870674, 28.689517 ], [ -97.867798, 28.689639 ], [ -97.865789, 28.688842 ], [ -97.863367, 28.686774 ], [ -97.858368, 28.684344 ], [ -97.856884, 28.684257 ], [ -97.85475, 28.685308 ], [ -97.852517, 28.684979 ], [ -97.850869, 28.683813 ], [ -97.846059, 28.683049 ], [ -97.84355, 28.681509 ], [ -97.842377, 28.681631 ], [ -97.840824, 28.680509 ], [ -97.839751, 28.681274 ], [ -97.838715, 28.679645 ], [ -97.837435, 28.680577 ], [ -97.835415, 28.680152 ], [ -97.835233, 28.678215 ], [ -97.833929, 28.677214 ], [ -97.834228, 28.675773 ], [ -97.832457, 28.675498 ], [ -97.831328, 28.676026 ], [ -97.830891, 28.6776 ], [ -97.829188, 28.677661 ], [ -97.826611, 28.675372 ], [ -97.825563, 28.67348 ], [ -97.826399, 28.672797 ], [ -97.825312, 28.670341 ], [ -97.822964, 28.670563 ], [ -97.795231, 28.673398 ], [ -97.793654, 28.675927 ], [ -97.791889, 28.67695 ], [ -97.789899, 28.675596 ], [ -97.788002, 28.675832 ], [ -97.786974, 28.673972 ], [ -97.784971, 28.672811 ], [ -97.784679, 28.671007 ], [ -97.783626, 28.670663 ], [ -97.780362, 28.669823 ], [ -97.77853, 28.668027 ], [ -97.778336, 28.667649 ], [ -97.773875, 28.669018 ], [ -97.773377, 28.667851 ], [ -97.772004, 28.668324 ], [ -97.769866, 28.664599 ], [ -97.766641, 28.664807 ], [ -97.765532, 28.661726 ], [ -97.762302, 28.659947 ], [ -97.763351, 28.658539 ], [ -97.762553, 28.657928 ], [ -97.759921, 28.65796 ], [ -97.758518, 28.655974 ], [ -97.7554, 28.655037 ], [ -97.754593, 28.654165 ], [ -97.753575, 28.651901 ], [ -97.752455, 28.647625 ], [ -97.753779, 28.644199 ], [ -97.753368, 28.642641 ], [ -97.751953, 28.641887 ], [ -97.750483, 28.639235 ], [ -97.746592, 28.636564 ], [ -97.744659, 28.636939 ], [ -97.742357, 28.635675 ], [ -97.739899, 28.632628 ], [ -97.738945, 28.63264 ], [ -97.737915, 28.630346 ], [ -97.736571, 28.63026 ], [ -97.731603, 28.628063 ], [ -97.731158, 28.62663 ], [ -97.732214, 28.625996 ], [ -97.731406, 28.625 ], [ -97.731935, 28.623515 ], [ -97.730975, 28.622734 ], [ -97.729378, 28.622982 ], [ -97.728336, 28.620908 ], [ -97.72856, 28.616804 ], [ -97.729606, 28.612584 ], [ -97.728882, 28.610493 ], [ -97.727129, 28.608662 ], [ -97.726873, 28.607424 ], [ -97.72499, 28.604547 ], [ -97.723811, 28.604003 ], [ -97.720781, 28.601132 ], [ -97.719894, 28.596973 ], [ -97.721745, 28.595806 ], [ -97.719688, 28.594063 ], [ -97.719021, 28.592693 ], [ -97.716452, 28.591208 ], [ -97.715978, 28.588941 ], [ -97.714027, 28.587726 ], [ -97.713048, 28.586406 ], [ -97.714007, 28.583886 ], [ -97.71243, 28.582351 ], [ -97.712517, 28.580118 ], [ -97.711631, 28.578038 ], [ -97.712653, 28.576283 ], [ -97.710004, 28.574803 ], [ -97.708365, 28.574776 ], [ -97.70829, 28.573329 ], [ -97.709156, 28.572053 ], [ -97.709018, 28.56862 ], [ -97.707903, 28.568301 ], [ -97.706164, 28.5696 ], [ -97.705933, 28.567465 ], [ -97.704475, 28.566348 ], [ -97.703521, 28.563125 ], [ -97.704998, 28.561122 ], [ -97.701626, 28.560413 ], [ -97.703365, 28.557904 ], [ -97.702299, 28.555802 ], [ -97.700292, 28.554851 ], [ -97.698971, 28.552078 ], [ -97.698815, 28.550846 ], [ -97.701027, 28.550614 ], [ -97.699986, 28.548612 ], [ -97.698802, 28.547768 ], [ -97.698441, 28.545267 ], [ -97.696572, 28.541537 ], [ -97.693506, 28.542071 ], [ -97.691793, 28.541075 ], [ -97.686105, 28.540024 ], [ -97.684928, 28.539276 ], [ -97.684772, 28.537197 ], [ -97.683071, 28.536399 ], [ -97.680423, 28.536382 ], [ -97.679533, 28.535177 ], [ -97.671608, 28.535776 ], [ -97.669397, 28.53533 ], [ -97.668575, 28.534439 ], [ -97.668139, 28.53045 ], [ -97.662552, 28.527935 ], [ -97.659213, 28.527329 ], [ -97.65603, 28.528478 ], [ -97.654859, 28.52833 ], [ -97.653919, 28.527323 ], [ -97.654081, 28.525304 ], [ -97.652188, 28.52362 ], [ -97.649896, 28.523135 ], [ -97.646595, 28.520928 ], [ -97.644889, 28.520812 ], [ -97.641861, 28.522109 ], [ -97.642869, 28.523683 ], [ -97.642452, 28.524304 ], [ -97.640147, 28.524359 ], [ -97.638814, 28.523434 ], [ -97.637001, 28.524996 ], [ -97.633886, 28.524802 ], [ -97.630191, 28.527056 ], [ -97.627413, 28.527236 ], [ -97.62654, 28.528265 ], [ -97.623189, 28.528012 ], [ -97.623081, 28.529588 ], [ -97.619796, 28.527152 ], [ -97.617673, 28.528225 ], [ -97.616283, 28.526631 ], [ -97.612601, 28.525053 ], [ -97.610401, 28.523233 ], [ -97.608626, 28.523487 ], [ -97.608422, 28.526188 ], [ -97.607438, 28.5267 ], [ -97.60588, 28.526354 ], [ -97.60477, 28.52422 ], [ -97.601494, 28.523423 ], [ -97.599525, 28.523627 ], [ -97.59506, 28.52508 ], [ -97.590755, 28.523909 ], [ -97.58627, 28.524372 ], [ -97.584134, 28.522535 ], [ -97.582446, 28.522238 ], [ -97.577058, 28.522547 ], [ -97.573613, 28.520903 ], [ -97.571539, 28.519533 ], [ -97.569203, 28.516848 ], [ -97.568953, 28.515402 ], [ -97.565509, 28.515077 ], [ -97.563024, 28.516408 ], [ -97.561585, 28.515534 ], [ -97.560066, 28.51374 ], [ -97.558608, 28.514241 ], [ -97.557487, 28.508398 ], [ -97.556105, 28.503986 ], [ -97.553932, 28.502864 ], [ -97.553608, 28.500894 ], [ -97.554165, 28.499354 ], [ -97.554085, 28.497555 ], [ -97.552516, 28.494964 ], [ -97.55259, 28.494326 ], [ -97.554733, 28.49223 ], [ -97.554882, 28.490706 ], [ -97.553943, 28.488324 ], [ -97.553999, 28.486872 ], [ -97.55512, 28.484903 ], [ -97.553962, 28.484055 ], [ -97.552349, 28.481866 ], [ -97.551709, 28.476859 ], [ -97.552817, 28.475391 ], [ -97.553172, 28.473696 ], [ -97.551597, 28.472117 ], [ -97.551392, 28.468475 ], [ -97.551692, 28.46754 ], [ -97.553858, 28.465565 ], [ -97.554624, 28.462925 ], [ -97.553685, 28.458452 ], [ -97.553916, 28.455278 ], [ -97.552683, 28.451812 ], [ -97.551369, 28.450441 ], [ -97.548027, 28.451316 ], [ -97.546571, 28.450254 ], [ -97.544654, 28.449929 ], [ -97.541829, 28.446689 ], [ -97.538337, 28.446154 ], [ -97.53535, 28.448105 ], [ -97.533818, 28.447798 ], [ -97.531907, 28.446301 ], [ -97.529194, 28.446394 ], [ -97.525508, 28.44735 ], [ -97.521886, 28.446876 ], [ -97.520418, 28.446007 ], [ -97.520599, 28.444081 ], [ -97.523064, 28.442773 ], [ -97.523879, 28.440738 ], [ -97.521199, 28.437634 ], [ -97.520292, 28.433508 ], [ -97.517853, 28.431972 ], [ -97.516353, 28.431878 ], [ -97.513696, 28.432587 ], [ -97.510472, 28.432178 ], [ -97.508219, 28.4327 ], [ -97.505299, 28.434586 ], [ -97.503941, 28.437099 ], [ -97.502049, 28.437813 ], [ -97.499749, 28.437513 ], [ -97.498038, 28.438256 ], [ -97.494011, 28.438846 ], [ -97.491814, 28.438451 ], [ -97.489473, 28.437148 ], [ -97.48521, 28.436391 ], [ -97.481585, 28.434631 ], [ -97.4805, 28.433889 ], [ -97.478561, 28.431007 ], [ -97.474253, 28.42642 ], [ -97.470239, 28.425106 ], [ -97.469118, 28.422114 ], [ -97.470225, 28.419534 ], [ -97.469932, 28.418692 ], [ -97.468134, 28.417564 ], [ -97.465563, 28.416773 ], [ -97.464922, 28.41559 ], [ -97.464224, 28.411283 ], [ -97.461324, 28.408637 ], [ -97.459265, 28.407499 ], [ -97.456726, 28.407362 ], [ -97.45397, 28.408061 ], [ -97.452203, 28.409497 ], [ -97.451158, 28.409486 ], [ -97.449428, 28.408331 ], [ -97.448551, 28.406889 ], [ -97.448078, 28.40453 ], [ -97.447238, 28.403248 ], [ -97.445359, 28.402692 ], [ -97.444581, 28.403022 ], [ -97.442957, 28.408573 ], [ -97.441061, 28.409353 ], [ -97.439237, 28.409338 ], [ -97.434645, 28.410631 ], [ -97.431104, 28.413029 ], [ -97.429271, 28.413018 ], [ -97.426874, 28.411681 ], [ -97.424286, 28.407593 ], [ -97.420547, 28.404182 ], [ -97.419048, 28.404369 ], [ -97.41728, 28.405942 ], [ -97.410237, 28.40802 ], [ -97.408228, 28.406529 ], [ -97.406231, 28.405879 ], [ -97.400463, 28.405696 ], [ -97.39805, 28.404078 ], [ -97.397882, 28.403038 ], [ -97.400222, 28.400998 ], [ -97.401399, 28.397918 ], [ -97.401717, 28.395674 ], [ -97.40137, 28.393836 ], [ -97.399373, 28.392191 ], [ -97.395778, 28.392261 ], [ -97.393961, 28.393493 ], [ -97.392604, 28.3961 ], [ -97.389772, 28.397078 ], [ -97.38805, 28.395697 ], [ -97.389258, 28.39298 ], [ -97.388394, 28.391208 ], [ -97.385869, 28.389793 ], [ -97.383953, 28.389677 ], [ -97.380587, 28.390792 ], [ -97.376737, 28.390075 ], [ -97.375579, 28.388684 ], [ -97.38065, 28.381777 ], [ -97.395705, 28.3615 ], [ -97.408493, 28.344114 ], [ -97.47809, 28.250285 ], [ -97.479076, 28.248476 ], [ -97.494181, 28.227825 ], [ -97.498197, 28.221965 ], [ -97.500271, 28.220079 ], [ -97.540851, 28.164963 ], [ -97.541071, 28.164669 ], [ -97.538153, 28.163278 ], [ -97.533324, 28.162374 ], [ -97.530797, 28.162258 ], [ -97.527415, 28.160568 ], [ -97.526447, 28.159539 ], [ -97.524666, 28.156194 ], [ -97.523879, 28.153129 ], [ -97.522576, 28.151688 ], [ -97.521211, 28.151341 ], [ -97.517902, 28.152605 ], [ -97.514922, 28.153291 ], [ -97.511998, 28.155359 ], [ -97.509724, 28.158175 ], [ -97.508464, 28.159093 ], [ -97.499838, 28.162877 ], [ -97.495091, 28.1659 ], [ -97.489039, 28.167959 ], [ -97.485041, 28.168049 ], [ -97.482384, 28.168616 ], [ -97.481174, 28.169827 ], [ -97.479319, 28.173624 ], [ -97.478569, 28.177128 ], [ -97.477421, 28.178779 ], [ -97.475528, 28.179296 ], [ -97.474137, 28.178758 ], [ -97.473485, 28.177542 ], [ -97.473744, 28.172987 ], [ -97.474947, 28.16842 ], [ -97.475393, 28.16452 ], [ -97.474223, 28.158298 ], [ -97.472807, 28.156021 ], [ -97.471882, 28.155003 ], [ -97.470076, 28.154387 ], [ -97.46881, 28.154745 ], [ -97.468115, 28.15584 ], [ -97.463528, 28.157602 ], [ -97.459549, 28.160045 ], [ -97.456291, 28.160535 ], [ -97.455918, 28.159726 ], [ -97.458208, 28.155831 ], [ -97.457339, 28.154868 ], [ -97.45349, 28.154066 ], [ -97.452503, 28.151755 ], [ -97.45187, 28.149016 ], [ -97.450138, 28.147767 ], [ -97.447761, 28.148174 ], [ -97.445793, 28.149973 ], [ -97.445371, 28.152823 ], [ -97.443112, 28.154473 ], [ -97.44192, 28.153522 ], [ -97.440946, 28.151074 ], [ -97.44264, 28.148147 ], [ -97.442808, 28.146871 ], [ -97.4421, 28.142673 ], [ -97.444502, 28.140643 ], [ -97.447027, 28.137172 ], [ -97.447604, 28.135516 ], [ -97.447598, 28.133475 ], [ -97.44645, 28.132793 ], [ -97.444644, 28.132809 ], [ -97.442795, 28.131907 ], [ -97.44092, 28.132116 ], [ -97.440492, 28.133475 ], [ -97.44062, 28.136425 ], [ -97.438847, 28.13897 ], [ -97.43411, 28.137971 ], [ -97.430683, 28.139227 ], [ -97.427739, 28.13952 ], [ -97.42506, 28.141434 ], [ -97.4242, 28.142592 ], [ -97.422259, 28.142305 ], [ -97.422141, 28.141749 ], [ -97.423802, 28.138235 ], [ -97.423548, 28.13501 ], [ -97.427915, 28.133337 ], [ -97.429712, 28.131356 ], [ -97.434419, 28.130577 ], [ -97.435277, 28.129908 ], [ -97.434704, 28.129095 ], [ -97.432292, 28.128424 ], [ -97.428839, 28.128501 ], [ -97.427998, 28.128111 ], [ -97.427083, 28.124333 ], [ -97.426948, 28.120881 ], [ -97.427266, 28.11874 ], [ -97.426733, 28.117259 ], [ -97.42249, 28.117922 ], [ -97.421275, 28.120476 ], [ -97.420136, 28.121569 ], [ -97.418142, 28.122136 ], [ -97.410969, 28.120609 ], [ -97.407384, 28.119382 ], [ -97.405384, 28.119216 ], [ -97.404795, 28.117973 ], [ -97.405244, 28.116212 ], [ -97.405163, 28.113098 ], [ -97.405578, 28.110074 ], [ -97.403932, 28.109003 ], [ -97.401852, 28.110699 ], [ -97.400646, 28.112525 ], [ -97.400476, 28.11435 ], [ -97.401178, 28.118081 ], [ -97.400919, 28.119506 ], [ -97.399799, 28.119953 ], [ -97.397281, 28.118156 ], [ -97.396225, 28.118841 ], [ -97.398081, 28.120289 ], [ -97.401984, 28.121009 ], [ -97.403814, 28.121996 ], [ -97.405447, 28.123483 ], [ -97.405625, 28.124614 ], [ -97.404311, 28.126926 ], [ -97.403842, 28.130129 ], [ -97.402613, 28.130993 ], [ -97.398922, 28.130288 ], [ -97.395879, 28.130004 ], [ -97.39355, 28.13027 ], [ -97.390018, 28.129809 ], [ -97.387573, 28.12823 ], [ -97.386931, 28.124906 ], [ -97.385722, 28.123925 ], [ -97.384469, 28.124109 ], [ -97.382777, 28.125165 ], [ -97.381879, 28.126462 ], [ -97.38065, 28.130949 ], [ -97.379803, 28.137386 ], [ -97.378614, 28.139002 ], [ -97.376974, 28.138472 ], [ -97.374728, 28.13429 ], [ -97.369617, 28.130257 ], [ -97.367109, 28.128597 ], [ -97.361655, 28.126375 ], [ -97.357801, 28.123807 ], [ -97.355886, 28.123142 ], [ -97.351825, 28.123502 ], [ -97.350204, 28.123055 ], [ -97.346432, 28.118778 ], [ -97.345424, 28.118371 ], [ -97.343902, 28.120633 ], [ -97.343327, 28.126935 ], [ -97.34326, 28.13019 ], [ -97.341518, 28.132171 ], [ -97.340108, 28.131973 ], [ -97.337441, 28.129768 ], [ -97.333397, 28.128603 ], [ -97.326159, 28.127012 ], [ -97.324708, 28.126003 ], [ -97.324918, 28.124181 ], [ -97.329777, 28.121507 ], [ -97.330681, 28.119898 ], [ -97.329719, 28.118855 ], [ -97.327183, 28.11874 ], [ -97.325274, 28.119519 ], [ -97.321638, 28.123113 ], [ -97.319199, 28.125958 ], [ -97.317575, 28.129092 ], [ -97.317664, 28.131872 ], [ -97.318829, 28.133482 ], [ -97.320579, 28.13361 ], [ -97.324639, 28.131754 ], [ -97.326707, 28.131886 ], [ -97.327503, 28.133117 ], [ -97.326855, 28.1342 ], [ -97.324503, 28.1356 ], [ -97.319515, 28.137333 ], [ -97.317803, 28.137495 ], [ -97.315819, 28.135807 ], [ -97.313066, 28.130265 ], [ -97.311188, 28.123959 ], [ -97.309037, 28.120017 ], [ -97.309205, 28.117557 ], [ -97.310275, 28.11603 ], [ -97.311774, 28.115313 ], [ -97.315556, 28.116349 ], [ -97.316954, 28.11575 ], [ -97.318153, 28.112909 ], [ -97.317525, 28.110991 ], [ -97.316044, 28.109352 ], [ -97.312742, 28.108947 ], [ -97.310121, 28.107841 ], [ -97.307294, 28.105764 ], [ -97.303816, 28.104005 ], [ -97.30134, 28.103829 ], [ -97.298869, 28.104401 ], [ -97.295681, 28.106074 ], [ -97.294967, 28.107278 ], [ -97.294845, 28.109 ], [ -97.295608, 28.112873 ], [ -97.294912, 28.114541 ], [ -97.29387, 28.11533 ], [ -97.291783, 28.115433 ], [ -97.288863, 28.113675 ], [ -97.287259, 28.110734 ], [ -97.286747, 28.107657 ], [ -97.285334, 28.101633 ], [ -97.284467, 28.100061 ], [ -97.284271, 28.092858 ], [ -97.283984, 28.091331 ], [ -97.282414, 28.090129 ], [ -97.278141, 28.090426 ], [ -97.273683, 28.090345 ], [ -97.269686, 28.089566 ], [ -97.264272, 28.088884 ], [ -97.262794, 28.087323 ], [ -97.261521, 28.08722 ], [ -97.26083, 28.086032 ], [ -97.260595, 28.083839 ], [ -97.263176, 28.081631 ], [ -97.2617, 28.077301 ], [ -97.260818, 28.075759 ], [ -97.257525, 28.073279 ], [ -97.257204, 28.072391 ], [ -97.250269, 28.068513 ], [ -97.240219, 28.061538 ], [ -97.234426, 28.062458 ], [ -97.221038486474598, 28.074450295970301 ], [ -97.219978, 28.072735 ], [ -97.215225, 28.073154 ], [ -97.199914, 28.068298 ], [ -97.178979, 28.058473 ], [ -97.180167, 28.050397 ], [ -97.178028, 28.044314 ], [ -97.171967, 28.042846 ], [ -97.17066, 28.045468 ], [ -97.16757, 28.046936 ], [ -97.163886, 28.047041 ], [ -97.161866, 28.048405 ], [ -97.158776, 28.047251 ], [ -97.160677, 28.043685 ], [ -97.160677, 28.040223 ], [ -97.15735, 28.036657 ], [ -97.154141, 28.033091 ], [ -97.13893, 28.026902 ], [ -97.131324, 28.029209 ], [ -97.128947, 28.029209 ], [ -97.124788, 28.02281 ], [ -97.121935, 28.020922 ], [ -97.119915, 28.021551 ], [ -97.122648, 28.02879 ], [ -97.11124, 28.033196 ], [ -97.108507, 28.033091 ], [ -97.107912, 28.035608 ], [ -97.105892, 28.038021 ], [ -97.108744, 28.039384 ], [ -97.110883, 28.037496 ], [ -97.11124, 28.039384 ], [ -97.112428, 28.042007 ], [ -97.117657, 28.042426 ], [ -97.123243, 28.041063 ], [ -97.126095, 28.039384 ], [ -97.128709, 28.039804 ], [ -97.127402, 28.041692 ], [ -97.129066, 28.042951 ], [ -97.131324, 28.044734 ], [ -97.135246, 28.04788 ], [ -97.132631, 28.049978 ], [ -97.128709, 28.050922 ], [ -97.126451, 28.050188 ], [ -97.125144, 28.050397 ], [ -97.123718, 28.051866 ], [ -97.122054, 28.051656 ], [ -97.119796, 28.055851 ], [ -97.11742, 28.058892 ], [ -97.115162, 28.059417 ], [ -97.111834, 28.059417 ], [ -97.112309, 28.061829 ], [ -97.112785, 28.063821 ], [ -97.112766677528995, 28.0638614225062 ], [ -97.112072, 28.065394 ], [ -97.112072, 28.06875 ], [ -97.107556, 28.070847 ], [ -97.10304, 28.0763 ], [ -97.099594, 28.078082 ], [ -97.095439, 28.078721 ], [ -97.0893027925258, 28.078922805400001 ], [ -97.087197633053194, 28.078992039132899 ], [ -97.086723018351805, 28.0790076480917 ], [ -97.086165, 28.079026 ], [ -97.079153, 28.081542 ], [ -97.077014, 28.083534 ], [ -97.074163, 28.084912 ], [ -97.068576, 28.085317 ], [ -97.062278, 28.088252 ], [ -97.061854199918102, 28.088460911102 ], [ -97.058237, 28.090244 ], [ -97.054197, 28.092761 ], [ -97.051759490957494, 28.096662989389699 ], [ -97.050988, 28.097898 ], [ -97.046947, 28.101986 ], [ -97.047066, 28.10838 ], [ -97.047304, 28.112888 ], [ -97.047066, 28.11467 ], [ -97.04873, 28.116556 ], [ -97.052889, 28.116976 ], [ -97.053365, 28.118338 ], [ -97.040887, 28.118338 ], [ -97.038153, 28.117709 ], [ -97.029597, 28.112783 ], [ -97.027814, 28.112364 ], [ -97.024962, 28.113307 ], [ -97.024913288481002, 28.113177787951201 ], [ -97.022806, 28.107588 ], [ -97.020565, 28.104816 ], [ -97.025073, 28.102513 ], [ -97.029122, 28.09926 ], [ -97.032449, 28.094543 ], [ -97.034140411728899, 28.088689845637798 ], [ -97.034627, 28.087006 ], [ -97.034113, 28.084793 ], [ -97.03598, 28.081671 ], [ -97.036846, 28.07588 ], [ -97.036014, 28.072839 ], [ -97.03542, 28.067282 ], [ -97.033519, 28.065918 ], [ -97.032924, 28.06466 ], [ -97.032924, 28.06078 ], [ -97.033128732480407, 28.060376343052901 ], [ -97.03377, 28.059112 ], [ -97.033162, 28.053963 ], [ -97.032434307633494, 28.052867498769 ], [ -97.031169248809803, 28.050963021599301 ], [ -97.031142, 28.050922 ], [ -97.025859, 28.041939 ], [ -97.0252, 28.032147 ], [ -97.032924, 28.031203 ], [ -97.040618, 28.028708 ], [ -97.043739, 28.028056 ], [ -97.045878, 28.025853 ], [ -97.04876, 28.022092 ], [ -97.050263059136398, 28.019143814024599 ], [ -97.059784653441696, 28.000467615521099 ], [ -97.061992, 27.996138 ], [ -97.063759250939597, 27.9937420225259 ], [ -97.064429, 27.992834 ], [ -97.064406661412505, 27.992241909860201 ], [ -97.064334, 27.990316 ], [ -97.068042, 27.976967 ], [ -97.068137172879702, 27.974022651647601 ], [ -97.068147523590298, 27.973702433349501 ], [ -97.068422, 27.965211 ], [ -97.070894, 27.953203 ], [ -97.071179550062396, 27.951844788983301 ], [ -97.071219910327301, 27.9516528164934 ], [ -97.07213, 27.947324 ], [ -97.075077, 27.939597 ], [ -97.075223629982702, 27.938474835260799 ], [ -97.075933, 27.933046 ], [ -97.078595, 27.930694 ], [ -97.077264, 27.928594 ], [ -97.075552, 27.922798 ], [ -97.075077, 27.919354 ], [ -97.076788, 27.917926 ], [ -97.07869, 27.918598 ], [ -97.077549, 27.921958 ], [ -97.079545, 27.928006 ], [ -97.080591, 27.931954 ], [ -97.07888, 27.935902 ], [ -97.079165, 27.942789 ], [ -97.076788, 27.943713 ], [ -97.077454, 27.947576 ], [ -97.075837, 27.950348 ], [ -97.075554191334803, 27.951822772765599 ], [ -97.074887, 27.955302 ], [ -97.073841, 27.960761 ], [ -97.074887, 27.963784 ], [ -97.077359, 27.964288 ], [ -97.082017, 27.963112 ], [ -97.078975, 27.967479 ], [ -97.079735, 27.969158 ], [ -97.074887, 27.973356 ], [ -97.074887, 27.974868 ], [ -97.077264, 27.975623 ], [ -97.07964, 27.975539 ], [ -97.085436651203594, 27.9718897690381 ], [ -97.086026026467096, 27.971518733006398 ], [ -97.087182, 27.970791 ], [ -97.088550109068294, 27.968856578168499 ], [ -97.101429184226802, 27.950646360333099 ], [ -97.104970712751594, 27.945638857456402 ], [ -97.120902, 27.923113 ], [ -97.121478052491497, 27.922811215634098 ], [ -97.123001198133807, 27.922013264842001 ], [ -97.129276, 27.918726 ], [ -97.131359, 27.916602 ], [ -97.131241, 27.914922 ], [ -97.129933, 27.912192 ], [ -97.131359, 27.907046 ], [ -97.132342, 27.905581 ], [ -97.133023, 27.90253 ], [ -97.1338567153459, 27.901105716801101 ], [ -97.134806, 27.899484 ], [ -97.135350013409706, 27.8978362670764 ], [ -97.135638, 27.896964 ], [ -97.137536802064105, 27.8936861881803 ], [ -97.138133, 27.892657 ], [ -97.141342, 27.88667 ], [ -97.144432, 27.883099 ], [ -97.147641, 27.88646 ], [ -97.148829, 27.8852 ], [ -97.149033883783602, 27.88497596074 ], [ -97.151396, 27.882393 ], [ -97.154652, 27.876796 ], [ -97.157117777660204, 27.873640780096402 ], [ -97.158320004719897, 27.872102405080501 ], [ -97.158393, 27.872009 ], [ -97.159203495155396, 27.871309947928399 ], [ -97.162313, 27.868628 ], [ -97.162488372670495, 27.868335617881701 ], [ -97.165683498138705, 27.863008690087401 ], [ -97.184002, 27.832468 ], [ -97.185666, 27.830656 ], [ -97.186036717221995, 27.829898327243399 ], [ -97.186739, 27.828463 ], [ -97.187582195188895, 27.827204195188902 ], [ -97.18864, 27.825625 ], [ -97.190304, 27.825205 ], [ -97.190597, 27.823271 ], [ -97.192778515164093, 27.822820751208098 ], [ -97.193762293440699, 27.822617706559299 ], [ -97.193882, 27.822593 ], [ -97.196440717658604, 27.8221235564083 ], [ -97.201044, 27.821279 ], [ -97.208381842477095, 27.821977432550899 ], [ -97.209575, 27.822091 ], [ -97.211058, 27.82208 ], [ -97.215859650691698, 27.8226416950572 ], [ -97.215905, 27.822647 ], [ -97.22166, 27.824448 ], [ -97.221821256286304, 27.824559369809698 ], [ -97.224886, 27.826676 ], [ -97.227356213997894, 27.8305248230118 ], [ -97.227382, 27.830565 ], [ -97.227254997495095, 27.830607126356799 ], [ -97.22453, 27.831511 ], [ -97.222985, 27.832456 ], [ -97.222628, 27.834768 ], [ -97.220417, 27.837317 ], [ -97.220427325675701, 27.8374885295087 ], [ -97.220484, 27.83843 ], [ -97.221263469609198, 27.8392162699807 ], [ -97.224725, 27.842708 ], [ -97.225073, 27.844481 ], [ -97.22089, 27.849081 ], [ -97.220886859979501, 27.849173709105401 ], [ -97.22085, 27.850262 ], [ -97.221801, 27.850639137235099 ], [ -97.221841, 27.850655 ], [ -97.226192, 27.848293 ], [ -97.229511, 27.847792 ], [ -97.234651, 27.850387 ], [ -97.238547, 27.857633 ], [ -97.239378106057003, 27.858195492579299 ], [ -97.241047, 27.859325 ], [ -97.242880916736198, 27.8642678535521 ], [ -97.242938241960104, 27.864422359032702 ], [ -97.243925008926198, 27.8670819370315 ], [ -97.244138, 27.867656 ], [ -97.245385400499501, 27.871049518681801 ], [ -97.245916, 27.872493 ], [ -97.248607692315304, 27.8753161808351 ], [ -97.249437, 27.876186 ], [ -97.253395, 27.877495 ], [ -97.258437, 27.878721 ], [ -97.263566, 27.880815 ], [ -97.273698, 27.881633 ], [ -97.287019119851806, 27.8798558491428 ], [ -97.288772, 27.879622 ], [ -97.291974375949707, 27.878764409684798 ], [ -97.3070125117315, 27.874737224929799 ], [ -97.308746, 27.874273 ], [ -97.308846736736996, 27.874233693512199 ], [ -97.325097, 27.867893 ], [ -97.350035, 27.855763 ], [ -97.354188, 27.851266 ], [ -97.354949, 27.851081 ], [ -97.356774, 27.852224 ], [ -97.358829, 27.851891 ], [ -97.358945782031199, 27.8521245640625 ], [ -97.359129, 27.852491 ], [ -97.355082, 27.856511 ], [ -97.34741, 27.861353 ], [ -97.346542332974394, 27.862032488218901 ], [ -97.346143671995193, 27.862344687980698 ], [ -97.343251, 27.86461 ], [ -97.338735, 27.868602 ], [ -97.335994, 27.870332 ], [ -97.334823, 27.870344 ], [ -97.330714, 27.873816 ], [ -97.330971, 27.875581 ], [ -97.33408, 27.877484 ], [ -97.335883, 27.881733 ], [ -97.337784, 27.883624 ], [ -97.341011, 27.883787 ], [ -97.343734, 27.882879 ], [ -97.344924515648501, 27.8837067364706 ], [ -97.345004, 27.883762 ], [ -97.347956, 27.883409 ], [ -97.353215, 27.882504 ], [ -97.357731, 27.881307 ], [ -97.363047518128894, 27.879854143106002 ], [ -97.366572, 27.878891 ], [ -97.368973, 27.877315 ], [ -97.370646420050605, 27.876877429041102 ], [ -97.372304, 27.876444 ], [ -97.374582, 27.875382 ], [ -97.377775995701001, 27.874929912181202 ], [ -97.377952, 27.874905 ], [ -97.381993, 27.875746 ], [ -97.387222, 27.875431 ], [ -97.391381, 27.875956 ], [ -97.397561, 27.876271 ], [ -97.402205, 27.876416 ], [ -97.409388, 27.87413 ], [ -97.415981, 27.870703 ], [ -97.418358, 27.870388 ], [ -97.424062, 27.870178 ], [ -97.427274, 27.871298 ], [ -97.432752, 27.871707 ], [ -97.43761, 27.870913 ], [ -97.442363, 27.871439 ], [ -97.44823, 27.869384 ], [ -97.452122, 27.870896 ], [ -97.453786, 27.872639 ], [ -97.454842, 27.874905 ], [ -97.454891337193004, 27.8749813545618 ], [ -97.456743, 27.877847 ], [ -97.457672875362306, 27.878348 ], [ -97.458664, 27.878882 ], [ -97.460993, 27.877937 ], [ -97.461615, 27.875536 ], [ -97.45883, 27.871886 ], [ -97.458169, 27.870283 ], [ -97.456862, 27.867551 ], [ -97.460427, 27.864505 ], [ -97.462923, 27.863034 ], [ -97.4654715679969, 27.8659699555323 ], [ -97.466844, 27.867551 ], [ -97.46825, 27.870269 ], [ -97.468467747080695, 27.870199502670499 ], [ -97.469544, 27.869856 ], [ -97.470385, 27.86917 ], [ -97.469889, 27.868351 ], [ -97.470631, 27.867438 ], [ -97.469815, 27.865765 ], [ -97.470535653342097, 27.863784213570799 ], [ -97.470885, 27.862824 ], [ -97.473499, 27.861878 ], [ -97.474799093714907, 27.8614948005267 ], [ -97.477421, 27.860722 ], [ -97.477607170534299, 27.860691159233099 ], [ -97.481224, 27.860092 ], [ -97.483125, 27.860722 ], [ -97.485502, 27.861353 ], [ -97.481937, 27.869127 ], [ -97.480961, 27.869833 ], [ -97.483088, 27.872758 ], [ -97.48574, 27.87354 ], [ -97.487879, 27.876586 ], [ -97.490969, 27.879843 ], [ -97.491682, 27.881418 ], [ -97.493239, 27.884076 ], [ -97.496554, 27.881523 ], [ -97.505119, 27.877868 ], [ -97.506806, 27.878387 ], [ -97.506877611821096, 27.878326900244701 ], [ -97.507652, 27.877677 ], [ -97.507238, 27.876582 ], [ -97.508728, 27.874204 ], [ -97.512973, 27.871445 ], [ -97.516622, 27.871425 ], [ -97.516911, 27.870823 ], [ -97.51854, 27.86545 ], [ -97.520743, 27.860747 ], [ -97.515095, 27.85117 ], [ -97.507974, 27.851907 ], [ -97.497414, 27.849451 ], [ -97.490256, 27.845382 ], [ -97.487879, 27.84286 ], [ -97.488949, 27.840338 ], [ -97.490259821335201, 27.840872509670699 ], [ -97.490494, 27.840968 ], [ -97.490659539685893, 27.8403455707811 ], [ -97.490969, 27.839182 ], [ -97.490787997611903, 27.8387578589391 ], [ -97.488592, 27.833612 ], [ -97.485146, 27.830775 ], [ -97.480867, 27.827307 ], [ -97.476380650331393, 27.825698464577499 ], [ -97.472073, 27.824154 ], [ -97.462923, 27.823418 ], [ -97.461497, 27.823944 ], [ -97.456862, 27.8251 ], [ -97.452584, 27.825625 ], [ -97.449375, 27.828148 ], [ -97.447949, 27.830355 ], [ -97.444621, 27.832141 ], [ -97.439232845526007, 27.832266292042899 ], [ -97.43559, 27.832351 ], [ -97.430242, 27.829934 ], [ -97.429913839576798, 27.8294495873266 ], [ -97.429173, 27.828356 ], [ -97.423706, 27.826466 ], [ -97.420875, 27.82572 ], [ -97.41919, 27.822998 ], [ -97.416694, 27.822157 ], [ -97.414581135298505, 27.8258938302892 ], [ -97.413604, 27.827622 ], [ -97.412297, 27.828358 ], [ -97.410764408637903, 27.831455111710898 ], [ -97.409801, 27.833402 ], [ -97.404678333174999, 27.834749732707301 ], [ -97.395422, 27.837185 ], [ -97.393004859492805, 27.8368036902746 ], [ -97.392094, 27.83666 ], [ -97.391447549438098, 27.837184051086599 ], [ -97.390022143380094, 27.838339569602098 ], [ -97.387816, 27.840128 ], [ -97.387285340462498, 27.8401019507941 ], [ -97.386188163043499, 27.840048092155001 ], [ -97.385677, 27.840023 ], [ -97.382979028291203, 27.838397801718301 ], [ -97.378864, 27.835919 ], [ -97.378546, 27.832456 ], [ -97.392277, 27.813525 ], [ -97.394517, 27.81301 ], [ -97.39491, 27.812012 ], [ -97.393434838304699, 27.811140977432899 ], [ -97.392688, 27.8107 ], [ -97.392224, 27.804604 ], [ -97.391143, 27.800504 ], [ -97.390923723366896, 27.795932498549 ], [ -97.390906, 27.795563 ], [ -97.391000956687805, 27.7952454413856 ], [ -97.391975, 27.791988 ], [ -97.393082, 27.787154 ], [ -97.3930980978364, 27.7868267286742 ], [ -97.393111841435299, 27.7865473193363 ], [ -97.393250205134606, 27.7837343654679 ], [ -97.393291, 27.782905 ], [ -97.391738, 27.777479 ], [ -97.391373521474705, 27.7768947229108 ], [ -97.389836, 27.77443 ], [ -97.388806, 27.773947 ], [ -97.388559576083395, 27.7734549103942 ], [ -97.388156, 27.772649 ], [ -97.388607492059705, 27.771581753525499 ], [ -97.388648, 27.771486 ], [ -97.386152, 27.768647 ], [ -97.383814413893802, 27.7668123400884 ], [ -97.379854, 27.763704 ], [ -97.377596, 27.76076 ], [ -97.376597220026795, 27.758181802888402 ], [ -97.37617, 27.757079 ], [ -97.375219, 27.749402 ], [ -97.374934576287103, 27.749082147634098 ], [ -97.374053461740701, 27.7480912788719 ], [ -97.368355, 27.741683 ], [ -97.367010963523995, 27.740269863893499 ], [ -97.365593, 27.738779 ], [ -97.363083753235799, 27.7366164693521 ], [ -97.361077, 27.734887 ], [ -97.359244602823694, 27.7337386581715 ], [ -97.358485665323002, 27.7332630409371 ], [ -97.352497474006796, 27.729510311641199 ], [ -97.352293678772796, 27.729382595557301 ], [ -97.351822, 27.729087 ], [ -97.348836, 27.728365 ], [ -97.347648, 27.726787 ], [ -97.345196959220004, 27.725080102364299 ], [ -97.343679, 27.724023 ], [ -97.342167442502401, 27.723393189001399 ], [ -97.334000620249896, 27.7199903713868 ], [ -97.333872800071006, 27.719937113370001 ], [ -97.331294206279793, 27.7188627071809 ], [ -97.316446, 27.712676 ], [ -97.313493291749893, 27.711845406911898 ], [ -97.308076446095498, 27.710321655095399 ], [ -97.307997066543294, 27.710299325727998 ], [ -97.291834121372901, 27.7057527097388 ], [ -97.291437, 27.705641 ], [ -97.291339617928102, 27.705636143429501 ], [ -97.288329, 27.705486 ], [ -97.285661997289907, 27.705049 ], [ -97.281573, 27.704379 ], [ -97.280385, 27.704589 ], [ -97.253955, 27.696696 ], [ -97.253051, 27.69754 ], [ -97.246753, 27.694488 ], [ -97.244852, 27.69291 ], [ -97.243544, 27.689227 ], [ -97.244376, 27.688911 ], [ -97.246112, 27.689631 ], [ -97.247228, 27.691016 ], [ -97.253765, 27.692804 ], [ -97.255968, 27.691735 ], [ -97.260657, 27.680176 ], [ -97.263007580453703, 27.6794817375653 ], [ -97.266064, 27.678579 ], [ -97.269214, 27.67744 ], [ -97.267625, 27.675275 ], [ -97.273026577063405, 27.663841323192401 ], [ -97.273467412830598, 27.662908193177099 ], [ -97.2765364707397, 27.6564118281667 ], [ -97.277105959719805, 27.655206374117402 ], [ -97.277206267136606, 27.6549940504623 ], [ -97.2780301757589, 27.653250058884399 ], [ -97.282632765888096, 27.643507621185702 ], [ -97.288670728350695, 27.630726888713902 ], [ -97.291134037256498, 27.625512730408701 ], [ -97.292079792435402, 27.623510822645901 ], [ -97.292627745235706, 27.622350954860998 ], [ -97.293403049904796, 27.620709844698201 ], [ -97.293765892509199, 27.619941805101099 ], [ -97.294291348191294, 27.618829557626899 ], [ -97.295427774171003, 27.616424051380399 ], [ -97.296598, 27.613947 ], [ -97.296596044499495, 27.613790061502701 ], [ -97.296568152912201, 27.611551624892599 ], [ -97.296562237448498, 27.611076879938199 ], [ -97.296548321751899, 27.609960077072099 ], [ -97.296547, 27.609854 ], [ -97.297686369530894, 27.608407451678499 ], [ -97.297886, 27.608154 ], [ -97.29928, 27.605958 ], [ -97.29928, 27.602164282157698 ], [ -97.29928, 27.601429 ], [ -97.298274603391206, 27.597665111105499 ], [ -97.298211, 27.597427 ], [ -97.297254141937302, 27.596848044396399 ], [ -97.295246, 27.595633 ], [ -97.294054, 27.5941 ], [ -97.294645, 27.592688 ], [ -97.297094818233901, 27.590504219503 ], [ -97.302196, 27.585957 ], [ -97.307010327614606, 27.5819492844496 ], [ -97.318532, 27.572358 ], [ -97.322191, 27.569058 ], [ -97.324637444231598, 27.561076837816099 ], [ -97.327089, 27.553079 ], [ -97.328884, 27.550132 ], [ -97.329969, 27.547023 ], [ -97.331092, 27.543804 ], [ -97.332906, 27.538602 ], [ -97.33498, 27.532658 ], [ -97.336952, 27.529054 ], [ -97.338819, 27.524485 ], [ -97.340993, 27.519464 ], [ -97.342538, 27.516302 ], [ -97.344727, 27.513017 ], [ -97.344915, 27.508608 ], [ -97.347489, 27.503005 ], [ -97.349906, 27.491215 ], [ -97.350262, 27.48647 ], [ -97.349074, 27.483835 ], [ -97.351094, 27.481832 ], [ -97.350543, 27.478578 ], [ -97.356918, 27.471921 ], [ -97.358581, 27.467703 ], [ -97.358225, 27.464856 ], [ -97.361433, 27.458213 ], [ -97.364286, 27.450831 ], [ -97.367552, 27.443332 ], [ -97.367257, 27.440917 ], [ -97.367375, 27.435749 ], [ -97.369277, 27.429843 ], [ -97.369633, 27.424463 ], [ -97.368326, 27.417817 ], [ -97.369396, 27.410433 ], [ -97.374743, 27.399566 ], [ -97.376336, 27.395468 ], [ -97.37955, 27.390028 ], [ -97.383419, 27.383527 ], [ -97.383321, 27.381424 ], [ -97.384106, 27.379632 ], [ -97.388648, 27.37118 ], [ -97.388811, 27.368897 ], [ -97.396945, 27.350334 ], [ -97.400651, 27.342999 ], [ -97.401942, 27.335574 ], [ -97.404996, 27.329977 ], [ -97.414436, 27.321568 ], [ -97.420972, 27.3184 ], [ -97.42739, 27.316077 ], [ -97.434758, 27.313691 ], [ -97.439511, 27.313691 ], [ -97.450798, 27.313691 ], [ -97.482859, 27.297915 ], [ -97.490494, 27.291895 ], [ -97.495153, 27.286851 ], [ -97.508304, 27.275014 ], [ -97.510696, 27.277109 ], [ -97.513317, 27.278233 ], [ -97.514737, 27.278482 ], [ -97.517351, 27.278693 ], [ -97.521511, 27.279855 ], [ -97.527453, 27.27901 ], [ -97.532223, 27.278577 ], [ -97.540763, 27.281756 ], [ -97.544437, 27.284175 ], [ -97.54718, 27.289466 ], [ -97.546981, 27.290791 ], [ -97.54516, 27.291578 ], [ -97.543734, 27.29105 ], [ -97.541149, 27.287368 ], [ -97.540406, 27.286931 ], [ -97.533989, 27.287037 ], [ -97.531493, 27.288832 ], [ -97.52922, 27.290213 ], [ -97.525908, 27.290628 ], [ -97.525834, 27.29418 ], [ -97.524589, 27.297915 ], [ -97.522687, 27.299818 ], [ -97.520441, 27.300344 ], [ -97.518064, 27.302139 ], [ -97.518282, 27.304223 ], [ -97.517465, 27.30504 ], [ -97.504742, 27.30504 ], [ -97.500595, 27.306574 ], [ -97.498245, 27.308813 ], [ -97.497267, 27.310903 ], [ -97.49779, 27.314282 ], [ -97.496673, 27.316605 ], [ -97.498812, 27.318189 ], [ -97.500595, 27.320723 ], [ -97.502706, 27.322343 ], [ -97.503209, 27.324524 ], [ -97.501189, 27.328219 ], [ -97.499144, 27.327941 ], [ -97.493848, 27.331648 ], [ -97.490142, 27.334243 ], [ -97.483877, 27.338628 ], [ -97.481462, 27.340465 ], [ -97.482531, 27.343105 ], [ -97.482769, 27.344688 ], [ -97.481581, 27.346905 ], [ -97.482888, 27.349121 ], [ -97.484908, 27.349649 ], [ -97.486096, 27.350283 ], [ -97.48776, 27.352288 ], [ -97.486334, 27.35461 ], [ -97.484433, 27.357671 ], [ -97.482294, 27.360838 ], [ -97.485027, 27.365481 ], [ -97.483482, 27.366431 ], [ -97.48265, 27.368753 ], [ -97.478847, 27.37213 ], [ -97.47956, 27.37403 ], [ -97.481462, 27.374874 ], [ -97.485027, 27.376457 ], [ -97.486691, 27.381628 ], [ -97.486096, 27.385321 ], [ -97.486928, 27.387115 ], [ -97.493583, 27.390597 ], [ -97.496673, 27.387221 ], [ -97.498693, 27.382367 ], [ -97.497743, 27.376879 ], [ -97.497386, 27.374135 ], [ -97.497862, 27.372236 ], [ -97.503566, 27.369914 ], [ -97.509627, 27.36812 ], [ -97.511263, 27.362788 ], [ -97.514411, 27.361529 ], [ -97.514499, 27.360204 ], [ -97.52056, 27.354716 ], [ -97.524006, 27.35271 ], [ -97.52769, 27.349544 ], [ -97.528641, 27.34701 ], [ -97.531137, 27.343421 ], [ -97.533734, 27.340039 ], [ -97.536722, 27.339304 ], [ -97.53898, 27.337087 ], [ -97.549557, 27.329697 ], [ -97.566832, 27.318206 ], [ -97.577009, 27.31386 ], [ -97.583783, 27.309108 ], [ -97.607249, 27.286975 ], [ -97.610621, 27.285441 ], [ -97.613017, 27.285241 ], [ -97.618484, 27.287354 ], [ -97.621455, 27.288621 ], [ -97.624168, 27.290639 ], [ -97.625852, 27.293057 ], [ -97.626327, 27.295697 ], [ -97.630606, 27.297387 ], [ -97.635003, 27.298654 ], [ -97.636904, 27.300977 ], [ -97.632032, 27.304356 ], [ -97.630368, 27.30668 ], [ -97.629655, 27.309003 ], [ -97.631438, 27.310587 ], [ -97.633458, 27.311537 ], [ -97.634765, 27.312704 ], [ -97.632626, 27.31386 ], [ -97.632151, 27.315127 ], [ -97.632626, 27.316711 ], [ -97.632507, 27.320618 ], [ -97.632388, 27.323257 ], [ -97.63322, 27.32463 ], [ -97.63631, 27.324524 ], [ -97.641658, 27.324946 ], [ -97.646055, 27.324102 ], [ -97.651403, 27.32463 ], [ -97.654849, 27.326213 ], [ -97.658418, 27.329696 ], [ -97.659721, 27.333392 ], [ -97.659365, 27.335504 ], [ -97.662336, 27.33941 ], [ -97.666852, 27.343949 ], [ -97.668159, 27.345744 ], [ -97.66495, 27.349755 ], [ -97.664356, 27.352288 ], [ -97.662217, 27.355032 ], [ -97.660316, 27.355455 ], [ -97.660078, 27.357671 ], [ -97.661266, 27.360099 ], [ -97.663524, 27.361787 ], [ -97.668397, 27.364004 ], [ -97.672556, 27.365165 ], [ -97.675884, 27.365481 ], [ -97.678023, 27.368331 ], [ -97.676834, 27.370336 ], [ -97.677666, 27.373186 ], [ -97.679805, 27.376246 ], [ -97.683846, 27.37899 ], [ -97.689075, 27.380784 ], [ -97.693115, 27.380995 ], [ -97.696562, 27.381628 ], [ -97.70286, 27.385216 ], [ -97.708802, 27.385638 ], [ -97.712843, 27.381839 ], [ -97.711536, 27.378251 ], [ -97.711653162207895, 27.376796810243299 ], [ -97.711655, 27.376774 ], [ -97.705356, 27.371075 ], [ -97.704881, 27.367909 ], [ -97.703692, 27.363371 ], [ -97.701791, 27.362104 ], [ -97.69775, 27.358621 ], [ -97.696681, 27.356721 ], [ -97.696562, 27.355455 ], [ -97.697156, 27.35366 ], [ -97.696324, 27.351127 ], [ -97.69466, 27.34891 ], [ -97.693472, 27.34701 ], [ -97.691225, 27.342651 ], [ -97.69062, 27.340677 ], [ -97.691689, 27.338354 ], [ -97.69264, 27.335504 ], [ -97.692046, 27.333709 ], [ -97.68955, 27.331809 ], [ -97.688124, 27.330331 ], [ -97.685985, 27.328536 ], [ -97.683727, 27.325791 ], [ -97.686342, 27.322729 ], [ -97.68444, 27.319878 ], [ -97.681826, 27.319456 ], [ -97.676121, 27.316816 ], [ -97.675765, 27.312171 ], [ -97.675052, 27.310903 ], [ -97.673745, 27.310375 ], [ -97.6722, 27.309742 ], [ -97.669942, 27.309847 ], [ -97.667446, 27.309108 ], [ -97.660316, 27.307524 ], [ -97.654877, 27.305103 ], [ -97.65889, 27.298654 ], [ -97.657729, 27.296063 ], [ -97.661346, 27.288908 ], [ -97.66368, 27.286419 ], [ -97.668465, 27.284448 ], [ -97.675933, 27.282996 ], [ -97.681184, 27.283515 ], [ -97.687135, 27.282478 ], [ -97.692853, 27.280092 ], [ -97.695421, 27.277292 ], [ -97.700438, 27.275218 ], [ -97.704873, 27.275529 ], [ -97.707557, 27.277292 ], [ -97.711524, 27.277603 ], [ -97.715375, 27.275736 ], [ -97.718759, 27.272417 ], [ -97.725294, 27.269306 ], [ -97.726694, 27.27138 ], [ -97.729378, 27.272521 ], [ -97.733346, 27.272417 ], [ -97.735096, 27.273558 ], [ -97.738147271489694, 27.2733688917032 ], [ -97.740114, 27.273247 ], [ -97.739997, 27.271173 ], [ -97.740114, 27.267542 ] ] ], [ [ [ -97.399106, 27.309108 ], [ -97.400294, 27.306363 ], [ -97.401364, 27.303089 ], [ -97.402433, 27.298971 ], [ -97.403146, 27.295908 ], [ -97.403503, 27.291261 ], [ -97.404335, 27.290205 ], [ -97.405642, 27.290205 ], [ -97.405642, 27.294747 ], [ -97.404097, 27.301928 ], [ -97.402909, 27.306468 ], [ -97.402077, 27.310481 ], [ -97.400532, 27.310903 ], [ -97.399106, 27.309108 ] ] ], [ [ [ -97.400532, 27.322096 ], [ -97.402314, 27.3184 ], [ -97.403859, 27.314916 ], [ -97.40481, 27.313754 ], [ -97.405998, 27.313543 ], [ -97.406593, 27.315655 ], [ -97.404335, 27.319878 ], [ -97.402909, 27.323151 ], [ -97.400651, 27.325474 ], [ -97.399581, 27.324524 ], [ -97.400532, 27.322096 ] ] ], [ [ [ -97.305562, 27.494879 ], [ -97.304492, 27.495511 ], [ -97.303779, 27.494457 ], [ -97.305086, 27.491505 ], [ -97.309721, 27.488553 ], [ -97.31293, 27.48655 ], [ -97.313881, 27.483387 ], [ -97.315544, 27.48149 ], [ -97.316376, 27.480014 ], [ -97.316733, 27.477905 ], [ -97.319704, 27.4778 ], [ -97.318872, 27.480225 ], [ -97.316852, 27.483282 ], [ -97.315782, 27.486656 ], [ -97.313524, 27.490451 ], [ -97.311979, 27.490451 ], [ -97.307939, 27.491611 ], [ -97.305562, 27.494879 ] ] ], [ [ [ -97.311266, 27.507001 ], [ -97.310078, 27.505947 ], [ -97.310791, 27.503733 ], [ -97.31186, 27.501941 ], [ -97.313049, 27.500044 ], [ -97.313999, 27.497514 ], [ -97.315425, 27.495195 ], [ -97.317446, 27.493824 ], [ -97.317802, 27.494562 ], [ -97.315901, 27.499095 ], [ -97.314356, 27.502995 ], [ -97.313881, 27.50542 ], [ -97.312454, 27.507106 ], [ -97.311266, 27.507001 ] ] ], [ [ [ -97.231522, 27.640894 ], [ -97.234612, 27.641066 ], [ -97.228081, 27.673891 ], [ -97.228289419789505, 27.6743162831281 ], [ -97.232376, 27.682655 ], [ -97.237534, 27.682827 ], [ -97.242172, 27.671141 ], [ -97.243546, 27.671141 ], [ -97.2463, 27.675953 ], [ -97.246468, 27.682484 ], [ -97.237366, 27.686951 ], [ -97.226195238435906, 27.686163519032799 ], [ -97.222755, 27.685921 ], [ -97.215538, 27.682827 ], [ -97.220863, 27.67561 ], [ -97.231522, 27.640894 ] ] ], [ [ [ -97.230995, 27.828921 ], [ -97.233879, 27.828914 ], [ -97.235892, 27.831308 ], [ -97.240054, 27.833566 ], [ -97.238558, 27.836015 ], [ -97.235924804072297, 27.8358968834142 ], [ -97.2343, 27.835824 ], [ -97.229997, 27.831511 ], [ -97.229997, 27.830039 ], [ -97.230995, 27.828921 ] ] ], [ [ [ -97.24732, 27.861106 ], [ -97.24526, 27.860414 ], [ -97.245768, 27.85869 ], [ -97.245438, 27.856066 ], [ -97.243996, 27.854694 ], [ -97.239139, 27.843217 ], [ -97.238189, 27.840749 ], [ -97.238995, 27.839804 ], [ -97.245089, 27.840968 ], [ -97.258076, 27.866037 ], [ -97.261318, 27.866935 ], [ -97.267321, 27.869 ], [ -97.267101, 27.871441 ], [ -97.268282, 27.87274 ], [ -97.267554, 27.873687 ], [ -97.265886, 27.873329 ], [ -97.260811, 27.874159 ], [ -97.252213, 27.871223 ], [ -97.248763, 27.863462 ], [ -97.24732, 27.861106 ] ] ], [ [ [ -97.170441, 27.761996 ], [ -97.168658, 27.764099 ], [ -97.167113, 27.76452 ], [ -97.164855, 27.763994 ], [ -97.164855, 27.762943 ], [ -97.166044, 27.761365 ], [ -97.166757, 27.759262 ], [ -97.168539, 27.758421 ], [ -97.168539, 27.757054 ], [ -97.167589, 27.755687 ], [ -97.167711129202701, 27.7555017511371 ], [ -97.168421, 27.754425 ], [ -97.170203, 27.753373 ], [ -97.172699, 27.752952 ], [ -97.1746, 27.753899 ], [ -97.174363, 27.755266 ], [ -97.173649, 27.756949 ], [ -97.173531, 27.758736 ], [ -97.172958986695093, 27.760182533645999 ], [ -97.172699, 27.76084 ], [ -97.170441, 27.761996 ] ] ], [ [ [ -97.196365, 27.813959 ], [ -97.197316, 27.812592 ], [ -97.200524, 27.811751 ], [ -97.202663, 27.810175 ], [ -97.204407, 27.808028 ], [ -97.207298, 27.807336 ], [ -97.214666, 27.807336 ], [ -97.217133, 27.808597 ], [ -97.220493, 27.809208 ], [ -97.220254, 27.810178 ], [ -97.216251, 27.811316 ], [ -97.208982, 27.812876 ], [ -97.204089, 27.813853 ], [ -97.199283, 27.814309 ], [ -97.196829, 27.814689 ], [ -97.196365, 27.813959 ] ] ], [ [ [ -97.177469, 27.814589 ], [ -97.178895, 27.814484 ], [ -97.18555, 27.812802 ], [ -97.187808, 27.812802 ], [ -97.188759, 27.813959 ], [ -97.192918, 27.815325 ], [ -97.190304, 27.816481 ], [ -97.185432, 27.816902 ], [ -97.181985, 27.817007 ], [ -97.179846, 27.818268 ], [ -97.178539, 27.818373 ], [ -97.177469, 27.817532 ], [ -97.177469, 27.814589 ] ] ], [ [ [ -97.144241, 27.821221 ], [ -97.142876, 27.820424 ], [ -97.143894, 27.818665 ], [ -97.144236, 27.817428 ], [ -97.14509, 27.816568 ], [ -97.147657, 27.8161 ], [ -97.151424, 27.817099 ], [ -97.151189, 27.819594 ], [ -97.154096, 27.819916 ], [ -97.157504, 27.816902 ], [ -97.160594, 27.816376 ], [ -97.163449, 27.817218 ], [ -97.16404, 27.818058 ], [ -97.164081, 27.820608 ], [ -97.156335, 27.821671 ], [ -97.153359, 27.821892 ], [ -97.149675, 27.821534 ], [ -97.145975, 27.820915 ], [ -97.144241, 27.821221 ] ] ], [ [ [ -97.14051, 27.849375 ], [ -97.143362, 27.84948 ], [ -97.141223, 27.853158 ], [ -97.138728, 27.855784 ], [ -97.136945, 27.853788 ], [ -97.13647, 27.851056 ], [ -97.13742, 27.849375 ], [ -97.14051, 27.849375 ] ] ], [ [ [ -97.105536, 27.875315 ], [ -97.102802, 27.879097 ], [ -97.101376, 27.883193 ], [ -97.091593315303996, 27.8766174717524 ], [ -97.089968, 27.875525 ], [ -97.08866, 27.878046 ], [ -97.085689, 27.881093 ], [ -97.083194, 27.883614 ], [ -97.081768, 27.888235 ], [ -97.084739, 27.891071 ], [ -97.080817, 27.894012 ], [ -97.074637, 27.894853 ], [ -97.073686, 27.898949 ], [ -97.072092683642396, 27.9009696492849 ], [ -97.070953, 27.902415 ], [ -97.066049, 27.906218 ], [ -97.065492, 27.909582 ], [ -97.069384, 27.912234 ], [ -97.078661, 27.915624 ], [ -97.079068, 27.91632 ], [ -97.078917, 27.917014 ], [ -97.077371, 27.916907 ], [ -97.074637, 27.915752 ], [ -97.069527, 27.915017 ], [ -97.065243746650495, 27.9131758926926 ], [ -97.06513, 27.913127 ], [ -97.061208, 27.910081 ], [ -97.056336, 27.905565 ], [ -97.055799472692499, 27.904925996565701 ], [ -97.053603, 27.90231 ], [ -97.052889, 27.896743 ], [ -97.051939, 27.891807 ], [ -97.050988, 27.88792 ], [ -97.049918, 27.883404 ], [ -97.049562, 27.878571 ], [ -97.050195947043093, 27.8753692626501 ], [ -97.050394, 27.874369 ], [ -97.052123119795596, 27.868151155078401 ], [ -97.052176, 27.867961 ], [ -97.054933674672796, 27.862453384861901 ], [ -97.055385, 27.861552 ], [ -97.05895, 27.854723 ], [ -97.059885010189106, 27.8536538220945 ], [ -97.060971, 27.852412 ], [ -97.063835218967597, 27.851567376825599 ], [ -97.064179, 27.851466 ], [ -97.064655, 27.85052 ], [ -97.060971, 27.847053 ], [ -97.060971, 27.846317 ], [ -97.065011, 27.844741 ], [ -97.071191, 27.84348 ], [ -97.076301, 27.842849 ], [ -97.080341, 27.84411 ], [ -97.081768, 27.844636 ], [ -97.082837, 27.84348 ], [ -97.083907, 27.842849 ], [ -97.087828, 27.841588 ], [ -97.088477262880204, 27.841574343629301 ], [ -97.09282, 27.841483 ], [ -97.098762, 27.840643 ], [ -97.106249, 27.839382 ], [ -97.111834, 27.838961 ], [ -97.112276462052293, 27.838925989814999 ], [ -97.119796, 27.838331 ], [ -97.123956, 27.838016 ], [ -97.126927, 27.837911 ], [ -97.129898, 27.839487 ], [ -97.127046, 27.841063 ], [ -97.122886, 27.849785 ], [ -97.119321, 27.852832 ], [ -97.114092, 27.862603 ], [ -97.113973, 27.864074 ], [ -97.105536, 27.875315 ] ] ], [ [ [ -97.14158, 27.879527 ], [ -97.142412, 27.878582 ], [ -97.143719, 27.878372 ], [ -97.145383, 27.876586 ], [ -97.147403, 27.875641 ], [ -97.149423, 27.874905 ], [ -97.150493, 27.874905 ], [ -97.150849, 27.875851 ], [ -97.149067, 27.877531 ], [ -97.146927, 27.878267 ], [ -97.14467, 27.880893 ], [ -97.143362, 27.881523 ], [ -97.142055, 27.881103 ], [ -97.14158, 27.879527 ] ] ], [ [ [ -97.114247, 27.886985 ], [ -97.11591, 27.88583 ], [ -97.11698, 27.885515 ], [ -97.118287, 27.88562 ], [ -97.117931, 27.888246 ], [ -97.118287, 27.890662 ], [ -97.129577, 27.893393 ], [ -97.131954, 27.894443 ], [ -97.131716, 27.896018 ], [ -97.113415, 27.892132 ], [ -97.110206, 27.890662 ], [ -97.110206, 27.889191 ], [ -97.112107, 27.888351 ], [ -97.114247, 27.886985 ] ] ], [ [ [ -97.102921, 27.90336 ], [ -97.098049, 27.903885 ], [ -97.097217, 27.903465 ], [ -97.099831, 27.901574 ], [ -97.103278, 27.898529 ], [ -97.105179, 27.897373 ], [ -97.106011, 27.895273 ], [ -97.107675, 27.893907 ], [ -97.108982, 27.892017 ], [ -97.111715, 27.893067 ], [ -97.108388, 27.895588 ], [ -97.107199, 27.897058 ], [ -97.106486, 27.899264 ], [ -97.10613, 27.900629 ], [ -97.102921, 27.90336 ] ] ], [ [ [ -97.127319, 27.900115 ], [ -97.129696, 27.897489 ], [ -97.132191, 27.898119 ], [ -97.132548, 27.898854 ], [ -97.129458, 27.904421 ], [ -97.128864, 27.905051 ], [ -97.127081, 27.904 ], [ -97.1272, 27.902425 ], [ -97.127081, 27.90085 ], [ -97.127319, 27.900115 ] ] ], [ [ [ -97.124431, 27.909031 ], [ -97.125738, 27.907456 ], [ -97.127164, 27.908086 ], [ -97.12657, 27.909556 ], [ -97.125025, 27.912917 ], [ -97.123005, 27.912601 ], [ -97.122054, 27.911341 ], [ -97.122648, 27.910081 ], [ -97.124431, 27.909031 ] ] ], [ [ [ -97.04299, 27.875262 ], [ -97.043100129295496, 27.879247940131499 ], [ -97.043109, 27.879569 ], [ -97.04406, 27.883561 ], [ -97.045367, 27.887027 ], [ -97.045723, 27.889969 ], [ -97.044773, 27.891229 ], [ -97.042752, 27.892384 ], [ -97.042589426966799, 27.892483522695301 ], [ -97.039663, 27.894275 ], [ -97.039187, 27.897741 ], [ -97.037999, 27.902257 ], [ -97.03586, 27.908873 ], [ -97.033008, 27.912759 ], [ -97.026208, 27.914574 ], [ -97.023144, 27.914754 ], [ -97.021599, 27.915804 ], [ -97.01955, 27.917339 ], [ -97.017558, 27.920425 ], [ -97.012168, 27.923548 ], [ -97.0091, 27.924002 ], [ -97.004741, 27.928566 ], [ -96.997028, 27.940376 ], [ -96.999784, 27.942297 ], [ -97.004313, 27.941902 ], [ -97.007358, 27.942751 ], [ -97.01128, 27.943486 ], [ -97.018998, 27.942417 ], [ -97.025348, 27.9385 ], [ -97.029246, 27.936461 ], [ -97.030742, 27.939555 ], [ -97.034825, 27.939055 ], [ -97.035748, 27.940428 ], [ -97.029269, 27.943704 ], [ -97.017202, 27.945728 ], [ -97.006387, 27.947198 ], [ -97.001753, 27.948458 ], [ -96.996761, 27.948878 ], [ -96.994078, 27.948209 ], [ -96.989982, 27.949134 ], [ -96.98543, 27.955045 ], [ -96.985353, 27.958221 ], [ -96.984164, 27.963154 ], [ -96.986066, 27.970501 ], [ -96.986304, 27.975434 ], [ -96.984402, 27.984355 ], [ -96.980362, 27.99233 ], [ -96.97442, 28.005866 ], [ -96.967764, 28.017512 ], [ -96.963605, 28.023073 ], [ -96.959446, 28.027164 ], [ -96.956118, 28.030416 ], [ -96.955999, 28.032199 ], [ -96.954573, 28.035975 ], [ -96.951721, 28.039961 ], [ -96.947918, 28.042898 ], [ -96.94618, 28.044931 ], [ -96.945898, 28.049086 ], [ -96.947086, 28.053491 ], [ -96.943521, 28.052652 ], [ -96.940669, 28.051603 ], [ -96.938768, 28.051813 ], [ -96.937104, 28.053072 ], [ -96.933657, 28.056008 ], [ -96.933301, 28.058735 ], [ -96.933063, 28.061776 ], [ -96.932707, 28.065761 ], [ -96.931875, 28.072263 ], [ -96.929973, 28.076562 ], [ -96.92831, 28.082329 ], [ -96.925458, 28.08841 ], [ -96.919872, 28.093547 ], [ -96.911672, 28.09795 ], [ -96.90573, 28.100676 ], [ -96.892658, 28.10403 ], [ -96.888261, 28.103925 ], [ -96.880536, 28.106022 ], [ -96.879466, 28.107489 ], [ -96.88018, 28.108957 ], [ -96.884458, 28.111263 ], [ -96.888142, 28.110634 ], [ -96.889568, 28.111053 ], [ -96.89242, 28.113569 ], [ -96.89401, 28.113265 ], [ -96.896936, 28.114722 ], [ -96.892777, 28.116085 ], [ -96.88731, 28.116294 ], [ -96.882675, 28.122478 ], [ -96.882556, 28.124679 ], [ -96.880061, 28.126042 ], [ -96.879229, 28.127719 ], [ -96.879942, 28.128767 ], [ -96.880061, 28.131072 ], [ -96.878262, 28.131774 ], [ -96.876733, 28.131387 ], [ -96.875307, 28.13212 ], [ -96.875095, 28.133009 ], [ -96.873881, 28.133483 ], [ -96.87146, 28.131826 ], [ -96.870791, 28.130024 ], [ -96.863185, 28.124679 ], [ -96.855443, 28.120601 ], [ -96.854926, 28.119228 ], [ -96.856982, 28.116589 ], [ -96.856543, 28.11516 ], [ -96.851578, 28.115944 ], [ -96.848449, 28.110844 ], [ -96.844113, 28.108402 ], [ -96.839202, 28.110615 ], [ -96.833827, 28.113375 ], [ -96.832177, 28.113572 ], [ -96.831496, 28.111347 ], [ -96.830200830653098, 28.110881644063699 ], [ -96.830861, 28.108 ], [ -96.834182, 28.103307 ], [ -96.837736, 28.099491 ], [ -96.838021, 28.096954 ], [ -96.837646, 28.094673 ], [ -96.840098, 28.09061 ], [ -96.842277, 28.08789 ], [ -96.844083, 28.084351 ], [ -96.845627, 28.079595 ], [ -96.846044, 28.076095 ], [ -96.846903, 28.074545 ], [ -96.847129, 28.070604 ], [ -96.849713, 28.066905 ], [ -96.853688, 28.063904 ], [ -96.853988, 28.063105 ], [ -96.853053963155901, 28.060847271843301 ], [ -96.886459, 28.030734 ], [ -96.897973, 28.019798 ], [ -96.927546, 27.991625 ], [ -96.947572, 27.97094 ], [ -96.961874, 27.955884 ], [ -96.972705, 27.943935 ], [ -96.991409, 27.922576 ], [ -97.007159, 27.903716 ], [ -97.009661478839504, 27.900483714406398 ], [ -97.018478, 27.889096 ], [ -97.025242, 27.879769 ], [ -97.031722, 27.869331 ], [ -97.037766, 27.858992 ], [ -97.041946, 27.850835 ], [ -97.043915, 27.845836 ], [ -97.045222, 27.839774 ], [ -97.04608, 27.839539 ], [ -97.055231, 27.847315 ], [ -97.056063, 27.849732 ], [ -97.053567, 27.852149 ], [ -97.053092, 27.85404 ], [ -97.049764, 27.860449 ], [ -97.045129, 27.868854 ], [ -97.04299, 27.875262 ] ] ], [ [ [ -96.821267, 28.168361 ], [ -96.819460459077305, 28.168071581853798 ], [ -96.820330552428501, 28.163417128858399 ], [ -96.821354, 28.165651 ], [ -96.822899, 28.167432 ], [ -96.821267, 28.168361 ] ] ], [ [ [ -97.117474, 28.260041 ], [ -97.118985, 28.263071 ], [ -97.12085, 28.264193 ], [ -97.121473, 28.267619 ], [ -97.120915, 28.26988 ], [ -97.122642, 28.270298 ], [ -97.124252, 28.271435 ], [ -97.12396, 28.27231 ], [ -97.123072, 28.272817 ], [ -97.083376, 28.278186 ], [ -96.91989, 28.300848 ], [ -96.86882, 28.308234 ], [ -96.867144, 28.308307 ], [ -96.791467, 28.319027 ], [ -96.790534646413505, 28.319233011803199 ], [ -96.790574, 28.318921 ], [ -96.791301, 28.317465 ], [ -96.791761, 28.31217 ], [ -96.792609, 28.310564 ], [ -96.795856, 28.307783 ], [ -96.806011, 28.296902 ], [ -96.807806, 28.296112 ], [ -96.809232, 28.293391 ], [ -96.809573, 28.290287 ], [ -96.806011, 28.282144 ], [ -96.800319, 28.277799 ], [ -96.798718112219902, 28.275947999820801 ], [ -96.809352703572799, 28.2205944147045 ], [ -96.810064, 28.220221 ], [ -96.812678, 28.217708 ], [ -96.811711, 28.213512 ], [ -96.816719, 28.208807 ], [ -96.818026, 28.208807 ], [ -96.820522, 28.209959 ], [ -96.823968, 28.207236 ], [ -96.825513, 28.204199 ], [ -96.823968, 28.201476 ], [ -96.824824, 28.198878 ], [ -96.835995, 28.189661 ], [ -96.840154, 28.184738 ], [ -96.842175, 28.182224 ], [ -96.845502, 28.179815 ], [ -96.843838, 28.176882 ], [ -96.84467, 28.175206 ], [ -96.856079, 28.172482 ], [ -96.858099, 28.172901 ], [ -96.862853, 28.172482 ], [ -96.869508, 28.168815 ], [ -96.87034, 28.166615 ], [ -96.872882, 28.164008 ], [ -96.878302, 28.160748 ], [ -96.884482, 28.156578 ], [ -96.886977, 28.154881 ], [ -96.888166, 28.152261 ], [ -96.886858, 28.149956 ], [ -96.884363, 28.149432 ], [ -96.881867, 28.149956 ], [ -96.88365, 28.147755 ], [ -96.888879, 28.147965 ], [ -96.892919, 28.147232 ], [ -96.897316, 28.14566 ], [ -96.899931, 28.143564 ], [ -96.90207, 28.138848 ], [ -96.905635, 28.133923 ], [ -96.905041, 28.131408 ], [ -96.905041, 28.130045 ], [ -96.908487, 28.128788 ], [ -96.909676, 28.126901 ], [ -96.911815, 28.126063 ], [ -96.91229, 28.124491 ], [ -96.913051, 28.120445 ], [ -96.923818, 28.114743 ], [ -96.926075, 28.114324 ], [ -96.926194, 28.115372 ], [ -96.921322, 28.121766 ], [ -96.916093, 28.12732 ], [ -96.91431, 28.13036 ], [ -96.910507, 28.134657 ], [ -96.912052, 28.1356 ], [ -96.916925, 28.132665 ], [ -96.919183, 28.133399 ], [ -96.918826, 28.134971 ], [ -96.91431, 28.137591 ], [ -96.907893, 28.144193 ], [ -96.90718, 28.146917 ], [ -96.910337, 28.147283 ], [ -96.928464, 28.128924 ], [ -96.931554, 28.123893 ], [ -96.95045, 28.122426 ], [ -96.957372, 28.122893 ], [ -96.960712, 28.123129 ], [ -96.963098, 28.124063 ], [ -96.966373, 28.123308 ], [ -96.967384, 28.123249 ], [ -96.967625, 28.125343 ], [ -96.965208, 28.126118 ], [ -96.959033, 28.126176 ], [ -96.959275, 28.126912 ], [ -96.959103, 28.127955 ], [ -96.95833, 28.128715 ], [ -96.958176, 28.130226 ], [ -96.958531, 28.13123 ], [ -96.95967, 28.131602 ], [ -96.960432, 28.130915 ], [ -96.962329, 28.130594 ], [ -96.964747, 28.130672 ], [ -96.964637, 28.131835 ], [ -96.963494, 28.133404 ], [ -96.961682, 28.133426 ], [ -96.9608, 28.134716 ], [ -96.956986, 28.134793 ], [ -96.953658, 28.13626 ], [ -96.951638, 28.140137 ], [ -96.949499, 28.144958 ], [ -96.944864, 28.149044 ], [ -96.94629, 28.151664 ], [ -96.946996, 28.156744 ], [ -96.942963, 28.163713 ], [ -96.942131, 28.169161 ], [ -96.941418, 28.171047 ], [ -96.936426, 28.172828 ], [ -96.934644, 28.17398 ], [ -96.933812, 28.176285 ], [ -96.931673, 28.181837 ], [ -96.926682, 28.189588 ], [ -96.925374, 28.193149 ], [ -96.925137, 28.196606 ], [ -96.923592, 28.199329 ], [ -96.928911, 28.201528 ], [ -96.928821, 28.206974 ], [ -96.93096, 28.210535 ], [ -96.936426, 28.213153 ], [ -96.940348, 28.214514 ], [ -96.942487, 28.217656 ], [ -96.940348, 28.223415 ], [ -96.936783, 28.226452 ], [ -96.934644, 28.229488 ], [ -96.934168, 28.234304 ], [ -96.931911, 28.235037 ], [ -96.928226, 28.234828 ], [ -96.927157, 28.236294 ], [ -96.926563, 28.24268 ], [ -96.919908, 28.250008 ], [ -96.919789, 28.252939 ], [ -96.921215, 28.253358 ], [ -96.921571, 28.255138 ], [ -96.916818, 28.256917 ], [ -96.912421, 28.26393 ], [ -96.912302, 28.266129 ], [ -96.914203, 28.269583 ], [ -96.918006, 28.269373 ], [ -96.919789, 28.266861 ], [ -96.92276, 28.265396 ], [ -96.928583, 28.261628 ], [ -96.930128, 28.253463 ], [ -96.935238, 28.251369 ], [ -96.939279, 28.25095 ], [ -96.943794, 28.250636 ], [ -96.945577, 28.248647 ], [ -96.950687, 28.244774 ], [ -96.951519, 28.239016 ], [ -96.950687, 28.235247 ], [ -96.952589, 28.23221 ], [ -96.956035, 28.230116 ], [ -96.961264, 28.225614 ], [ -96.968513, 28.21996 ], [ -96.966136, 28.216923 ], [ -96.962571, 28.213048 ], [ -96.961502, 28.210744 ], [ -96.955797, 28.206555 ], [ -96.949142, 28.199957 ], [ -96.945934, 28.196501 ], [ -96.948786, 28.189588 ], [ -96.949734, 28.186018 ], [ -96.952113, 28.184036 ], [ -96.957092, 28.181378 ], [ -96.960432, 28.179008 ], [ -96.966591, 28.172435 ], [ -96.968509, 28.171801 ], [ -96.970931, 28.173302 ], [ -96.972401, 28.173059 ], [ -96.972831, 28.172036 ], [ -96.966255, 28.164866 ], [ -96.966374, 28.161618 ], [ -96.969939, 28.159208 ], [ -96.972118701840103, 28.155902864762801 ], [ -96.97291, 28.154703 ], [ -96.973504, 28.151769 ], [ -96.972576, 28.148629 ], [ -96.973024, 28.146738 ], [ -96.977664, 28.139299 ], [ -96.977545, 28.135841 ], [ -96.976, 28.134164 ], [ -96.975525, 28.132592 ], [ -96.979867, 28.12984 ], [ -96.9842, 28.129658 ], [ -96.985388, 28.128085 ], [ -96.980991, 28.127037 ], [ -96.979684, 28.125361 ], [ -96.983368, 28.124941 ], [ -96.989548, 28.127561 ], [ -96.991806, 28.131334 ], [ -96.994853, 28.13551 ], [ -97.000414, 28.137614 ], [ -97.007136, 28.134898 ], [ -97.009632, 28.134688 ], [ -97.009683386912101, 28.1347333300826 ], [ -97.010701, 28.135631 ], [ -97.009156, 28.139089 ], [ -97.011177, 28.140976 ], [ -97.016881, 28.144119 ], [ -97.018957, 28.145 ], [ -97.025384, 28.14963 ], [ -97.025758, 28.151023 ], [ -97.023254, 28.151778 ], [ -97.022147, 28.15155 ], [ -97.021377, 28.150276 ], [ -97.020063, 28.149947 ], [ -97.017113, 28.150583 ], [ -97.010242, 28.155941 ], [ -97.008834, 28.158263 ], [ -97.008836611339305, 28.158277 ], [ -97.009061, 28.15948 ], [ -97.011657, 28.160895 ], [ -97.01548, 28.162158 ], [ -97.018489, 28.16224 ], [ -97.019202, 28.163183 ], [ -97.017356, 28.171675 ], [ -97.017475, 28.173561 ], [ -97.018576379965793, 28.175826320785202 ], [ -97.018901, 28.176494 ], [ -97.017713, 28.178589 ], [ -97.017119, 28.180894 ], [ -97.018307, 28.183513 ], [ -97.010939, 28.185084 ], [ -97.008919, 28.187703 ], [ -97.007255, 28.190531 ], [ -97.007255, 28.193987 ], [ -97.009275, 28.197339 ], [ -97.008443, 28.200481 ], [ -97.0088, 28.20268 ], [ -97.011225, 28.203371 ], [ -97.016731, 28.203332 ], [ -97.017543356203305, 28.2028650363719 ], [ -97.028507, 28.203225 ], [ -97.037422, 28.201296 ], [ -97.03912, 28.204129 ], [ -97.03857, 28.206258 ], [ -97.039147, 28.207275 ], [ -97.0432, 28.209 ], [ -97.044247, 28.207426 ], [ -97.045847, 28.208061 ], [ -97.048078, 28.207633 ], [ -97.046944, 28.206957 ], [ -97.047501, 28.206004 ], [ -97.049332, 28.206832 ], [ -97.05106, 28.205401 ], [ -97.053678, 28.204883 ], [ -97.054242, 28.203845 ], [ -97.056301, 28.205246 ], [ -97.059821, 28.205673 ], [ -97.062281, 28.206478 ], [ -97.063789, 28.207945 ], [ -97.065148, 28.211064 ], [ -97.064564, 28.212759 ], [ -97.065035, 28.214545 ], [ -97.069868, 28.214117 ], [ -97.070829, 28.214498 ], [ -97.071879, 28.216562 ], [ -97.07315, 28.216811 ], [ -97.073834, 28.218596 ], [ -97.076052, 28.219781 ], [ -97.079157, 28.219809 ], [ -97.084335, 28.220924 ], [ -97.087958, 28.220689 ], [ -97.09258, 28.223809 ], [ -97.098045, 28.225659 ], [ -97.102162, 28.22649 ], [ -97.102469, 28.227634 ], [ -97.099345, 28.229302 ], [ -97.097991, 28.230663 ], [ -97.097865, 28.232045 ], [ -97.101427, 28.234023 ], [ -97.103184, 28.232993 ], [ -97.10398, 28.234049 ], [ -97.10439, 28.236101 ], [ -97.107744, 28.236463 ], [ -97.108589, 28.237255 ], [ -97.108447, 28.239653 ], [ -97.108932, 28.240594 ], [ -97.112169, 28.242166 ], [ -97.112703, 28.243343 ], [ -97.112077, 28.245197 ], [ -97.112885, 28.246357 ], [ -97.1175, 28.246608 ], [ -97.118171, 28.247081 ], [ -97.118514, 28.249842 ], [ -97.121495, 28.252267 ], [ -97.125337, 28.253263 ], [ -97.125604, 28.253709 ], [ -97.125, 28.255249 ], [ -97.123802, 28.256232 ], [ -97.120739, 28.255837 ], [ -97.119354, 28.256322 ], [ -97.11756, 28.259128 ], [ -97.117474, 28.260041 ] ] ] ] } },
{ "type": "Feature", "properties": { "FederalDivisionName": "Dallas", "FederalJudicialDistrict": "Northern" }, "geometry": { "type": "Polygon", "coordinates": [ [ [ -96.374721, 32.324884 ], [ -96.367216, 32.317717 ], [ -96.364369, 32.316417 ], [ -96.359331, 32.316654 ], [ -96.356036, 32.314987 ], [ -96.353071, 32.311657 ], [ -96.349846, 32.312561 ], [ -96.348828, 32.313351 ], [ -96.345317, 32.312767 ], [ -96.343742, 32.310499 ], [ -96.34539, 32.309039 ], [ -96.342357, 32.307689 ], [ -96.339532, 32.308569 ], [ -96.339016, 32.305973 ], [ -96.336632, 32.30566 ], [ -96.330988, 32.303481 ], [ -96.328212, 32.302995 ], [ -96.324398, 32.303131 ], [ -96.323279, 32.304232 ], [ -96.324404, 32.306121 ], [ -96.323116, 32.306204 ], [ -96.320046, 32.303975 ], [ -96.315839, 32.302539 ], [ -96.317433, 32.300985 ], [ -96.315162, 32.300297 ], [ -96.314065, 32.302543 ], [ -96.312635, 32.30313 ], [ -96.309661, 32.299935 ], [ -96.311345, 32.298859 ], [ -96.310108, 32.298299 ], [ -96.308046, 32.298488 ], [ -96.307191, 32.298789 ], [ -96.307494, 32.300527 ], [ -96.306448, 32.301513 ], [ -96.30426, 32.302038 ], [ -96.304816, 32.299837 ], [ -96.304294, 32.297991 ], [ -96.303033, 32.297366 ], [ -96.301909, 32.297697 ], [ -96.300416, 32.301354 ], [ -96.29868, 32.301156 ], [ -96.296572, 32.298154 ], [ -96.297573, 32.296503 ], [ -96.300048, 32.295404 ], [ -96.300485, 32.294372 ], [ -96.297456, 32.293292 ], [ -96.295947, 32.293377 ], [ -96.292936, 32.293716 ], [ -96.288882, 32.293212 ], [ -96.28955, 32.29181 ], [ -96.291781, 32.291334 ], [ -96.293651, 32.290409 ], [ -96.293299, 32.289527 ], [ -96.290902, 32.289169 ], [ -96.288199, 32.287105 ], [ -96.287126, 32.285483 ], [ -96.28519, 32.280402 ], [ -96.284013, 32.279225 ], [ -96.283853, 32.274479 ], [ -96.284731, 32.271911 ], [ -96.285529, 32.271428 ], [ -96.287632, 32.271575 ], [ -96.289359, 32.270444 ], [ -96.28989, 32.268142 ], [ -96.288597, 32.267223 ], [ -96.28561, 32.266895 ], [ -96.284881, 32.265829 ], [ -96.284595, 32.263643 ], [ -96.285646, 32.259666 ], [ -96.285895, 32.25598 ], [ -96.28507, 32.254592 ], [ -96.281547, 32.253909 ], [ -96.280369, 32.25513 ], [ -96.282295, 32.257045 ], [ -96.282151, 32.258265 ], [ -96.278898, 32.260355 ], [ -96.277734, 32.260646 ], [ -96.27664, 32.255787 ], [ -96.273668, 32.252617 ], [ -96.272213, 32.252833 ], [ -96.272605, 32.255601 ], [ -96.268671, 32.258961 ], [ -96.267044, 32.258649 ], [ -96.266714, 32.255859 ], [ -96.264676, 32.252216 ], [ -96.262248, 32.249739 ], [ -96.260853, 32.249739 ], [ -96.260529, 32.251313 ], [ -96.259487, 32.251088 ], [ -96.259589, 32.24985 ], [ -96.257391, 32.247408 ], [ -96.257758, 32.24575 ], [ -96.25655, 32.245061 ], [ -96.251034, 32.247078 ], [ -96.252044, 32.248569 ], [ -96.255314, 32.249234 ], [ -96.254399, 32.250582 ], [ -96.248927, 32.251041 ], [ -96.246616, 32.25045 ], [ -96.243126, 32.250285 ], [ -96.240153, 32.250659 ], [ -96.238039, 32.250143 ], [ -96.236582, 32.250901 ], [ -96.235083, 32.250896 ], [ -96.233967, 32.250009 ], [ -96.234517, 32.247401 ], [ -96.233197, 32.245204 ], [ -96.233193, 32.243396 ], [ -96.236135, 32.242944 ], [ -96.235891, 32.241906 ], [ -96.232214, 32.24089 ], [ -96.229815, 32.237394 ], [ -96.229373, 32.236182 ], [ -96.2278, 32.235573 ], [ -96.224236, 32.235166 ], [ -96.222574, 32.234492 ], [ -96.221995, 32.233508 ], [ -96.22032, 32.232954 ], [ -96.218379, 32.233833 ], [ -96.217149, 32.233353 ], [ -96.215705, 32.227062 ], [ -96.216279, 32.225095 ], [ -96.214894, 32.224002 ], [ -96.211104, 32.226435 ], [ -96.208629, 32.223508 ], [ -96.208179, 32.221456 ], [ -96.20989, 32.220172 ], [ -96.209099, 32.218653 ], [ -96.204655, 32.218217 ], [ -96.203935, 32.217499 ], [ -96.204163, 32.215936 ], [ -96.202945, 32.214371 ], [ -96.20032, 32.214311 ], [ -96.198155, 32.214799 ], [ -96.197263, 32.215981 ], [ -96.197769, 32.217633 ], [ -96.197414, 32.219984 ], [ -96.195947, 32.219538 ], [ -96.195159, 32.217709 ], [ -96.193977, 32.216409 ], [ -96.194155, 32.215481 ], [ -96.196096, 32.213974 ], [ -96.196449, 32.212962 ], [ -96.194214, 32.211207 ], [ -96.196348, 32.21026 ], [ -96.197202, 32.209274 ], [ -96.196965, 32.206942 ], [ -96.193685, 32.204221 ], [ -96.189536, 32.202316 ], [ -96.186147, 32.202962 ], [ -96.183368, 32.201761 ], [ -96.18141, 32.204562 ], [ -96.179349, 32.203553 ], [ -96.175848, 32.203939 ], [ -96.175035, 32.20456 ], [ -96.17534, 32.20636 ], [ -96.170894, 32.206981 ], [ -96.167332, 32.20984 ], [ -96.164109, 32.211392 ], [ -96.162177, 32.211685 ], [ -96.155392, 32.21497 ], [ -96.15186, 32.213715 ], [ -96.150479, 32.214127 ], [ -96.146799, 32.211937 ], [ -96.14621, 32.211249 ], [ -96.14739, 32.207338 ], [ -96.150517, 32.206256 ], [ -96.152241, 32.206424 ], [ -96.156011, 32.205708 ], [ -96.157895, 32.205756 ], [ -96.160392, 32.20438 ], [ -96.160933, 32.201767 ], [ -96.159951, 32.200567 ], [ -96.156315, 32.201032 ], [ -96.155642, 32.200444 ], [ -96.156139, 32.19885 ], [ -96.157279, 32.197656 ], [ -96.155969, 32.195592 ], [ -96.156105, 32.194357 ], [ -96.157907, 32.191334 ], [ -96.16023, 32.190052 ], [ -96.163374, 32.190535 ], [ -96.164936, 32.188832 ], [ -96.164167, 32.187775 ], [ -96.167327, 32.187583 ], [ -96.168252, 32.186906 ], [ -96.168158, 32.185746 ], [ -96.166173, 32.18452 ], [ -96.166497, 32.183086 ], [ -96.168197, 32.183178 ], [ -96.169727, 32.184753 ], [ -96.171666, 32.185291 ], [ -96.176477, 32.181379 ], [ -96.176839, 32.178997 ], [ -96.175939, 32.177384 ], [ -96.175325, 32.175885 ], [ -96.175317, 32.173372 ], [ -96.173169, 32.17156 ], [ -96.173218, 32.170045 ], [ -96.175368, 32.169268 ], [ -96.17584, 32.168241 ], [ -96.174448, 32.167921 ], [ -96.171489, 32.168551 ], [ -96.16842, 32.166475 ], [ -96.166455, 32.166102 ], [ -96.165407, 32.162571 ], [ -96.166975, 32.158672 ], [ -96.166611, 32.158043 ], [ -96.163059, 32.155982 ], [ -96.161081, 32.156039 ], [ -96.159006, 32.154902 ], [ -96.156706, 32.156526 ], [ -96.153415, 32.158295 ], [ -96.152209, 32.158416 ], [ -96.14955, 32.155914 ], [ -96.145345, 32.152814 ], [ -96.144135, 32.152572 ], [ -96.140792, 32.153347 ], [ -96.138914, 32.151377 ], [ -96.135872, 32.152758 ], [ -96.13098, 32.152954 ], [ -96.128111, 32.154326 ], [ -96.125954, 32.154657 ], [ -96.122781, 32.156025 ], [ -96.120556, 32.156743 ], [ -96.119099, 32.157864 ], [ -96.117734, 32.1599 ], [ -96.115693, 32.160915 ], [ -96.11366, 32.160901 ], [ -96.112857, 32.160321 ], [ -96.112675, 32.156784 ], [ -96.110505, 32.155844 ], [ -96.107413, 32.153828 ], [ -96.104429, 32.152656 ], [ -96.102974, 32.150554 ], [ -96.102549, 32.148134 ], [ -96.102712, 32.145086 ], [ -96.102421, 32.142269 ], [ -96.104105, 32.138477 ], [ -96.105977, 32.135242 ], [ -96.10881, 32.133872 ], [ -96.111564, 32.131976 ], [ -96.113786, 32.128778 ], [ -96.114699, 32.126487 ], [ -96.114147, 32.124315 ], [ -96.114342, 32.120119 ], [ -96.113114, 32.117474 ], [ -96.11153, 32.115803 ], [ -96.116066, 32.106963 ], [ -96.117196, 32.104053 ], [ -96.117438, 32.099294 ], [ -96.117965, 32.098197 ], [ -96.117827, 32.094977 ], [ -96.116241, 32.093521 ], [ -96.114382, 32.091046 ], [ -96.111735, 32.090527 ], [ -96.108757, 32.085504 ], [ -96.108004, 32.083602 ], [ -96.108063, 32.081212 ], [ -96.109205, 32.077111 ], [ -96.108199, 32.076037 ], [ -96.105364, 32.075337 ], [ -96.101092, 32.07716 ], [ -96.100285, 32.077772 ], [ -96.099464, 32.081277 ], [ -96.098505, 32.08168 ], [ -96.09537, 32.080684 ], [ -96.092134, 32.081895 ], [ -96.085992, 32.081736 ], [ -96.084851, 32.081362 ], [ -96.081578, 32.081479 ], [ -96.07774, 32.082839 ], [ -96.072126, 32.083878 ], [ -96.069346, 32.085346 ], [ -96.067209, 32.085986 ], [ -96.06601, 32.085812 ], [ -96.064523, 32.08251 ], [ -96.063021, 32.08086 ], [ -96.062524, 32.077754 ], [ -96.06338, 32.07667 ], [ -96.065059, 32.076538 ], [ -96.06664, 32.077297 ], [ -96.069534, 32.0765 ], [ -96.070245, 32.074763 ], [ -96.069237, 32.072947 ], [ -96.0668, 32.071421 ], [ -96.068816, 32.067379 ], [ -96.068602, 32.066399 ], [ -96.064655, 32.065412 ], [ -96.062449, 32.062939 ], [ -96.062372, 32.061916 ], [ -96.066545, 32.060041 ], [ -96.066808, 32.05844 ], [ -96.065987, 32.055146 ], [ -96.064288, 32.052354 ], [ -96.064003, 32.051081 ], [ -96.06575, 32.049571 ], [ -96.066102, 32.047893 ], [ -96.065004, 32.046342 ], [ -96.064647, 32.044444 ], [ -96.065588, 32.042379 ], [ -96.066462, 32.037757 ], [ -96.065416, 32.03571 ], [ -96.063941, 32.034476 ], [ -96.063448, 32.03292 ], [ -96.06219, 32.031397 ], [ -96.06353, 32.029192 ], [ -96.063156, 32.027539 ], [ -96.061579, 32.024996 ], [ -96.05876, 32.022655 ], [ -96.057606, 32.020625 ], [ -96.05626, 32.019759 ], [ -96.05284, 32.018605 ], [ -96.050758, 32.01678 ], [ -96.051062, 32.016038 ], [ -96.05251, 32.015501 ], [ -96.05407, 32.015816 ], [ -96.055573, 32.014606 ], [ -96.05478, 32.012526 ], [ -96.120491, 31.980805 ], [ -96.153581, 31.96475 ], [ -96.248657, 31.918424 ], [ -96.302146, 31.892304 ], [ -96.302738, 31.892076 ], [ -96.322849, 31.882226 ], [ -96.333058, 31.877243 ], [ -96.335699, 31.875965 ], [ -96.337171, 31.875162 ], [ -96.339492, 31.874072 ], [ -96.339683, 31.873983 ], [ -96.340177, 31.873736 ], [ -96.343493, 31.872071 ], [ -96.351257, 31.868174 ], [ -96.377915, 31.854857 ], [ -96.454629, 31.816965 ], [ -96.454908, 31.816828 ], [ -96.455171, 31.816697 ], [ -96.495293, 31.79691 ], [ -96.496713, 31.796191 ], [ -96.500261, 31.796698 ], [ -96.539356, 31.800009 ], [ -96.554122, 31.80122 ], [ -96.576072, 31.803046 ], [ -96.712331, 31.814323 ], [ -96.719114, 31.814887 ], [ -96.720278, 31.816585 ], [ -96.738111, 31.842588 ], [ -96.788507, 31.915943 ], [ -96.791801, 31.920209 ], [ -96.794978, 31.925118 ], [ -96.796353, 31.927216 ], [ -96.79918, 31.931363 ], [ -96.808055, 31.94415 ], [ -96.811718, 31.949636 ], [ -96.826679, 31.971247 ], [ -96.828158, 31.973421 ], [ -96.828244, 31.973545 ], [ -96.830525, 31.976849 ], [ -96.833288, 31.980849 ], [ -96.838465, 31.988328 ], [ -96.849974, 32.005384 ], [ -96.853118, 32.010046 ], [ -96.862751, 32.024375 ], [ -96.896209, 32.073977 ], [ -96.930318, 32.057178 ], [ -96.940656, 32.052087 ], [ -96.941846, 32.053821 ], [ -96.95602, 32.074459 ], [ -96.962166, 32.083433 ], [ -96.962626, 32.083931 ], [ -96.998989, 32.136866 ], [ -97.0139, 32.158965 ], [ -97.050794, 32.213673 ], [ -97.056379, 32.222012 ], [ -97.087043, 32.266824 ], [ -97.08705, 32.265255 ], [ -97.133407, 32.254699 ], [ -97.147433, 32.252257 ], [ -97.151434, 32.251883 ], [ -97.160772, 32.250427 ], [ -97.181851, 32.245899 ], [ -97.182242, 32.245815 ], [ -97.243201, 32.232657 ], [ -97.270479, 32.226774 ], [ -97.274398, 32.22593 ], [ -97.279189, 32.224897 ], [ -97.30251, 32.219876 ], [ -97.357401, 32.208061 ], [ -97.365493, 32.206321 ], [ -97.377978, 32.203609 ], [ -97.383653, 32.202342 ], [ -97.475985, 32.181679 ], [ -97.471811, 32.17552 ], [ -97.476086, 32.17346 ], [ -97.483387, 32.172432 ], [ -97.486632, 32.171543 ], [ -97.489008, 32.169943 ], [ -97.49277, 32.165707 ], [ -97.49448, 32.164628 ], [ -97.502986, 32.162768 ], [ -97.508545, 32.163393 ], [ -97.510495, 32.162783 ], [ -97.512139, 32.161415 ], [ -97.513068, 32.159467 ], [ -97.513768, 32.155614 ], [ -97.513456, 32.15258 ], [ -97.512196, 32.146667 ], [ -97.511001, 32.143856 ], [ -97.508311, 32.140604 ], [ -97.508158, 32.138438 ], [ -97.509633, 32.136139 ], [ -97.512488, 32.134219 ], [ -97.515719, 32.133765 ], [ -97.521813, 32.13476 ], [ -97.537699, 32.140499 ], [ -97.541499, 32.142492 ], [ -97.54957, 32.147457 ], [ -97.552025, 32.148742 ], [ -97.55455, 32.149569 ], [ -97.558473, 32.149221 ], [ -97.566588, 32.149931 ], [ -97.568318, 32.150244 ], [ -97.569677, 32.151285 ], [ -97.570682, 32.153858 ], [ -97.569681, 32.155745 ], [ -97.56496, 32.160559 ], [ -97.564644, 32.161676 ], [ -97.5648, 32.162778 ], [ -97.567383, 32.165341 ], [ -97.56808, 32.167801 ], [ -97.567479, 32.172686 ], [ -97.567691, 32.175012 ], [ -97.56917, 32.177562 ], [ -97.570421, 32.178551 ], [ -97.573395, 32.180315 ], [ -97.575947, 32.181024 ], [ -97.578628, 32.180771 ], [ -97.585488, 32.178092 ], [ -97.591185, 32.175092 ], [ -97.592931, 32.174374 ], [ -97.595939, 32.173966 ], [ -97.597723, 32.174137 ], [ -97.60168, 32.17567 ], [ -97.60257, 32.17763 ], [ -97.60158, 32.17991 ], [ -97.599208, 32.18147 ], [ -97.596544, 32.182472 ], [ -97.59223, 32.1848 ], [ -97.5909, 32.18615 ], [ -97.58989, 32.18848 ], [ -97.589759, 32.193161 ], [ -97.590189, 32.19511 ], [ -97.59262, 32.19998 ], [ -97.595152, 32.202341 ], [ -97.59826, 32.20393 ], [ -97.59984, 32.204201 ], [ -97.605624, 32.204155 ], [ -97.609508, 32.204164 ], [ -97.615087, 32.203491 ], [ -97.61533, 32.2501 ], [ -97.615558, 32.281415 ], [ -97.61572, 32.318617 ], [ -97.615222, 32.318674 ], [ -97.615299, 32.346992 ], [ -97.615295, 32.347721 ], [ -97.615319, 32.349729 ], [ -97.615423, 32.36208 ], [ -97.615424, 32.362498 ], [ -97.615772, 32.399462 ], [ -97.615867, 32.405705 ], [ -97.616292, 32.427373 ], [ -97.616584, 32.441001 ], [ -97.617053, 32.471091 ], [ -97.616261, 32.479318 ], [ -97.615888, 32.490523 ], [ -97.616164, 32.506086 ], [ -97.616613, 32.520216 ], [ -97.616616, 32.520471 ], [ -97.616865, 32.531962 ], [ -97.616867, 32.533705 ], [ -97.616906, 32.537514 ], [ -97.616933, 32.539972 ], [ -97.617005, 32.555484 ], [ -97.606587, 32.55541 ], [ -97.606134, 32.555399 ], [ -97.605579, 32.555383 ], [ -97.584915, 32.555297 ], [ -97.583863, 32.555297 ], [ -97.571613, 32.555351 ], [ -97.550582, 32.555391 ], [ -97.503424, 32.555439 ], [ -97.472478, 32.555028 ], [ -97.471318, 32.555002 ], [ -97.425023, 32.554023 ], [ -97.412777, 32.553846 ], [ -97.399128, 32.553548 ], [ -97.396327, 32.553659 ], [ -97.370554, 32.553427 ], [ -97.364575, 32.553417 ], [ -97.364373, 32.553415 ], [ -97.363813, 32.553411 ], [ -97.363547, 32.553416 ], [ -97.353272, 32.553296 ], [ -97.351983, 32.553271 ], [ -97.349106, 32.553049 ], [ -97.346096, 32.552917 ], [ -97.336528, 32.552975 ], [ -97.319489, 32.55269 ], [ -97.314057, 32.552628 ], [ -97.313984, 32.552627 ], [ -97.304356, 32.552508 ], [ -97.287891, 32.552315 ], [ -97.278328, 32.552188 ], [ -97.260761, 32.551953 ], [ -97.260456, 32.551945 ], [ -97.237643, 32.551581 ], [ -97.237127, 32.551567 ], [ -97.232799, 32.551484 ], [ -97.205567, 32.551076 ], [ -97.186273, 32.551101 ], [ -97.17704, 32.550646 ], [ -97.167753, 32.550488 ], [ -97.129896, 32.549808 ], [ -97.129034, 32.549832 ], [ -97.109331, 32.549608 ], [ -97.099624, 32.549789 ], [ -97.087055, 32.549296 ], [ -97.08509, 32.549239 ], [ -97.066917, 32.549015 ], [ -97.065179, 32.548994 ], [ -97.052717, 32.54884 ], [ -97.049831, 32.548804 ], [ -97.044529, 32.54874 ], [ -97.038685, 32.548666 ], [ -97.038523, 32.559998 ], [ -97.038405, 32.566768 ], [ -97.038291, 32.573359 ], [ -97.038067, 32.586288 ], [ -97.037623, 32.612774 ], [ -97.037455, 32.622841 ], [ -97.03721, 32.638371 ], [ -97.037072, 32.645436 ], [ -97.037063, 32.645873 ], [ -97.036907, 32.655158 ], [ -97.036824, 32.659489 ], [ -97.03674, 32.666274 ], [ -97.036579, 32.675912 ], [ -97.036574, 32.676206 ], [ -97.036443, 32.684083 ], [ -97.036327, 32.691321 ], [ -97.036295, 32.693227 ], [ -97.036077, 32.706125 ], [ -97.035996, 32.711097 ], [ -97.03584, 32.720598 ], [ -97.035752, 32.725956 ], [ -97.035528, 32.739128 ], [ -97.035522, 32.739451 ], [ -97.035518, 32.739709 ], [ -97.035191, 32.757098 ], [ -97.035167, 32.759368 ], [ -97.035171, 32.759693 ], [ -97.035114, 32.765372 ], [ -97.034934, 32.779929 ], [ -97.034771, 32.785027 ], [ -97.034713, 32.788412 ], [ -97.034711, 32.788482 ], [ -97.034405, 32.802937 ], [ -97.034396, 32.803309 ], [ -97.034437, 32.805156 ], [ -97.034233, 32.816662 ], [ -97.034226, 32.816958 ], [ -97.033904, 32.83429 ], [ -97.033862, 32.836508 ], [ -97.03386, 32.83695 ], [ -97.033857, 32.837134 ], [ -97.03384, 32.838532 ], [ -97.033088, 32.87832 ], [ -97.032625, 32.904289 ], [ -97.032334, 32.920167 ], [ -97.032147, 32.930409 ], [ -97.031906, 32.943867 ], [ -97.031817, 32.94885 ], [ -97.031707, 32.955001 ], [ -97.031438, 32.969923 ], [ -97.031385, 32.972835 ], [ -97.031116, 32.984638 ], [ -97.031007, 32.989691 ], [ -97.028339, 32.989614 ], [ -97.025168, 32.989581 ], [ -97.021779, 32.989549 ], [ -97.020777, 32.989542 ], [ -97.019567, 32.989524 ], [ -97.010873, 32.989429 ], [ -96.993401, 32.98932 ], [ -96.993111, 32.989319 ], [ -96.990214, 32.989287 ], [ -96.980069, 32.989203 ], [ -96.975615, 32.989118 ], [ -96.973793, 32.989148 ], [ -96.973588, 32.989145 ], [ -96.966672, 32.989084 ], [ -96.958665, 32.989013 ], [ -96.957708, 32.989001 ], [ -96.942445, 32.9888 ], [ -96.9415, 32.988788 ], [ -96.939882, 32.988822 ], [ -96.939472, 32.988822 ], [ -96.927223, 32.988541 ], [ -96.909997, 32.988346 ], [ -96.900646, 32.98816 ], [ -96.890617, 32.988023 ], [ -96.879454, 32.98788 ], [ -96.875295, 32.98783 ], [ -96.868428, 32.987739 ], [ -96.865951, 32.987709 ], [ -96.855621, 32.987581 ], [ -96.854871, 32.987573 ], [ -96.854693, 32.98757 ], [ -96.850295, 32.987514 ], [ -96.844122, 32.987435 ], [ -96.842198, 32.987411 ], [ -96.838955, 32.98737 ], [ -96.830012, 32.987255 ], [ -96.828519, 32.987236 ], [ -96.822603, 32.98716 ], [ -96.813355, 32.987041 ], [ -96.806762, 32.986957 ], [ -96.805644, 32.986943 ], [ -96.80343, 32.986914 ], [ -96.793816, 32.986791 ], [ -96.784005, 32.986659 ], [ -96.778675, 32.986588 ], [ -96.77474, 32.986537 ], [ -96.768247, 32.986454 ], [ -96.768095, 32.986452 ], [ -96.756464, 32.986298 ], [ -96.748426, 32.986189 ], [ -96.743561, 32.986123 ], [ -96.73798, 32.986045 ], [ -96.728059, 32.985913 ], [ -96.719152, 32.985792 ], [ -96.717047, 32.985765 ], [ -96.711528, 32.985689 ], [ -96.711259, 32.985685 ], [ -96.699773, 32.985377 ], [ -96.699609, 32.98538 ], [ -96.682469, 32.985286 ], [ -96.682292, 32.985285 ], [ -96.678746, 32.985234 ], [ -96.675703, 32.985191 ], [ -96.672163, 32.985141 ], [ -96.669424, 32.985103 ], [ -96.666652, 32.985063 ], [ -96.666184, 32.985056 ], [ -96.66518, 32.985044 ], [ -96.647763, 32.984796 ], [ -96.640872, 32.984699 ], [ -96.629198, 32.984531 ], [ -96.628165, 32.984516 ], [ -96.623501, 32.98445 ], [ -96.622962, 32.98444 ], [ -96.621047, 32.984412 ], [ -96.613367, 32.984309 ], [ -96.608887, 32.984242 ], [ -96.595999, 32.984051 ], [ -96.583796, 32.983867 ], [ -96.583452, 32.983859 ], [ -96.575049, 32.983744 ], [ -96.559263, 32.983508 ], [ -96.558786, 32.983501 ], [ -96.549829, 32.983368 ], [ -96.53894, 32.983203 ], [ -96.535667, 32.983152 ], [ -96.535348, 32.983147 ], [ -96.527975, 32.983034 ], [ -96.521991, 32.982946 ], [ -96.521563, 32.982938 ], [ -96.521535, 32.982912 ], [ -96.521534, 32.982938 ], [ -96.51707, 32.982882 ], [ -96.517011, 32.982862 ], [ -96.513777, 32.982852 ], [ -96.513775, 32.982986 ], [ -96.508495, 32.982843 ], [ -96.50712, 32.982826 ], [ -96.506044, 32.982816 ], [ -96.491399, 32.982692 ], [ -96.489673, 32.982685 ], [ -96.466739, 32.982467 ], [ -96.46371, 32.982439 ], [ -96.443949, 32.98236 ], [ -96.437988, 32.982104 ], [ -96.43305, 32.982118 ], [ -96.432282, 32.982119 ], [ -96.419145, 32.981994 ], [ -96.419114, 32.982252 ], [ -96.413342, 32.982206 ], [ -96.413341, 32.981955 ], [ -96.409474, 32.981941 ], [ -96.408618, 32.981932 ], [ -96.406031, 32.98191 ], [ -96.398734, 32.981914 ], [ -96.398079, 32.981915 ], [ -96.396982, 32.981916 ], [ -96.389042, 32.982173 ], [ -96.385468, 32.982156 ], [ -96.370728, 32.982084 ], [ -96.361592, 32.982049 ], [ -96.357471, 32.98203 ], [ -96.341873, 32.98196 ], [ -96.323513, 32.981668 ], [ -96.323077, 32.98149 ], [ -96.322703, 32.981842 ], [ -96.322149, 32.981667 ], [ -96.303215, 32.981552 ], [ -96.297227, 32.981752 ], [ -96.297027, 32.98871 ], [ -96.297012, 32.989224 ], [ -96.296976, 32.995821 ], [ -96.29674, 33.004829 ], [ -96.296759, 33.011935 ], [ -96.296718, 33.02669 ], [ -96.296453, 33.061668 ], [ -96.296449, 33.064832 ], [ -96.296199, 33.075403 ], [ -96.296183, 33.0974 ], [ -96.296157, 33.100481 ], [ -96.295917, 33.140335 ], [ -96.295814, 33.154108 ], [ -96.295766, 33.156617 ], [ -96.295478, 33.187525 ], [ -96.295466, 33.191091 ], [ -96.295291, 33.208301 ], [ -96.295233, 33.210069 ], [ -96.295228, 33.210206 ], [ -96.295223, 33.210317 ], [ -96.295298, 33.242865 ], [ -96.29507, 33.244486 ], [ -96.295248, 33.269923 ], [ -96.295276, 33.285418 ], [ -96.295306, 33.292121 ], [ -96.295312, 33.293442 ], [ -96.295314, 33.294452 ], [ -96.295352, 33.31331 ], [ -96.295413, 33.351936 ], [ -96.25188, 33.357566 ], [ -96.228406, 33.360867 ], [ -96.206245, 33.363785 ], [ -96.166123, 33.369073 ], [ -96.157309, 33.370233 ], [ -96.068764, 33.382019 ], [ -96.061982, 33.382922 ], [ -96.01208, 33.389552 ], [ -96.008178, 33.390042 ], [ -95.991954, 33.392066 ], [ -95.939327, 33.398981 ], [ -95.938938, 33.399033 ], [ -95.858723, 33.40953 ], [ -95.859115, 33.377901 ], [ -95.859224, 33.364447 ], [ -95.859281, 33.358511 ], [ -95.85968, 33.353217 ], [ -95.860164, 33.333332 ], [ -95.861364, 33.278621 ], [ -95.861387, 33.272771 ], [ -95.86168, 33.228116 ], [ -95.861778, 33.21933 ], [ -95.862261, 33.178651 ], [ -95.862513, 33.154173 ], [ -95.862773, 33.129663 ], [ -95.862775, 33.129455 ], [ -95.863021, 33.065092 ], [ -95.863326, 33.049892 ], [ -95.863129, 32.999712 ], [ -95.862521, 32.979571 ], [ -95.871835, 32.979382 ], [ -95.896895, 32.979594 ], [ -95.898203, 32.979796 ], [ -95.92355, 32.979796 ], [ -95.925181, 32.979805 ], [ -95.94019, 32.980006 ], [ -95.9453, 32.979877 ], [ -95.966078, 32.920725 ], [ -95.967347, 32.917058 ], [ -95.968057, 32.914946 ], [ -95.968131, 32.914655 ], [ -95.968411, 32.913556 ], [ -95.970436, 32.907908 ], [ -95.972534, 32.902081 ], [ -95.972119, 32.900731 ], [ -95.973744, 32.899863 ], [ -95.972662, 32.899092 ], [ -95.973494, 32.897652 ], [ -95.974561, 32.897607 ], [ -95.97452, 32.895289 ], [ -95.977372, 32.893783 ], [ -95.977501, 32.892473 ], [ -95.976427, 32.89159 ], [ -95.97737, 32.891029 ], [ -95.976813, 32.889694 ], [ -95.977365, 32.887521 ], [ -95.978133, 32.886237 ], [ -95.979739, 32.886491 ], [ -95.982932, 32.885427 ], [ -95.983335, 32.884542 ], [ -95.9828, 32.881808 ], [ -95.986073, 32.880436 ], [ -95.98664, 32.879621 ], [ -95.986106, 32.877511 ], [ -95.987259, 32.876415 ], [ -95.986282, 32.875121 ], [ -95.9866, 32.873064 ], [ -95.984859, 32.87228 ], [ -95.982284, 32.869515 ], [ -95.980112, 32.868671 ], [ -95.980396, 32.867379 ], [ -95.978089, 32.865018 ], [ -95.974772, 32.862761 ], [ -95.974181, 32.861722 ], [ -95.971103, 32.860571 ], [ -95.970977, 32.858491 ], [ -95.968025, 32.857808 ], [ -95.968642, 32.856032 ], [ -95.966298, 32.854155 ], [ -95.96385, 32.854101 ], [ -95.961735, 32.852707 ], [ -95.961248, 32.851425 ], [ -95.958486, 32.850451 ], [ -95.958674, 32.848216 ], [ -95.957892, 32.846044 ], [ -95.956777, 32.845207 ], [ -95.955939, 32.844942 ], [ -95.952587, 32.845987 ], [ -95.951453, 32.84485 ], [ -95.95012, 32.845246 ], [ -95.949032, 32.842416 ], [ -95.946814, 32.843266 ], [ -95.947301, 32.844797 ], [ -95.944074, 32.845188 ], [ -95.942997, 32.843826 ], [ -95.943653, 32.842542 ], [ -95.943081, 32.84134 ], [ -95.941225, 32.842714 ], [ -95.9415, 32.84131 ], [ -95.939815, 32.841431 ], [ -95.938102, 32.842968 ], [ -95.937301, 32.841064 ], [ -95.934939, 32.840339 ], [ -95.935328, 32.838047 ], [ -95.934433, 32.837217 ], [ -95.977795, 32.837606 ], [ -95.978877, 32.837729 ], [ -96.028939, 32.838167 ], [ -96.076801, 32.838489 ], [ -96.07662, 32.837024 ], [ -96.076619, 32.823653 ], [ -96.076504, 32.794773 ], [ -96.076425, 32.770049 ], [ -96.076172, 32.712802 ], [ -96.075921, 32.650658 ], [ -96.075905, 32.590984 ], [ -96.075808, 32.565672 ], [ -96.075799, 32.563623 ], [ -96.075729, 32.548585 ], [ -96.075708, 32.547542 ], [ -96.075537, 32.506887 ], [ -96.075965, 32.500089 ], [ -96.075912, 32.4797 ], [ -96.075856, 32.432769 ], [ -96.075809, 32.39373 ], [ -96.075807, 32.39158 ], [ -96.075807, 32.391433 ], [ -96.075807, 32.391256 ], [ -96.075803, 32.386854 ], [ -96.075802, 32.386201 ], [ -96.075797, 32.38109 ], [ -96.075852, 32.368874 ], [ -96.075852, 32.368684 ], [ -96.075871, 32.364161 ], [ -96.075899, 32.357505 ], [ -96.085377, 32.357563 ], [ -96.085701, 32.357549 ], [ -96.087552, 32.357549 ], [ -96.092769, 32.357551 ], [ -96.097943, 32.35749 ], [ -96.10389, 32.357543 ], [ -96.105405, 32.357545 ], [ -96.115223, 32.357572 ], [ -96.144858, 32.357827 ], [ -96.150546, 32.357849 ], [ -96.155313, 32.357905 ], [ -96.167668, 32.357996 ], [ -96.195616, 32.358197 ], [ -96.195748, 32.35532 ], [ -96.196928, 32.35481 ], [ -96.20745, 32.355079 ], [ -96.215014, 32.35503 ], [ -96.231509, 32.354709 ], [ -96.238909, 32.354912 ], [ -96.239274, 32.354848 ], [ -96.2394, 32.354849 ], [ -96.2409, 32.354858 ], [ -96.249739, 32.354993 ], [ -96.249701, 32.358716 ], [ -96.330324, 32.358849 ], [ -96.450802, 32.35855 ], [ -96.452372, 32.358659 ], [ -96.453664, 32.357182 ], [ -96.450469, 32.354783 ], [ -96.448437, 32.354495 ], [ -96.449264, 32.353009 ], [ -96.449312, 32.350957 ], [ -96.450527, 32.350937 ], [ -96.453082, 32.352849 ], [ -96.454555, 32.35232 ], [ -96.453882, 32.348844 ], [ -96.45202, 32.347639 ], [ -96.452043, 32.345375 ], [ -96.450997, 32.344409 ], [ -96.449104, 32.344497 ], [ -96.447128, 32.345753 ], [ -96.443784, 32.346336 ], [ -96.440946, 32.34596 ], [ -96.44177, 32.344349 ], [ -96.440752, 32.343777 ], [ -96.439307, 32.345478 ], [ -96.43733, 32.345886 ], [ -96.436293, 32.345413 ], [ -96.437108, 32.342399 ], [ -96.436919, 32.34136 ], [ -96.433833, 32.340739 ], [ -96.432871, 32.339259 ], [ -96.430525, 32.339365 ], [ -96.430279, 32.33844 ], [ -96.431399, 32.337229 ], [ -96.431045, 32.333383 ], [ -96.430226, 32.332211 ], [ -96.429131, 32.332237 ], [ -96.427772, 32.333742 ], [ -96.426226, 32.334423 ], [ -96.426273, 32.336011 ], [ -96.425216, 32.336172 ], [ -96.423764, 32.335319 ], [ -96.423259, 32.333239 ], [ -96.42164, 32.332322 ], [ -96.420013, 32.33261 ], [ -96.420389, 32.33484 ], [ -96.417533, 32.335536 ], [ -96.416442, 32.335017 ], [ -96.415677, 32.33305 ], [ -96.412136, 32.332735 ], [ -96.410886, 32.331911 ], [ -96.408118, 32.328502 ], [ -96.406948, 32.32788 ], [ -96.404928, 32.327786 ], [ -96.403368, 32.328668 ], [ -96.400411, 32.328803 ], [ -96.396563, 32.33083 ], [ -96.394234, 32.332684 ], [ -96.390805, 32.33386 ], [ -96.38821, 32.332718 ], [ -96.385201, 32.331959 ], [ -96.38291, 32.328929 ], [ -96.381298, 32.327513 ], [ -96.374721, 32.324884 ] ] ] } },
{ "type": "Feature", "properties": { "FederalDivisionName": "Del Rio", "FederalJudicialDistrict": "Western" }, "geometry": { "type": "Polygon", "coordinates": [ [ [ -100.11402, 28.489864 ], [ -100.113719, 28.197819 ], [ -100.212165531127994, 28.196837162978301 ], [ -100.213624, 28.20472 ], [ -100.213451, 28.207516 ], [ -100.21345, 28.210416 ], [ -100.214383, 28.212438 ], [ -100.216203, 28.221467 ], [ -100.217565, 28.226934 ], [ -100.220284, 28.23221 ], [ -100.22363, 28.235224 ], [ -100.227575, 28.235857 ], [ -100.232228, 28.236058 ], [ -100.23487, 28.235314 ], [ -100.239925, 28.234937 ], [ -100.2462, 28.234092 ], [ -100.251634, 28.236177 ], [ -100.257789, 28.24034 ], [ -100.260786, 28.244629 ], [ -100.267604, 28.250269 ], [ -100.27763, 28.262453 ], [ -100.280518, 28.267969 ], [ -100.282984, 28.270441 ], [ -100.285404, 28.271924 ], [ -100.289384, 28.273491 ], [ -100.291397, 28.275397 ], [ -100.293468, 28.278475 ], [ -100.294291, 28.280999 ], [ -100.294296, 28.284381 ], [ -100.287554, 28.301093 ], [ -100.286088, 28.30855 ], [ -100.286471, 28.312296 ], [ -100.288639, 28.316978 ], [ -100.294838, 28.323213 ], [ -100.304147, 28.334392 ], [ -100.309368, 28.338554 ], [ -100.309837, 28.341557 ], [ -100.310675, 28.34347 ], [ -100.313139, 28.344788 ], [ -100.314198, 28.345859 ], [ -100.316023, 28.349955 ], [ -100.317246, 28.357382 ], [ -100.320393, 28.362117 ], [ -100.329347, 28.372326 ], [ -100.330941, 28.373334 ], [ -100.331947, 28.375366 ], [ -100.341869, 28.384953 ], [ -100.3444, 28.389662 ], [ -100.346799, 28.395752 ], [ -100.348122, 28.398052 ], [ -100.349586, 28.402604 ], [ -100.349327, 28.403887 ], [ -100.346988, 28.407232 ], [ -100.345248, 28.407889 ], [ -100.343945, 28.410119 ], [ -100.337059, 28.427151 ], [ -100.336186, 28.430181 ], [ -100.337604, 28.437983 ], [ -100.337797, 28.44296 ], [ -100.339215, 28.445959 ], [ -100.341533, 28.449571 ], [ -100.348425, 28.456047 ], [ -100.350786, 28.459246 ], [ -100.357498, 28.463642 ], [ -100.362721, 28.469947 ], [ -100.367549, 28.474796 ], [ -100.368288, 28.477196 ], [ -100.368108, 28.478999 ], [ -100.365982, 28.481116 ], [ -100.36189, 28.482301 ], [ -100.357174, 28.482091 ], [ -100.352235, 28.482638 ], [ -100.344181, 28.486249 ], [ -100.33714, 28.491729 ], [ -100.335195, 28.494625 ], [ -100.333912, 28.49734 ], [ -100.333814, 28.499252 ], [ -100.334894, 28.500321 ], [ -100.338518, 28.501833 ], [ -100.344432, 28.503354 ], [ -100.350774, 28.504124 ], [ -100.356037, 28.504871 ], [ -100.359712, 28.507287 ], [ -100.362148, 28.508399 ], [ -100.376959, 28.512023 ], [ -100.379079, 28.511639 ], [ -100.386963, 28.514023 ], [ -100.38886, 28.515748 ], [ -100.394988, 28.528358 ], [ -100.397167, 28.530129 ], [ -100.398934, 28.530478 ], [ -100.400492, 28.531315 ], [ -100.405058, 28.53578 ], [ -100.409662, 28.545131 ], [ -100.411414, 28.551899 ], [ -100.408542, 28.557614 ], [ -100.404915, 28.560696 ], [ -100.404335, 28.56378 ], [ -100.39727, 28.575637 ], [ -100.3968, 28.580401 ], [ -100.398385, 28.584884 ], [ -100.400399, 28.586892 ], [ -100.402445830033002, 28.587516432756399 ], [ -100.406214, 28.588666 ], [ -100.409218, 28.589042 ], [ -100.419389, 28.593429 ], [ -100.423167, 28.594241 ], [ -100.429856, 28.596441 ], [ -100.431892, 28.597535 ], [ -100.43208, 28.599002 ], [ -100.433304, 28.604581 ], [ -100.433623, 28.606117 ], [ -100.435334, 28.606986 ], [ -100.441268, 28.607604 ], [ -100.444975, 28.607806 ], [ -100.445266401257996, 28.607994758426301 ], [ -100.445474606985002, 28.608129626016801 ], [ -100.44732, 28.609325 ], [ -100.448648, 28.616774 ], [ -100.447368, 28.622902 ], [ -100.446984, 28.633214 ], [ -100.445529, 28.637144 ], [ -100.446076, 28.638913 ], [ -100.445749, 28.640626 ], [ -100.447091, 28.642197 ], [ -100.447636791028998, 28.642336286006 ], [ -100.450312, 28.643019 ], [ -100.457447, 28.641878 ], [ -100.460526, 28.641026 ], [ -100.462866, 28.641364 ], [ -100.474494, 28.647071 ], [ -100.479454417579007, 28.6549370530796 ], [ -100.479636, 28.655225 ], [ -100.483286, 28.655647 ], [ -100.485787, 28.656821 ], [ -100.48926, 28.658002 ], [ -100.491507, 28.657671 ], [ -100.495863, 28.658569 ], [ -100.498115, 28.659605 ], [ -100.500354, 28.66196 ], [ -100.501449, 28.666188 ], [ -100.502451246649997, 28.669045322980502 ], [ -100.503537600678996, 28.672142429195901 ], [ -100.510055, 28.690723 ], [ -100.510485902737997, 28.696349192238198 ], [ -100.510795, 28.700385 ], [ -100.511998, 28.705352 ], [ -100.512109, 28.707454 ], [ -100.510298, 28.709008 ], [ -100.509069093416997, 28.711063674236101 ], [ -100.508662462258002, 28.711743873373599 ], [ -100.508003, 28.712847 ], [ -100.506701, 28.716745 ], [ -100.507254367493005, 28.7188642038717 ], [ -100.507787, 28.720904 ], [ -100.507698, 28.725537 ], [ -100.506791, 28.732015 ], [ -100.507366847187001, 28.7380284698989 ], [ -100.507613, 28.740599 ], [ -100.507721285105006, 28.7406578980791 ], [ -100.50915, 28.741435 ], [ -100.512385, 28.741557 ], [ -100.514238, 28.742101 ], [ -100.515332, 28.743374 ], [ -100.515536, 28.744943 ], [ -100.514399, 28.750252 ], [ -100.515866, 28.752921 ], [ -100.519226, 28.756161 ], [ -100.52157, 28.75764 ], [ -100.523862, 28.757464 ], [ -100.527216, 28.756168 ], [ -100.52941, 28.756417 ], [ -100.532192, 28.757161 ], [ -100.533408, 28.759207 ], [ -100.533017, 28.76328 ], [ -100.530452, 28.766808 ], [ -100.530004, 28.768713 ], [ -100.530333, 28.771288 ], [ -100.531782, 28.773574 ], [ -100.536445, 28.777622 ], [ -100.537772, 28.780776 ], [ -100.537637, 28.782883 ], [ -100.536944, 28.784292 ], [ -100.533807, 28.787371 ], [ -100.532431, 28.791063 ], [ -100.533657, 28.800273 ], [ -100.53583, 28.805888 ], [ -100.540449, 28.807441 ], [ -100.542173, 28.808466 ], [ -100.545481, 28.812638 ], [ -100.546052, 28.814872 ], [ -100.545479, 28.819954 ], [ -100.547324, 28.825817 ], [ -100.548129255323005, 28.8261543029531 ], [ -100.55313, 28.828249 ], [ -100.561443, 28.829174 ], [ -100.563955, 28.828899 ], [ -100.567637, 28.827588 ], [ -100.57051, 28.826317 ], [ -100.572751, 28.827098 ], [ -100.574699, 28.828787 ], [ -100.576846, 28.836168 ], [ -100.572992, 28.848464 ], [ -100.580502, 28.856008 ], [ -100.588192, 28.860238 ], [ -100.59104, 28.863054 ], [ -100.591342, 28.865262 ], [ -100.5908, 28.870567 ], [ -100.590527, 28.87238 ], [ -100.592033, 28.873232 ], [ -100.597553, 28.873806 ], [ -100.598682, 28.875247 ], [ -100.598498, 28.879086 ], [ -100.596118, 28.881581 ], [ -100.59031, 28.883875 ], [ -100.589489, 28.885803 ], [ -100.591183, 28.888918 ], [ -100.592875, 28.889356 ], [ -100.594287, 28.888831 ], [ -100.59729, 28.887811 ], [ -100.59987, 28.886469 ], [ -100.602172, 28.886617 ], [ -100.603841, 28.888391 ], [ -100.603568, 28.890758 ], [ -100.602562, 28.895315 ], [ -100.601299, 28.899088 ], [ -100.600768, 28.900764 ], [ -100.602054, 28.901944 ], [ -100.607439, 28.902327 ], [ -100.613559, 28.901478 ], [ -100.616138, 28.903918 ], [ -100.617016, 28.907072 ], [ -100.618216, 28.908522 ], [ -100.619974, 28.909115 ], [ -100.623482, 28.909601 ], [ -100.624899, 28.90827 ], [ -100.62493, 28.905735 ], [ -100.627206, 28.903734 ], [ -100.631611, 28.902839 ], [ -100.633277, 28.904583 ], [ -100.633763, 28.906039 ], [ -100.634691, 28.908708 ], [ -100.63626, 28.911034 ], [ -100.637279, 28.911828 ], [ -100.639267, 28.912278 ], [ -100.640568, 28.914212 ], [ -100.640672, 28.915249 ], [ -100.63917, 28.916289 ], [ -100.636015, 28.916567 ], [ -100.632367, 28.916354 ], [ -100.629993, 28.918282 ], [ -100.629706, 28.921146 ], [ -100.63072, 28.924006 ], [ -100.632744, 28.925148 ], [ -100.635672, 28.925859 ], [ -100.638857, 28.927622 ], [ -100.641692, 28.932048 ], [ -100.642983, 28.935576 ], [ -100.644362, 28.938273 ], [ -100.645841, 28.939867 ], [ -100.648816, 28.941031 ], [ -100.65066, 28.941978 ], [ -100.651512, 28.943432 ], [ -100.651027, 28.946888 ], [ -100.648911, 28.952632 ], [ -100.647382, 28.955203 ], [ -100.646993, 28.957079 ], [ -100.647399, 28.958895 ], [ -100.648285, 28.960656 ], [ -100.649515, 28.961159 ], [ -100.650325, 28.961993 ], [ -100.649912, 28.963224 ], [ -100.648157, 28.965504 ], [ -100.646636, 28.966929 ], [ -100.646382, 28.970724 ], [ -100.647844, 28.973702 ], [ -100.648654, 28.977422 ], [ -100.648275, 28.982865 ], [ -100.647286, 28.985298 ], [ -100.645894, 28.986421 ], [ -100.646903, 28.991777 ], [ -100.647826, 28.992933 ], [ -100.649136, 28.996466 ], [ -100.648934, 28.9987 ], [ -100.648763, 29.000589 ], [ -100.650946, 29.008254 ], [ -100.653758, 29.015356 ], [ -100.65611, 29.017224 ], [ -100.660208, 29.031497 ], [ -100.660351, 29.035849 ], [ -100.661457, 29.038375 ], [ -100.663212, 29.048042 ], [ -100.662508, 29.058107 ], [ -100.664021, 29.074164 ], [ -100.665873, 29.076782 ], [ -100.666848, 29.082596 ], [ -100.667522988428004, 29.0842931847587 ], [ -100.669836, 29.090109 ], [ -100.674656, 29.099777 ], [ -100.680526, 29.107006 ], [ -100.684472, 29.110657 ], [ -100.692327, 29.115228 ], [ -100.709966, 29.119684 ], [ -100.727462, 29.129123 ], [ -100.729049, 29.131466 ], [ -100.737795, 29.139079 ], [ -100.739116, 29.141658 ], [ -100.737709, 29.145489 ], [ -100.737591, 29.147407 ], [ -100.738023, 29.148815 ], [ -100.739681, 29.150486 ], [ -100.74614, 29.154149 ], [ -100.756574, 29.156029 ], [ -100.759726, 29.15715 ], [ -100.762851, 29.159681 ], [ -100.763627, 29.161259 ], [ -100.763605, 29.164728 ], [ -100.766111, 29.166359 ], [ -100.768634, 29.165988 ], [ -100.772649, 29.168492 ], [ -100.775905, 29.173344 ], [ -100.774905, 29.175271 ], [ -100.772968, 29.176719 ], [ -100.768771, 29.181544 ], [ -100.766031, 29.185849 ], [ -100.765888, 29.188518 ], [ -100.766121, 29.191296 ], [ -100.767059, 29.195287 ], [ -100.769341, 29.198911 ], [ -100.772926, 29.199662 ], [ -100.775294, 29.199698 ], [ -100.776254, 29.200929 ], [ -100.77702, 29.204329 ], [ -100.775944, 29.206951 ], [ -100.774539, 29.209728 ], [ -100.775042, 29.211637 ], [ -100.777088, 29.213506 ], [ -100.779664, 29.218632 ], [ -100.781196, 29.219719 ], [ -100.783077, 29.224454 ], [ -100.784499, 29.226881 ], [ -100.786329, 29.228501 ], [ -100.791372, 29.225945 ], [ -100.793677, 29.226466 ], [ -100.795681, 29.22773 ], [ -100.796751, 29.230963 ], [ -100.797046, 29.235586 ], [ -100.795637, 29.238277 ], [ -100.794748, 29.239942 ], [ -100.794855840552003, 29.241597089451499 ], [ -100.794912, 29.242459 ], [ -100.797671, 29.246943 ], [ -100.802052, 29.249954 ], [ -100.807917, 29.252691 ], [ -100.813764, 29.253491 ], [ -100.815743, 29.25365 ], [ -100.816673, 29.254479 ], [ -100.816251, 29.256658 ], [ -100.814316, 29.259085 ], [ -100.813507, 29.260665 ], [ -100.813321, 29.262158 ], [ -100.81478, 29.263724 ], [ -100.816994, 29.264332 ], [ -100.820969, 29.262866 ], [ -100.823533, 29.261742 ], [ -100.83404, 29.2614 ], [ -100.839016, 29.263259 ], [ -100.842939, 29.267137 ], [ -100.848664, 29.271421 ], [ -100.852176, 29.272071 ], [ -100.85356, 29.272818 ], [ -100.855067, 29.274946 ], [ -100.856469, 29.275664 ], [ -100.864659, 29.276076 ], [ -100.876049, 29.279585 ], [ -100.878126, 29.28086 ], [ -100.878883, 29.282193 ], [ -100.88024, 29.286296 ], [ -100.880435, 29.290448 ], [ -100.882052, 29.299045 ], [ -100.885551, 29.304001 ], [ -100.886252, 29.306764 ], [ -100.886842, 29.307848 ], [ -100.892273, 29.309521 ], [ -100.894931, 29.310351 ], [ -100.896646, 29.309105 ], [ -100.904835, 29.31201 ], [ -100.906754, 29.313532 ], [ -100.908394, 29.316927 ], [ -100.910104, 29.317708 ], [ -100.912234, 29.317636 ], [ -100.914867, 29.318579 ], [ -100.916628, 29.319204 ], [ -100.917279, 29.320462 ], [ -100.918284, 29.324147 ], [ -100.919499, 29.325318 ], [ -100.921343, 29.326197 ], [ -100.9236, 29.326785 ], [ -100.926678, 29.326584 ], [ -100.928505, 29.326976 ], [ -100.934158, 29.330649 ], [ -100.940615, 29.333109 ], [ -100.943196, 29.341985 ], [ -100.945683804295001, 29.344714006717599 ], [ -100.945888, 29.344938 ], [ -100.948972, 29.347246 ], [ -100.951096, 29.347698 ], [ -100.956691, 29.347294 ], [ -100.96079, 29.346914 ], [ -100.964325, 29.347342 ], [ -100.971743, 29.351371 ], [ -100.972916, 29.354545 ], [ -100.983246, 29.359121 ], [ -100.995607, 29.363403 ], [ -101.002679, 29.365259 ], [ -101.004207, 29.364772 ], [ -101.010614, 29.368669 ], [ -101.014274, 29.374123 ], [ -101.013137, 29.379343 ], [ -101.013444, 29.38088 ], [ -101.014473, 29.38211 ], [ -101.016726, 29.387275 ], [ -101.01958, 29.391341 ], [ -101.021418, 29.393001 ], [ -101.024016, 29.393698 ], [ -101.036604, 29.406108 ], [ -101.0386, 29.410714 ], [ -101.037642, 29.414681 ], [ -101.039203, 29.416189 ], [ -101.04072, 29.422858 ], [ -101.043364, 29.42988 ], [ -101.050505, 29.434621 ], [ -101.056957, 29.440773 ], [ -101.056844, 29.447599 ], [ -101.058206, 29.447767 ], [ -101.058576589607995, 29.4498426828725 ], [ -101.060151, 29.458661 ], [ -101.063958318862007, 29.459896875417499 ], [ -101.077184, 29.46419 ], [ -101.087149, 29.469414 ], [ -101.103699, 29.47055 ], [ -101.115254, 29.468459 ], [ -101.123072, 29.473318 ], [ -101.12728, 29.477071 ], [ -101.130038, 29.47842 ], [ -101.132928, 29.477364 ], [ -101.137503, 29.473542 ], [ -101.144337, 29.473246 ], [ -101.151877, 29.477005 ], [ -101.162181, 29.489924 ], [ -101.167986, 29.500432 ], [ -101.171663, 29.50395 ], [ -101.173821, 29.514566 ], [ -101.179989, 29.515325 ], [ -101.19272, 29.520285 ], [ -101.227419, 29.52235 ], [ -101.235275, 29.524854 ], [ -101.24977, 29.520869 ], [ -101.254895, 29.520342 ], [ -101.260837, 29.529933 ], [ -101.261175, 29.536777 ], [ -101.260158, 29.539607 ], [ -101.255275, 29.549307 ], [ -101.250385, 29.556621 ], [ -101.248149, 29.55953 ], [ -101.241151, 29.565429 ], [ -101.248793, 29.590707 ], [ -101.252297, 29.604167 ], [ -101.248374, 29.614712 ], [ -101.247418, 29.618158 ], [ -101.24792, 29.619598 ], [ -101.250383, 29.624171 ], [ -101.252274, 29.625634 ], [ -101.254725, 29.627193 ], [ -101.262816, 29.630786 ], [ -101.265993, 29.631043 ], [ -101.269217, 29.630027 ], [ -101.272867, 29.626519 ], [ -101.277709, 29.621025 ], [ -101.279018, 29.618841 ], [ -101.280488, 29.614835 ], [ -101.277557, 29.607097 ], [ -101.27786, 29.599336 ], [ -101.27761, 29.593231 ], [ -101.277875, 29.590851 ], [ -101.279449, 29.588238 ], [ -101.285075, 29.58224 ], [ -101.290962, 29.571537 ], [ -101.293219, 29.571828 ], [ -101.296664, 29.573051 ], [ -101.305533, 29.577925 ], [ -101.311768, 29.58547 ], [ -101.313327, 29.599439 ], [ -101.313327, 29.605465 ], [ -101.312346, 29.607955 ], [ -101.313089, 29.611044 ], [ -101.310927, 29.61678 ], [ -101.306918, 29.623445 ], [ -101.30404, 29.62908 ], [ -101.301332, 29.635033 ], [ -101.300075, 29.640496 ], [ -101.301444, 29.647233 ], [ -101.302371, 29.649994 ], [ -101.303884, 29.652616 ], [ -101.306584, 29.655398 ], [ -101.310372, 29.657682 ], [ -101.314972, 29.659133 ], [ -101.322682, 29.659864 ], [ -101.331844, 29.660734 ], [ -101.337483, 29.660786 ], [ -101.345493, 29.662196 ], [ -101.348653, 29.661929 ], [ -101.350327, 29.66066 ], [ -101.353484, 29.65471 ], [ -101.355226, 29.651425 ], [ -101.35714, 29.649267 ], [ -101.358713, 29.649106 ], [ -101.361312, 29.650063 ], [ -101.363218, 29.652638 ], [ -101.364831, 29.662506 ], [ -101.365682, 29.667213 ], [ -101.367105, 29.670898 ], [ -101.370426, 29.674834 ], [ -101.372549, 29.677848 ], [ -101.373054, 29.680191 ], [ -101.372274, 29.689875 ], [ -101.371878, 29.693954 ], [ -101.372773, 29.699428 ], [ -101.375386, 29.701807 ], [ -101.378732, 29.703454 ], [ -101.388098, 29.707466 ], [ -101.391085, 29.709465 ], [ -101.396948, 29.713947 ], [ -101.398362, 29.717 ], [ -101.398071, 29.720831 ], [ -101.396294, 29.727055 ], [ -101.397009, 29.733963 ], [ -101.400636, 29.738079 ], [ -101.410024, 29.741498 ], [ -101.413471, 29.743841 ], [ -101.415584, 29.746534 ], [ -101.415722, 29.750206 ], [ -101.414816, 29.752698 ], [ -101.411342, 29.754269 ], [ -101.403926, 29.757587 ], [ -101.400155, 29.760083 ], [ -101.398445, 29.76463 ], [ -101.398654, 29.767451 ], [ -101.400884, 29.770069 ], [ -101.403067, 29.771437 ], [ -101.40596, 29.771653 ], [ -101.409795, 29.770619 ], [ -101.413583, 29.768468 ], [ -101.424208, 29.761312 ], [ -101.435573, 29.752454 ], [ -101.439116, 29.750618 ], [ -101.445477, 29.749397 ], [ -101.448881, 29.750699 ], [ -101.450438, 29.753297 ], [ -101.451434, 29.757118 ], [ -101.455224, 29.771874 ], [ -101.453951, 29.77809 ], [ -101.452488, 29.782821 ], [ -101.45378, 29.785911 ], [ -101.455678, 29.78792 ], [ -101.458607, 29.789278 ], [ -101.461639, 29.789834 ], [ -101.465436, 29.789003 ], [ -101.475157, 29.785909 ], [ -101.478864, 29.784085 ], [ -101.480796, 29.782169 ], [ -101.48598, 29.774869 ], [ -101.493894, 29.769838 ], [ -101.503223, 29.764582 ], [ -101.507155, 29.763841 ], [ -101.511908, 29.764589 ], [ -101.519325, 29.764595 ], [ -101.527872, 29.760618 ], [ -101.531573, 29.759272 ], [ -101.535847, 29.758934 ], [ -101.538046, 29.76003 ], [ -101.539191, 29.761774 ], [ -101.5383, 29.772965 ], [ -101.538103, 29.786415 ], [ -101.537287, 29.790326 ], [ -101.535571, 29.794623 ], [ -101.53501, 29.797679 ], [ -101.537864, 29.804095 ], [ -101.540736, 29.808852 ], [ -101.541901, 29.810781 ], [ -101.544392, 29.811856 ], [ -101.547994, 29.810052 ], [ -101.552485, 29.804233 ], [ -101.555559, 29.802959 ], [ -101.567749, 29.798727 ], [ -101.573789, 29.788995 ], [ -101.574321, 29.786576 ], [ -101.573199, 29.784072 ], [ -101.572878, 29.781391 ], [ -101.572506, 29.774555 ], [ -101.572402, 29.773062 ], [ -101.574945, 29.769854 ], [ -101.577035, 29.769119 ], [ -101.580247, 29.76966 ], [ -101.586329, 29.770981 ], [ -101.588421, 29.770952 ], [ -101.594509, 29.771914 ], [ -101.59889, 29.773827 ], [ -101.603681, 29.774399 ], [ -101.607958, 29.773678 ], [ -101.613013, 29.771453 ], [ -101.617906, 29.76993 ], [ -101.620833, 29.769954 ], [ -101.625958, 29.771063 ], [ -101.628179, 29.770406 ], [ -101.630319, 29.768729 ], [ -101.63253, 29.764666 ], [ -101.63265, 29.761365 ], [ -101.635128, 29.758675 ], [ -101.641123, 29.756354 ], [ -101.642883, 29.754548 ], [ -101.646418, 29.754304 ], [ -101.649578, 29.756166 ], [ -101.652401, 29.758795 ], [ -101.653145, 29.762195 ], [ -101.654578, 29.765163 ], [ -101.65862, 29.766702 ], [ -101.662453, 29.77128 ], [ -101.66614, 29.769926 ], [ -101.669411, 29.76891 ], [ -101.671733, 29.768189 ], [ -101.674957, 29.764975 ], [ -101.675024, 29.762957 ], [ -101.675299, 29.761084 ], [ -101.677804, 29.760292 ], [ -101.68144, 29.760784 ], [ -101.684921, 29.765229 ], [ -101.685588, 29.76739 ], [ -101.687307, 29.769587 ], [ -101.689992, 29.771213 ], [ -101.693945, 29.76893 ], [ -101.699364, 29.765363 ], [ -101.706636, 29.762737 ], [ -101.708873, 29.761642 ], [ -101.712056, 29.762777 ], [ -101.713755, 29.766798 ], [ -101.716914, 29.771693 ], [ -101.718713, 29.774738 ], [ -101.721058, 29.776081 ], [ -101.7238, 29.776426 ], [ -101.725443, 29.775396 ], [ -101.726806, 29.773795 ], [ -101.729843, 29.77184 ], [ -101.732345, 29.771292 ], [ -101.735202, 29.771592 ], [ -101.739228, 29.773535 ], [ -101.739673, 29.775784 ], [ -101.740883, 29.777564 ], [ -101.742458, 29.778735 ], [ -101.745191, 29.779107 ], [ -101.749487, 29.777491 ], [ -101.754323, 29.777662 ], [ -101.755347, 29.778984 ], [ -101.757881, 29.780064 ], [ -101.760308, 29.781702 ], [ -101.760923744511004, 29.781861528896201 ], [ -101.764299, 29.782736 ], [ -101.7711, 29.787512 ], [ -101.773825, 29.788675 ], [ -101.777161, 29.789327 ], [ -101.781912, 29.789628 ], [ -101.785668, 29.788252 ], [ -101.785586, 29.78416 ], [ -101.788122, 29.779542 ], [ -101.794631, 29.779134 ], [ -101.801026, 29.779498 ], [ -101.807536, 29.781373 ], [ -101.810989, 29.783873 ], [ -101.813135, 29.787207 ], [ -101.814521, 29.79186 ], [ -101.813462, 29.794412 ], [ -101.809501, 29.797284 ], [ -101.806961, 29.799023 ], [ -101.805581, 29.800746 ], [ -101.803613, 29.803446 ], [ -101.810558, 29.807804 ], [ -101.812209, 29.809555 ], [ -101.815832, 29.811073 ], [ -101.818275, 29.811621 ], [ -101.820882, 29.811117 ], [ -101.825062, 29.808255 ], [ -101.825815, 29.805233 ], [ -101.823966, 29.800478 ], [ -101.821443, 29.797937 ], [ -101.81899, 29.79365 ], [ -101.818634, 29.790556 ], [ -101.821155, 29.788411 ], [ -101.824101, 29.787152 ], [ -101.826547, 29.78786 ], [ -101.831232, 29.789323 ], [ -101.839056, 29.794718 ], [ -101.843714, 29.799671 ], [ -101.84713, 29.80271 ], [ -101.847178, 29.804217 ], [ -101.848948, 29.806743 ], [ -101.850958, 29.807881 ], [ -101.853334, 29.807715 ], [ -101.855624, 29.807353 ], [ -101.857252, 29.805843 ], [ -101.862399, 29.801446 ], [ -101.86738, 29.797493 ], [ -101.8754, 29.794023 ], [ -101.877463, 29.794404 ], [ -101.879599, 29.795713 ], [ -101.880967, 29.795384 ], [ -101.882915, 29.793485 ], [ -101.884707, 29.793853 ], [ -101.88816, 29.796425 ], [ -101.892739, 29.797891 ], [ -101.902729, 29.798027 ], [ -101.907883, 29.798806 ], [ -101.912406, 29.79785 ], [ -101.91518, 29.795803 ], [ -101.917557, 29.792676 ], [ -101.921428, 29.787473 ], [ -101.924915, 29.784031 ], [ -101.929323, 29.782576 ], [ -101.933528, 29.785193 ], [ -101.934174, 29.787993 ], [ -101.932541, 29.789769 ], [ -101.932656, 29.791817 ], [ -101.933806, 29.797033 ], [ -101.937277, 29.800412 ], [ -101.941868, 29.800823 ], [ -101.946664, 29.801344 ], [ -101.950561, 29.798214 ], [ -101.95548, 29.795333 ], [ -101.95872, 29.796564 ], [ -101.961382, 29.797966 ], [ -101.963377, 29.800149 ], [ -101.963878, 29.802926 ], [ -101.965465, 29.805995 ], [ -101.964724, 29.809063 ], [ -101.965435, 29.810994 ], [ -101.967332, 29.813108 ], [ -101.969385, 29.813755 ], [ -101.971937, 29.813656 ], [ -101.972185, 29.81498 ], [ -101.973605, 29.815601 ], [ -101.976632, 29.815992 ], [ -101.979342, 29.815342 ], [ -101.981199, 29.815403 ], [ -101.982187, 29.813325 ], [ -101.983059, 29.809331 ], [ -101.981972, 29.805878 ], [ -101.984303, 29.799262 ], [ -101.986071, 29.797493 ], [ -101.988607, 29.796666 ], [ -101.991394, 29.798115 ], [ -101.994724, 29.805165 ], [ -101.997488, 29.806438 ], [ -102.001177, 29.80474 ], [ -102.006419, 29.801336 ], [ -102.010887, 29.799891 ], [ -102.014898, 29.797524 ], [ -102.018412, 29.798517 ], [ -102.019711, 29.801488 ], [ -102.021919, 29.802491 ], [ -102.023989, 29.803241 ], [ -102.0253, 29.802733 ], [ -102.028424, 29.80188 ], [ -102.032571, 29.803832 ], [ -102.034759, 29.804028 ], [ -102.039013, 29.802655 ], [ -102.041088, 29.79961 ], [ -102.039827, 29.79526 ], [ -102.038412, 29.792832 ], [ -102.039227, 29.790977 ], [ -102.041713, 29.78968 ], [ -102.043783, 29.790298 ], [ -102.045629, 29.790078 ], [ -102.047568, 29.788992 ], [ -102.048787, 29.786091 ], [ -102.050044, 29.78507 ], [ -102.052245, 29.785117 ], [ -102.054371, 29.786871 ], [ -102.063642, 29.786689 ], [ -102.073646, 29.786926 ], [ -102.076041, 29.78839 ], [ -102.076213, 29.790736 ], [ -102.077348, 29.792421 ], [ -102.078982, 29.793084 ], [ -102.080596, 29.792772 ], [ -102.082475, 29.793425 ], [ -102.082525, 29.794276 ], [ -102.084439, 29.794962 ], [ -102.091816, 29.792854 ], [ -102.093567, 29.791497 ], [ -102.096264, 29.79147 ], [ -102.101835, 29.793612 ], [ -102.106464, 29.792722 ], [ -102.108841, 29.792103 ], [ -102.111311, 29.793019 ], [ -102.113677, 29.793436 ], [ -102.115682, 29.79239 ], [ -102.117916, 29.796161 ], [ -102.118391, 29.799034 ], [ -102.117319, 29.800641 ], [ -102.120534, 29.802329 ], [ -102.123221, 29.802313 ], [ -102.124549, 29.801129 ], [ -102.127641, 29.798797 ], [ -102.129514, 29.798624 ], [ -102.132653, 29.800312 ], [ -102.137847, 29.802108 ], [ -102.142326, 29.802854 ], [ -102.145283, 29.805292 ], [ -102.149206, 29.810122 ], [ -102.151533, 29.811912 ], [ -102.154155, 29.811641 ], [ -102.159601, 29.814356 ], [ -102.161674, 29.819487 ], [ -102.165525, 29.822817 ], [ -102.166069, 29.824787 ], [ -102.167666, 29.826043 ], [ -102.17879, 29.825711 ], [ -102.180076, 29.826573 ], [ -102.181305, 29.83115 ], [ -102.178648, 29.836146 ], [ -102.178446, 29.838092 ], [ -102.178761, 29.840214 ], [ -102.181894, 29.846034 ], [ -102.183649072942998, 29.846923564682999 ], [ -102.18525, 29.847735 ], [ -102.188672, 29.848943 ], [ -102.191655, 29.846638 ], [ -102.193211, 29.842427 ], [ -102.193858, 29.838254 ], [ -102.197063, 29.83642 ], [ -102.20053, 29.837593 ], [ -102.205381, 29.842438 ], [ -102.209938, 29.844359 ], [ -102.215505, 29.843642 ], [ -102.219506, 29.841005 ], [ -102.223528, 29.84053 ], [ -102.227553, 29.843534 ], [ -102.229602, 29.84616 ], [ -102.230857, 29.847868 ], [ -102.232657, 29.848493 ], [ -102.238736, 29.847983 ], [ -102.24138, 29.847686 ], [ -102.244455, 29.848514 ], [ -102.245284, 29.850081 ], [ -102.245038, 29.852092 ], [ -102.243225, 29.858413 ], [ -102.24467, 29.861828 ], [ -102.245583, 29.863548 ], [ -102.246915, 29.86431 ], [ -102.248815, 29.864187 ], [ -102.249775, 29.863293 ], [ -102.251604, 29.859912 ], [ -102.251286, 29.855997 ], [ -102.252302, 29.853981 ], [ -102.254181, 29.852791 ], [ -102.257098, 29.852773 ], [ -102.261389, 29.853283 ], [ -102.26348, 29.854227 ], [ -102.264262, 29.855815 ], [ -102.264278, 29.857797 ], [ -102.263262, 29.861061 ], [ -102.262302, 29.862139 ], [ -102.261777, 29.864002 ], [ -102.263134, 29.866231 ], [ -102.264954, 29.867806 ], [ -102.268817, 29.867991 ], [ -102.276755, 29.862978 ], [ -102.281249, 29.863117 ], [ -102.283305, 29.864292 ], [ -102.284645, 29.867 ], [ -102.286187, 29.870534 ], [ -102.287981, 29.871604 ], [ -102.291802, 29.872631 ], [ -102.29529, 29.873341 ], [ -102.297331, 29.875194 ], [ -102.301381, 29.877674 ], [ -102.306667, 29.87765 ], [ -102.311481, 29.87701 ], [ -102.315389, 29.87992 ], [ -102.320619, 29.87898 ], [ -102.320703761477006, 29.8788549124151 ], [ -102.47726, 29.9893 ], [ -102.479952, 29.990655 ], [ -102.482041, 29.992555 ], [ -102.567049, 30.052808 ], [ -102.566937, 30.283269 ], [ -102.500424, 30.283835 ], [ -102.499024, 30.283713 ], [ -102.343085, 30.284116 ], [ -102.343062, 30.303887 ], [ -102.342843, 30.459466 ], [ -102.342928, 30.459948 ], [ -102.342986, 30.598759 ], [ -102.321666, 30.598613 ], [ -102.208723, 30.597961 ], [ -102.138406, 30.597521 ], [ -102.137778, 30.655982 ], [ -102.034385, 30.655268 ], [ -102.031813, 30.655503 ], [ -102.02388, 30.655141 ], [ -102.000408, 30.654933 ], [ -101.997614, 30.654086 ], [ -101.769353, 30.653369 ], [ -101.768806, 30.653133 ], [ -101.768377, 30.652938 ], [ -101.76842, 30.653077 ], [ -101.767976, 30.65467 ], [ -101.765835, 30.655794 ], [ -101.764227, 30.657441 ], [ -101.763182, 30.65666 ], [ -101.763442, 30.654668 ], [ -101.762852, 30.654016 ], [ -101.761764, 30.654167 ], [ -101.761483, 30.655548 ], [ -101.762083, 30.65817 ], [ -101.760671, 30.658323 ], [ -101.759042, 30.657522 ], [ -101.755659, 30.657134 ], [ -101.753996, 30.655545 ], [ -101.753304, 30.650795 ], [ -101.752326, 30.649695 ], [ -101.750433, 30.649691 ], [ -101.749073, 30.650978 ], [ -101.747283, 30.650491 ], [ -101.745294, 30.650771 ], [ -101.744558, 30.652193 ], [ -101.739153, 30.652401 ], [ -101.736784, 30.654048 ], [ -101.732828, 30.652496 ], [ -101.730989, 30.652219 ], [ -101.728526, 30.651228 ], [ -101.72678, 30.651408 ], [ -101.724304, 30.650974 ], [ -101.723609, 30.649896 ], [ -101.722148, 30.649919 ], [ -101.721153, 30.651011 ], [ -101.718854, 30.650358 ], [ -101.717727, 30.651142 ], [ -101.714003, 30.652459 ], [ -101.712065, 30.654643 ], [ -101.711285, 30.654415 ], [ -101.710905, 30.65299 ], [ -101.709223, 30.652688 ], [ -101.70867, 30.649711 ], [ -101.706776, 30.647732 ], [ -101.706074, 30.647726 ], [ -101.702982, 30.646031 ], [ -101.699895, 30.648431 ], [ -101.698511, 30.64855 ], [ -101.696127, 30.647583 ], [ -101.692655, 30.645687 ], [ -101.69201, 30.642915 ], [ -101.690965, 30.640578 ], [ -101.689683, 30.639047 ], [ -101.686697, 30.638119 ], [ -101.684247, 30.637956 ], [ -101.681424, 30.637174 ], [ -101.675907, 30.637456 ], [ -101.673527, 30.639328 ], [ -101.669744, 30.637812 ], [ -101.670563, 30.636543 ], [ -101.669259, 30.633589 ], [ -101.666682, 30.632345 ], [ -101.666427, 30.628972 ], [ -101.663674, 30.626959 ], [ -101.661178, 30.626218 ], [ -101.659864, 30.624772 ], [ -101.657064, 30.623434 ], [ -101.654234, 30.62298 ], [ -101.652446, 30.620471 ], [ -101.65263, 30.619374 ], [ -101.654242, 30.619416 ], [ -101.655032, 30.618678 ], [ -101.658565, 30.61693 ], [ -101.658628, 30.615712 ], [ -101.65582, 30.615474 ], [ -101.656038, 30.615015 ], [ -101.659612, 30.613425 ], [ -101.659817, 30.612651 ], [ -101.657971, 30.611461 ], [ -101.657939, 30.609986 ], [ -101.659179, 30.607965 ], [ -101.658697, 30.606127 ], [ -101.656261, 30.604563 ], [ -101.656276, 30.603627 ], [ -101.657998, 30.600302 ], [ -101.65824, 30.596344 ], [ -101.659792, 30.594391 ], [ -101.662488, 30.593099 ], [ -101.662625, 30.590943 ], [ -101.663509, 30.588727 ], [ -101.661138, 30.586521 ], [ -101.661012, 30.585359 ], [ -101.659696, 30.584596 ], [ -101.65748, 30.584613 ], [ -101.656714, 30.583735 ], [ -101.655827, 30.581926 ], [ -101.655023, 30.578638 ], [ -101.656326, 30.577859 ], [ -101.655642, 30.576476 ], [ -101.654581, 30.576315 ], [ -101.653427, 30.574004 ], [ -101.651922, 30.57296 ], [ -101.651213, 30.571127 ], [ -101.651266, 30.568217 ], [ -101.649027, 30.567706 ], [ -101.648039, 30.565445 ], [ -101.648485, 30.563691 ], [ -101.646245, 30.560763 ], [ -101.646655, 30.556974 ], [ -101.648467, 30.556101 ], [ -101.648179, 30.553567 ], [ -101.646599, 30.550952 ], [ -101.647665, 30.549663 ], [ -101.649708, 30.548731 ], [ -101.652245, 30.549079 ], [ -101.653587, 30.546127 ], [ -101.655132, 30.543693 ], [ -101.656469, 30.542519 ], [ -101.657066, 30.539872 ], [ -101.658591, 30.539136 ], [ -101.662145, 30.536473 ], [ -101.661423, 30.534826 ], [ -101.662258, 30.53328 ], [ -101.667367, 30.530855 ], [ -101.668135, 30.529044 ], [ -101.667598, 30.528024 ], [ -101.669783, 30.527357 ], [ -101.673233, 30.524223 ], [ -101.676921, 30.524616 ], [ -101.679184, 30.523493 ], [ -101.679959, 30.521795 ], [ -101.679284, 30.519709 ], [ -101.680135, 30.518486 ], [ -101.679583, 30.515188 ], [ -101.67982, 30.513594 ], [ -101.679235, 30.510833 ], [ -101.676945, 30.508657 ], [ -101.676559, 30.5078 ], [ -101.676657, 30.50478 ], [ -101.675111, 30.501862 ], [ -101.676964, 30.499449 ], [ -101.679239, 30.498774 ], [ -101.681107, 30.498988 ], [ -101.682215, 30.498232 ], [ -101.682007, 30.496721 ], [ -101.685273, 30.495181 ], [ -101.689154, 30.495606 ], [ -101.690138, 30.494367 ], [ -101.690689, 30.492349 ], [ -101.691825, 30.491418 ], [ -101.691461, 30.488284 ], [ -101.691744, 30.487191 ], [ -101.691047, 30.48532 ], [ -101.691155, 30.483498 ], [ -101.690038, 30.48246 ], [ -101.690323, 30.480948 ], [ -101.69148, 30.480491 ], [ -101.690255, 30.477296 ], [ -101.686824, 30.473684 ], [ -101.68785, 30.473589 ], [ -101.689266, 30.471221 ], [ -101.689443, 30.469814 ], [ -101.688867, 30.46762 ], [ -101.69004, 30.466706 ], [ -101.693767, 30.465367 ], [ -101.695904, 30.464917 ], [ -101.697665, 30.463431 ], [ -101.698235, 30.46168 ], [ -101.699652, 30.459775 ], [ -101.700101, 30.457599 ], [ -101.705508, 30.457485 ], [ -101.706944, 30.45864 ], [ -101.709672, 30.459237 ], [ -101.71225, 30.461523 ], [ -101.713273, 30.462953 ], [ -101.713659, 30.464691 ], [ -101.715098, 30.467105 ], [ -101.717098, 30.465899 ], [ -101.718709, 30.466613 ], [ -101.721303, 30.469516 ], [ -101.721896, 30.471016 ], [ -101.725589, 30.471885 ], [ -101.726535, 30.471042 ], [ -101.72839, 30.470776 ], [ -101.729638, 30.469018 ], [ -101.731846, 30.467339 ], [ -101.730457, 30.464656 ], [ -101.730946, 30.462964 ], [ -101.730655, 30.46153 ], [ -101.731673, 30.459888 ], [ -101.730354, 30.459403 ], [ -101.728851, 30.460046 ], [ -101.724946, 30.456613 ], [ -101.719249, 30.455138 ], [ -101.718896, 30.454462 ], [ -101.719726, 30.451519 ], [ -101.721273, 30.44781 ], [ -101.720047, 30.443129 ], [ -101.720323, 30.442225 ], [ -101.724341, 30.439456 ], [ -101.726499, 30.437662 ], [ -101.729163, 30.434416 ], [ -101.730702, 30.43332 ], [ -101.732751, 30.430105 ], [ -101.735174, 30.428752 ], [ -101.737232, 30.428146 ], [ -101.739291, 30.425155 ], [ -101.739295, 30.423875 ], [ -101.740552, 30.421321 ], [ -101.740165, 30.420584 ], [ -101.737199, 30.418764 ], [ -101.735204, 30.414384 ], [ -101.73221, 30.412064 ], [ -101.730277, 30.410156 ], [ -101.729641, 30.408906 ], [ -101.728322, 30.408152 ], [ -101.726005, 30.408321 ], [ -101.723345, 30.405946 ], [ -101.721657, 30.405706 ], [ -101.719422, 30.406662 ], [ -101.71795, 30.406352 ], [ -101.716093, 30.405053 ], [ -101.714327, 30.404595 ], [ -101.709595, 30.405266 ], [ -101.704945, 30.403661 ], [ -101.703807, 30.402527 ], [ -101.700942, 30.401848 ], [ -101.699259, 30.399136 ], [ -101.696294, 30.39729 ], [ -101.695255, 30.395969 ], [ -101.694458, 30.393294 ], [ -101.695433, 30.389179 ], [ -101.695273, 30.384909 ], [ -101.695966, 30.384124 ], [ -101.698653, 30.383899 ], [ -101.698637, 30.382641 ], [ -101.697644, 30.380773 ], [ -101.695464, 30.378961 ], [ -101.693131, 30.378884 ], [ -101.691051, 30.377681 ], [ -101.690746, 30.375619 ], [ -101.688147, 30.372787 ], [ -101.686534, 30.371534 ], [ -101.685271, 30.369532 ], [ -101.68222, 30.367993 ], [ -101.681007, 30.368254 ], [ -101.677767, 30.366666 ], [ -101.674959, 30.366884 ], [ -101.673271, 30.364815 ], [ -101.669676, 30.364518 ], [ -101.666187, 30.36365 ], [ -101.663378, 30.361499 ], [ -101.661551, 30.359461 ], [ -101.658402, 30.357675 ], [ -101.658105, 30.356684 ], [ -101.659373, 30.35436 ], [ -101.658485, 30.352637 ], [ -101.657945, 30.349557 ], [ -101.657927, 30.345903 ], [ -101.659212, 30.343474 ], [ -101.658886, 30.342622 ], [ -101.660645, 30.341522 ], [ -101.662612, 30.340966 ], [ -101.665741, 30.341117 ], [ -101.667713, 30.340545 ], [ -101.669557, 30.339355 ], [ -101.676418, 30.339979 ], [ -101.679087, 30.341516 ], [ -101.682053, 30.341167 ], [ -101.683998, 30.342401 ], [ -101.685782, 30.342735 ], [ -101.688474, 30.34408 ], [ -101.689283, 30.345438 ], [ -101.691003, 30.346433 ], [ -101.694414, 30.346763 ], [ -101.700606, 30.345928 ], [ -101.702793, 30.344814 ], [ -101.704501, 30.344486 ], [ -101.705331, 30.34358 ], [ -101.708333, 30.343004 ], [ -101.712444, 30.339428 ], [ -101.715404, 30.339822 ], [ -101.717429, 30.338418 ], [ -101.718334, 30.337014 ], [ -101.721612, 30.335038 ], [ -101.723257, 30.334884 ], [ -101.724859, 30.332634 ], [ -101.728474, 30.332045 ], [ -101.731036, 30.328986 ], [ -101.732563, 30.327756 ], [ -101.734495, 30.327134 ], [ -101.737097, 30.326921 ], [ -101.737934, 30.323913 ], [ -101.739366, 30.321946 ], [ -101.740755, 30.321163 ], [ -101.741068, 30.319477 ], [ -101.740206, 30.318977 ], [ -101.741516, 30.315944 ], [ -101.740841, 30.312801 ], [ -101.742921, 30.308981 ], [ -101.74329, 30.306485 ], [ -101.744399, 30.303597 ], [ -101.744509, 30.301277 ], [ -101.745846, 30.299056 ], [ -101.747297, 30.297439 ], [ -101.748902, 30.296522 ], [ -101.750225, 30.296821 ], [ -101.752866, 30.295975 ], [ -101.758381, 30.289685 ], [ -101.7584, 30.288044 ], [ -101.64828, 30.288527 ], [ -101.633028, 30.288047 ], [ -101.547865, 30.28817 ], [ -101.375391, 30.288015 ], [ -101.250016, 30.28825 ], [ -101.246384, 30.28804 ], [ -101.071221, 30.287686 ], [ -101.005154, 30.287333 ], [ -101.000381, 30.288079 ], [ -100.972067, 30.287596 ], [ -100.960643, 30.287776 ], [ -100.800415, 30.288058 ], [ -100.700393, 30.288276 ], [ -100.645401, 30.28817 ], [ -100.116461, 30.290296 ], [ -99.959768, 30.290177 ], [ -99.958414, 30.289992 ], [ -99.942849, 30.290071 ], [ -99.936735, 30.290431 ], [ -99.914897, 30.290292 ], [ -99.910959, 30.290407 ], [ -99.875346, 30.290228 ], [ -99.754142, 30.290698 ], [ -99.757621, 30.074132 ], [ -99.918029, 30.073637 ], [ -99.917482, 30.078597 ], [ -99.928354, 30.079411 ], [ -99.943779, 30.080568 ], [ -99.967626, 30.082356 ], [ -99.968043, 30.077907 ], [ -99.973046, 30.024591 ], [ -99.989672, 30.025747 ], [ -100.000349, 29.919694 ], [ -100.000349, 29.915405 ], [ -100.002302, 29.896828 ], [ -100.009015, 29.897121 ], [ -100.009412, 29.894505 ], [ -100.010303, 29.893796 ], [ -100.016788, 29.891147 ], [ -100.019579, 29.888282 ], [ -100.020647, 29.885103 ], [ -100.023615, 29.882777 ], [ -100.022972, 29.881572 ], [ -100.022894, 29.878376 ], [ -100.023902, 29.875917 ], [ -100.023871, 29.874423 ], [ -100.022832, 29.873074 ], [ -100.021722, 29.872915 ], [ -100.019556, 29.869589 ], [ -100.019811, 29.867342 ], [ -100.019414, 29.865411 ], [ -100.02004, 29.86364 ], [ -100.022211, 29.86216 ], [ -100.022086, 29.859872 ], [ -100.022599, 29.85639 ], [ -100.022165, 29.854074 ], [ -100.023427, 29.85172 ], [ -100.024032, 29.849204 ], [ -100.026167, 29.848437 ], [ -100.03088, 29.848273 ], [ -100.033298, 29.846453 ], [ -100.034238, 29.846249 ], [ -100.034827, 29.844065 ], [ -100.033532, 29.84252 ], [ -100.031402, 29.841004 ], [ -100.031947, 29.839217 ], [ -100.031458, 29.836985 ], [ -100.03014, 29.835709 ], [ -100.028487, 29.83545 ], [ -100.027761, 29.834157 ], [ -100.027907, 29.83276 ], [ -100.026759, 29.830488 ], [ -100.025542, 29.829063 ], [ -100.026483, 29.826587 ], [ -100.027266, 29.82436 ], [ -100.025765, 29.822555 ], [ -100.025589, 29.820905 ], [ -100.023692, 29.817285 ], [ -100.023648, 29.815975 ], [ -100.022558, 29.81514 ], [ -100.020286, 29.815727 ], [ -100.019018, 29.815314 ], [ -100.017075, 29.812007 ], [ -100.016788, 29.809455 ], [ -100.017287, 29.807442 ], [ -100.016474, 29.805885 ], [ -100.016172, 29.802881 ], [ -100.01553, 29.801219 ], [ -100.015946, 29.800422 ], [ -100.013469, 29.796301 ], [ -100.013457, 29.795624 ], [ -100.013291, 29.794339 ], [ -100.01834, 29.791737 ], [ -100.020819, 29.792062 ], [ -100.02227, 29.790852 ], [ -100.024812, 29.789995 ], [ -100.026912, 29.79004 ], [ -100.02869, 29.789385 ], [ -100.029391, 29.786921 ], [ -100.028496, 29.785067 ], [ -100.029317, 29.783059 ], [ -100.031562, 29.781091 ], [ -100.036084, 29.778902 ], [ -100.036281, 29.775937 ], [ -100.035138, 29.77351 ], [ -100.032923, 29.771557 ], [ -100.031584, 29.770952 ], [ -100.030639, 29.767698 ], [ -100.030804, 29.766739 ], [ -100.029411, 29.763702 ], [ -100.029904, 29.761463 ], [ -100.028322, 29.758431 ], [ -100.02582, 29.757991 ], [ -100.0241, 29.75327 ], [ -100.025292, 29.751197 ], [ -100.024552, 29.748378 ], [ -100.021997, 29.745766 ], [ -100.022272, 29.743906 ], [ -100.024296, 29.742465 ], [ -100.025544, 29.742405 ], [ -100.028063, 29.741285 ], [ -100.029188, 29.738599 ], [ -100.029605, 29.73647 ], [ -100.029152, 29.733581 ], [ -100.027924, 29.731157 ], [ -100.024937, 29.729763 ], [ -100.024717, 29.728333 ], [ -100.026393, 29.726969 ], [ -100.025764, 29.724367 ], [ -100.02637, 29.723184 ], [ -100.030416, 29.721051 ], [ -100.033498, 29.721266 ], [ -100.037589, 29.72116 ], [ -100.038252, 29.720521 ], [ -100.039529, 29.718717 ], [ -100.063741, 29.71106 ], [ -100.060339, 29.709552 ], [ -100.057365, 29.709959 ], [ -100.055298, 29.708842 ], [ -100.053508, 29.708908 ], [ -100.052097, 29.709645 ], [ -100.04996, 29.708182 ], [ -100.046268, 29.706487 ], [ -100.047384, 29.704325 ], [ -100.047573, 29.702367 ], [ -100.045677, 29.697823 ], [ -100.045791, 29.694924 ], [ -100.044014, 29.693301 ], [ -100.040776, 29.692937 ], [ -100.039, 29.689917 ], [ -100.035755, 29.68919 ], [ -100.032234, 29.689008 ], [ -100.030407, 29.688584 ], [ -100.030718, 29.686293 ], [ -100.028122, 29.683182 ], [ -100.025186, 29.683428 ], [ -100.025142, 29.681366 ], [ -100.021786, 29.678603 ], [ -100.01716, 29.677154 ], [ -100.017013, 29.676178 ], [ -100.01903, 29.673417 ], [ -100.020025, 29.671129 ], [ -100.021249, 29.669689 ], [ -100.027975, 29.667509 ], [ -100.030143, 29.665893 ], [ -100.030451, 29.665005 ], [ -100.030303, 29.663256 ], [ -100.028423, 29.660525 ], [ -100.026715, 29.658769 ], [ -100.026234, 29.657134 ], [ -100.023577, 29.654295 ], [ -100.021254, 29.652726 ], [ -100.020108, 29.6503 ], [ -100.018353, 29.64828 ], [ -100.017388, 29.646204 ], [ -100.015932, 29.644543 ], [ -100.014582, 29.643883 ], [ -100.01363, 29.642321 ], [ -100.013616, 29.641111 ], [ -100.012035, 29.639862 ], [ -100.010271, 29.63919 ], [ -100.008436, 29.63706 ], [ -100.009202, 29.635221 ], [ -100.00843, 29.633022 ], [ -100.00738, 29.63228 ], [ -100.009001, 29.629239 ], [ -100.010072, 29.62801 ], [ -100.01323, 29.626541 ], [ -100.014247, 29.625226 ], [ -100.014188, 29.623495 ], [ -100.011625, 29.623499 ], [ -99.91422, 29.624142 ], [ -99.880137, 29.624348 ], [ -99.87534, 29.624377 ], [ -99.801272, 29.624525 ], [ -99.787856, 29.624591 ], [ -99.755369, 29.624763 ], [ -99.751765, 29.624772 ], [ -99.745505, 29.625219 ], [ -99.670042, 29.626205 ], [ -99.667282, 29.626244 ], [ -99.60313, 29.627181 ], [ -99.534606, 29.627497 ], [ -99.490464, 29.627691 ], [ -99.4295, 29.62754 ], [ -99.411817, 29.627514 ], [ -99.412227, 29.561277 ], [ -99.412588, 29.503491 ], [ -99.412906, 29.50023 ], [ -99.412372, 29.484117 ], [ -99.412541, 29.472429 ], [ -99.412378, 29.468121 ], [ -99.412623, 29.460368 ], [ -99.41226, 29.344947 ], [ -99.41236, 29.342601 ], [ -99.412442, 29.313679 ], [ -99.413104, 29.125241 ], [ -99.413443, 29.120599 ], [ -99.413862, 29.093096 ], [ -99.41388, 29.091335 ], [ -99.413383, 29.03308 ], [ -99.412345, 28.920603 ], [ -99.411981, 28.883326 ], [ -99.411735, 28.838022 ], [ -99.411596, 28.819232 ], [ -99.40968, 28.716267 ], [ -99.409684, 28.712098 ], [ -99.409759, 28.707642 ], [ -99.409366, 28.703522 ], [ -99.409021, 28.640566 ], [ -99.493421, 28.641402 ], [ -99.493381, 28.641336 ], [ -99.503898, 28.641281 ], [ -99.526761, 28.642573 ], [ -99.623932, 28.642867 ], [ -99.625323, 28.642952 ], [ -99.780854, 28.643827 ], [ -99.797866, 28.643861 ], [ -99.814529, 28.643902 ], [ -99.816766, 28.643938 ], [ -99.845042, 28.643959 ], [ -99.875286, 28.643934 ], [ -99.883101, 28.644326 ], [ -99.913051, 28.646756 ], [ -100.003333, 28.647317 ], [ -100.114336, 28.648122 ], [ -100.114269, 28.629686 ], [ -100.11402, 28.489864 ] ] ] } },
{ "type": "Feature", "properties": { "FederalDivisionName": "El Paso", "FederalJudicialDistrict": "Western" }, "geometry": { "type": "Polygon", "coordinates": [ [ [ -106.645479, 31.89867 ], [ -106.64084, 31.904598 ], [ -106.633668, 31.90979 ], [ -106.625947, 31.912227 ], [ -106.623445, 31.914034 ], [ -106.618870841296001, 31.916029256170599 ], [ -106.614773615005006, 31.917816473573499 ], [ -106.614346, 31.918003 ], [ -106.611846, 31.920003 ], [ -106.616219945086996, 31.9219325007201 ], [ -106.623933, 31.925335 ], [ -106.628663, 31.923614 ], [ -106.629747, 31.92657 ], [ -106.625322, 31.930053 ], [ -106.624063688275001, 31.9322200173285 ], [ -106.622529, 31.934863 ], [ -106.622117, 31.936621 ], [ -106.622377, 31.940863 ], [ -106.623659, 31.94551 ], [ -106.616136, 31.948439 ], [ -106.614702, 31.956 ], [ -106.617708, 31.956008 ], [ -106.622819, 31.952891 ], [ -106.625123, 31.954531 ], [ -106.625535, 31.957476 ], [ -106.625479651191, 31.957636224950299 ], [ -106.624299, 31.961054 ], [ -106.620454, 31.963403 ], [ -106.619371, 31.964777 ], [ -106.618745, 31.966955 ], [ -106.619569, 31.971578 ], [ -106.621873, 31.972933 ], [ -106.623216, 31.97291 ], [ -106.626466, 31.97069 ], [ -106.630114, 31.971258 ], [ -106.638186, 31.97682 ], [ -106.639529, 31.980348 ], [ -106.636492, 31.985719 ], [ -106.631182, 31.989809 ], [ -106.629738267253998, 31.990034642496401 ], [ -106.629395469947994, 31.9900882186448 ], [ -106.626910882874995, 31.990476537349402 ], [ -106.623568, 31.990999 ], [ -106.619448, 31.994733 ], [ -106.618582490047999, 31.999917062725899 ], [ -106.618486, 32.000495 ], [ -106.607003960449006, 32.000634750455603 ], [ -106.599096, 32.000731 ], [ -106.598639, 32.000754 ], [ -106.598587847317006, 32.0007543713443 ], [ -106.595333, 32.000778 ], [ -106.591890839803, 32.000764438982998 ], [ -106.587972, 32.000749 ], [ -106.582639021187006, 32.000751433372301 ], [ -106.582636656977002, 32.000751434451097 ], [ -106.582131596828006, 32.000751664903802 ], [ -106.570448009123993, 32.000756995980502 ], [ -106.566056, 32.000759 ], [ -106.565142, 32.000736 ], [ -106.562214799928995, 32.000747361716897 ], [ -106.517061631199994, 32.0009226204998 ], [ -106.513986530032994, 32.0009345562842 ], [ -106.476664052092005, 32.001079420802903 ], [ -106.462788584465997, 32.001133277434398 ], [ -106.443916071922004, 32.001206529736997 ], [ -106.411089898857995, 32.0013339421712 ], [ -106.411075, 32.001334 ], [ -106.408964681989005, 32.0013528679562 ], [ -106.394298, 32.001484 ], [ -106.377179820505006, 32.0011777046509 ], [ -106.376861, 32.001172 ], [ -106.360959545230003, 32.001257069305197 ], [ -106.356808566918005, 32.001279276131299 ], [ -106.340645302761004, 32.001365746059498 ], [ -106.327377040936, 32.0014367283583 ], [ -106.326502039229993, 32.001441409426 ], [ -106.323469336526003, 32.001457633722197 ], [ -106.323369075398006, 32.001458170097301 ], [ -106.313307, 32.001512 ], [ -106.267860017968999, 32.001617796944899 ], [ -106.205915, 32.001762 ], [ -106.200699, 32.001785 ], [ -106.200682849112994, 32.001785226946602 ], [ -106.18184, 32.00205 ], [ -106.125534, 32.002533 ], [ -106.099737346294006, 32.002491533109499 ], [ -105.998003, 32.002328 ], [ -105.997806, 32.000104 ], [ -105.997107, 31.933405 ], [ -105.99705, 31.927642 ], [ -105.996783, 31.901587 ], [ -105.996185, 31.829363 ], [ -105.995766, 31.750109 ], [ -105.995413, 31.748173 ], [ -105.994756, 31.679688 ], [ -105.993889, 31.606694 ], [ -105.993415, 31.563752 ], [ -105.992695, 31.500109 ], [ -105.993255, 31.478392 ], [ -105.959262, 31.478417 ], [ -105.958548, 31.423461 ], [ -105.954328, 31.423468 ], [ -105.972273, 31.408312 ], [ -105.997132001252993, 31.387246427541999 ], [ -106.002304, 31.391147 ], [ -106.004926, 31.392458 ], [ -106.007119, 31.392839 ], [ -106.013711, 31.393334 ], [ -106.027297, 31.394128 ], [ -106.056998, 31.396346 ], [ -106.074495, 31.397559 ], [ -106.076857, 31.397892 ], [ -106.080258, 31.398702 ], [ -106.082818, 31.399921 ], [ -106.084977, 31.401446 ], [ -106.088551, 31.404801 ], [ -106.09723, 31.412791 ], [ -106.102628370600002, 31.4179892669823 ], [ -106.103327, 31.418662 ], [ -106.106877, 31.421403 ], [ -106.108615, 31.422375 ], [ -106.110112, 31.423017 ], [ -106.112169, 31.423578 ], [ -106.115002, 31.423708 ], [ -106.123902736188995, 31.423727594869501 ], [ -106.124541, 31.423729 ], [ -106.125656, 31.423946 ], [ -106.127353, 31.423992 ], [ -106.129672, 31.424348 ], [ -106.130919596821997, 31.424756778508499 ], [ -106.132782, 31.425367 ], [ -106.142777166957003, 31.430118473334002 ], [ -106.142793, 31.430126 ], [ -106.154235, 31.435717 ], [ -106.156428, 31.437041 ], [ -106.159268, 31.439189 ], [ -106.163043, 31.443544 ], [ -106.166071, 31.446963 ], [ -106.170276, 31.451289 ], [ -106.171789, 31.452569 ], [ -106.174065, 31.45418 ], [ -106.175625, 31.455206 ], [ -106.178378, 31.456465 ], [ -106.180304, 31.457107 ], [ -106.194343, 31.460658 ], [ -106.194417, 31.461001 ], [ -106.199606, 31.462308 ], [ -106.203253, 31.46401 ], [ -106.205042, 31.465042 ], [ -106.206544, 31.466199 ], [ -106.208835, 31.46835 ], [ -106.213164156744, 31.473244648249601 ], [ -106.218259, 31.479005 ], [ -106.219074, 31.48028 ], [ -106.21962, 31.481561 ], [ -106.223664, 31.49842 ], [ -106.224337, 31.50019 ], [ -106.225392, 31.501847 ], [ -106.235579, 31.511631 ], [ -106.236823, 31.513192 ], [ -106.237462, 31.514457 ], [ -106.241528815875, 31.527369339628201 ], [ -106.245117, 31.538762 ], [ -106.246203, 31.541153 ], [ -106.247808047365993, 31.542988350440499 ], [ -106.248245, 31.543488 ], [ -106.25478, 31.547997 ], [ -106.261529862266002, 31.5515723129928 ], [ -106.279589, 31.561138 ], [ -106.280459640494996, 31.561741433729601 ], [ -106.280472, 31.56175 ], [ -106.281141, 31.56267 ], [ -106.285249583707994, 31.576135444046301 ], [ -106.287785, 31.584445 ], [ -106.288314885871003, 31.5859497649014 ], [ -106.288480809809997, 31.5864209541413 ], [ -106.28874, 31.587157 ], [ -106.292939, 31.594326 ], [ -106.295658269750007, 31.601017064875599 ], [ -106.296671, 31.603509 ], [ -106.297761, 31.604306 ], [ -106.300889, 31.609624 ], [ -106.300848, 31.611432 ], [ -106.300617, 31.613262 ], [ -106.302886, 31.6186 ], [ -106.302831, 31.620177 ], [ -106.303034, 31.62127 ], [ -106.303603991093993, 31.622467964040599 ], [ -106.303614, 31.622489 ], [ -106.307625558623997, 31.6289456053943 ], [ -106.308098, 31.629706 ], [ -106.312059, 31.634614 ], [ -106.320139106667, 31.644620060056599 ], [ -106.325136, 31.650808 ], [ -106.327254, 31.65438 ], [ -106.330250217230002, 31.658276724051699 ], [ -106.334737, 31.664112 ], [ -106.337958196274002, 31.671206640723401 ], [ -106.346981507671003, 31.6910803606232 ], [ -106.349538, 31.696711 ], [ -106.357006, 31.702187 ], [ -106.368301051686998, 31.7095172159088 ], [ -106.370139, 31.71071 ], [ -106.37237, 31.712569 ], [ -106.373839, 31.71481 ], [ -106.378039, 31.72831 ], [ -106.379375, 31.730263 ], [ -106.381039, 31.73211 ], [ -106.385816471414003, 31.734686269034899 ], [ -106.394602172681999, 31.739423990764301 ], [ -106.404166875559, 31.744581791977101 ], [ -106.41794, 31.752009 ], [ -106.421849, 31.752928 ], [ -106.421974510604997, 31.752944588844901 ], [ -106.431541, 31.754209 ], [ -106.435479, 31.755189 ], [ -106.438426, 31.756756 ], [ -106.444651376514997, 31.760484428140899 ], [ -106.451064, 31.764325 ], [ -106.451560045362001, 31.764354153543199 ], [ -106.453344, 31.764459 ], [ -106.455292, 31.764081 ], [ -106.466912, 31.759571 ], [ -106.4685, 31.758249 ], [ -106.470202, 31.753781 ], [ -106.470991, 31.752214 ], [ -106.472493, 31.750852 ], [ -106.473319434990998, 31.750650608987101 ], [ -106.475542, 31.750109 ], [ -106.482707276301994, 31.748297996099399 ], [ -106.484642, 31.747809 ], [ -106.486856, 31.747721 ], [ -106.489542, 31.748408 ], [ -106.494677, 31.751804 ], [ -106.496479, 31.753843 ], [ -106.500089, 31.755527 ], [ -106.501391, 31.757042 ], [ -106.503482, 31.758168 ], [ -106.505818, 31.760472 ], [ -106.507326, 31.761192 ], [ -106.51006, 31.761258 ], [ -106.510741339548005, 31.7626365885477 ], [ -106.511045, 31.763251 ], [ -106.511917, 31.767377 ], [ -106.512488, 31.769044 ], [ -106.513687, 31.770711 ], [ -106.514871, 31.771588 ], [ -106.516272, 31.771632 ], [ -106.517842, 31.771813 ], [ -106.523643, 31.776207 ], [ -106.525178, 31.778442 ], [ -106.528643, 31.781807 ], [ -106.528641, 31.782307 ], [ -106.52854, 31.782573 ], [ -106.528242, 31.783148 ], [ -106.528041, 31.78398 ], [ -106.528124, 31.784985 ], [ -106.527997, 31.786945 ], [ -106.527623, 31.789119 ], [ -106.527738, 31.789761 ], [ -106.527943, 31.790507 ], [ -106.530515, 31.792103 ], [ -106.53248, 31.791914 ], [ -106.533, 31.791829 ], [ -106.533043, 31.791907 ], [ -106.534743, 31.796107 ], [ -106.535154, 31.797089 ], [ -106.535343, 31.797507 ], [ -106.535843, 31.798607 ], [ -106.542097, 31.802146 ], [ -106.542144, 31.802107 ], [ -106.544714, 31.804287 ], [ -106.545344, 31.805007 ], [ -106.546576524958994, 31.806580523530901 ], [ -106.547144, 31.807305 ], [ -106.548532193957001, 31.807685954819501 ], [ -106.550827224242994, 31.808315767998 ], [ -106.558444, 31.810406 ], [ -106.562945, 31.811104 ], [ -106.563444, 31.812606 ], [ -106.566844, 31.813306 ], [ -106.569009504541995, 31.8116686672975 ], [ -106.570944, 31.810206 ], [ -106.577244, 31.810406 ], [ -106.581344, 31.813906 ], [ -106.582144, 31.815506 ], [ -106.588045, 31.822106 ], [ -106.589045, 31.822706 ], [ -106.590129357199999, 31.823203838120499 ], [ -106.593826, 31.824901 ], [ -106.601232944887002, 31.8250033541424 ], [ -106.602727, 31.825024 ], [ -106.605267, 31.827912 ], [ -106.603424989632998, 31.834395632517801 ], [ -106.601945, 31.839605 ], [ -106.602045, 31.844405 ], [ -106.605245, 31.845905 ], [ -106.605746, 31.846239 ], [ -106.605845, 31.846305 ], [ -106.612810724433999, 31.8464515717721 ], [ -106.614637, 31.84649 ], [ -106.621857, 31.852854 ], [ -106.625763, 31.856276 ], [ -106.627808, 31.860593 ], [ -106.629701387774006, 31.8619089021707 ], [ -106.633548142476002, 31.864582391949899 ], [ -106.635926, 31.866235 ], [ -106.63588, 31.871514 ], [ -106.634873, 31.874478 ], [ -106.631344967302994, 31.878997588278001 ], [ -106.631315897573003, 31.879034828072498 ], [ -106.630799, 31.879697 ], [ -106.630256993624002, 31.8810570909056 ], [ -106.629197, 31.883717 ], [ -106.630352870140001, 31.885799885723898 ], [ -106.630370691536996, 31.885832 ], [ -106.630692, 31.886411 ], [ -106.633927, 31.889184 ], [ -106.638154, 31.891663 ], [ -106.6429, 31.892933 ], [ -106.645296, 31.894859 ], [ -106.645646, 31.895649 ], [ -106.645479, 31.89867 ] ] ] } },
{ "type": "Feature", "properties": { "FederalDivisionName": "Fort Worth", "FederalJudicialDistrict": "Northern" }, "geometry": { "type": "Polygon", "coordinates": [ [ [ -98.835607, 32.120244 ], [ -98.824767, 32.125051 ], [ -98.787552, 32.142965 ], [ -98.781578, 32.145884 ], [ -98.756302, 32.158235 ], [ -98.750333, 32.161508 ], [ -98.711206, 32.180116 ], [ -98.70255, 32.184241 ], [ -98.660238, 32.204451 ], [ -98.625331, 32.223054 ], [ -98.622177, 32.224514 ], [ -98.588784, 32.241779 ], [ -98.585519, 32.243327 ], [ -98.555, 32.259537 ], [ -98.551158, 32.261436 ], [ -98.53768, 32.268083 ], [ -98.534527, 32.269639 ], [ -98.520887, 32.2764 ], [ -98.500329, 32.286627 ], [ -98.474685, 32.299084 ], [ -98.475039, 32.348111 ], [ -98.475232, 32.373379 ], [ -98.47554, 32.376289 ], [ -98.475372, 32.388087 ], [ -98.475202, 32.392833 ], [ -98.475326, 32.408208 ], [ -98.475235, 32.459884 ], [ -98.475125, 32.460167 ], [ -98.475177, 32.513039 ], [ -98.495775, 32.513026 ], [ -98.500409, 32.513388 ], [ -98.572498, 32.515261 ], [ -98.576256, 32.515163 ], [ -98.576131, 32.572477 ], [ -98.575997, 32.623995 ], [ -98.576028, 32.679935 ], [ -98.576023, 32.733834 ], [ -98.57585, 32.75113 ], [ -98.575669, 32.857295 ], [ -98.575698, 32.880871 ], [ -98.575616, 32.954349 ], [ -98.521092, 32.953643 ], [ -98.519031, 32.953711 ], [ -98.427211, 32.9523 ], [ -98.427153, 32.989282 ], [ -98.426633, 33.00343 ], [ -98.426553, 33.007913 ], [ -98.425422, 33.088589 ], [ -98.424381, 33.155769 ], [ -98.42351, 33.18814 ], [ -98.422423, 33.22299 ], [ -98.420911, 33.29791 ], [ -98.420826, 33.362957 ], [ -98.420818, 33.369145 ], [ -98.420436, 33.375104 ], [ -98.420666, 33.396195 ], [ -98.421241, 33.450961 ], [ -98.421419, 33.466797 ], [ -98.297325, 33.466363 ], [ -98.24911, 33.466371 ], [ -98.214811, 33.466288 ], [ -98.196998, 33.466307 ], [ -98.172493, 33.466274 ], [ -98.050718, 33.466704 ], [ -98.045184, 33.466731 ], [ -97.978919, 33.467129 ], [ -97.978926, 33.463064 ], [ -97.978967, 33.433748 ], [ -97.918189, 33.433873 ], [ -97.879951, 33.43399 ], [ -97.839872, 33.433804 ], [ -97.831749, 33.433819 ], [ -97.817602, 33.433829 ], [ -97.798335, 33.433806 ], [ -97.793433, 33.433846 ], [ -97.760439, 33.433913 ], [ -97.759532, 33.43397 ], [ -97.747526, 33.433914 ], [ -97.610023, 33.434011 ], [ -97.582231, 33.433993 ], [ -97.502096, 33.433937 ], [ -97.487065, 33.433681 ], [ -97.481162, 33.433766 ], [ -97.480043, 33.433632 ], [ -97.383015, 33.43289 ], [ -97.383095, 33.43045 ], [ -97.383919, 33.404823 ], [ -97.384304, 33.404206 ], [ -97.384617, 33.396273 ], [ -97.385786, 33.364797 ], [ -97.385666, 33.362896 ], [ -97.386073, 33.35366 ], [ -97.388064, 33.307752 ], [ -97.388271, 33.294984 ], [ -97.389096, 33.277537 ], [ -97.389971, 33.260514 ], [ -97.390819, 33.246106 ], [ -97.390828, 33.245787 ], [ -97.390937, 33.242039 ], [ -97.391606, 33.218935 ], [ -97.391644, 33.21732 ], [ -97.391927, 33.207746 ], [ -97.393595, 33.153224 ], [ -97.393859, 33.143767 ], [ -97.393997, 33.139 ], [ -97.394207, 33.13177 ], [ -97.394514, 33.120707 ], [ -97.394735, 33.11299 ], [ -97.394972, 33.105706 ], [ -97.395238, 33.098275 ], [ -97.395479, 33.090945 ], [ -97.395594, 33.086818 ], [ -97.395612, 33.086202 ], [ -97.395783, 33.080372 ], [ -97.396223, 33.066681 ], [ -97.397155, 33.036517 ], [ -97.397919, 33.013242 ], [ -97.398265, 32.999963 ], [ -97.398459, 32.991732 ], [ -97.397209, 32.991724 ], [ -97.397051, 32.991723 ], [ -97.371853, 32.991615 ], [ -97.327762, 32.991418 ], [ -97.327048, 32.991415 ], [ -97.321019, 32.991388 ], [ -97.299651, 32.991282 ], [ -97.299329, 32.991282 ], [ -97.294743, 32.991262 ], [ -97.291165, 32.991243 ], [ -97.291142, 32.991243 ], [ -97.288777, 32.991232 ], [ -97.262795, 32.991096 ], [ -97.259912, 32.991082 ], [ -97.254164, 32.991052 ], [ -97.23525, 32.990954 ], [ -97.234529, 32.990949 ], [ -97.228762, 32.990919 ], [ -97.210339, 32.990815 ], [ -97.185457, 32.990677 ], [ -97.184356, 32.99067 ], [ -97.18381, 32.990667 ], [ -97.169189, 32.990576 ], [ -97.167259, 32.990564 ], [ -97.13758, 32.990377 ], [ -97.130244, 32.990335 ], [ -97.124143, 32.990296 ], [ -97.108161, 32.990197 ], [ -97.088162, 32.990073 ], [ -97.08645, 32.990061 ], [ -97.076604, 32.990001 ], [ -97.071136, 32.989965 ], [ -97.0618, 32.989904 ], [ -97.045477, 32.989792 ], [ -97.031007, 32.989691 ], [ -97.031116, 32.984638 ], [ -97.031385, 32.972835 ], [ -97.031438, 32.969923 ], [ -97.031707, 32.955001 ], [ -97.031817, 32.94885 ], [ -97.031906, 32.943867 ], [ -97.032147, 32.930409 ], [ -97.032334, 32.920167 ], [ -97.032625, 32.904289 ], [ -97.033088, 32.87832 ], [ -97.03384, 32.838532 ], [ -97.033857, 32.837134 ], [ -97.03386, 32.83695 ], [ -97.033862, 32.836508 ], [ -97.033904, 32.83429 ], [ -97.034226, 32.816958 ], [ -97.034233, 32.816662 ], [ -97.034437, 32.805156 ], [ -97.034396, 32.803309 ], [ -97.034405, 32.802937 ], [ -97.034711, 32.788482 ], [ -97.034713, 32.788412 ], [ -97.034771, 32.785027 ], [ -97.034934, 32.779929 ], [ -97.035114, 32.765372 ], [ -97.035171, 32.759693 ], [ -97.035167, 32.759368 ], [ -97.035191, 32.757098 ], [ -97.035518, 32.739709 ], [ -97.035522, 32.739451 ], [ -97.035528, 32.739128 ], [ -97.035752, 32.725956 ], [ -97.03584, 32.720598 ], [ -97.035996, 32.711097 ], [ -97.036077, 32.706125 ], [ -97.036295, 32.693227 ], [ -97.036327, 32.691321 ], [ -97.036443, 32.684083 ], [ -97.036574, 32.676206 ], [ -97.036579, 32.675912 ], [ -97.03674, 32.666274 ], [ -97.036824, 32.659489 ], [ -97.036907, 32.655158 ], [ -97.037063, 32.645873 ], [ -97.037072, 32.645436 ], [ -97.03721, 32.638371 ], [ -97.037455, 32.622841 ], [ -97.037623, 32.612774 ], [ -97.038067, 32.586288 ], [ -97.038291, 32.573359 ], [ -97.038405, 32.566768 ], [ -97.038523, 32.559998 ], [ -97.038685, 32.548666 ], [ -97.044529, 32.54874 ], [ -97.049831, 32.548804 ], [ -97.052717, 32.54884 ], [ -97.065179, 32.548994 ], [ -97.066917, 32.549015 ], [ -97.08509, 32.549239 ], [ -97.087055, 32.549296 ], [ -97.099624, 32.549789 ], [ -97.109331, 32.549608 ], [ -97.129034, 32.549832 ], [ -97.129896, 32.549808 ], [ -97.167753, 32.550488 ], [ -97.17704, 32.550646 ], [ -97.186273, 32.551101 ], [ -97.205567, 32.551076 ], [ -97.232799, 32.551484 ], [ -97.237127, 32.551567 ], [ -97.237643, 32.551581 ], [ -97.260456, 32.551945 ], [ -97.260761, 32.551953 ], [ -97.278328, 32.552188 ], [ -97.287891, 32.552315 ], [ -97.304356, 32.552508 ], [ -97.313984, 32.552627 ], [ -97.314057, 32.552628 ], [ -97.319489, 32.55269 ], [ -97.336528, 32.552975 ], [ -97.346096, 32.552917 ], [ -97.349106, 32.553049 ], [ -97.351983, 32.553271 ], [ -97.353272, 32.553296 ], [ -97.363547, 32.553416 ], [ -97.363813, 32.553411 ], [ -97.364373, 32.553415 ], [ -97.364575, 32.553417 ], [ -97.370554, 32.553427 ], [ -97.396327, 32.553659 ], [ -97.399128, 32.553548 ], [ -97.412777, 32.553846 ], [ -97.425023, 32.554023 ], [ -97.471318, 32.555002 ], [ -97.472478, 32.555028 ], [ -97.503424, 32.555439 ], [ -97.550582, 32.555391 ], [ -97.571613, 32.555351 ], [ -97.583863, 32.555297 ], [ -97.584915, 32.555297 ], [ -97.605579, 32.555383 ], [ -97.606134, 32.555399 ], [ -97.606587, 32.55541 ], [ -97.617005, 32.555484 ], [ -97.616933, 32.539972 ], [ -97.616906, 32.537514 ], [ -97.616867, 32.533705 ], [ -97.616865, 32.531962 ], [ -97.616616, 32.520471 ], [ -97.616613, 32.520216 ], [ -97.616164, 32.506086 ], [ -97.615888, 32.490523 ], [ -97.616261, 32.479318 ], [ -97.617053, 32.471091 ], [ -97.616584, 32.441001 ], [ -97.616292, 32.427373 ], [ -97.615867, 32.405705 ], [ -97.615772, 32.399462 ], [ -97.615424, 32.362498 ], [ -97.615423, 32.36208 ], [ -97.615319, 32.349729 ], [ -97.615295, 32.347721 ], [ -97.615299, 32.346992 ], [ -97.615222, 32.318674 ], [ -97.61572, 32.318617 ], [ -97.684491, 32.317749 ], [ -97.685596, 32.317735 ], [ -97.707796, 32.317352 ], [ -97.708015, 32.317349 ], [ -97.728901, 32.317138 ], [ -97.743724, 32.316936 ], [ -97.78276, 32.316493 ], [ -97.787773, 32.313932 ], [ -97.796191, 32.309643 ], [ -97.806822, 32.304223 ], [ -97.819135, 32.297956 ], [ -97.8356, 32.289631 ], [ -97.858177, 32.278159 ], [ -97.862991, 32.275392 ], [ -97.868907, 32.272506 ], [ -97.880054, 32.266635 ], [ -97.945625, 32.233468 ], [ -97.940474, 32.221738 ], [ -97.91235, 32.171644 ], [ -97.904938, 32.158473 ], [ -97.889535, 32.131067 ], [ -97.889133, 32.130273 ], [ -97.888254, 32.12854 ], [ -97.864997, 32.087628 ], [ -97.864864, 32.087328 ], [ -97.99191, 32.024679 ], [ -98.000683, 32.020279 ], [ -98.005462, 32.017897 ], [ -98.019053, 32.011116 ], [ -98.039789, 32.000929 ], [ -98.039953, 32.00085 ], [ -98.041413, 32.000147 ], [ -98.042239, 31.999915 ], [ -98.043958, 31.999064 ], [ -98.208386, 31.917511 ], [ -98.191438, 31.8927 ], [ -98.180297, 31.876388 ], [ -98.162264, 31.850037 ], [ -98.156568, 31.841713 ], [ -98.240064, 31.798947 ], [ -98.29874, 31.768772 ], [ -98.326071, 31.754515 ], [ -98.447266, 31.692529 ], [ -98.463736, 31.683989 ], [ -98.492802, 31.723608 ], [ -98.499864, 31.723256 ], [ -98.521263, 31.720203 ], [ -98.589161, 31.71175 ], [ -98.618519, 31.707765 ], [ -98.625322, 31.706444 ], [ -98.629282, 31.705914 ], [ -98.629636, 31.705867 ], [ -98.630746, 31.705717 ], [ -98.631409, 31.70563 ], [ -98.645876, 31.703617 ], [ -98.658558, 31.701873 ], [ -98.665255, 31.700951 ], [ -98.668441, 31.700514 ], [ -98.669882, 31.702647 ], [ -98.677702, 31.714227 ], [ -98.678109, 31.71483 ], [ -98.683628, 31.723001 ], [ -98.693122, 31.73706 ], [ -98.701675, 31.749963 ], [ -98.72377, 31.782454 ], [ -98.741179, 31.808085 ], [ -98.750011, 31.821078 ], [ -98.750326, 31.821697 ], [ -98.783377, 31.8704 ], [ -98.786057, 31.875147 ], [ -98.788217, 31.878283 ], [ -98.792619, 31.884675 ], [ -98.801491, 31.897556 ], [ -98.84715, 31.964108 ], [ -98.861361, 31.984853 ], [ -98.9188, 32.069724 ], [ -98.924401, 32.078018 ], [ -98.887067, 32.096004 ], [ -98.847106, 32.115143 ], [ -98.835607, 32.120244 ] ] ] } },
{ "type": "Feature", "properties": { "FederalDivisionName": "Galveston", "FederalJudicialDistrict": "Southern" }, "geometry": { "type": "MultiPolygon", "coordinates": [ [ [ [ -96.361009, 28.470727 ], [ -96.352288, 28.509531 ], [ -96.322731, 28.642944 ], [ -96.323522, 28.675597 ], [ -96.31815, 28.776352 ], [ -96.317336, 28.790066 ], [ -96.315301, 28.829111 ], [ -96.310686, 28.922589 ], [ -96.310623, 28.930112 ], [ -96.31006, 28.941035 ], [ -96.309178, 28.963291 ], [ -96.297999, 28.968949 ], [ -96.297557, 28.969453 ], [ -96.265863, 28.986169 ], [ -96.257821, 28.990018 ], [ -96.240018, 28.99966 ], [ -96.207276, 29.017108 ], [ -96.119129, 29.063916 ], [ -96.038643, 29.106552 ], [ -95.984189, 29.136266 ], [ -95.965196, 29.146865 ], [ -95.964049, 29.147905 ], [ -95.933701, 29.175398 ], [ -95.912773, 29.194358 ], [ -95.884683, 29.219881 ], [ -95.884086, 29.220622 ], [ -95.87523, 29.228507 ], [ -95.874028, 29.229702 ], [ -95.841948, 29.258707 ], [ -95.842381, 29.259812 ], [ -95.84586, 29.261054 ], [ -95.847656, 29.26259 ], [ -95.79782, 29.307971 ], [ -95.784013, 29.296249 ], [ -95.752866, 29.324503 ], [ -95.750241, 29.323535 ], [ -95.747213, 29.322711 ], [ -95.672785, 29.299527 ], [ -95.669468, 29.29876 ], [ -95.66509, 29.298891 ], [ -95.66442, 29.296621 ], [ -95.663642, 29.295708 ], [ -95.661397, 29.294278 ], [ -95.659898, 29.29452 ], [ -95.656023, 29.292177 ], [ -95.654619, 29.290951 ], [ -95.653342, 29.293483 ], [ -95.65273, 29.294397 ], [ -95.650999, 29.294732 ], [ -95.648491, 29.29366 ], [ -95.646797, 29.294286 ], [ -95.64385, 29.293823 ], [ -95.641755, 29.294328 ], [ -95.64065, 29.296637 ], [ -95.63727, 29.296839 ], [ -95.637634, 29.295723 ], [ -95.636211, 29.295003 ], [ -95.635753, 29.295569 ], [ -95.634888, 29.294194 ], [ -95.632699, 29.293644 ], [ -95.631333, 29.29267 ], [ -95.630398, 29.293241 ], [ -95.629106, 29.292856 ], [ -95.627362, 29.293806 ], [ -95.626535, 29.293146 ], [ -95.625179, 29.295108 ], [ -95.624019, 29.295659 ], [ -95.622722, 29.298651 ], [ -95.620816, 29.299839 ], [ -95.62167, 29.301108 ], [ -95.622024, 29.305094 ], [ -95.623492, 29.306501 ], [ -95.627943, 29.309062 ], [ -95.628194, 29.309502 ], [ -95.625777, 29.312981 ], [ -95.622269, 29.315072 ], [ -95.621078, 29.316562 ], [ -95.620137, 29.316409 ], [ -95.616117, 29.319363 ], [ -95.615773, 29.32082 ], [ -95.614826, 29.321607 ], [ -95.614539, 29.32336 ], [ -95.613315, 29.323575 ], [ -95.610443, 29.325704 ], [ -95.610011, 29.326556 ], [ -95.60796, 29.327349 ], [ -95.607039, 29.329185 ], [ -95.605244, 29.329445 ], [ -95.604975, 29.330737 ], [ -95.60394, 29.330391 ], [ -95.603161, 29.328302 ], [ -95.599597, 29.327594 ], [ -95.596366, 29.327633 ], [ -95.595306, 29.328288 ], [ -95.594365, 29.327722 ], [ -95.590793, 29.327485 ], [ -95.589765, 29.329061 ], [ -95.589106, 29.33462 ], [ -95.5883, 29.335908 ], [ -95.587187, 29.336904 ], [ -95.581182, 29.339119 ], [ -95.5792, 29.34062 ], [ -95.578837, 29.342863 ], [ -95.581343, 29.346181 ], [ -95.58264, 29.349905 ], [ -95.582102, 29.351546 ], [ -95.580266, 29.352538 ], [ -95.576101, 29.352855 ], [ -95.574061, 29.354663 ], [ -95.573968, 29.356394 ], [ -95.575483, 29.357894 ], [ -95.580483, 29.360863 ], [ -95.580837, 29.362084 ], [ -95.579946, 29.363492 ], [ -95.57794, 29.365102 ], [ -95.577077, 29.368087 ], [ -95.575722, 29.372688 ], [ -95.57574, 29.37593 ], [ -95.574583, 29.377627 ], [ -95.572341, 29.383826 ], [ -95.57034, 29.386165 ], [ -95.56729, 29.389695 ], [ -95.566652, 29.390224 ], [ -95.565568, 29.390792 ], [ -95.562884, 29.391098 ], [ -95.558857, 29.390488 ], [ -95.556204, 29.391489 ], [ -95.553034, 29.393544 ], [ -95.547577, 29.395197 ], [ -95.54725, 29.397131 ], [ -95.548853, 29.399412 ], [ -95.549863, 29.402619 ], [ -95.549121, 29.403806 ], [ -95.546923, 29.40514 ], [ -95.545825, 29.407735 ], [ -95.546985, 29.410645 ], [ -95.548949, 29.413479 ], [ -95.5496, 29.415412 ], [ -95.551925, 29.419644 ], [ -95.55596, 29.422779 ], [ -95.556322, 29.423591 ], [ -95.555936, 29.425344 ], [ -95.552783, 29.427278 ], [ -95.551775, 29.428817 ], [ -95.551301, 29.43193 ], [ -95.550088, 29.435211 ], [ -95.549906, 29.437191 ], [ -95.550622, 29.438306 ], [ -95.540992, 29.43849 ], [ -95.538949, 29.437762 ], [ -95.535703, 29.438527 ], [ -95.476635, 29.439038 ], [ -95.462602, 29.439238 ], [ -95.452265, 29.47726 ], [ -95.44701, 29.496682 ], [ -95.44687, 29.497553 ], [ -95.4463, 29.499637 ], [ -95.443951, 29.508199 ], [ -95.443391, 29.510211 ], [ -95.442756, 29.512631 ], [ -95.44121, 29.518293 ], [ -95.440422, 29.521178 ], [ -95.437241, 29.532827 ], [ -95.435305, 29.539925 ], [ -95.433775, 29.545534 ], [ -95.431168, 29.554985 ], [ -95.428204, 29.565935 ], [ -95.427134, 29.569866 ], [ -95.426767, 29.57121 ], [ -95.424562, 29.579302 ], [ -95.424286, 29.580312 ], [ -95.417108, 29.583277 ], [ -95.412428, 29.583197 ], [ -95.408352, 29.582867 ], [ -95.403855, 29.581816 ], [ -95.400605, 29.581964 ], [ -95.39637, 29.582699 ], [ -95.394263, 29.582259 ], [ -95.393275, 29.581687 ], [ -95.388127, 29.58567 ], [ -95.386484, 29.585577 ], [ -95.386044, 29.585556 ], [ -95.384152, 29.586868 ], [ -95.383693, 29.586852 ], [ -95.3809, 29.587021 ], [ -95.376181, 29.588284 ], [ -95.371928, 29.586818 ], [ -95.368222, 29.584714 ], [ -95.364047, 29.585942 ], [ -95.363417, 29.585898 ], [ -95.363033, 29.58569 ], [ -95.36253, 29.585547 ], [ -95.36073, 29.584937 ], [ -95.356812, 29.586781 ], [ -95.35293, 29.585452 ], [ -95.351907, 29.585455 ], [ -95.349114, 29.586526 ], [ -95.347867, 29.58576 ], [ -95.346447, 29.585548 ], [ -95.344204, 29.587405 ], [ -95.344399, 29.589104 ], [ -95.340576, 29.592737 ], [ -95.337421, 29.59386 ], [ -95.336831, 29.59544 ], [ -95.335056, 29.596296 ], [ -95.332258, 29.598934 ], [ -95.331146, 29.599108 ], [ -95.328225, 29.59812 ], [ -95.325545, 29.59806 ], [ -95.322442, 29.596725 ], [ -95.321551, 29.597015 ], [ -95.319699, 29.598226 ], [ -95.314702, 29.598008 ], [ -95.309749, 29.595037 ], [ -95.308648, 29.594916 ], [ -95.30394, 29.595174 ], [ -95.299715, 29.596122 ], [ -95.298595, 29.597038 ], [ -95.297411, 29.596522 ], [ -95.297157, 29.596548 ], [ -95.296257, 29.596242 ], [ -95.293573, 29.596516 ], [ -95.29272, 29.597637 ], [ -95.288028, 29.598331 ], [ -95.286493, 29.597886 ], [ -95.282809, 29.597749 ], [ -95.280244, 29.595521 ], [ -95.277488, 29.596123 ], [ -95.276658, 29.594854 ], [ -95.273798, 29.594399 ], [ -95.270419, 29.594709 ], [ -95.26757, 29.593842 ], [ -95.266925, 29.594572 ], [ -95.266327, 29.594635 ], [ -95.261606, 29.593157 ], [ -95.260881, 29.591736 ], [ -95.261021, 29.591033 ], [ -95.260292, 29.589883 ], [ -95.262134, 29.587135 ], [ -95.260344, 29.584076 ], [ -95.261154, 29.58108 ], [ -95.2602, 29.579654 ], [ -95.258955, 29.578163 ], [ -95.259666, 29.574423 ], [ -95.258677, 29.573286 ], [ -95.258508, 29.571084 ], [ -95.255448, 29.567178 ], [ -95.254997, 29.563876 ], [ -95.252492, 29.560785 ], [ -95.252533, 29.55811 ], [ -95.254943, 29.55727 ], [ -95.254886, 29.555515 ], [ -95.254196, 29.554625 ], [ -95.253952, 29.553943 ], [ -95.250799, 29.555503 ], [ -95.248227, 29.555708 ], [ -95.24737, 29.553097 ], [ -95.245535, 29.55461 ], [ -95.243132, 29.555018 ], [ -95.241951, 29.556283 ], [ -95.241607, 29.559714 ], [ -95.239737, 29.560751 ], [ -95.237721, 29.561371 ], [ -95.236311, 29.559849 ], [ -95.233669, 29.557144 ], [ -95.231191, 29.557723 ], [ -95.228569, 29.560016 ], [ -95.223607, 29.559133 ], [ -95.221342, 29.557016 ], [ -95.218236, 29.559365 ], [ -95.217086, 29.558929 ], [ -95.215952, 29.557787 ], [ -95.215845, 29.557651 ], [ -95.214799, 29.557136 ], [ -95.215424, 29.556897 ], [ -95.216349, 29.555766 ], [ -95.213203, 29.55575 ], [ -95.212776, 29.557871 ], [ -95.213606, 29.558453 ], [ -95.211418, 29.559202 ], [ -95.210657, 29.558388 ], [ -95.208764, 29.559169 ], [ -95.206952, 29.559159 ], [ -95.207726, 29.557795 ], [ -95.205575, 29.557762 ], [ -95.205936, 29.559163 ], [ -95.204324, 29.558906 ], [ -95.201297, 29.561322 ], [ -95.200985, 29.563212 ], [ -95.200638, 29.561645 ], [ -95.19906, 29.561178 ], [ -95.200041, 29.5606 ], [ -95.199286, 29.558956 ], [ -95.197795, 29.558214 ], [ -95.196015, 29.558962 ], [ -95.197022, 29.560078 ], [ -95.193154, 29.559518 ], [ -95.194814, 29.556059 ], [ -95.195924, 29.557633 ], [ -95.197682, 29.557279 ], [ -95.199068, 29.554144 ], [ -95.199963, 29.552332 ], [ -95.197385, 29.549443 ], [ -95.197737, 29.547054 ], [ -95.199469, 29.544529 ], [ -95.197235, 29.541992 ], [ -95.195686, 29.542395 ], [ -95.195062, 29.543609 ], [ -95.194014, 29.542851 ], [ -95.194621, 29.541336 ], [ -95.192251, 29.540497 ], [ -95.193033, 29.539382 ], [ -95.192225, 29.53866 ], [ -95.194527, 29.538267 ], [ -95.19398, 29.536574 ], [ -95.192201, 29.535896 ], [ -95.188277, 29.535411 ], [ -95.187513, 29.534044 ], [ -95.190601, 29.53072 ], [ -95.187775, 29.52784 ], [ -95.189806, 29.527174 ], [ -95.186828, 29.527077 ], [ -95.187846, 29.524341 ], [ -95.186288, 29.523425 ], [ -95.184796, 29.523213 ], [ -95.18517, 29.521639 ], [ -95.182774, 29.52018 ], [ -95.182712, 29.51882 ], [ -95.179974, 29.518443 ], [ -95.179287, 29.519851 ], [ -95.178788, 29.517991 ], [ -95.177611, 29.516941 ], [ -95.175839, 29.517028 ], [ -95.175034, 29.518286 ], [ -95.173717, 29.517197 ], [ -95.174327, 29.515177 ], [ -95.171822, 29.51425 ], [ -95.170591, 29.51515 ], [ -95.169668, 29.514892 ], [ -95.16868, 29.512992 ], [ -95.167498, 29.512549 ], [ -95.168259, 29.510833 ], [ -95.171059, 29.510019 ], [ -95.170996, 29.50772 ], [ -95.170318, 29.506932 ], [ -95.167225, 29.505744 ], [ -95.167725, 29.504408 ], [ -95.166432, 29.502105 ], [ -95.164066, 29.502335 ], [ -95.162921, 29.50134 ], [ -95.163089, 29.500119 ], [ -95.163931, 29.498056 ], [ -95.160701, 29.49752 ], [ -95.158702, 29.498347 ], [ -95.156722, 29.498185 ], [ -95.155572, 29.498828 ], [ -95.152769, 29.500373 ], [ -95.151375, 29.500289 ], [ -95.150227, 29.498537 ], [ -95.148885, 29.498703 ], [ -95.147496, 29.501526 ], [ -95.144948, 29.502635 ], [ -95.142733, 29.505823 ], [ -95.141707, 29.506361 ], [ -95.13389, 29.506425 ], [ -95.130832, 29.504938 ], [ -95.129518, 29.505146 ], [ -95.128575, 29.508435 ], [ -95.127525, 29.509366 ], [ -95.125094, 29.510263 ], [ -95.122011, 29.510409 ], [ -95.118489, 29.506983 ], [ -95.117153, 29.508054 ], [ -95.113114, 29.510825 ], [ -95.111623, 29.510846 ], [ -95.108048, 29.509597 ], [ -95.10547, 29.510328 ], [ -95.103874, 29.51129 ], [ -95.104036, 29.512562 ], [ -95.10602, 29.515781 ], [ -95.106073, 29.51686 ], [ -95.103553, 29.517904 ], [ -95.102636, 29.52127 ], [ -95.102437, 29.521395 ], [ -95.101318, 29.521307 ], [ -95.09809, 29.518322 ], [ -95.097379, 29.520384 ], [ -95.09487, 29.522393 ], [ -95.093624, 29.525801 ], [ -95.095222, 29.528923 ], [ -95.095426, 29.530738 ], [ -95.096954, 29.534065 ], [ -95.096258, 29.53518 ], [ -95.095074, 29.535528 ], [ -95.094035, 29.535384 ], [ -95.092329, 29.534346 ], [ -95.090833, 29.531489 ], [ -95.089627, 29.531134 ], [ -95.087107, 29.53289 ], [ -95.086138, 29.534745 ], [ -95.081588, 29.533999 ], [ -95.079224, 29.534737 ], [ -95.07867, 29.537825 ], [ -95.080433, 29.541021 ], [ -95.079212, 29.543243 ], [ -95.080894, 29.545717 ], [ -95.078252, 29.547303 ], [ -95.077301, 29.54757 ], [ -95.073792, 29.548274 ], [ -95.072096, 29.549259 ], [ -95.07112, 29.550705 ], [ -95.069764, 29.554994 ], [ -95.069007, 29.55638 ], [ -95.068329, 29.557485 ], [ -95.064265, 29.558844 ], [ -95.063236, 29.558981 ], [ -95.05817, 29.559134 ], [ -95.057213, 29.559114 ], [ -95.05379, 29.558982 ], [ -95.049883, 29.558477 ], [ -95.046766, 29.557365 ], [ -95.044988, 29.555848 ], [ -95.041886, 29.554597 ], [ -95.03545, 29.55307 ], [ -95.032941, 29.552229 ], [ -95.02956, 29.552193 ], [ -95.028719, 29.547651 ], [ -95.025068, 29.549242 ], [ -95.02308, 29.549437 ], [ -95.019415, 29.548492 ], [ -95.017105521073304, 29.548685294798901 ], [ -95.017046880257496, 29.548558356936901 ], [ -95.0169025946728, 29.5482460266362 ], [ -95.016855, 29.548143 ], [ -95.015165, 29.539989 ], [ -95.011786146479693, 29.5367299723946 ], [ -95.009469, 29.534495 ], [ -95.009203, 29.533144 ], [ -95.003049, 29.526076 ], [ -95.001945741727098, 29.525254542254199 ], [ -94.994663, 29.519832 ], [ -94.989771881764199, 29.51693009253 ], [ -94.989647, 29.516856 ], [ -94.989483860493905, 29.5167771538671 ], [ -94.98201, 29.513165 ], [ -94.981564518480994, 29.513010211988099 ], [ -94.980406075357905, 29.5126076967316 ], [ -94.976513, 29.511255 ], [ -94.971908285242193, 29.510082553220201 ], [ -94.960550978776396, 29.5071907698864 ], [ -94.959896, 29.507024 ], [ -94.959663830940599, 29.5069796667653 ], [ -94.958903434123698, 29.5068344671826 ], [ -94.958768858739703, 29.506808769692601 ], [ -94.957796, 29.506623 ], [ -94.953160208466301, 29.5054467720723 ], [ -94.952335036370599, 29.505237403195999 ], [ -94.946059, 29.503645 ], [ -94.945399371922207, 29.503526315787202 ], [ -94.933904, 29.501458 ], [ -94.930938839051706, 29.500063046201099 ], [ -94.930131, 29.499683 ], [ -94.927695283727402, 29.499224301852699 ], [ -94.925090821626398, 29.498733825209801 ], [ -94.918417, 29.497477 ], [ -94.911967, 29.496263 ], [ -94.909465, 29.496838 ], [ -94.910524, 29.492135 ], [ -94.9109897794999, 29.491455662075602 ], [ -94.913837, 29.487303 ], [ -94.917702795334506, 29.482184319639099 ], [ -94.920909, 29.477939 ], [ -94.925427, 29.470868 ], [ -94.9282, 29.472907 ], [ -94.927048, 29.475229 ], [ -94.927691, 29.477363 ], [ -94.928438, 29.479838 ], [ -94.931347, 29.4811046251214 ], [ -94.931527, 29.481183 ], [ -94.935568, 29.481183 ], [ -94.939965, 29.480045 ], [ -94.946977, 29.476528 ], [ -94.951374, 29.473424 ], [ -94.952553859483004, 29.472940374429701 ], [ -94.953394, 29.472596 ], [ -94.953362383686397, 29.472492269842402 ], [ -94.952532013084394, 29.469767901828401 ], [ -94.952511161159194, 29.469699488618801 ], [ -94.951849, 29.467527 ], [ -94.945907, 29.46225 ], [ -94.941764, 29.459852 ], [ -94.938064, 29.456352 ], [ -94.930974, 29.452038 ], [ -94.918075291567504, 29.445733031055699 ], [ -94.917662208876607, 29.445531113666 ], [ -94.917518440679004, 29.4454608388764 ], [ -94.917482491140305, 29.445443266518101 ], [ -94.916189, 29.444811 ], [ -94.906276085022, 29.440244708148899 ], [ -94.892027, 29.433681 ], [ -94.890879905974103, 29.429620359292599 ], [ -94.888899684446301, 29.422610499626401 ], [ -94.888847, 29.422424 ], [ -94.888490274277899, 29.420413070778601 ], [ -94.887852, 29.416815 ], [ -94.888823, 29.413305 ], [ -94.887696, 29.402351 ], [ -94.886858, 29.386997 ], [ -94.886999988405094, 29.386617035484601 ], [ -94.888583779860298, 29.382378770026101 ], [ -94.888794395587198, 29.381815157085001 ], [ -94.889102, 29.380992 ], [ -94.889815, 29.378196 ], [ -94.884942, 29.376643 ], [ -94.882117, 29.378296 ], [ -94.879739869004297, 29.377666610483999 ], [ -94.866628, 29.374195 ], [ -94.865653108694602, 29.373354914531902 ], [ -94.865037, 29.372824 ], [ -94.864366, 29.370511 ], [ -94.866409, 29.367345 ], [ -94.891597, 29.355929 ], [ -94.906596, 29.35598 ], [ -94.908595, 29.346557 ], [ -94.908166, 29.339919 ], [ -94.89849, 29.330963 ], [ -94.897302, 29.329098 ], [ -94.895969, 29.328392 ], [ -94.892905, 29.325265 ], [ -94.892667, 29.313452 ], [ -94.894925, 29.311484 ], [ -94.895519, 29.308271 ], [ -94.897824, 29.305914 ], [ -94.899122817626306, 29.303828607610399 ], [ -94.900023955404606, 29.302381733294201 ], [ -94.900035, 29.302364 ], [ -94.900554513816104, 29.302061987888699 ], [ -94.903957, 29.300084 ], [ -94.904405083173003, 29.299846692793199 ], [ -94.908821, 29.297508 ], [ -94.909743, 29.295459 ], [ -94.912513, 29.293244 ], [ -94.914632137127398, 29.293235999139 ], [ -94.91834, 29.293222 ], [ -94.921939, 29.294747 ], [ -94.923999463518996, 29.295519861134501 ], [ -94.924447995405501, 29.295688101367499 ], [ -94.927439, 29.29681 ], [ -94.927749492239499, 29.297152026607499 ], [ -94.927968543721704, 29.297393325506 ], [ -94.928847, 29.298361 ], [ -94.925874, 29.300692 ], [ -94.924609059911901, 29.300775605603199 ], [ -94.923678502792001, 29.300837110325901 ], [ -94.9230023426271, 29.300881800804898 ], [ -94.916902, 29.301285 ], [ -94.915113454952603, 29.3003107780942 ], [ -94.914290693617104, 29.299862619342299 ], [ -94.914128, 29.299774 ], [ -94.910031, 29.299473 ], [ -94.905004, 29.302524 ], [ -94.905366455788297, 29.303531069467301 ], [ -94.907279, 29.308845 ], [ -94.908032279744901, 29.309000518637099 ], [ -94.909718636154295, 29.3093486759483 ], [ -94.917074761538501, 29.310867387426001 ], [ -94.936588, 29.314896 ], [ -94.939348470401697, 29.3141696413009 ], [ -94.941977, 29.313478 ], [ -94.944057, 29.30563 ], [ -94.952361057816404, 29.295849383307502 ], [ -94.952566, 29.295608 ], [ -94.95389, 29.295325 ], [ -94.954268, 29.293245 ], [ -94.962021, 29.287194 ], [ -94.970908, 29.283223 ], [ -94.972408, 29.279977 ], [ -94.975261, 29.278111 ], [ -94.977967452408905, 29.275542797023999 ], [ -94.986966633187293, 29.267003307180801 ], [ -94.988808, 29.265256 ], [ -94.992422941926193, 29.261255232295301 ], [ -95.002937, 29.249619 ], [ -95.010304, 29.24124 ], [ -95.014782, 29.238857 ], [ -95.021643414875896, 29.234208166358201 ], [ -95.022175, 29.233848 ], [ -95.025119670739997, 29.230735304820101 ], [ -95.02738, 29.228346 ], [ -95.034507, 29.211496 ], [ -95.042163, 29.206874 ], [ -95.055092, 29.200807 ], [ -95.056933701753096, 29.200544751206699 ], [ -95.057094011815096, 29.200521923883901 ], [ -95.057319241070999, 29.2004898524041 ], [ -95.059727, 29.200147 ], [ -95.080595, 29.189321 ], [ -95.093048, 29.180402 ], [ -95.097255, 29.177373 ], [ -95.103762, 29.175409 ], [ -95.109428, 29.174848 ], [ -95.112289, 29.175073 ], [ -95.112709, 29.176917 ], [ -95.108678, 29.180161 ], [ -95.108005, 29.1827 ], [ -95.108718, 29.185813 ], [ -95.1105, 29.191623 ], [ -95.111926, 29.194839 ], [ -95.113004, 29.196972 ], [ -95.115756, 29.199528 ], [ -95.121196, 29.197329 ], [ -95.125201, 29.19667 ], [ -95.126839, 29.196913 ], [ -95.134201, 29.191755 ], [ -95.135233, 29.192079 ], [ -95.13588, 29.193839 ], [ -95.137952, 29.194839 ], [ -95.143788, 29.196225 ], [ -95.14639, 29.195669 ], [ -95.150549, 29.196603 ], [ -95.156967, 29.195046 ], [ -95.158749, 29.191519 ], [ -95.158512, 29.189133 ], [ -95.157323, 29.187265 ], [ -95.154828, 29.18685 ], [ -95.152213, 29.186539 ], [ -95.150312, 29.182493 ], [ -95.1499, 29.179308 ], [ -95.153996, 29.171805 ], [ -95.15352, 29.1634 ], [ -95.155778, 29.157277 ], [ -95.154581, 29.154121 ], [ -95.155184, 29.151465 ], [ -95.160057, 29.146379 ], [ -95.1598813855137, 29.144809168825201 ], [ -95.159581, 29.142124 ], [ -95.164691, 29.128214 ], [ -95.167306, 29.121155 ], [ -95.167068, 29.113057 ], [ -95.164454, 29.109838 ], [ -95.162196, 29.107346 ], [ -95.161007, 29.104543 ], [ -95.160935423089796, 29.104083580787002 ], [ -95.160651, 29.102258 ], [ -95.159343, 29.101012 ], [ -95.156135, 29.101739 ], [ -95.150312, 29.097689 ], [ -95.146865, 29.093536 ], [ -95.144845, 29.090836 ], [ -95.140923, 29.087928 ], [ -95.137952, 29.081593 ], [ -95.135410482881497, 29.081324909032901 ], [ -95.135021798646306, 29.081283908824101 ], [ -95.13106, 29.080866 ], [ -95.124375, 29.076478 ], [ -95.123157, 29.072383 ], [ -95.123837, 29.07064 ], [ -95.144995, 29.055196 ], [ -95.190084, 29.024857 ], [ -95.238924, 28.988644 ], [ -95.243760776581496, 28.985030075489298 ], [ -95.246145026376496, 28.983248620706799 ], [ -95.251546653382903, 28.979212653382898 ], [ -95.25185, 28.978986 ], [ -95.272266, 28.961546 ], [ -95.286363, 28.947932 ], [ -95.29123, 28.94223 ], [ -95.294871, 28.937177 ], [ -95.2951004074921, 28.936994145442799 ], [ -95.297157849926194, 28.935354213278401 ], [ -95.297736245319896, 28.934893189827999 ], [ -95.297946, 28.934726 ], [ -95.303782, 28.932346 ], [ -95.309759, 28.928335 ], [ -95.314455276874, 28.9257472645556 ], [ -95.316723660996999, 28.924497342936 ], [ -95.318528345321397, 28.9235029284844 ], [ -95.320461, 28.922438 ], [ -95.326997, 28.917757 ], [ -95.330655501357597, 28.915256970064299 ], [ -95.335053025993403, 28.912251929978801 ], [ -95.340545, 28.908499 ], [ -95.353451, 28.898145 ], [ -95.377385, 28.87843 ], [ -95.380619366417505, 28.877215775877499 ], [ -95.380712, 28.877181 ], [ -95.3833368268307, 28.870836711386399 ], [ -95.383683, 28.87 ], [ -95.391765, 28.867711 ], [ -95.416174, 28.859482 ], [ -95.436734, 28.859589 ], [ -95.436997619980602, 28.8594822220116 ], [ -95.463215, 28.848863 ], [ -95.486769, 28.836287 ], [ -95.507249255951095, 28.825565880112499 ], [ -95.563369, 28.796188 ], [ -95.565980004269207, 28.7948513900369 ], [ -95.588801, 28.783169 ], [ -95.6133120846699, 28.770994922169798 ], [ -95.616175237148994, 28.769572861841201 ], [ -95.63288, 28.761276 ], [ -95.648102, 28.754522 ], [ -95.653806, 28.752751 ], [ -95.659511, 28.751084 ], [ -95.659986, 28.748063 ], [ -95.661342, 28.746063 ], [ -95.696965997703103, 28.727235550297099 ], [ -95.698371, 28.726493 ], [ -95.735925, 28.705856 ], [ -95.771965, 28.686724 ], [ -95.812577, 28.666136 ], [ -95.83398, 28.655623 ], [ -95.844160402305107, 28.651204396864198 ], [ -95.890271, 28.631191 ], [ -95.911212, 28.622745 ], [ -95.930202, 28.615357 ], [ -95.957422, 28.604558 ], [ -95.97552, 28.597314 ], [ -95.978498230943202, 28.595714346024899 ], [ -95.978584200410907, 28.5956681704921 ], [ -95.980949, 28.594398 ], [ -95.982372816725004, 28.593539562396099 ], [ -95.983558, 28.592825 ], [ -95.988572, 28.593452 ], [ -95.99963, 28.589258 ], [ -96.024482197474001, 28.5791529333301 ], [ -96.043889, 28.571262 ], [ -96.083266719247106, 28.554860194466698 ], [ -96.083308, 28.554843 ], [ -96.083319500689399, 28.554837799862401 ], [ -96.112013056147305, 28.5418637569941 ], [ -96.112028, 28.541857 ], [ -96.145005, 28.526711 ], [ -96.181228, 28.509651 ], [ -96.205438, 28.497868 ], [ -96.223688, 28.488053 ], [ -96.247924, 28.474612 ], [ -96.270391, 28.46193 ], [ -96.296196, 28.444803 ], [ -96.304315, 28.438757 ], [ -96.316207, 28.428844 ], [ -96.32002, 28.423989 ], [ -96.329768, 28.425196 ], [ -96.342483, 28.418716 ], [ -96.354605, 28.410145 ], [ -96.369456, 28.398368 ], [ -96.371241, 28.395904 ], [ -96.378326524119402, 28.390777479321599 ], [ -96.367547, 28.440465 ], [ -96.364588, 28.454239 ], [ -96.361009, 28.470727 ] ] ], [ [ [ -95.110144, 29.097689 ], [ -95.107054, 29.102155 ], [ -95.104202, 29.107035 ], [ -95.100637, 29.113161 ], [ -95.096953, 29.118871 ], [ -95.093031, 29.122505 ], [ -95.088396, 29.124892 ], [ -95.083167, 29.127176 ], [ -95.079483, 29.127488 ], [ -95.075918, 29.129356 ], [ -95.071283, 29.132263 ], [ -95.071164, 29.133924 ], [ -95.068312, 29.136311 ], [ -95.063796, 29.137038 ], [ -95.060706, 29.13901 ], [ -95.058092, 29.14202 ], [ -95.046208, 29.149389 ], [ -95.043593, 29.151984 ], [ -95.039791, 29.154267 ], [ -95.035512, 29.154683 ], [ -95.028144, 29.156551 ], [ -95.024223, 29.160183 ], [ -95.025411, 29.162674 ], [ -95.023628, 29.169004 ], [ -95.019825, 29.168485 ], [ -95.016973, 29.168485 ], [ -95.016736, 29.172117 ], [ -95.018994, 29.175645 ], [ -95.017092, 29.177512 ], [ -95.013289, 29.178758 ], [ -95.008773, 29.177824 ], [ -95.006515, 29.179795 ], [ -95.008655, 29.182908 ], [ -95.013052, 29.185087 ], [ -95.00913, 29.185709 ], [ -95.005327, 29.185087 ], [ -95.001286, 29.186954 ], [ -94.993324, 29.188822 ], [ -94.989521, 29.190585 ], [ -94.994037, 29.195773 ], [ -94.991779, 29.200337 ], [ -94.991760781165397, 29.200338844101601 ], [ -94.9868274422724, 29.200838194257798 ], [ -94.983579, 29.201167 ], [ -94.979539, 29.202827 ], [ -94.975736, 29.201478 ], [ -94.974072, 29.202412 ], [ -94.973716, 29.204902 ], [ -94.971933, 29.206976 ], [ -94.975023, 29.208843 ], [ -94.97431, 29.211229 ], [ -94.9692, 29.213511 ], [ -94.96409, 29.21154 ], [ -94.959455, 29.210192 ], [ -94.958979, 29.212889 ], [ -94.962188, 29.216415 ], [ -94.962307, 29.219216 ], [ -94.957791, 29.219423 ], [ -94.953394, 29.218282 ], [ -94.945313, 29.221498 ], [ -94.944481, 29.223779 ], [ -94.948759, 29.228654 ], [ -94.955652, 29.22938 ], [ -94.951873035194694, 29.231077050275701 ], [ -94.947571, 29.233009 ], [ -94.943411, 29.235706 ], [ -94.934261, 29.232595 ], [ -94.930458, 29.234876 ], [ -94.93022, 29.238713 ], [ -94.93022, 29.243483 ], [ -94.927368, 29.246594 ], [ -94.924041, 29.247216 ], [ -94.920713, 29.250534 ], [ -94.920951, 29.253437 ], [ -94.918574, 29.255718 ], [ -94.914177, 29.258414 ], [ -94.909304, 29.259865 ], [ -94.900391, 29.264945 ], [ -94.898869997179602, 29.265875720742201 ], [ -94.891241, 29.270544 ], [ -94.886844, 29.270647 ], [ -94.884586, 29.272099 ], [ -94.881882332885098, 29.2724707841626 ], [ -94.881087314858505, 29.272580107943501 ], [ -94.88007, 29.27272 ], [ -94.881642912862603, 29.278484699161499 ], [ -94.881852, 29.279251 ], [ -94.880545, 29.282672 ], [ -94.876267, 29.2863 ], [ -94.874406693190807, 29.289849359703801 ], [ -94.874366, 29.289927 ], [ -94.872108, 29.290653 ], [ -94.871843206588196, 29.290638587105899 ], [ -94.868305, 29.290446 ], [ -94.865334, 29.291689 ], [ -94.865444964842595, 29.292465753898501 ], [ -94.865571, 29.293348 ], [ -94.865190201830103, 29.293559327931 ], [ -94.861733564228601, 29.295477625156501 ], [ -94.86165, 29.295524 ], [ -94.858916, 29.295213 ], [ -94.854638, 29.297079 ], [ -94.852855, 29.299048 ], [ -94.851073, 29.299255 ], [ -94.849647, 29.297493 ], [ -94.845606, 29.298426 ], [ -94.841803, 29.299151 ], [ -94.837644, 29.299773 ], [ -94.837759, 29.301202 ], [ -94.83194, 29.302053 ], [ -94.830276, 29.301328 ], [ -94.829682, 29.300291 ], [ -94.827661, 29.300913 ], [ -94.827899, 29.304644 ], [ -94.82374, 29.305888 ], [ -94.820769, 29.309618 ], [ -94.813044, 29.308997 ], [ -94.79807, 29.308478 ], [ -94.789038, 29.311898 ], [ -94.781195, 29.31853 ], [ -94.7756561545051, 29.3206375747775 ], [ -94.774659, 29.321017 ], [ -94.773269703423693, 29.329597319037301 ], [ -94.773233, 29.329824 ], [ -94.772282, 29.333657 ], [ -94.769966, 29.335951 ], [ -94.766568, 29.337344 ], [ -94.763304, 29.337151 ], [ -94.756322, 29.336428 ], [ -94.749671, 29.334827 ], [ -94.746224, 29.334761 ], [ -94.740179, 29.335867 ], [ -94.734041, 29.337049 ], [ -94.731398, 29.337049 ], [ -94.728192, 29.334589 ], [ -94.726172, 29.332517 ], [ -94.72717, 29.331394 ], [ -94.740489, 29.323216 ], [ -94.767345, 29.305639 ], [ -94.774926, 29.299826 ], [ -94.793181441380796, 29.2856193448619 ], [ -94.794756, 29.284394 ], [ -94.815133, 29.272466 ], [ -94.819174449477401, 29.2702407898405 ], [ -94.822134302327697, 29.268611103593098 ], [ -94.833669098804606, 29.2622600786821 ], [ -94.836488, 29.260708 ], [ -94.844773522519006, 29.2558238509368 ], [ -94.852528237950096, 29.251252601987701 ], [ -94.866925, 29.242766 ], [ -94.869223, 29.242188 ], [ -94.871370152857693, 29.240933445174502 ], [ -94.891753, 29.229024 ], [ -94.918611, 29.212885 ], [ -94.926075437439096, 29.208457506560901 ], [ -94.948516, 29.195147 ], [ -94.9693015289199, 29.182715277723101 ], [ -94.977746446986302, 29.177664413900601 ], [ -94.982411987160603, 29.1748739773453 ], [ -95.003636, 29.16218 ], [ -95.028835, 29.146899 ], [ -95.046587, 29.135716 ], [ -95.058274, 29.128224 ], [ -95.069619, 29.120804 ], [ -95.080007, 29.113577 ], [ -95.087945, 29.107906 ], [ -95.094713, 29.102483 ], [ -95.100279, 29.097158 ], [ -95.103698, 29.093236 ], [ -95.106985, 29.088962 ], [ -95.110619, 29.086682 ], [ -95.114066, 29.084916 ], [ -95.116561, 29.084605 ], [ -95.117868, 29.085955 ], [ -95.119164474269397, 29.086968408806602 ], [ -95.120126, 29.08772 ], [ -95.122265, 29.088551 ], [ -95.122147, 29.09042 ], [ -95.119889, 29.092913 ], [ -95.114834118900106, 29.0941175098203 ], [ -95.11466, 29.094159 ], [ -95.110144, 29.097689 ] ] ], [ [ [ -94.920953620874499, 29.2840753425047 ], [ -94.921933, 29.281994 ], [ -94.924391, 29.281615 ], [ -94.927517900760193, 29.283982277413301 ], [ -94.928989, 29.285096 ], [ -94.928676, 29.287034 ], [ -94.922707, 29.28844 ], [ -94.919664, 29.286816 ], [ -94.920953620874499, 29.2840753425047 ] ] ], [ [ [ -94.91861, 29.58759 ], [ -94.907676, 29.573741 ], [ -94.90732, 29.572604 ], [ -94.907439, 29.571364 ], [ -94.909102, 29.570227 ], [ -94.913975, 29.567333 ], [ -94.91552, 29.567229 ], [ -94.916827, 29.567643 ], [ -94.927998, 29.582216 ], [ -94.928592, 29.58356 ], [ -94.927879, 29.584593 ], [ -94.921581, 29.588107 ], [ -94.91956, 29.588313 ], [ -94.91861, 29.58759 ] ] ], [ [ [ -94.969379, 29.682517 ], [ -94.968576, 29.682546 ], [ -94.968774, 29.680609 ], [ -94.965789, 29.679317 ], [ -94.953192, 29.677459 ], [ -94.947725, 29.670231 ], [ -94.946877397891598, 29.667965568705899 ], [ -94.941427, 29.653398 ], [ -94.942378, 29.651952 ], [ -94.954239, 29.6503 ], [ -94.952621, 29.648035 ], [ -94.95034, 29.647202 ], [ -94.94832, 29.644103 ], [ -94.947844, 29.641934 ], [ -94.947844, 29.638525 ], [ -94.948389, 29.635997 ], [ -94.948914, 29.633567 ], [ -94.948201, 29.631708 ], [ -94.94725, 29.629745 ], [ -94.943927, 29.627251 ], [ -94.940833, 29.622514 ], [ -94.939644, 29.620861 ], [ -94.939882, 29.619208 ], [ -94.941665, 29.615592 ], [ -94.943318, 29.613785 ], [ -94.944754, 29.613009 ], [ -94.947369, 29.613423 ], [ -94.95034, 29.615489 ], [ -94.953344, 29.618709 ], [ -94.954245, 29.622638 ], [ -94.953549, 29.626646 ], [ -94.952122, 29.628712 ], [ -94.953667, 29.632534 ], [ -94.956044, 29.634187 ], [ -94.959191, 29.636161 ], [ -94.960761, 29.643109 ], [ -94.964851368583396, 29.650680879299099 ], [ -94.965289, 29.651491 ], [ -94.966644, 29.656154 ], [ -94.96674, 29.659904 ], [ -94.967215, 29.661144 ], [ -94.96827, 29.662528 ], [ -94.968145, 29.664133 ], [ -94.968285, 29.667133 ], [ -94.969711, 29.670128 ], [ -94.971076, 29.672041 ], [ -94.972919, 29.672916 ], [ -94.974295, 29.67507 ], [ -94.975554, 29.67618 ], [ -94.976099, 29.678265 ], [ -94.970049, 29.681519 ], [ -94.969366, 29.681676 ], [ -94.969379, 29.682517 ] ] ], [ [ [ -94.909186, 29.269818 ], [ -94.911444, 29.268781 ], [ -94.91382, 29.269922 ], [ -94.915128, 29.273446 ], [ -94.913107, 29.275001 ], [ -94.909186, 29.273964 ], [ -94.90871, 29.271891 ], [ -94.909186, 29.269818 ] ] ], [ [ [ -94.822076, 29.333346 ], [ -94.819937, 29.339458 ], [ -94.819818, 29.341116 ], [ -94.821125, 29.342774 ], [ -94.821601, 29.34526 ], [ -94.817204, 29.348367 ], [ -94.81447, 29.34961 ], [ -94.812925, 29.351371 ], [ -94.810522, 29.352129 ], [ -94.805201, 29.349403 ], [ -94.798433, 29.344924 ], [ -94.797357, 29.343395 ], [ -94.792108, 29.341092 ], [ -94.788444, 29.33749 ], [ -94.785861, 29.335049 ], [ -94.782405, 29.333907 ], [ -94.781204, 29.332472 ], [ -94.782112, 29.329865 ], [ -94.781789, 29.324021 ], [ -94.784166, 29.321017 ], [ -94.789989, 29.316147 ], [ -94.793436, 29.314074 ], [ -94.798427, 29.312416 ], [ -94.804844, 29.312105 ], [ -94.810905, 29.312623 ], [ -94.815659, 29.312105 ], [ -94.819105, 29.312727 ], [ -94.821957, 29.313245 ], [ -94.823146, 29.316561 ], [ -94.823264, 29.323918 ], [ -94.822789, 29.325472 ], [ -94.821601, 29.327026 ], [ -94.822314, 29.329616 ], [ -94.822076, 29.333346 ] ] ], [ [ [ -94.820212, 29.351562 ], [ -94.819946, 29.350169 ], [ -94.820581, 29.349083 ], [ -94.821872, 29.348448 ], [ -94.824248, 29.348919 ], [ -94.82601, 29.351726 ], [ -94.825908, 29.352648 ], [ -94.825232, 29.353795 ], [ -94.824328, 29.353902 ], [ -94.82097, 29.352668 ], [ -94.820212, 29.351562 ] ] ], [ [ [ -94.766376, 29.392393 ], [ -94.766848, 29.393489 ], [ -94.770179, 29.393014 ], [ -94.773744, 29.395292 ], [ -94.774338, 29.399226 ], [ -94.766495, 29.407613 ], [ -94.754967, 29.415894 ], [ -94.747718, 29.409372 ], [ -94.745453, 29.408538 ], [ -94.743713, 29.409649 ], [ -94.737873, 29.414433 ], [ -94.735407, 29.41514 ], [ -94.729294, 29.421024 ], [ -94.723581, 29.42588 ], [ -94.717413, 29.430034 ], [ -94.712416803126104, 29.4310148906793 ], [ -94.712209392504604, 29.431055611081401 ], [ -94.710878, 29.431317 ], [ -94.708884221624203, 29.432733748185999 ], [ -94.706494177320906, 29.434432076832799 ], [ -94.706362, 29.434526 ], [ -94.703509, 29.436493 ], [ -94.703495660482403, 29.437525745449101 ], [ -94.703459, 29.440364 ], [ -94.701558024799695, 29.4426933763676 ], [ -94.701298, 29.443012 ], [ -94.698748, 29.446135223140502 ], [ -94.698273, 29.446717 ], [ -94.697797, 29.44901 ], [ -94.696262, 29.450264 ], [ -94.695548, 29.452729 ], [ -94.694071, 29.453795 ], [ -94.691872, 29.455018 ], [ -94.692628, 29.458441 ], [ -94.691227, 29.460095 ], [ -94.687173, 29.459761 ], [ -94.685165, 29.465988 ], [ -94.679913, 29.470944 ], [ -94.676654, 29.473479 ], [ -94.672856, 29.474456 ], [ -94.671706, 29.476158 ], [ -94.665389, 29.477397 ], [ -94.65716, 29.476636 ], [ -94.649991, 29.475033 ], [ -94.645565, 29.472512 ], [ -94.640413, 29.472405 ], [ -94.628217, 29.475986 ], [ -94.615755, 29.481173 ], [ -94.606562, 29.482786 ], [ -94.599073, 29.490291 ], [ -94.597053, 29.490387 ], [ -94.594290639507307, 29.492078241117898 ], [ -94.594211, 29.492127 ], [ -94.597574, 29.495249 ], [ -94.596077, 29.499503 ], [ -94.595436350316902, 29.501084878155599 ], [ -94.594909, 29.502387 ], [ -94.594671, 29.507242 ], [ -94.593577, 29.509193 ], [ -94.590674, 29.512952 ], [ -94.585391, 29.518425 ], [ -94.579568, 29.523716 ], [ -94.577063, 29.525801 ], [ -94.574569, 29.527635 ], [ -94.57159, 29.527467 ], [ -94.570686, 29.529228 ], [ -94.568973, 29.53018 ], [ -94.566165, 29.53056 ], [ -94.561963, 29.530863 ], [ -94.558503, 29.530037 ], [ -94.553982, 29.528276 ], [ -94.552222, 29.52623 ], [ -94.54889, 29.52523 ], [ -94.544634523554706, 29.522732572526301 ], [ -94.542323, 29.521376 ], [ -94.541573253120305, 29.521052237528199 ], [ -94.538437793877307, 29.519698255187901 ], [ -94.533947, 29.517759 ], [ -94.530093, 29.516807 ], [ -94.524905, 29.517235 ], [ -94.518719, 29.517092 ], [ -94.515415, 29.51716 ], [ -94.513829392456998, 29.516094409923301 ], [ -94.512747, 29.515367 ], [ -94.510395, 29.514913 ], [ -94.508137, 29.511604 ], [ -94.505403, 29.510466 ], [ -94.502314, 29.510363 ], [ -94.501841633272406, 29.510773973498502 ], [ -94.501006, 29.511501 ], [ -94.498273, 29.511707 ], [ -94.493282, 29.513569 ], [ -94.489835, 29.516465 ], [ -94.488885, 29.519567 ], [ -94.4884194652997, 29.525198382823302 ], [ -94.488005, 29.530212 ], [ -94.488053, 29.533113 ], [ -94.486627, 29.536836 ], [ -94.482824, 29.540868 ], [ -94.480328, 29.541695 ], [ -94.476169, 29.545107 ], [ -94.473911, 29.55038 ], [ -94.472247, 29.551103 ], [ -94.470583, 29.553274 ], [ -94.470702, 29.556582 ], [ -94.472272380684998, 29.557013193987899 ], [ -94.47296, 29.557202 ], [ -94.474505, 29.55865 ], [ -94.479021, 29.555652 ], [ -94.48318, 29.553998 ], [ -94.483786965761894, 29.553859026882701 ], [ -94.489598227966994, 29.552528458875599 ], [ -94.489954, 29.552447 ], [ -94.496015, 29.549759 ], [ -94.498549, 29.545181 ], [ -94.503474, 29.543847 ], [ -94.511127, 29.542947 ], [ -94.521532, 29.540816 ], [ -94.522815, 29.541566 ], [ -94.522094, 29.548468 ], [ -94.523637, 29.552401 ], [ -94.526876, 29.553765 ], [ -94.528431, 29.55613 ], [ -94.534397, 29.55956 ], [ -94.539781, 29.564081 ], [ -94.542532, 29.569 ], [ -94.545109, 29.571887 ], [ -94.548211, 29.573097 ], [ -94.552382, 29.574049 ], [ -94.55617, 29.57439 ], [ -94.560965, 29.574434 ], [ -94.566703, 29.573312 ], [ -94.567298577154304, 29.573117260876 ], [ -94.570006, 29.572232 ], [ -94.570494068950694, 29.571981028534001 ], [ -94.578273, 29.567981 ], [ -94.582589, 29.566237 ], [ -94.592327, 29.562506 ], [ -94.594963, 29.561872 ], [ -94.597624, 29.562064 ], [ -94.601354, 29.559549 ], [ -94.608434, 29.557398 ], [ -94.623255, 29.553639 ], [ -94.625877, 29.553521 ], [ -94.630401, 29.552373 ], [ -94.632722, 29.552104 ], [ -94.638259, 29.550264 ], [ -94.644669, 29.549513 ], [ -94.656891, 29.547695 ], [ -94.664075, 29.545733 ], [ -94.666044, 29.544166 ], [ -94.681228, 29.540257 ], [ -94.687342, 29.5382 ], [ -94.692462, 29.538326 ], [ -94.699682, 29.537902 ], [ -94.702179, 29.538782 ], [ -94.706179, 29.537665 ], [ -94.711342, 29.536872 ], [ -94.714355, 29.535766 ], [ -94.717216, 29.534082 ], [ -94.720065, 29.534252 ], [ -94.729253, 29.530808 ], [ -94.734754, 29.529435 ], [ -94.740652, 29.52693 ], [ -94.747092, 29.527697 ], [ -94.752198, 29.525434 ], [ -94.757689, 29.524617 ], [ -94.762569, 29.524162 ], [ -94.768676, 29.525659 ], [ -94.778992, 29.530157 ], [ -94.781476, 29.532731 ], [ -94.783896, 29.536895 ], [ -94.784474, 29.539469 ], [ -94.785934, 29.541589 ], [ -94.788582, 29.546092 ], [ -94.788147, 29.546897 ], [ -94.784811, 29.548281 ], [ -94.780117, 29.549011 ], [ -94.779425, 29.5482 ], [ -94.779334, 29.545933 ], [ -94.775805, 29.545428 ], [ -94.774457, 29.54366 ], [ -94.773268, 29.540971 ], [ -94.771842, 29.539627 ], [ -94.765425, 29.541075 ], [ -94.763167, 29.541178 ], [ -94.761622, 29.541799 ], [ -94.761028, 29.543349 ], [ -94.758295, 29.545417 ], [ -94.756631, 29.546141 ], [ -94.751164, 29.550483 ], [ -94.749738, 29.553481 ], [ -94.751996, 29.555342 ], [ -94.753303, 29.557513 ], [ -94.753303, 29.561234 ], [ -94.747718, 29.566712 ], [ -94.742608, 29.570227 ], [ -94.739634, 29.572945 ], [ -94.736666, 29.574878 ], [ -94.734645, 29.577462 ], [ -94.733576, 29.580356 ], [ -94.732506, 29.582216 ], [ -94.729535, 29.586143 ], [ -94.728703, 29.58883 ], [ -94.725614, 29.593274 ], [ -94.725019, 29.595754 ], [ -94.722605, 29.599348 ], [ -94.720638, 29.602547 ], [ -94.71495, 29.610069 ], [ -94.713433, 29.610141 ], [ -94.713132, 29.613776 ], [ -94.714033, 29.615569 ], [ -94.711893, 29.616736 ], [ -94.710136, 29.619853 ], [ -94.707007, 29.625145 ], [ -94.70553, 29.629332 ], [ -94.703153, 29.634187 ], [ -94.701251, 29.639352 ], [ -94.70142, 29.640877 ], [ -94.700538, 29.64276 ], [ -94.699825, 29.646995 ], [ -94.700301, 29.651023 ], [ -94.698518, 29.652365 ], [ -94.698416891954906, 29.6531989289604 ], [ -94.698357588411596, 29.653688058605201 ], [ -94.69828, 29.654328 ], [ -94.697686, 29.658149 ], [ -94.698985, 29.659567 ], [ -94.697658386077805, 29.6612447057034 ], [ -94.69733, 29.66166 ], [ -94.697686, 29.664138 ], [ -94.697646191533806, 29.664399865066599 ], [ -94.696898706294903, 29.669316916403702 ], [ -94.696854, 29.669611 ], [ -94.696844695187195, 29.669800352941198 ], [ -94.696654, 29.673681 ], [ -94.69554, 29.678144 ], [ -94.696379, 29.681279 ], [ -94.694198, 29.68352 ], [ -94.693289, 29.687164 ], [ -94.689367, 29.693255 ], [ -94.689011, 29.696558 ], [ -94.690081, 29.700275 ], [ -94.689843, 29.705642 ], [ -94.689605, 29.709565 ], [ -94.69115, 29.715861 ], [ -94.692457, 29.723911 ], [ -94.694596, 29.728555 ], [ -94.696855, 29.729277 ], [ -94.697897, 29.734202 ], [ -94.697345, 29.738034 ], [ -94.694543, 29.745424 ], [ -94.696445, 29.747753 ], [ -94.696603179689205, 29.748479217172999 ], [ -94.697384666846901, 29.752067094966801 ], [ -94.697702, 29.753524 ], [ -94.69558, 29.756951 ], [ -94.695946, 29.759147 ], [ -94.708416, 29.766245 ], [ -94.712977418873095, 29.776030139831601 ], [ -94.712996, 29.77607 ], [ -94.718643, 29.781127 ], [ -94.72057, 29.781723 ], [ -94.722778, 29.780006 ], [ -94.725651, 29.780391 ], [ -94.725152, 29.793358 ], [ -94.726247, 29.795108 ], [ -94.728244, 29.794653 ], [ -94.731222, 29.789642 ], [ -94.73851, 29.790658 ], [ -94.746024, 29.789988 ], [ -94.747445, 29.789607 ], [ -94.750735, 29.78315 ], [ -94.754808, 29.781123 ], [ -94.756509, 29.781426 ], [ -94.77076, 29.776398 ], [ -94.778578, 29.772759 ], [ -94.780732, 29.772312 ], [ -94.78214, 29.771101 ], [ -94.78724, 29.769171 ], [ -94.792491, 29.768325 ], [ -94.794488, 29.766886 ], [ -94.797784, 29.76679 ], [ -94.799829, 29.765554 ], [ -94.815219, 29.758478 ], [ -94.820080791247605, 29.753797182541799 ], [ -94.82395, 29.750072 ], [ -94.824284, 29.748599 ], [ -94.832208, 29.740759 ], [ -94.832586, 29.739203 ], [ -94.835812, 29.737261 ], [ -94.836384, 29.735166 ], [ -94.838353, 29.734393 ], [ -94.839217522666402, 29.733526505788099 ], [ -94.844492, 29.72824 ], [ -94.845142747398896, 29.727564564330699 ], [ -94.849844602135605, 29.7226843290712 ], [ -94.851108, 29.721373 ], [ -94.854505, 29.716671 ], [ -94.855065, 29.715367 ], [ -94.85381, 29.71363 ], [ -94.856526, 29.710144 ], [ -94.858035, 29.707304 ], [ -94.858628092178293, 29.706386119247799 ], [ -94.861395, 29.702104 ], [ -94.865007, 29.695337 ], [ -94.864970944845297, 29.694459816038201 ], [ -94.864855, 29.691639 ], [ -94.865951, 29.688904 ], [ -94.867438, 29.678768 ], [ -94.870801842575403, 29.673821907983299 ], [ -94.872551, 29.67125 ], [ -94.878831687834605, 29.6679956577441 ], [ -94.891779, 29.661287 ], [ -94.892255849675195, 29.6610965279651 ], [ -94.901037, 29.657589 ], [ -94.901148884678804, 29.6575580115321 ], [ -94.90824, 29.655594 ], [ -94.915955253924395, 29.656549089563899 ], [ -94.920454, 29.657106 ], [ -94.921822, 29.658772 ], [ -94.921287, 29.664482 ], [ -94.927414, 29.668349 ], [ -94.930708691215003, 29.6737462591277 ], [ -94.929731, 29.673985 ], [ -94.929468, 29.676474 ], [ -94.927726, 29.680693 ], [ -94.922417, 29.6839 ], [ -94.919869, 29.686856 ], [ -94.919671, 29.688454 ], [ -94.921456, 29.69114 ], [ -94.921609, 29.693234 ], [ -94.916282, 29.696153 ], [ -94.91581, 29.698434 ], [ -94.917063, 29.699136 ], [ -94.918564, 29.698746 ], [ -94.920169, 29.699601 ], [ -94.92386, 29.699161 ], [ -94.925364, 29.696804 ], [ -94.926949, 29.696658 ], [ -94.929909, 29.69737 ], [ -94.930285, 29.69919 ], [ -94.929677, 29.699971 ], [ -94.92892, 29.700351 ], [ -94.926498, 29.700913 ], [ -94.925211, 29.702512 ], [ -94.925274, 29.703687 ], [ -94.927397, 29.704306 ], [ -94.930979, 29.704429 ], [ -94.932964, 29.705208 ], [ -94.933671, 29.706391 ], [ -94.934562, 29.710416 ], [ -94.934203, 29.711632 ], [ -94.932491, 29.713571 ], [ -94.932971, 29.714724 ], [ -94.933078, 29.714826 ], [ -94.933935, 29.715124 ], [ -94.934995, 29.715167 ], [ -94.941494, 29.713228 ], [ -94.942522, 29.713336 ], [ -94.943797, 29.714283 ], [ -94.945399, 29.716237 ], [ -94.945223, 29.718301 ], [ -94.943312, 29.719629 ], [ -94.942346, 29.720922 ], [ -94.941473, 29.724675 ], [ -94.939183, 29.726845 ], [ -94.934827, 29.732584 ], [ -94.932317, 29.733884 ], [ -94.929019, 29.737057 ], [ -94.928297, 29.738753 ], [ -94.928596, 29.741156 ], [ -94.928891, 29.743537 ], [ -94.929955, 29.746559 ], [ -94.929826, 29.75 ], [ -94.928797, 29.751375 ], [ -94.925941, 29.752373 ], [ -94.923402, 29.755263 ], [ -94.921645, 29.755557 ], [ -94.919551, 29.755274 ], [ -94.918368, 29.756112 ], [ -94.918786, 29.759228 ], [ -94.917783, 29.761038 ], [ -94.919168, 29.76458 ], [ -94.919016, 29.765389 ], [ -94.917035, 29.766843 ], [ -94.913813, 29.7663 ], [ -94.913372, 29.7681 ], [ -94.914254, 29.769146 ], [ -94.916618, 29.770271 ], [ -94.919634, 29.771285 ], [ -94.919151, 29.772891 ], [ -94.917694, 29.771926 ], [ -94.916305, 29.773663 ], [ -94.917237, 29.774905 ], [ -94.920071, 29.775357 ], [ -94.920008, 29.778999 ], [ -94.920033, 29.781004 ], [ -94.921372, 29.782075 ], [ -94.918374, 29.783552 ], [ -94.918199, 29.785638 ], [ -94.91711, 29.786222 ], [ -94.918608, 29.787544 ], [ -94.917828, 29.789042 ], [ -94.919625, 29.791458 ], [ -94.921124, 29.791929 ], [ -94.91944, 29.793657 ], [ -94.923836, 29.79472 ], [ -94.923812, 29.796401 ], [ -94.922498, 29.796637 ], [ -94.923176, 29.798693 ], [ -94.922164, 29.799995 ], [ -94.922942, 29.802381 ], [ -94.921577, 29.803118 ], [ -94.919408, 29.802761 ], [ -94.916884, 29.803298 ], [ -94.917224, 29.804735 ], [ -94.916169, 29.806453 ], [ -94.912441, 29.808785 ], [ -94.912985, 29.809669 ], [ -94.913633, 29.810478 ], [ -94.911973, 29.810957 ], [ -94.912041, 29.811397 ], [ -94.912874, 29.811766 ], [ -94.91334, 29.812402 ], [ -94.913247, 29.812918 ], [ -94.911753, 29.814053 ], [ -94.91165, 29.812209 ], [ -94.911371, 29.811989 ], [ -94.910711, 29.811917 ], [ -94.910389, 29.812116 ], [ -94.910725, 29.814023 ], [ -94.909219, 29.813626 ], [ -94.908498, 29.814936 ], [ -94.910734, 29.815852 ], [ -94.910201, 29.816181 ], [ -94.910077, 29.816459 ], [ -94.911129, 29.818169 ], [ -94.911064, 29.818335 ], [ -94.91044, 29.818411 ], [ -94.910402, 29.818772 ], [ -94.910775, 29.819123 ], [ -94.910678, 29.819446 ], [ -94.909894, 29.819644 ], [ -94.910066, 29.820142 ], [ -94.910004, 29.820624 ], [ -94.909816, 29.821223 ], [ -94.90966, 29.821643 ], [ -94.908609, 29.825488 ], [ -94.908971, 29.82673 ], [ -94.911722, 29.828848 ], [ -94.917911, 29.830681 ], [ -94.926734, 29.833692 ], [ -94.934599, 29.834292 ], [ -94.937186, 29.836497 ], [ -94.937732, 29.837065 ], [ -94.940645, 29.840094 ], [ -94.940715, 29.840167 ], [ -94.941513, 29.840962 ], [ -94.941885, 29.841402 ], [ -94.943308, 29.842845 ], [ -94.943422, 29.842961 ], [ -94.944516, 29.844096 ], [ -94.944725, 29.844291 ], [ -94.945891, 29.845768 ], [ -94.947085, 29.849511 ], [ -94.947241, 29.850153 ], [ -94.947343, 29.85039 ], [ -94.947589, 29.850816 ], [ -94.949908, 29.852724 ], [ -94.951952, 29.854468 ], [ -94.95205, 29.854553 ], [ -94.952636, 29.855028 ], [ -94.95309, 29.855303 ], [ -94.953835, 29.855522 ], [ -94.954971, 29.855665 ], [ -94.955699, 29.855845 ], [ -94.957034, 29.855984 ], [ -94.958602, 29.856261 ], [ -94.965948, 29.858082 ], [ -94.967999, 29.859154 ], [ -94.968905, 29.860433 ], [ -94.970913, 29.861595 ], [ -94.97272, 29.86321 ], [ -94.972658, 29.864345 ], [ -94.974008, 29.865964 ], [ -94.977138, 29.868181 ], [ -94.975929, 29.872998 ], [ -94.976677, 29.875507 ], [ -94.97633, 29.876986 ], [ -94.978735, 29.879773 ], [ -94.98146, 29.884276 ], [ -94.934857, 29.884894 ], [ -94.934584, 29.884899 ], [ -94.919554, 29.885134 ], [ -94.910275, 29.88521 ], [ -94.894984, 29.885402 ], [ -94.89461, 29.885407 ], [ -94.89384, 29.885413 ], [ -94.890446, 29.885444 ], [ -94.887154, 29.885474 ], [ -94.881757, 29.885524 ], [ -94.872964, 29.885546 ], [ -94.870287, 29.885584 ], [ -94.866012, 29.885658 ], [ -94.85476, 29.885825 ], [ -94.835474, 29.885992 ], [ -94.827844, 29.886084 ], [ -94.82617, 29.886114 ], [ -94.81604, 29.886231 ], [ -94.81409, 29.886266 ], [ -94.787803, 29.886641 ], [ -94.778794, 29.88672 ], [ -94.738857, 29.887217 ], [ -94.695837, 29.887663 ], [ -94.659943, 29.88812 ], [ -94.638396, 29.888392 ], [ -94.534569, 29.889506 ], [ -94.525217, 29.889621 ], [ -94.500191, 29.88994 ], [ -94.491536, 29.889508 ], [ -94.442235, 29.889538 ], [ -94.442204, 29.887053 ], [ -94.440633, 29.88699 ], [ -94.357976, 29.887464 ], [ -94.357292, 29.842779 ], [ -94.357019, 29.826033 ], [ -94.35703, 29.825482 ], [ -94.35673, 29.806045 ], [ -94.355791, 29.748417 ], [ -94.355489, 29.728608 ], [ -94.353979, 29.625226 ], [ -94.354087, 29.620349 ], [ -94.353948, 29.611497 ], [ -94.353383, 29.574844 ], [ -94.354094018520101, 29.5625650084448 ], [ -94.370823033909403, 29.556244522017099 ], [ -94.490073, 29.51119 ], [ -94.498569, 29.507086 ], [ -94.499669980643006, 29.506986378556899 ], [ -94.500923, 29.506873 ], [ -94.53556, 29.492934 ], [ -94.553266724023302, 29.4858174660876 ], [ -94.564335, 29.481369 ], [ -94.571536245014997, 29.478326484720501 ], [ -94.596186, 29.467912 ], [ -94.631607, 29.451802 ], [ -94.654825, 29.440103 ], [ -94.668271, 29.432586 ], [ -94.68127, 29.424642 ], [ -94.694158, 29.415632 ], [ -94.694301341022395, 29.415506002089799 ], [ -94.708473, 29.403049 ], [ -94.717777, 29.390753 ], [ -94.723712, 29.382142 ], [ -94.728585, 29.372304 ], [ -94.731047, 29.369141 ], [ -94.733413, 29.36799 ], [ -94.737259, 29.369589 ], [ -94.738266, 29.370437 ], [ -94.737748, 29.372471 ], [ -94.739232, 29.37493 ], [ -94.741054, 29.375735 ], [ -94.742019, 29.375877 ], [ -94.754729, 29.367643 ], [ -94.754155, 29.366174 ], [ -94.758146, 29.363344 ], [ -94.761491, 29.361883 ], [ -94.76247, 29.362993 ], [ -94.762185, 29.364553 ], [ -94.763365, 29.365849 ], [ -94.766401, 29.365723 ], [ -94.770037, 29.364859 ], [ -94.774864, 29.362666 ], [ -94.778691, 29.361483 ], [ -94.780703, 29.365069 ], [ -94.778869, 29.367378 ], [ -94.777309, 29.371061 ], [ -94.777903, 29.373443 ], [ -94.777784, 29.375825 ], [ -94.779681950543605, 29.375492656901301 ], [ -94.782958, 29.374919 ], [ -94.784439, 29.375721 ], [ -94.78337, 29.377482 ], [ -94.774564, 29.385033 ], [ -94.77106, 29.386849 ], [ -94.767208, 29.390426 ], [ -94.766376, 29.392393 ] ] ], [ [ [ -94.713849, 29.731445 ], [ -94.715156, 29.729793 ], [ -94.716185, 29.727775 ], [ -94.716746, 29.727687 ], [ -94.717886, 29.728116 ], [ -94.718296, 29.728855 ], [ -94.717207, 29.732114 ], [ -94.716514, 29.733515 ], [ -94.714443, 29.732992 ], [ -94.713849, 29.731445 ] ] ] ] } },
{ "type": "Feature", "properties": { "FederalDivisionName": "Houston", "FederalJudicialDistrict": "Southern" }, "geometry": { "type": "MultiPolygon", "coordinates": [ [ [ [ -95.84586, 29.261054 ], [ -95.842381, 29.259812 ], [ -95.841948, 29.258707 ], [ -95.874028, 29.229702 ], [ -95.87523, 29.228507 ], [ -95.884086, 29.220622 ], [ -95.884683, 29.219881 ], [ -95.912773, 29.194358 ], [ -95.933701, 29.175398 ], [ -95.964049, 29.147905 ], [ -95.965196, 29.146865 ], [ -95.984189, 29.136266 ], [ -96.038643, 29.106552 ], [ -96.119129, 29.063916 ], [ -96.207276, 29.017108 ], [ -96.240018, 28.99966 ], [ -96.257821, 28.990018 ], [ -96.265863, 28.986169 ], [ -96.297557, 28.969453 ], [ -96.297999, 28.968949 ], [ -96.309178, 28.963291 ], [ -96.330511, 28.981826 ], [ -96.331515, 28.982818 ], [ -96.429938, 29.067353 ], [ -96.448495, 29.083387 ], [ -96.531837, 29.155159 ], [ -96.541186, 29.16325 ], [ -96.546354, 29.167733 ], [ -96.568496, 29.186852 ], [ -96.61337, 29.225583 ], [ -96.625251, 29.234372 ], [ -96.633831, 29.242023 ], [ -96.634506, 29.242625 ], [ -96.640315, 29.247804 ], [ -96.643316, 29.25025 ], [ -96.658466, 29.263876 ], [ -96.573182, 29.326144 ], [ -96.560555, 29.335439 ], [ -96.687582, 29.466496 ], [ -96.688914, 29.467968 ], [ -96.703613, 29.483805 ], [ -96.706155, 29.486696 ], [ -96.706877, 29.487566 ], [ -96.757798, 29.54065 ], [ -96.761287, 29.544276 ], [ -96.792988, 29.577228 ], [ -96.793132, 29.577378 ], [ -96.832812, 29.576863 ], [ -96.834794, 29.579934 ], [ -96.83653, 29.580907 ], [ -96.838745, 29.583046 ], [ -96.839287, 29.585245 ], [ -96.838947, 29.586163 ], [ -96.836311, 29.588556 ], [ -96.835765, 29.592773 ], [ -96.833362, 29.595298 ], [ -96.833324, 29.595903 ], [ -96.836112, 29.598487 ], [ -96.836873, 29.598569 ], [ -96.837566, 29.60029 ], [ -96.837931, 29.603793 ], [ -96.840354, 29.605227 ], [ -96.841261, 29.607647 ], [ -96.84428, 29.609041 ], [ -96.843564, 29.611056 ], [ -96.842338, 29.612826 ], [ -96.843131, 29.61485 ], [ -96.842861, 29.616082 ], [ -96.844497, 29.616889 ], [ -96.847348, 29.61706 ], [ -96.848953, 29.618918 ], [ -96.847242, 29.620172 ], [ -96.848029, 29.620969 ], [ -96.850987, 29.621513 ], [ -96.854581, 29.623024 ], [ -96.857136, 29.62321 ], [ -96.859144, 29.624376 ], [ -96.859075, 29.626725 ], [ -96.863085, 29.628334 ], [ -96.86289, 29.629742 ], [ -96.865566, 29.630153 ], [ -96.864996, 29.632706 ], [ -96.874222, 29.632706 ], [ -96.905413, 29.632198 ], [ -96.926987, 29.63168 ], [ -96.927117, 29.631955 ], [ -96.963634, 29.631506 ], [ -96.993244, 29.631024 ], [ -96.995126, 29.631081 ], [ -97.02106, 29.630153 ], [ -97.039475, 29.630026 ], [ -97.04525, 29.629722 ], [ -97.12209, 29.628387 ], [ -97.125264, 29.628424 ], [ -97.130431, 29.628322 ], [ -97.142643, 29.628101 ], [ -97.143262, 29.628089 ], [ -97.130517, 29.643296 ], [ -97.133444, 29.645806 ], [ -97.13625, 29.647665 ], [ -97.179139, 29.679924 ], [ -97.270441, 29.748965 ], [ -97.272686, 29.750229 ], [ -97.317893, 29.784658 ], [ -97.315823, 29.786541 ], [ -97.221837, 29.871837 ], [ -97.194235, 29.896776 ], [ -97.165346, 29.922973 ], [ -97.14403, 29.942245 ], [ -97.130912, 29.95406 ], [ -97.128501, 29.956473 ], [ -97.121134, 29.962585 ], [ -97.107179, 29.975232 ], [ -97.106961, 29.97543 ], [ -97.086458, 29.994298 ], [ -97.044365, 30.033151 ], [ -97.044335, 30.033192 ], [ -97.024461, 30.051435 ], [ -97.019163, 30.032 ], [ -96.991442, 30.045688 ], [ -96.987139, 30.047785 ], [ -96.984382, 30.048836 ], [ -96.98319, 30.0496 ], [ -96.892419, 30.093788 ], [ -96.881791, 30.098953 ], [ -96.863451, 30.107906 ], [ -96.861725, 30.108644 ], [ -96.845857, 30.116027 ], [ -96.806259, 30.150408 ], [ -96.801371, 30.154641 ], [ -96.794552, 30.160545 ], [ -96.780751, 30.152124 ], [ -96.773016, 30.149466 ], [ -96.766937, 30.138745 ], [ -96.747229, 30.144173 ], [ -96.735967, 30.147225 ], [ -96.735445, 30.147393 ], [ -96.732136, 30.147016 ], [ -96.714989, 30.144983 ], [ -96.705462, 30.154414 ], [ -96.702002, 30.157839 ], [ -96.693755, 30.161456 ], [ -96.687141, 30.16435 ], [ -96.683394, 30.151038 ], [ -96.668606, 30.149729 ], [ -96.661872, 30.149133 ], [ -96.647223, 30.145174 ], [ -96.653062, 30.13012 ], [ -96.653112, 30.12999 ], [ -96.640649, 30.120579 ], [ -96.633673, 30.106142 ], [ -96.633186, 30.092951 ], [ -96.632478, 30.08404 ], [ -96.634289, 30.075701 ], [ -96.630847, 30.070287 ], [ -96.626018, 30.067796 ], [ -96.623863, 30.066713 ], [ -96.62198, 30.044283 ], [ -96.620848, 30.045203 ], [ -96.594141, 30.071022 ], [ -96.592321, 30.070671 ], [ -96.591638, 30.069396 ], [ -96.588161, 30.067016 ], [ -96.587194, 30.065339 ], [ -96.585899, 30.064668 ], [ -96.57436, 30.06476 ], [ -96.531821, 30.0651 ], [ -96.518814, 30.065198 ], [ -96.50452, 30.06729 ], [ -96.436225, 30.076487 ], [ -96.375236, 30.084787 ], [ -96.374575, 30.085098 ], [ -96.370091, 30.085383 ], [ -96.35724, 30.0866 ], [ -96.35652, 30.08682 ], [ -96.33748, 30.09005 ], [ -96.334061, 30.090646 ], [ -96.292849, 30.09615 ], [ -96.28983, 30.096235 ], [ -96.288998, 30.096829 ], [ -96.285746, 30.096387 ], [ -96.284469, 30.09553 ], [ -96.28392, 30.094271 ], [ -96.281828, 30.093292 ], [ -96.280089, 30.094132 ], [ -96.276171, 30.092378 ], [ -96.273869, 30.093976 ], [ -96.272479, 30.094432 ], [ -96.271057, 30.093882 ], [ -96.270634, 30.09248 ], [ -96.26932, 30.091001 ], [ -96.270016, 30.09005 ], [ -96.268759, 30.087681 ], [ -96.268823, 30.086318 ], [ -96.267516, 30.083893 ], [ -96.267902, 30.082931 ], [ -96.265595, 30.082326 ], [ -96.264237, 30.080814 ], [ -96.263847, 30.07829 ], [ -96.260947, 30.078117 ], [ -96.259821, 30.077277 ], [ -96.259336, 30.075744 ], [ -96.257939, 30.076216 ], [ -96.25483, 30.075681 ], [ -96.254337, 30.074494 ], [ -96.253869, 30.075823 ], [ -96.250881, 30.074063 ], [ -96.247417, 30.075256 ], [ -96.244926, 30.073987 ], [ -96.243781, 30.07241 ], [ -96.24095, 30.072977 ], [ -96.239561, 30.075572 ], [ -96.23654, 30.075469 ], [ -96.233931, 30.076294 ], [ -96.22859, 30.075592 ], [ -96.225385, 30.073801 ], [ -96.225018, 30.072372 ], [ -96.219837, 30.07262 ], [ -96.218414, 30.071785 ], [ -96.218686, 30.070757 ], [ -96.216916, 30.070521 ], [ -96.216152, 30.06968 ], [ -96.21382, 30.068988 ], [ -96.214059, 30.066388 ], [ -96.212719, 30.065883 ], [ -96.209174, 30.062245 ], [ -96.208441, 30.063613 ], [ -96.208511, 30.065224 ], [ -96.206786, 30.066961 ], [ -96.202375, 30.066197 ], [ -96.200568, 30.066588 ], [ -96.199569, 30.065659 ], [ -96.197023, 30.064703 ], [ -96.192479, 30.065181 ], [ -96.18908, 30.064389 ], [ -96.185838, 30.06235 ], [ -96.18364, 30.063015 ], [ -96.182875, 30.06235 ], [ -96.181352, 30.0628 ], [ -96.179773, 30.062047 ], [ -96.179545, 30.060877 ], [ -96.1777, 30.060541 ], [ -96.177915, 30.059563 ], [ -96.175495, 30.058991 ], [ -96.173796, 30.057935 ], [ -96.173727, 30.056847 ], [ -96.170681, 30.055758 ], [ -96.168451, 30.056115 ], [ -96.168837, 30.054411 ], [ -96.1654, 30.053218 ], [ -96.162816, 30.052882 ], [ -96.162228, 30.054201 ], [ -96.160472, 30.053409 ], [ -96.159442, 30.053832 ], [ -96.15735, 30.055926 ], [ -96.155706, 30.058789 ], [ -96.156299, 30.060141 ], [ -96.157424, 30.060609 ], [ -96.157209, 30.061895 ], [ -96.156014, 30.06273 ], [ -96.154357, 30.065851 ], [ -96.155223, 30.067132 ], [ -96.152973, 30.067197 ], [ -96.150527, 30.068175 ], [ -96.149308, 30.067993 ], [ -96.148562, 30.069175 ], [ -96.146052, 30.070224 ], [ -96.150005, 30.071726 ], [ -96.151305, 30.073445 ], [ -96.151878, 30.075161 ], [ -96.151247, 30.076396 ], [ -96.149129, 30.076632 ], [ -96.146294, 30.074946 ], [ -96.142858, 30.070942 ], [ -96.137, 30.066997 ], [ -96.134661, 30.067529 ], [ -96.133567, 30.068965 ], [ -96.13378, 30.07096 ], [ -96.135379, 30.073242 ], [ -96.139674, 30.075562 ], [ -96.14092, 30.076839 ], [ -96.141315, 30.078807 ], [ -96.141193, 30.081175 ], [ -96.141649, 30.083197 ], [ -96.143502, 30.084979 ], [ -96.145326, 30.085245 ], [ -96.15046, 30.084713 ], [ -96.152071, 30.085032 ], [ -96.15435, 30.086522 ], [ -96.158421, 30.091709 ], [ -96.159241, 30.094103 ], [ -96.158998, 30.097029 ], [ -96.157661, 30.098306 ], [ -96.156173, 30.098838 ], [ -96.152557, 30.102535 ], [ -96.152496, 30.104211 ], [ -96.153347, 30.107217 ], [ -96.153985, 30.107989 ], [ -96.154988, 30.108521 ], [ -96.157661, 30.108547 ], [ -96.160271, 30.108066 ], [ -96.162371, 30.103467 ], [ -96.164285, 30.101152 ], [ -96.168144, 30.098998 ], [ -96.169936, 30.098785 ], [ -96.172823, 30.099343 ], [ -96.173643, 30.100035 ], [ -96.17466, 30.102702 ], [ -96.171425, 30.108095 ], [ -96.171456, 30.109345 ], [ -96.17261, 30.110755 ], [ -96.175046, 30.112435 ], [ -96.183548, 30.109212 ], [ -96.186101, 30.109266 ], [ -96.188653, 30.110463 ], [ -96.191099, 30.113872 ], [ -96.191708, 30.115235 ], [ -96.191235, 30.117577 ], [ -96.189761, 30.118481 ], [ -96.187418, 30.118594 ], [ -96.183002, 30.117086 ], [ -96.179811, 30.117352 ], [ -96.178869, 30.118443 ], [ -96.1789, 30.120943 ], [ -96.179872, 30.122992 ], [ -96.182446, 30.125217 ], [ -96.186368, 30.128147 ], [ -96.1872, 30.129458 ], [ -96.188288, 30.132011 ], [ -96.191418, 30.134669 ], [ -96.192208, 30.136664 ], [ -96.191782, 30.13842 ], [ -96.190172, 30.140202 ], [ -96.187802, 30.141692 ], [ -96.186131, 30.141931 ], [ -96.181827, 30.140903 ], [ -96.179052, 30.138819 ], [ -96.175922, 30.137728 ], [ -96.174403, 30.137755 ], [ -96.17261, 30.138633 ], [ -96.17176, 30.13983 ], [ -96.171942, 30.14116 ], [ -96.174585, 30.14366 ], [ -96.178231, 30.144991 ], [ -96.181877, 30.148129 ], [ -96.183153, 30.15071 ], [ -96.183214, 30.152439 ], [ -96.182546, 30.153982 ], [ -96.180662, 30.155684 ], [ -96.178729, 30.155804 ], [ -96.176289, 30.154821 ], [ -96.172609, 30.151602 ], [ -96.168448, 30.149167 ], [ -96.164502, 30.146572 ], [ -96.160639, 30.143128 ], [ -96.158846, 30.142144 ], [ -96.15596, 30.141293 ], [ -96.153529, 30.141958 ], [ -96.152527, 30.143128 ], [ -96.151082, 30.146851 ], [ -96.151129, 30.149912 ], [ -96.1504, 30.152066 ], [ -96.150126, 30.155445 ], [ -96.153408, 30.159488 ], [ -96.157327, 30.160632 ], [ -96.160031, 30.161829 ], [ -96.162006, 30.164915 ], [ -96.160912, 30.168559 ], [ -96.156841, 30.171299 ], [ -96.1552, 30.173161 ], [ -96.154562, 30.177124 ], [ -96.156628, 30.17888 ], [ -96.159231, 30.180413 ], [ -96.159775, 30.18318 ], [ -96.157264, 30.188105 ], [ -96.157092, 30.190498 ], [ -96.158482, 30.192633 ], [ -96.159094, 30.195859 ], [ -96.158282, 30.199219 ], [ -96.159071, 30.201297 ], [ -96.15933, 30.203402 ], [ -96.15901, 30.206613 ], [ -96.151551, 30.211525 ], [ -96.149885, 30.213024 ], [ -96.148454, 30.216578 ], [ -96.147428, 30.217976 ], [ -96.145075, 30.218566 ], [ -96.143531, 30.216809 ], [ -96.14188, 30.213879 ], [ -96.14019, 30.212224 ], [ -96.136315, 30.210806 ], [ -96.133983, 30.210557 ], [ -96.130107, 30.210755 ], [ -96.128228, 30.211605 ], [ -96.118018, 30.224212 ], [ -96.117159, 30.227275 ], [ -96.114778, 30.227898 ], [ -96.113704, 30.227203 ], [ -96.110982, 30.222315 ], [ -96.109406, 30.219914 ], [ -96.103384, 30.216572 ], [ -96.098936, 30.214525 ], [ -96.096706, 30.214872 ], [ -96.093122, 30.220447 ], [ -96.092662, 30.22364 ], [ -96.093165, 30.225187 ], [ -96.09557, 30.22876 ], [ -96.098248, 30.230439 ], [ -96.101477, 30.23076 ], [ -96.104367, 30.231473 ], [ -96.105379, 30.23287 ], [ -96.103145, 30.238681 ], [ -96.101346, 30.24088 ], [ -96.098571, 30.242736 ], [ -96.096936, 30.243007 ], [ -96.094423, 30.242386 ], [ -96.090396, 30.238883 ], [ -96.087671, 30.23777 ], [ -96.083327, 30.238312 ], [ -96.081741, 30.240882 ], [ -96.080839, 30.244305 ], [ -96.08304, 30.248753 ], [ -96.084578, 30.251253 ], [ -96.08605, 30.252541 ], [ -96.089438, 30.253041 ], [ -96.094873, 30.252392 ], [ -96.09874, 30.254488 ], [ -96.099253, 30.258049 ], [ -96.098039, 30.261674 ], [ -96.095514, 30.265597 ], [ -96.094859, 30.268309 ], [ -96.094683, 30.271205 ], [ -96.093798, 30.274316 ], [ -96.091737, 30.278013 ], [ -96.090602, 30.279071 ], [ -96.085089, 30.282607 ], [ -96.084382, 30.28376 ], [ -96.084068, 30.286456 ], [ -96.084382, 30.28766 ], [ -96.085893, 30.288983 ], [ -96.087691, 30.289623 ], [ -96.089809, 30.289668 ], [ -96.09393, 30.289078 ], [ -96.096933, 30.289 ], [ -96.099316, 30.290258 ], [ -96.10058, 30.292805 ], [ -96.100046, 30.29669 ], [ -96.098768, 30.299555 ], [ -96.097614, 30.300984 ], [ -96.095342, 30.302824 ], [ -96.093637, 30.305195 ], [ -96.093513, 30.306532 ], [ -96.094404, 30.309371 ], [ -96.097193, 30.311112 ], [ -96.100871, 30.310214 ], [ -96.10408, 30.30882 ], [ -96.112305, 30.306601 ], [ -96.115056, 30.306001 ], [ -96.117372, 30.304195 ], [ -96.119506, 30.304821 ], [ -96.120477, 30.305689 ], [ -96.122703, 30.309368 ], [ -96.125273, 30.311563 ], [ -96.131635, 30.312434 ], [ -96.135057, 30.313508 ], [ -96.136547, 30.314752 ], [ -96.137078, 30.316669 ], [ -96.137298, 30.321058 ], [ -96.138866, 30.322453 ], [ -96.145244, 30.323592 ], [ -96.147462, 30.324168 ], [ -96.149386, 30.325187 ], [ -96.152789, 30.32801 ], [ -96.15463, 30.330288 ], [ -96.160445, 30.339364 ], [ -96.16016, 30.341739 ], [ -96.155539, 30.347521 ], [ -96.15263, 30.350311 ], [ -96.152364, 30.352879 ], [ -96.153456, 30.357466 ], [ -96.15527, 30.36158 ], [ -96.155438, 30.363141 ], [ -96.151598, 30.365455 ], [ -96.1504, 30.366694 ], [ -96.149872, 30.36879 ], [ -96.151447, 30.371485 ], [ -96.153315, 30.372403 ], [ -96.157194, 30.375741 ], [ -96.158438, 30.378368 ], [ -96.15904, 30.378621 ], [ -96.160523, 30.378709 ], [ -96.164186, 30.3775 ], [ -96.167219, 30.375246 ], [ -96.171543, 30.37379 ], [ -96.173038, 30.373911 ], [ -96.175545, 30.375012 ], [ -96.176568, 30.376103 ], [ -96.176455, 30.378345 ], [ -96.17495, 30.381977 ], [ -96.174151, 30.385084 ], [ -96.17327, 30.38645 ], [ -96.173467, 30.389221 ], [ -96.174461, 30.390878 ], [ -96.177095, 30.393587 ], [ -96.178661, 30.394718 ], [ -96.180522, 30.395099 ], [ -96.183814, 30.394281 ], [ -96.184744, 30.39459 ], [ -96.187711, 30.397013 ], [ -96.189971, 30.397841 ], [ -96.190775, 30.398706 ], [ -96.1945, 30.39989 ], [ -96.196516, 30.398729 ], [ -96.198228, 30.395118 ], [ -96.199211, 30.387383 ], [ -96.199544, 30.38291 ], [ -96.201239, 30.381145 ], [ -96.204931, 30.380108 ], [ -96.206507, 30.379 ], [ -96.209217, 30.375842 ], [ -96.2096, 30.374173 ], [ -96.212171, 30.373679 ], [ -96.214732, 30.375881 ], [ -96.218036, 30.376693 ], [ -96.221552, 30.376241 ], [ -96.224011, 30.375377 ], [ -96.23058, 30.372206 ], [ -96.235086, 30.36972 ], [ -96.23869, 30.369006 ], [ -96.243205, 30.369719 ], [ -96.246606, 30.368514 ], [ -96.249556, 30.366277 ], [ -96.25175, 30.365384 ], [ -96.257222, 30.366403 ], [ -96.258944, 30.36735 ], [ -96.259539, 30.368723 ], [ -96.261458, 30.36997 ], [ -96.262915, 30.370021 ], [ -96.26354, 30.368192 ], [ -96.262302, 30.364658 ], [ -96.263648, 30.362343 ], [ -96.268675, 30.358675 ], [ -96.271232, 30.35835 ], [ -96.272455, 30.358468 ], [ -96.276579, 30.360266 ], [ -96.277792, 30.362837 ], [ -96.279437, 30.364468 ], [ -96.28336, 30.364326 ], [ -96.285753, 30.364689 ], [ -96.287654, 30.366334 ], [ -96.289191, 30.371485 ], [ -96.290575, 30.373394 ], [ -96.294546, 30.376218 ], [ -96.298632, 30.377022 ], [ -96.299635, 30.377772 ], [ -96.299634, 30.378808 ], [ -96.299173, 30.379152 ], [ -96.296325, 30.379062 ], [ -96.294068, 30.380235 ], [ -96.293471, 30.38145 ], [ -96.293617, 30.383574 ], [ -96.294939, 30.385623 ], [ -96.298014, 30.386957 ], [ -96.302421, 30.389695 ], [ -96.305209, 30.390492 ], [ -96.306356, 30.391715 ], [ -96.306931, 30.394586 ], [ -96.305193, 30.397216 ], [ -96.302498, 30.399403 ], [ -96.297599, 30.400421 ], [ -96.297633, 30.401827 ], [ -96.299701, 30.405057 ], [ -96.300253, 30.407269 ], [ -96.298866, 30.410502 ], [ -96.29749, 30.411787 ], [ -96.295201, 30.412367 ], [ -96.291324, 30.411968 ], [ -96.28936, 30.412401 ], [ -96.28659, 30.411661 ], [ -96.282817, 30.40982 ], [ -96.278998, 30.407422 ], [ -96.276916, 30.407031 ], [ -96.272837, 30.409042 ], [ -96.272323, 30.410202 ], [ -96.272898, 30.413887 ], [ -96.271816, 30.416388 ], [ -96.273547, 30.418325 ], [ -96.277283, 30.41554 ], [ -96.281109, 30.414831 ], [ -96.283537, 30.415588 ], [ -96.285907, 30.416922 ], [ -96.28688, 30.418834 ], [ -96.287988, 30.421287 ], [ -96.284889, 30.423715 ], [ -96.282564, 30.426614 ], [ -96.286449, 30.433756 ], [ -96.286883, 30.438557 ], [ -96.286052, 30.44286 ], [ -96.284252, 30.446705 ], [ -96.28485, 30.448089 ], [ -96.286048, 30.448206 ], [ -96.288964, 30.445279 ], [ -96.290895, 30.443999 ], [ -96.292865, 30.444276 ], [ -96.301772, 30.447851 ], [ -96.303543, 30.449023 ], [ -96.306458, 30.453089 ], [ -96.308921, 30.455199 ], [ -96.311541, 30.455556 ], [ -96.312979, 30.454501 ], [ -96.313984, 30.4528 ], [ -96.315954, 30.450843 ], [ -96.318082, 30.449805 ], [ -96.320946, 30.449567 ], [ -96.321884, 30.451813 ], [ -96.32147, 30.454824 ], [ -96.321648, 30.456951 ], [ -96.322466, 30.45875 ], [ -96.324879, 30.460371 ], [ -96.328504, 30.462175 ], [ -96.330828, 30.463791 ], [ -96.335636, 30.468215 ], [ -96.337323, 30.469352 ], [ -96.340665, 30.473717 ], [ -96.339781, 30.475399 ], [ -96.335813, 30.474204 ], [ -96.333193, 30.474153 ], [ -96.331597, 30.474544 ], [ -96.330021, 30.476297 ], [ -96.329935, 30.477882 ], [ -96.333901, 30.483456 ], [ -96.336348, 30.488482 ], [ -96.33978, 30.494255 ], [ -96.343105, 30.498656 ], [ -96.344894, 30.499795 ], [ -96.346878, 30.499918 ], [ -96.348297, 30.50058 ], [ -96.351966, 30.501264 ], [ -96.35365, 30.502683 ], [ -96.354986, 30.504876 ], [ -96.355628, 30.50641 ], [ -96.35478, 30.511407 ], [ -96.355001, 30.512779 ], [ -96.356047, 30.513861 ], [ -96.356971, 30.514079 ], [ -96.359295, 30.513315 ], [ -96.363335, 30.51053 ], [ -96.367086, 30.510612 ], [ -96.368877, 30.511368 ], [ -96.371094, 30.513411 ], [ -96.371298, 30.514996 ], [ -96.370433, 30.516728 ], [ -96.367964, 30.518177 ], [ -96.36548, 30.517746 ], [ -96.360926, 30.518141 ], [ -96.357292, 30.519535 ], [ -96.355744, 30.52112 ], [ -96.354589, 30.525021 ], [ -96.355226, 30.529936 ], [ -96.356635, 30.533511 ], [ -96.358817, 30.541753 ], [ -96.360519, 30.542912 ], [ -96.365357, 30.542906 ], [ -96.369201, 30.543944 ], [ -96.373376, 30.546616 ], [ -96.376526, 30.546727 ], [ -96.37722, 30.54588 ], [ -96.376975, 30.544056 ], [ -96.375102, 30.541636 ], [ -96.374265, 30.5384 ], [ -96.375762, 30.535989 ], [ -96.377698, 30.536099 ], [ -96.379222, 30.537677 ], [ -96.38021, 30.542689 ], [ -96.382205, 30.543961 ], [ -96.38522, 30.544123 ], [ -96.38598, 30.543768 ], [ -96.387082, 30.542074 ], [ -96.386446, 30.53956 ], [ -96.383685, 30.537994 ], [ -96.382877, 30.535409 ], [ -96.38369, 30.533516 ], [ -96.385309, 30.532727 ], [ -96.387955, 30.532443 ], [ -96.391023, 30.532939 ], [ -96.397116, 30.534487 ], [ -96.400299, 30.535565 ], [ -96.402361, 30.537069 ], [ -96.403021, 30.538512 ], [ -96.404662, 30.540088 ], [ -96.406212, 30.540485 ], [ -96.411258, 30.539296 ], [ -96.413057, 30.539535 ], [ -96.416356, 30.541917 ], [ -96.419261, 30.545941 ], [ -96.422238, 30.55258 ], [ -96.423429, 30.559088 ], [ -96.423527, 30.562669 ], [ -96.422654, 30.566515 ], [ -96.422173, 30.570044 ], [ -96.422499, 30.572573 ], [ -96.423734, 30.575654 ], [ -96.424087, 30.578045 ], [ -96.422859, 30.579613 ], [ -96.420498, 30.581299 ], [ -96.419809, 30.582799 ], [ -96.420065, 30.584309 ], [ -96.426088, 30.590752 ], [ -96.427657, 30.591307 ], [ -96.430751, 30.590564 ], [ -96.431517, 30.589061 ], [ -96.430659, 30.585855 ], [ -96.428102, 30.581754 ], [ -96.42674, 30.578902 ], [ -96.4267, 30.577113 ], [ -96.427508, 30.575054 ], [ -96.429336, 30.573389 ], [ -96.430577, 30.572879 ], [ -96.432062, 30.572703 ], [ -96.43547, 30.573187 ], [ -96.438327, 30.575143 ], [ -96.439903, 30.579369 ], [ -96.442991, 30.58351 ], [ -96.44744, 30.587213 ], [ -96.449625, 30.588978 ], [ -96.450464, 30.590479 ], [ -96.449651, 30.594069 ], [ -96.450706, 30.596183 ], [ -96.45168, 30.596855 ], [ -96.455504, 30.597636 ], [ -96.458744, 30.597595 ], [ -96.461433, 30.598209 ], [ -96.46401, 30.599923 ], [ -96.465723, 30.603639 ], [ -96.469338, 30.606881 ], [ -96.471375, 30.607222 ], [ -96.473522, 30.606644 ], [ -96.478148, 30.604644 ], [ -96.482038, 30.604357 ], [ -96.48505, 30.603844 ], [ -96.487626, 30.604881 ], [ -96.489428, 30.60685 ], [ -96.489067, 30.609421 ], [ -96.48674, 30.614891 ], [ -96.486323, 30.617436 ], [ -96.487399, 30.620478 ], [ -96.489157, 30.621733 ], [ -96.491419, 30.621745 ], [ -96.492459, 30.620603 ], [ -96.492512, 30.618955 ], [ -96.493284, 30.6171 ], [ -96.49582, 30.614627 ], [ -96.499488, 30.612853 ], [ -96.502635, 30.613366 ], [ -96.506803, 30.615307 ], [ -96.507983, 30.616989 ], [ -96.508245, 30.620579 ], [ -96.507451, 30.623005 ], [ -96.50807, 30.625228 ], [ -96.510494, 30.627828 ], [ -96.5141, 30.626692 ], [ -96.518343, 30.626224 ], [ -96.525564, 30.627615 ], [ -96.529003, 30.628072 ], [ -96.539011, 30.628388 ], [ -96.543984, 30.628017 ], [ -96.544216, 30.627996 ], [ -96.548214, 30.627883 ], [ -96.550599, 30.630802 ], [ -96.554505, 30.632264 ], [ -96.56, 30.631903 ], [ -96.562251, 30.631165 ], [ -96.565498, 30.629472 ], [ -96.566632, 30.629387 ], [ -96.567768, 30.631441 ], [ -96.567999, 30.633618 ], [ -96.568744, 30.63558 ], [ -96.570253, 30.636683 ], [ -96.574762, 30.637242 ], [ -96.579018, 30.636922 ], [ -96.583675, 30.637346 ], [ -96.586395, 30.638277 ], [ -96.589063, 30.639699 ], [ -96.591201, 30.640002 ], [ -96.598909, 30.639255 ], [ -96.601047, 30.639808 ], [ -96.601723, 30.640564 ], [ -96.601831, 30.641926 ], [ -96.599906, 30.643905 ], [ -96.596616, 30.646281 ], [ -96.595222, 30.649054 ], [ -96.595496, 30.650284 ], [ -96.594308, 30.652589 ], [ -96.590999, 30.653591 ], [ -96.58617, 30.656847 ], [ -96.583688, 30.660469 ], [ -96.582804, 30.663792 ], [ -96.58352, 30.674949 ], [ -96.584308, 30.68111 ], [ -96.584171, 30.683191 ], [ -96.582676, 30.687177 ], [ -96.581519, 30.68889 ], [ -96.578993, 30.689573 ], [ -96.575761, 30.688304 ], [ -96.573005, 30.688497 ], [ -96.569757, 30.690293 ], [ -96.568034, 30.691622 ], [ -96.567333, 30.692667 ], [ -96.566983, 30.69567 ], [ -96.550549, 30.702982 ], [ -96.503491, 30.72395 ], [ -96.490842, 30.729703 ], [ -96.478222, 30.734876 ], [ -96.462347, 30.741931 ], [ -96.45763, 30.744474 ], [ -96.456599, 30.746302 ], [ -96.45612, 30.747206 ], [ -96.452841, 30.753113 ], [ -96.444743, 30.763827 ], [ -96.440996, 30.770255 ], [ -96.438783, 30.774035 ], [ -96.430649, 30.784721 ], [ -96.423395, 30.79271 ], [ -96.422893, 30.793509 ], [ -96.421897, 30.795668 ], [ -96.419381, 30.804745 ], [ -96.418031, 30.808074 ], [ -96.409838, 30.826446 ], [ -96.404063, 30.83438 ], [ -96.398808, 30.840038 ], [ -96.391042, 30.854538 ], [ -96.387408, 30.864012 ], [ -96.382611, 30.870342 ], [ -96.381946, 30.871004 ], [ -96.374133, 30.87692 ], [ -96.367451, 30.882783 ], [ -96.365642, 30.884547 ], [ -96.364324, 30.886802 ], [ -96.362695, 30.894974 ], [ -96.362226, 30.896286 ], [ -96.36182, 30.896874 ], [ -96.353107, 30.906066 ], [ -96.349085, 30.911692 ], [ -96.337378, 30.920965 ], [ -96.325687, 30.928495 ], [ -96.315185, 30.934345 ], [ -96.305951, 30.94019 ], [ -96.300791, 30.942992 ], [ -96.286768, 30.949971 ], [ -96.281474, 30.952647 ], [ -96.268166, 30.96062 ], [ -96.266289, 30.961966 ], [ -96.263223, 30.964123 ], [ -96.248973, 30.970915 ], [ -96.24102, 30.973737 ], [ -96.234522, 30.976013 ], [ -96.229109, 30.980434 ], [ -96.223305, 30.980672 ], [ -96.215018, 30.981367 ], [ -96.209847, 30.982885 ], [ -96.207559, 30.983802 ], [ -96.199208, 30.988385 ], [ -96.192494, 30.991335 ], [ -96.185427, 30.992089 ], [ -96.181922, 30.993015 ], [ -96.177321, 30.993804 ], [ -96.173117, 30.993912 ], [ -96.171568, 30.99428 ], [ -96.163041, 30.999073 ], [ -96.146646, 31.008743 ], [ -96.136997, 31.013385 ], [ -96.121692, 31.022015 ], [ -96.11718, 31.024716 ], [ -96.112174, 31.028057 ], [ -96.109331, 31.030434 ], [ -96.106677, 31.032113 ], [ -96.097649, 31.037419 ], [ -96.087785, 31.042097 ], [ -96.083153, 31.044614 ], [ -96.061643, 31.058294 ], [ -96.048912, 31.068136 ], [ -96.04789, 31.068728 ], [ -96.045856, 31.069494 ], [ -96.044102, 31.069783 ], [ -96.033193, 31.069304 ], [ -96.031836, 31.069617 ], [ -96.026863, 31.071869 ], [ -96.025261, 31.071927 ], [ -96.021209, 31.070032 ], [ -96.017471, 31.070015 ], [ -96.008068, 31.073112 ], [ -96.004258, 31.075493 ], [ -95.996126, 31.081174 ], [ -95.991691, 31.084272 ], [ -95.99003, 31.085405 ], [ -95.988775, 31.086167 ], [ -95.977147, 31.091409 ], [ -95.975218, 31.091967 ], [ -95.973841, 31.09215 ], [ -95.962949, 31.092321 ], [ -95.955002, 31.092671 ], [ -95.952124, 31.092319 ], [ -95.927762, 31.092562 ], [ -95.914018, 31.092946 ], [ -95.905982, 31.092834 ], [ -95.87523, 31.093001 ], [ -95.76441, 31.094211 ], [ -95.763986, 31.092909 ], [ -95.761667, 31.089663 ], [ -95.760626, 31.088928 ], [ -95.756683, 31.088593 ], [ -95.754378, 31.09062 ], [ -95.752545, 31.091644 ], [ -95.750226, 31.092195 ], [ -95.746787, 31.090817 ], [ -95.742602, 31.090875 ], [ -95.740819, 31.090259 ], [ -95.739769, 31.088374 ], [ -95.739429, 31.085888 ], [ -95.73811, 31.084482 ], [ -95.736356, 31.083772 ], [ -95.733595, 31.083881 ], [ -95.731568, 31.08647 ], [ -95.729909, 31.087731 ], [ -95.72841, 31.087874 ], [ -95.726785, 31.085379 ], [ -95.725909, 31.082012 ], [ -95.723383, 31.079834 ], [ -95.720303, 31.079787 ], [ -95.71528, 31.080372 ], [ -95.711729, 31.08174 ], [ -95.71031, 31.081359 ], [ -95.707672, 31.078188 ], [ -95.705931, 31.078191 ], [ -95.705028, 31.078776 ], [ -95.704322, 31.082286 ], [ -95.703569, 31.082486 ], [ -95.700928, 31.079646 ], [ -95.699751, 31.077537 ], [ -95.699139, 31.076876 ], [ -95.695959, 31.07761 ], [ -95.694504, 31.080976 ], [ -95.692388, 31.08196 ], [ -95.689698, 31.0814 ], [ -95.687856, 31.080169 ], [ -95.685565, 31.077081 ], [ -95.682625, 31.077204 ], [ -95.679812, 31.078641 ], [ -95.677558, 31.076545 ], [ -95.675514, 31.075965 ], [ -95.674593, 31.076289 ], [ -95.670329, 31.079674 ], [ -95.665222, 31.083051 ], [ -95.663546, 31.083884 ], [ -95.662464, 31.083562 ], [ -95.661288, 31.080353 ], [ -95.657119, 31.079789 ], [ -95.655359, 31.076969 ], [ -95.654454, 31.074051 ], [ -95.652822, 31.072336 ], [ -95.648538, 31.070005 ], [ -95.64919, 31.068726 ], [ -95.654231, 31.068209 ], [ -95.654913, 31.067311 ], [ -95.652196, 31.062938 ], [ -95.647686, 31.058115 ], [ -95.647546, 31.055382 ], [ -95.645064, 31.054701 ], [ -95.633805, 31.053901 ], [ -95.631299, 31.052929 ], [ -95.629983, 31.05175 ], [ -95.62925, 31.046373 ], [ -95.628213, 31.043291 ], [ -95.628625, 31.042388 ], [ -95.631595, 31.040216 ], [ -95.631214, 31.037001 ], [ -95.63253, 31.036764 ], [ -95.634704, 31.037321 ], [ -95.636401, 31.038849 ], [ -95.637884, 31.042045 ], [ -95.639265, 31.042443 ], [ -95.6419, 31.041867 ], [ -95.644041, 31.038387 ], [ -95.647272, 31.036155 ], [ -95.653286, 31.034566 ], [ -95.660615, 31.034292 ], [ -95.66318, 31.033216 ], [ -95.665285, 31.030396 ], [ -95.668847, 31.026861 ], [ -95.669505, 31.024601 ], [ -95.668722, 31.022286 ], [ -95.666512, 31.019879 ], [ -95.660011, 31.017991 ], [ -95.658652, 31.017295 ], [ -95.658418, 31.01631 ], [ -95.65978, 31.013699 ], [ -95.661269, 31.011679 ], [ -95.663032, 31.008203 ], [ -95.664155, 31.004351 ], [ -95.666499, 31.001108 ], [ -95.670101, 30.996802 ], [ -95.669793, 30.99597 ], [ -95.670384, 30.993729 ], [ -95.677127, 30.991421 ], [ -95.678933, 30.990411 ], [ -95.681305, 30.987499 ], [ -95.675354, 30.98549 ], [ -95.674148, 30.983647 ], [ -95.673435, 30.978854 ], [ -95.672597, 30.976278 ], [ -95.669215, 30.973598 ], [ -95.666199, 30.972355 ], [ -95.664954, 30.970883 ], [ -95.662834, 30.965005 ], [ -95.662623, 30.962713 ], [ -95.661381, 30.960451 ], [ -95.660165, 30.957164 ], [ -95.65536, 30.953197 ], [ -95.655, 30.950695 ], [ -95.651384, 30.948208 ], [ -95.650547, 30.947278 ], [ -95.649961, 30.945187 ], [ -95.649761, 30.935951 ], [ -95.647633, 30.935146 ], [ -95.643397, 30.934673 ], [ -95.642247, 30.93304 ], [ -95.640898, 30.928599 ], [ -95.638683, 30.926736 ], [ -95.637423, 30.926305 ], [ -95.635073, 30.926441 ], [ -95.630971, 30.925879 ], [ -95.627985, 30.926216 ], [ -95.624224, 30.927238 ], [ -95.621984, 30.928886 ], [ -95.617872, 30.930418 ], [ -95.434781, 31.058098 ], [ -95.434424, 30.940931 ], [ -95.434397, 30.940061 ], [ -95.434335, 30.937405 ], [ -95.432673, 30.937144 ], [ -95.428901, 30.937572 ], [ -95.424844, 30.937345 ], [ -95.421074, 30.936433 ], [ -95.414992, 30.933591 ], [ -95.410825, 30.930353 ], [ -95.410087, 30.929259 ], [ -95.410077, 30.927695 ], [ -95.413228, 30.921363 ], [ -95.413995, 30.918058 ], [ -95.410927, 30.913735 ], [ -95.411267, 30.911533 ], [ -95.415153, 30.909572 ], [ -95.415504, 30.907862 ], [ -95.412908, 30.906481 ], [ -95.407409, 30.906474 ], [ -95.406243, 30.905839 ], [ -95.406545, 30.904058 ], [ -95.406241, 30.901407 ], [ -95.404737, 30.898062 ], [ -95.399695, 30.892895 ], [ -95.398108, 30.891939 ], [ -95.392401, 30.890447 ], [ -95.389524, 30.889161 ], [ -95.385906, 30.889282 ], [ -95.384014, 30.888672 ], [ -95.381253, 30.887062 ], [ -95.380232, 30.880079 ], [ -95.381351, 30.879303 ], [ -95.386403, 30.878667 ], [ -95.392493, 30.880064 ], [ -95.396067, 30.882768 ], [ -95.397175, 30.883244 ], [ -95.398763, 30.882261 ], [ -95.399581, 30.88066 ], [ -95.398635, 30.879846 ], [ -95.395446, 30.879082 ], [ -95.392199, 30.877389 ], [ -95.391567, 30.875965 ], [ -95.392106, 30.874141 ], [ -95.394325, 30.872342 ], [ -95.397312, 30.869099 ], [ -95.398375, 30.867184 ], [ -95.398984, 30.864651 ], [ -95.398748, 30.86112 ], [ -95.398442, 30.859934 ], [ -95.398351, 30.859651 ], [ -95.396697, 30.857706 ], [ -95.388628, 30.855907 ], [ -95.385343, 30.853659 ], [ -95.383279, 30.852961 ], [ -95.382435, 30.85377 ], [ -95.378097, 30.855134 ], [ -95.375218, 30.855724 ], [ -95.371364, 30.856119 ], [ -95.367839, 30.855648 ], [ -95.363639, 30.854672 ], [ -95.35587, 30.855754 ], [ -95.352072, 30.856951 ], [ -95.349748, 30.860452 ], [ -95.351061, 30.86568 ], [ -95.350247, 30.86855 ], [ -95.348608, 30.870029 ], [ -95.345335, 30.875335 ], [ -95.342526, 30.875655 ], [ -95.338757, 30.873546 ], [ -95.336919, 30.871621 ], [ -95.334933, 30.86768 ], [ -95.332923, 30.864491 ], [ -95.331052, 30.860961 ], [ -95.328852, 30.859312 ], [ -95.32748, 30.859547 ], [ -95.325307, 30.860683 ], [ -95.324104, 30.861893 ], [ -95.32322, 30.865441 ], [ -95.321411, 30.8678 ], [ -95.317242, 30.869465 ], [ -95.315044, 30.871149 ], [ -95.313903, 30.873101 ], [ -95.314804, 30.875938 ], [ -95.316698, 30.878841 ], [ -95.316299, 30.880747 ], [ -95.312386, 30.883903 ], [ -95.311267, 30.88582 ], [ -95.310731, 30.88838 ], [ -95.310857, 30.890703 ], [ -95.311734, 30.892143 ], [ -95.313217, 30.893241 ], [ -95.314322, 30.89535 ], [ -95.312898, 30.897873 ], [ -95.307383, 30.900488 ], [ -95.300826, 30.902308 ], [ -95.298445, 30.902601 ], [ -95.289242, 30.902845 ], [ -95.285593, 30.901811 ], [ -95.280181, 30.901294 ], [ -95.276563, 30.902721 ], [ -95.272299, 30.903861 ], [ -95.265822, 30.905033 ], [ -95.254896, 30.906545 ], [ -95.252385, 30.906719 ], [ -95.249611, 30.906038 ], [ -95.24628, 30.904013 ], [ -95.241742, 30.898423 ], [ -95.240731, 30.896745 ], [ -95.238027, 30.893905 ], [ -95.233892, 30.890258 ], [ -95.230777, 30.887007 ], [ -95.231936, 30.884441 ], [ -95.23618, 30.876848 ], [ -95.237739, 30.873601 ], [ -95.239506, 30.870857 ], [ -95.241373, 30.86909 ], [ -95.243097, 30.866856 ], [ -95.243054, 30.866008 ], [ -95.242101, 30.864518 ], [ -95.239088, 30.862205 ], [ -95.236261, 30.858438 ], [ -95.235843, 30.857301 ], [ -95.235911, 30.854693 ], [ -95.233324, 30.845709 ], [ -95.232092, 30.842816 ], [ -95.230989, 30.841149 ], [ -95.222899, 30.83632 ], [ -95.216559, 30.83372 ], [ -95.213716, 30.833208 ], [ -95.209287, 30.832809 ], [ -95.207641, 30.832379 ], [ -95.204574, 30.83017 ], [ -95.203399, 30.828898 ], [ -95.201128, 30.825378 ], [ -95.20018, 30.824566 ], [ -95.198712, 30.824241 ], [ -95.193003, 30.82384 ], [ -95.191012, 30.821789 ], [ -95.190379, 30.820723 ], [ -95.189239, 30.818808 ], [ -95.187376, 30.818039 ], [ -95.1816, 30.818922 ], [ -95.180993, 30.818819 ], [ -95.180374, 30.818426 ], [ -95.179231, 30.81396 ], [ -95.176416, 30.810269 ], [ -95.17404, 30.807583 ], [ -95.170084, 30.805132 ], [ -95.167591, 30.803044 ], [ -95.156345, 30.800068 ], [ -95.156141, 30.799922 ], [ -95.155815, 30.799689 ], [ -95.15395, 30.798353 ], [ -95.148887, 30.792524 ], [ -95.140923, 30.788948 ], [ -95.138285, 30.784661 ], [ -95.136649, 30.783866 ], [ -95.133035, 30.783756 ], [ -95.13194, 30.783162 ], [ -95.131205, 30.781703 ], [ -95.13415, 30.779046 ], [ -95.13822, 30.77712 ], [ -95.139382, 30.776197 ], [ -95.139108, 30.773712 ], [ -95.135151, 30.768471 ], [ -95.131971, 30.762429 ], [ -95.131306, 30.759421 ], [ -95.132198, 30.755338 ], [ -95.134088, 30.750191 ], [ -95.136896, 30.747041 ], [ -95.139297, 30.745784 ], [ -95.144771, 30.744036 ], [ -95.146034, 30.742367 ], [ -95.146027, 30.740561 ], [ -95.144779, 30.737034 ], [ -95.142667, 30.732039 ], [ -95.142251, 30.728633 ], [ -95.14346, 30.72527 ], [ -95.146152, 30.722415 ], [ -95.14707, 30.719801 ], [ -95.147073, 30.71739 ], [ -95.146441, 30.715268 ], [ -95.145426, 30.713799 ], [ -95.138584, 30.707219 ], [ -95.137374, 30.705007 ], [ -95.135283, 30.699221 ], [ -95.135052, 30.697269 ], [ -95.135384, 30.693816 ], [ -95.134899, 30.693308 ], [ -95.132669, 30.693403 ], [ -95.125215, 30.695778 ], [ -95.119291, 30.696577 ], [ -95.115937, 30.696188 ], [ -95.11071, 30.694948 ], [ -95.109861, 30.694191 ], [ -95.10955, 30.692748 ], [ -95.113084, 30.69042 ], [ -95.115026, 30.68828 ], [ -95.115999, 30.686077 ], [ -95.116589, 30.683367 ], [ -95.118361, 30.680228 ], [ -95.119528, 30.677332 ], [ -95.118919, 30.675632 ], [ -95.116543, 30.674596 ], [ -95.111885, 30.673798 ], [ -95.11069, 30.671986 ], [ -95.111347, 30.669993 ], [ -95.114515, 30.6669 ], [ -95.116211, 30.664395 ], [ -95.115005, 30.661005 ], [ -95.11384, 30.660136 ], [ -95.109013, 30.658104 ], [ -95.104841, 30.657878 ], [ -95.102374, 30.658495 ], [ -95.098858, 30.659831 ], [ -95.095536, 30.660683 ], [ -95.092682, 30.662614 ], [ -95.091614, 30.664188 ], [ -95.090938, 30.670752 ], [ -95.08999, 30.671834 ], [ -95.088352, 30.672062 ], [ -95.083843, 30.671191 ], [ -95.079762, 30.669334 ], [ -95.073948, 30.672624 ], [ -95.070607, 30.67358 ], [ -95.067469, 30.673512 ], [ -95.065245, 30.674378 ], [ -95.063171, 30.675824 ], [ -95.062456, 30.67697 ], [ -95.060614, 30.678367 ], [ -95.05705, 30.680065 ], [ -95.054602, 30.680173 ], [ -95.053548, 30.67907 ], [ -95.053359, 30.677433 ], [ -95.055112, 30.673101 ], [ -95.054542, 30.671433 ], [ -95.053638, 30.671241 ], [ -95.046645, 30.67154 ], [ -95.043723, 30.672559 ], [ -95.042198, 30.674141 ], [ -95.038606, 30.675766 ], [ -95.035588, 30.675044 ], [ -95.034227, 30.674207 ], [ -95.032725, 30.671798 ], [ -95.034147, 30.66991 ], [ -95.038642, 30.668179 ], [ -95.041339, 30.665434 ], [ -95.041458, 30.664378 ], [ -95.03898, 30.662882 ], [ -95.035115, 30.662491 ], [ -95.031045, 30.661278 ], [ -95.028382, 30.660781 ], [ -95.024443, 30.660503 ], [ -95.022766, 30.659779 ], [ -95.021833, 30.658047 ], [ -95.021643, 30.654902 ], [ -95.020833, 30.654371 ], [ -95.019883, 30.654485 ], [ -95.013101, 30.658176 ], [ -95.011676, 30.658137 ], [ -95.010278, 30.656671 ], [ -95.009112, 30.65456 ], [ -95.009361, 30.652334 ], [ -95.011249, 30.649954 ], [ -95.013183, 30.648541 ], [ -95.016348, 30.648433 ], [ -95.019096, 30.64943 ], [ -95.021341, 30.650855 ], [ -95.023947, 30.650627 ], [ -95.024663, 30.649779 ], [ -95.024305, 30.645958 ], [ -95.022476, 30.642526 ], [ -95.021801, 30.638309 ], [ -95.021027, 30.636472 ], [ -95.018875, 30.635095 ], [ -95.016258, 30.634299 ], [ -95.015395, 30.631805 ], [ -95.015475, 30.631499 ], [ -95.016374, 30.628953 ], [ -95.015874, 30.627077 ], [ -95.013812, 30.627077 ], [ -95.010587, 30.628162 ], [ -95.00895, 30.627699 ], [ -95.0089, 30.625059 ], [ -95.009119, 30.619976 ], [ -95.008604, 30.61274 ], [ -95.008295, 30.611204 ], [ -95.006871, 30.609051 ], [ -95.00715, 30.60705 ], [ -95.008529, 30.606106 ], [ -95.012781, 30.605322 ], [ -95.01428, 30.604248 ], [ -95.015974, 30.600987 ], [ -95.018104, 30.600381 ], [ -95.020776, 30.600678 ], [ -95.022506, 30.600314 ], [ -95.024981, 30.597279 ], [ -95.027466, 30.596915 ], [ -95.02954, 30.597906 ], [ -95.03114, 30.598091 ], [ -95.031822, 30.597342 ], [ -95.031094, 30.595066 ], [ -95.028991, 30.591638 ], [ -95.029391, 30.590661 ], [ -95.035351, 30.588301 ], [ -95.035807, 30.587657 ], [ -95.035491, 30.585647 ], [ -95.030889, 30.580259 ], [ -95.028628, 30.578485 ], [ -95.02606, 30.577752 ], [ -95.02259, 30.577286 ], [ -95.013819, 30.577597 ], [ -95.008656, 30.579455 ], [ -95.004959, 30.580123 ], [ -95.000212, 30.579975 ], [ -94.994659, 30.579146 ], [ -94.988178, 30.576676 ], [ -94.985391, 30.576144 ], [ -94.97032, 30.576889 ], [ -94.965729, 30.576586 ], [ -94.961449, 30.574871 ], [ -94.957451, 30.572147 ], [ -94.950113, 30.570914 ], [ -94.949359, 30.570503 ], [ -94.945247, 30.56592 ], [ -94.94275, 30.561811 ], [ -94.940266, 30.55947 ], [ -94.937278, 30.557984 ], [ -94.934296, 30.557588 ], [ -94.927342, 30.557987 ], [ -94.920162, 30.559702 ], [ -94.916712, 30.560217 ], [ -94.913614, 30.561055 ], [ -94.910452, 30.561514 ], [ -94.9067, 30.56072 ], [ -94.904287, 30.559678 ], [ -94.900995, 30.557464 ], [ -94.898813, 30.556859 ], [ -94.895227, 30.556412 ], [ -94.891554, 30.556868 ], [ -94.889567, 30.556361 ], [ -94.885556, 30.552981 ], [ -94.880913, 30.551199 ], [ -94.878013, 30.549653 ], [ -94.875209, 30.546067 ], [ -94.864376, 30.546449 ], [ -94.860013, 30.546862 ], [ -94.857376, 30.546583 ], [ -94.851946, 30.544344 ], [ -94.848862, 30.544378 ], [ -94.842876, 30.546152 ], [ -94.839867, 30.545541 ], [ -94.834179, 30.54305 ], [ -94.830429, 30.541613 ], [ -94.829984, 30.541112 ], [ -94.829719, 30.539512 ], [ -94.833374, 30.530522 ], [ -94.834815, 30.529652 ], [ -94.837855, 30.528608 ], [ -94.846221, 30.526144 ], [ -94.850078, 30.525286 ], [ -94.852581, 30.524354 ], [ -94.854655, 30.522882 ], [ -94.856604, 30.51811 ], [ -94.858466, 30.516207 ], [ -94.859926, 30.515362 ], [ -94.863792, 30.513987 ], [ -94.865978, 30.512545 ], [ -94.867393, 30.510755 ], [ -94.867648, 30.508833 ], [ -94.867145, 30.505302 ], [ -94.86638, 30.502821 ], [ -94.865917, 30.495998 ], [ -94.865509, 30.495023 ], [ -94.864368, 30.494491 ], [ -94.860731, 30.494065 ], [ -94.853539, 30.494958 ], [ -94.850514, 30.494201 ], [ -94.849414, 30.493553 ], [ -94.847722, 30.492557 ], [ -94.842621, 30.487458 ], [ -94.947403, 30.440422 ], [ -94.959046, 30.434992 ], [ -95.006645, 30.413998 ], [ -95.03246, 30.404091 ], [ -95.048056, 30.396863 ], [ -95.055247, 30.393486 ], [ -95.060194, 30.391164 ], [ -95.060512, 30.391015 ], [ -95.061519, 30.390582 ], [ -95.081538, 30.38133 ], [ -95.09825, 30.37461 ], [ -95.110382, 30.369139 ], [ -95.132026, 30.359698 ], [ -95.138369, 30.356589 ], [ -95.165897, 30.344976 ], [ -95.162558, 30.336365 ], [ -95.157493, 30.323473 ], [ -95.155844, 30.319207 ], [ -95.154973, 30.316969 ], [ -95.154531, 30.315832 ], [ -95.143333, 30.287219 ], [ -95.140147, 30.27897 ], [ -95.137255, 30.271502 ], [ -95.136922, 30.270634 ], [ -95.129447, 30.250503 ], [ -95.128946, 30.250212 ], [ -95.125594, 30.241875 ], [ -95.108958, 30.199253 ], [ -95.108639, 30.198408 ], [ -95.108474, 30.197967 ], [ -95.105597, 30.190642 ], [ -95.104005, 30.186549 ], [ -95.100547, 30.176801 ], [ -95.098022, 30.171147 ], [ -95.096708, 30.167214 ], [ -95.073285, 30.103709 ], [ -95.072603, 30.103054 ], [ -95.0496, 30.04149 ], [ -95.048489, 30.038726 ], [ -95.04844, 30.038581 ], [ -95.046215, 30.033181 ], [ -95.045132, 30.029209 ], [ -95.031179, 29.993324 ], [ -95.028668, 29.994634 ], [ -95.026772, 29.996739 ], [ -95.024732, 29.996579 ], [ -95.021908, 29.996909 ], [ -95.018667, 29.996457 ], [ -95.017057, 29.995797 ], [ -95.003148, 29.992328 ], [ -94.999834, 29.991322 ], [ -94.995266, 29.979447 ], [ -94.99542, 29.977826 ], [ -94.988269, 29.974707 ], [ -94.985911, 29.973012 ], [ -94.985531, 29.972536 ], [ -94.984762, 29.968025 ], [ -94.982095, 29.964754 ], [ -94.980645, 29.957083 ], [ -94.981175, 29.95556 ], [ -94.987696, 29.952835 ], [ -94.991971, 29.940758 ], [ -94.994734, 29.937342 ], [ -94.995112, 29.936236 ], [ -94.996144, 29.930082 ], [ -94.995202, 29.929049 ], [ -94.992878, 29.927752 ], [ -94.99306, 29.926031 ], [ -94.994165, 29.925728 ], [ -94.995458, 29.924039 ], [ -94.996512, 29.923769 ], [ -94.997748, 29.921987 ], [ -94.998656, 29.919771 ], [ -94.996446, 29.918106 ], [ -94.994771, 29.915417 ], [ -94.993703, 29.912404 ], [ -94.992869, 29.911871 ], [ -94.987917, 29.904736 ], [ -94.984498, 29.894255 ], [ -94.984364, 29.893244 ], [ -94.985978, 29.890549 ], [ -94.984987, 29.889659 ], [ -94.98146, 29.884276 ], [ -94.978735, 29.879773 ], [ -94.97633, 29.876986 ], [ -94.976677, 29.875507 ], [ -94.975929, 29.872998 ], [ -94.977138, 29.868181 ], [ -94.974008, 29.865964 ], [ -94.972658, 29.864345 ], [ -94.97272, 29.86321 ], [ -94.970913, 29.861595 ], [ -94.968905, 29.860433 ], [ -94.967999, 29.859154 ], [ -94.965948, 29.858082 ], [ -94.958602, 29.856261 ], [ -94.957034, 29.855984 ], [ -94.955699, 29.855845 ], [ -94.954971, 29.855665 ], [ -94.953835, 29.855522 ], [ -94.95309, 29.855303 ], [ -94.952636, 29.855028 ], [ -94.95205, 29.854553 ], [ -94.951952, 29.854468 ], [ -94.949908, 29.852724 ], [ -94.947589, 29.850816 ], [ -94.947343, 29.85039 ], [ -94.947241, 29.850153 ], [ -94.947085, 29.849511 ], [ -94.945891, 29.845768 ], [ -94.944725, 29.844291 ], [ -94.944516, 29.844096 ], [ -94.943422, 29.842961 ], [ -94.943308, 29.842845 ], [ -94.941885, 29.841402 ], [ -94.941513, 29.840962 ], [ -94.940715, 29.840167 ], [ -94.940645, 29.840094 ], [ -94.937732, 29.837065 ], [ -94.937186, 29.836497 ], [ -94.934599, 29.834292 ], [ -94.926734, 29.833692 ], [ -94.917911, 29.830681 ], [ -94.911722, 29.828848 ], [ -94.908971, 29.82673 ], [ -94.908609, 29.825488 ], [ -94.90966, 29.821643 ], [ -94.909816, 29.821223 ], [ -94.910004, 29.820624 ], [ -94.910066, 29.820142 ], [ -94.909894, 29.819644 ], [ -94.910678, 29.819446 ], [ -94.910775, 29.819123 ], [ -94.910402, 29.818772 ], [ -94.91044, 29.818411 ], [ -94.911064, 29.818335 ], [ -94.911129, 29.818169 ], [ -94.910077, 29.816459 ], [ -94.910201, 29.816181 ], [ -94.910734, 29.815852 ], [ -94.908498, 29.814936 ], [ -94.909219, 29.813626 ], [ -94.910725, 29.814023 ], [ -94.910389, 29.812116 ], [ -94.910711, 29.811917 ], [ -94.911371, 29.811989 ], [ -94.91165, 29.812209 ], [ -94.911753, 29.814053 ], [ -94.913247, 29.812918 ], [ -94.91334, 29.812402 ], [ -94.912874, 29.811766 ], [ -94.912041, 29.811397 ], [ -94.911973, 29.810957 ], [ -94.913633, 29.810478 ], [ -94.912985, 29.809669 ], [ -94.912441, 29.808785 ], [ -94.916169, 29.806453 ], [ -94.917224, 29.804735 ], [ -94.916884, 29.803298 ], [ -94.919408, 29.802761 ], [ -94.921577, 29.803118 ], [ -94.922942, 29.802381 ], [ -94.922164, 29.799995 ], [ -94.923176, 29.798693 ], [ -94.922498, 29.796637 ], [ -94.923812, 29.796401 ], [ -94.923836, 29.79472 ], [ -94.91944, 29.793657 ], [ -94.921124, 29.791929 ], [ -94.919625, 29.791458 ], [ -94.917828, 29.789042 ], [ -94.918608, 29.787544 ], [ -94.91711, 29.786222 ], [ -94.918199, 29.785638 ], [ -94.918374, 29.783552 ], [ -94.921372, 29.782075 ], [ -94.920033, 29.781004 ], [ -94.920008, 29.778999 ], [ -94.920071, 29.775357 ], [ -94.917237, 29.774905 ], [ -94.916305, 29.773663 ], [ -94.917694, 29.771926 ], [ -94.919151, 29.772891 ], [ -94.919634, 29.771285 ], [ -94.916618, 29.770271 ], [ -94.914254, 29.769146 ], [ -94.913372, 29.7681 ], [ -94.913813, 29.7663 ], [ -94.917035, 29.766843 ], [ -94.919016, 29.765389 ], [ -94.919168, 29.76458 ], [ -94.917783, 29.761038 ], [ -94.918786, 29.759228 ], [ -94.918368, 29.756112 ], [ -94.919551, 29.755274 ], [ -94.921645, 29.755557 ], [ -94.923402, 29.755263 ], [ -94.925941, 29.752373 ], [ -94.928797, 29.751375 ], [ -94.929826, 29.75 ], [ -94.929955, 29.746559 ], [ -94.928891, 29.743537 ], [ -94.928596, 29.741156 ], [ -94.928297, 29.738753 ], [ -94.929019, 29.737057 ], [ -94.932317, 29.733884 ], [ -94.934827, 29.732584 ], [ -94.939183, 29.726845 ], [ -94.941473, 29.724675 ], [ -94.942346, 29.720922 ], [ -94.943312, 29.719629 ], [ -94.945223, 29.718301 ], [ -94.945399, 29.716237 ], [ -94.943797, 29.714283 ], [ -94.942522, 29.713336 ], [ -94.941494, 29.713228 ], [ -94.934995, 29.715167 ], [ -94.933935, 29.715124 ], [ -94.933078, 29.714826 ], [ -94.932971, 29.714724 ], [ -94.932491, 29.713571 ], [ -94.934203, 29.711632 ], [ -94.934562, 29.710416 ], [ -94.933671, 29.706391 ], [ -94.932964, 29.705208 ], [ -94.930979, 29.704429 ], [ -94.927397, 29.704306 ], [ -94.925274, 29.703687 ], [ -94.925211, 29.702512 ], [ -94.926498, 29.700913 ], [ -94.92892, 29.700351 ], [ -94.929677, 29.699971 ], [ -94.930285, 29.69919 ], [ -94.929909, 29.69737 ], [ -94.926949, 29.696658 ], [ -94.925364, 29.696804 ], [ -94.92386, 29.699161 ], [ -94.920169, 29.699601 ], [ -94.918564, 29.698746 ], [ -94.917063, 29.699136 ], [ -94.91581, 29.698434 ], [ -94.916282, 29.696153 ], [ -94.921609, 29.693234 ], [ -94.921456, 29.69114 ], [ -94.919671, 29.688454 ], [ -94.919869, 29.686856 ], [ -94.922417, 29.6839 ], [ -94.927726, 29.680693 ], [ -94.929468, 29.676474 ], [ -94.929731, 29.673985 ], [ -94.930708691215003, 29.6737462591277 ], [ -94.93366, 29.678581 ], [ -94.936575, 29.680425 ], [ -94.936198, 29.682621 ], [ -94.936101721158195, 29.691527234514201 ], [ -94.936089, 29.692704 ], [ -94.940232663622595, 29.695893464384302 ], [ -94.941142938042105, 29.696594121605902 ], [ -94.942681, 29.697778 ], [ -94.946656, 29.699139 ], [ -94.949174942465902, 29.698856095014602 ], [ -94.950823, 29.698671 ], [ -94.965963, 29.70033 ], [ -94.972088, 29.70172 ], [ -94.973989, 29.702649 ], [ -94.976247, 29.706881 ], [ -94.978386, 29.709049 ], [ -94.982926114869898, 29.709529849604401 ], [ -94.983258, 29.709565 ], [ -94.988163, 29.709143 ], [ -94.989849, 29.713383 ], [ -94.992698, 29.713486 ], [ -94.994419589030699, 29.710618947220802 ], [ -94.994450776422596, 29.710567009216501 ], [ -94.994981, 29.709684 ], [ -94.997626, 29.708866 ], [ -95.003483, 29.712222 ], [ -95.004878574350002, 29.711385296969301 ], [ -95.013136883220994, 29.706434108190798 ], [ -95.013489, 29.706223 ], [ -95.013744845448201, 29.706278139105201 ], [ -95.0160955242619, 29.706784750918501 ], [ -95.016505, 29.706873 ], [ -95.0185855644323, 29.7052360276071 ], [ -95.019685, 29.704371 ], [ -95.019603951024607, 29.704000195197601 ], [ -95.019152371359695, 29.701934186249101 ], [ -95.018979, 29.701141 ], [ -95.013596, 29.698989 ], [ -95.000728, 29.696765 ], [ -94.993954, 29.690055 ], [ -94.990151, 29.685822 ], [ -94.989319, 29.682724 ], [ -94.987656, 29.681382 ], [ -94.98433, 29.682094 ], [ -94.982783, 29.681898 ], [ -94.982318547291499, 29.678181639933399 ], [ -94.982154, 29.676865 ], [ -94.983837, 29.675908 ], [ -94.986496306626094, 29.674181490607499 ], [ -94.997836128310098, 29.666819305120899 ], [ -95.001045, 29.664736 ], [ -95.001939496739396, 29.663391360079402 ], [ -95.002281, 29.662878 ], [ -95.002614962107003, 29.662501716740501 ], [ -95.005398, 29.659366 ], [ -95.011024904508204, 29.650803436003699 ], [ -95.011683, 29.649802 ], [ -95.014356323934393, 29.642805911939998 ], [ -95.015636, 29.639457 ], [ -95.015189, 29.632451 ], [ -95.013499, 29.629194 ], [ -95.010566, 29.626433 ], [ -95.008946461332897, 29.624162581002 ], [ -95.008558, 29.623618 ], [ -95.005235271021704, 29.621239787960601 ], [ -95.001881, 29.618839 ], [ -94.999032, 29.620952 ], [ -94.998570683210701, 29.620689231387999 ], [ -94.99817, 29.620461 ], [ -94.998296613403994, 29.619955552392799 ], [ -94.999011639310496, 29.617101130016799 ], [ -94.999051, 29.616944 ], [ -94.99709, 29.615281 ], [ -94.996035248989202, 29.614610922887302 ], [ -94.99233, 29.612257 ], [ -94.989, 29.609593 ], [ -94.985895, 29.605267 ], [ -94.985530067410295, 29.605120836895001 ], [ -94.983975, 29.604498 ], [ -94.982706, 29.601344 ], [ -94.984582, 29.598822 ], [ -94.987142, 29.597023 ], [ -94.987752685441393, 29.5947587546009 ], [ -94.987946, 29.594042 ], [ -94.990136, 29.593431 ], [ -94.993462, 29.590476 ], [ -94.993617496353394, 29.5898208549084 ], [ -94.993945, 29.588441 ], [ -94.994193594012202, 29.588232622562899 ], [ -94.997328263679506, 29.585605067597299 ], [ -95.000386, 29.583042 ], [ -95.004085, 29.579585 ], [ -95.007319, 29.575133 ], [ -95.007408347344906, 29.574993397446701 ], [ -95.011497, 29.568605 ], [ -95.013814, 29.564141 ], [ -95.016627, 29.558487 ], [ -95.016818, 29.557158 ], [ -95.018253, 29.554885 ], [ -95.02118, 29.55376 ], [ -95.02099, 29.551527 ], [ -95.017772, 29.550128 ], [ -95.017379244426806, 29.549277814817 ], [ -95.017105521073304, 29.548685294798901 ], [ -95.019415, 29.548492 ], [ -95.02308, 29.549437 ], [ -95.025068, 29.549242 ], [ -95.028719, 29.547651 ], [ -95.02956, 29.552193 ], [ -95.032941, 29.552229 ], [ -95.03545, 29.55307 ], [ -95.041886, 29.554597 ], [ -95.044988, 29.555848 ], [ -95.046766, 29.557365 ], [ -95.049883, 29.558477 ], [ -95.05379, 29.558982 ], [ -95.057213, 29.559114 ], [ -95.05817, 29.559134 ], [ -95.063236, 29.558981 ], [ -95.064265, 29.558844 ], [ -95.068329, 29.557485 ], [ -95.069007, 29.55638 ], [ -95.069764, 29.554994 ], [ -95.07112, 29.550705 ], [ -95.072096, 29.549259 ], [ -95.073792, 29.548274 ], [ -95.077301, 29.54757 ], [ -95.078252, 29.547303 ], [ -95.080894, 29.545717 ], [ -95.079212, 29.543243 ], [ -95.080433, 29.541021 ], [ -95.07867, 29.537825 ], [ -95.079224, 29.534737 ], [ -95.081588, 29.533999 ], [ -95.086138, 29.534745 ], [ -95.087107, 29.53289 ], [ -95.089627, 29.531134 ], [ -95.090833, 29.531489 ], [ -95.092329, 29.534346 ], [ -95.094035, 29.535384 ], [ -95.095074, 29.535528 ], [ -95.096258, 29.53518 ], [ -95.096954, 29.534065 ], [ -95.095426, 29.530738 ], [ -95.095222, 29.528923 ], [ -95.093624, 29.525801 ], [ -95.09487, 29.522393 ], [ -95.097379, 29.520384 ], [ -95.09809, 29.518322 ], [ -95.101318, 29.521307 ], [ -95.102437, 29.521395 ], [ -95.102636, 29.52127 ], [ -95.103553, 29.517904 ], [ -95.106073, 29.51686 ], [ -95.10602, 29.515781 ], [ -95.104036, 29.512562 ], [ -95.103874, 29.51129 ], [ -95.10547, 29.510328 ], [ -95.108048, 29.509597 ], [ -95.111623, 29.510846 ], [ -95.113114, 29.510825 ], [ -95.117153, 29.508054 ], [ -95.118489, 29.506983 ], [ -95.122011, 29.510409 ], [ -95.125094, 29.510263 ], [ -95.127525, 29.509366 ], [ -95.128575, 29.508435 ], [ -95.129518, 29.505146 ], [ -95.130832, 29.504938 ], [ -95.13389, 29.506425 ], [ -95.141707, 29.506361 ], [ -95.142733, 29.505823 ], [ -95.144948, 29.502635 ], [ -95.147496, 29.501526 ], [ -95.148885, 29.498703 ], [ -95.150227, 29.498537 ], [ -95.151375, 29.500289 ], [ -95.152769, 29.500373 ], [ -95.155572, 29.498828 ], [ -95.156722, 29.498185 ], [ -95.158702, 29.498347 ], [ -95.160701, 29.49752 ], [ -95.163931, 29.498056 ], [ -95.163089, 29.500119 ], [ -95.162921, 29.50134 ], [ -95.164066, 29.502335 ], [ -95.166432, 29.502105 ], [ -95.167725, 29.504408 ], [ -95.167225, 29.505744 ], [ -95.170318, 29.506932 ], [ -95.170996, 29.50772 ], [ -95.171059, 29.510019 ], [ -95.168259, 29.510833 ], [ -95.167498, 29.512549 ], [ -95.16868, 29.512992 ], [ -95.169668, 29.514892 ], [ -95.170591, 29.51515 ], [ -95.171822, 29.51425 ], [ -95.174327, 29.515177 ], [ -95.173717, 29.517197 ], [ -95.175034, 29.518286 ], [ -95.175839, 29.517028 ], [ -95.177611, 29.516941 ], [ -95.178788, 29.517991 ], [ -95.179287, 29.519851 ], [ -95.179974, 29.518443 ], [ -95.182712, 29.51882 ], [ -95.182774, 29.52018 ], [ -95.18517, 29.521639 ], [ -95.184796, 29.523213 ], [ -95.186288, 29.523425 ], [ -95.187846, 29.524341 ], [ -95.186828, 29.527077 ], [ -95.189806, 29.527174 ], [ -95.187775, 29.52784 ], [ -95.190601, 29.53072 ], [ -95.187513, 29.534044 ], [ -95.188277, 29.535411 ], [ -95.192201, 29.535896 ], [ -95.19398, 29.536574 ], [ -95.194527, 29.538267 ], [ -95.192225, 29.53866 ], [ -95.193033, 29.539382 ], [ -95.192251, 29.540497 ], [ -95.194621, 29.541336 ], [ -95.194014, 29.542851 ], [ -95.195062, 29.543609 ], [ -95.195686, 29.542395 ], [ -95.197235, 29.541992 ], [ -95.199469, 29.544529 ], [ -95.197737, 29.547054 ], [ -95.197385, 29.549443 ], [ -95.199963, 29.552332 ], [ -95.199068, 29.554144 ], [ -95.197682, 29.557279 ], [ -95.195924, 29.557633 ], [ -95.194814, 29.556059 ], [ -95.193154, 29.559518 ], [ -95.197022, 29.560078 ], [ -95.196015, 29.558962 ], [ -95.197795, 29.558214 ], [ -95.199286, 29.558956 ], [ -95.200041, 29.5606 ], [ -95.19906, 29.561178 ], [ -95.200638, 29.561645 ], [ -95.200985, 29.563212 ], [ -95.201297, 29.561322 ], [ -95.204324, 29.558906 ], [ -95.205936, 29.559163 ], [ -95.205575, 29.557762 ], [ -95.207726, 29.557795 ], [ -95.206952, 29.559159 ], [ -95.208764, 29.559169 ], [ -95.210657, 29.558388 ], [ -95.211418, 29.559202 ], [ -95.213606, 29.558453 ], [ -95.212776, 29.557871 ], [ -95.213203, 29.55575 ], [ -95.216349, 29.555766 ], [ -95.215424, 29.556897 ], [ -95.214799, 29.557136 ], [ -95.215845, 29.557651 ], [ -95.215952, 29.557787 ], [ -95.217086, 29.558929 ], [ -95.218236, 29.559365 ], [ -95.221342, 29.557016 ], [ -95.223607, 29.559133 ], [ -95.228569, 29.560016 ], [ -95.231191, 29.557723 ], [ -95.233669, 29.557144 ], [ -95.236311, 29.559849 ], [ -95.237721, 29.561371 ], [ -95.239737, 29.560751 ], [ -95.241607, 29.559714 ], [ -95.241951, 29.556283 ], [ -95.243132, 29.555018 ], [ -95.245535, 29.55461 ], [ -95.24737, 29.553097 ], [ -95.248227, 29.555708 ], [ -95.250799, 29.555503 ], [ -95.253952, 29.553943 ], [ -95.254196, 29.554625 ], [ -95.254886, 29.555515 ], [ -95.254943, 29.55727 ], [ -95.252533, 29.55811 ], [ -95.252492, 29.560785 ], [ -95.254997, 29.563876 ], [ -95.255448, 29.567178 ], [ -95.258508, 29.571084 ], [ -95.258677, 29.573286 ], [ -95.259666, 29.574423 ], [ -95.258955, 29.578163 ], [ -95.2602, 29.579654 ], [ -95.261154, 29.58108 ], [ -95.260344, 29.584076 ], [ -95.262134, 29.587135 ], [ -95.260292, 29.589883 ], [ -95.261021, 29.591033 ], [ -95.260881, 29.591736 ], [ -95.261606, 29.593157 ], [ -95.266327, 29.594635 ], [ -95.266925, 29.594572 ], [ -95.26757, 29.593842 ], [ -95.270419, 29.594709 ], [ -95.273798, 29.594399 ], [ -95.276658, 29.594854 ], [ -95.277488, 29.596123 ], [ -95.280244, 29.595521 ], [ -95.282809, 29.597749 ], [ -95.286493, 29.597886 ], [ -95.288028, 29.598331 ], [ -95.29272, 29.597637 ], [ -95.293573, 29.596516 ], [ -95.296257, 29.596242 ], [ -95.297157, 29.596548 ], [ -95.297411, 29.596522 ], [ -95.298595, 29.597038 ], [ -95.299715, 29.596122 ], [ -95.30394, 29.595174 ], [ -95.308648, 29.594916 ], [ -95.309749, 29.595037 ], [ -95.314702, 29.598008 ], [ -95.319699, 29.598226 ], [ -95.321551, 29.597015 ], [ -95.322442, 29.596725 ], [ -95.325545, 29.59806 ], [ -95.328225, 29.59812 ], [ -95.331146, 29.599108 ], [ -95.332258, 29.598934 ], [ -95.335056, 29.596296 ], [ -95.336831, 29.59544 ], [ -95.337421, 29.59386 ], [ -95.340576, 29.592737 ], [ -95.344399, 29.589104 ], [ -95.344204, 29.587405 ], [ -95.346447, 29.585548 ], [ -95.347867, 29.58576 ], [ -95.349114, 29.586526 ], [ -95.351907, 29.585455 ], [ -95.35293, 29.585452 ], [ -95.356812, 29.586781 ], [ -95.36073, 29.584937 ], [ -95.36253, 29.585547 ], [ -95.363033, 29.58569 ], [ -95.363417, 29.585898 ], [ -95.364047, 29.585942 ], [ -95.368222, 29.584714 ], [ -95.371928, 29.586818 ], [ -95.376181, 29.588284 ], [ -95.3809, 29.587021 ], [ -95.383693, 29.586852 ], [ -95.384152, 29.586868 ], [ -95.386044, 29.585556 ], [ -95.386484, 29.585577 ], [ -95.388127, 29.58567 ], [ -95.393275, 29.581687 ], [ -95.394263, 29.582259 ], [ -95.39637, 29.582699 ], [ -95.400605, 29.581964 ], [ -95.403855, 29.581816 ], [ -95.408352, 29.582867 ], [ -95.412428, 29.583197 ], [ -95.417108, 29.583277 ], [ -95.424286, 29.580312 ], [ -95.424562, 29.579302 ], [ -95.426767, 29.57121 ], [ -95.427134, 29.569866 ], [ -95.428204, 29.565935 ], [ -95.431168, 29.554985 ], [ -95.433775, 29.545534 ], [ -95.435305, 29.539925 ], [ -95.437241, 29.532827 ], [ -95.440422, 29.521178 ], [ -95.44121, 29.518293 ], [ -95.442756, 29.512631 ], [ -95.443391, 29.510211 ], [ -95.443951, 29.508199 ], [ -95.4463, 29.499637 ], [ -95.44687, 29.497553 ], [ -95.44701, 29.496682 ], [ -95.452265, 29.47726 ], [ -95.462602, 29.439238 ], [ -95.476635, 29.439038 ], [ -95.535703, 29.438527 ], [ -95.538949, 29.437762 ], [ -95.540992, 29.43849 ], [ -95.550622, 29.438306 ], [ -95.549906, 29.437191 ], [ -95.550088, 29.435211 ], [ -95.551301, 29.43193 ], [ -95.551775, 29.428817 ], [ -95.552783, 29.427278 ], [ -95.555936, 29.425344 ], [ -95.556322, 29.423591 ], [ -95.55596, 29.422779 ], [ -95.551925, 29.419644 ], [ -95.5496, 29.415412 ], [ -95.548949, 29.413479 ], [ -95.546985, 29.410645 ], [ -95.545825, 29.407735 ], [ -95.546923, 29.40514 ], [ -95.549121, 29.403806 ], [ -95.549863, 29.402619 ], [ -95.548853, 29.399412 ], [ -95.54725, 29.397131 ], [ -95.547577, 29.395197 ], [ -95.553034, 29.393544 ], [ -95.556204, 29.391489 ], [ -95.558857, 29.390488 ], [ -95.562884, 29.391098 ], [ -95.565568, 29.390792 ], [ -95.566652, 29.390224 ], [ -95.56729, 29.389695 ], [ -95.57034, 29.386165 ], [ -95.572341, 29.383826 ], [ -95.574583, 29.377627 ], [ -95.57574, 29.37593 ], [ -95.575722, 29.372688 ], [ -95.577077, 29.368087 ], [ -95.57794, 29.365102 ], [ -95.579946, 29.363492 ], [ -95.580837, 29.362084 ], [ -95.580483, 29.360863 ], [ -95.575483, 29.357894 ], [ -95.573968, 29.356394 ], [ -95.574061, 29.354663 ], [ -95.576101, 29.352855 ], [ -95.580266, 29.352538 ], [ -95.582102, 29.351546 ], [ -95.58264, 29.349905 ], [ -95.581343, 29.346181 ], [ -95.578837, 29.342863 ], [ -95.5792, 29.34062 ], [ -95.581182, 29.339119 ], [ -95.587187, 29.336904 ], [ -95.5883, 29.335908 ], [ -95.589106, 29.33462 ], [ -95.589765, 29.329061 ], [ -95.590793, 29.327485 ], [ -95.594365, 29.327722 ], [ -95.595306, 29.328288 ], [ -95.596366, 29.327633 ], [ -95.599597, 29.327594 ], [ -95.603161, 29.328302 ], [ -95.60394, 29.330391 ], [ -95.604975, 29.330737 ], [ -95.605244, 29.329445 ], [ -95.607039, 29.329185 ], [ -95.60796, 29.327349 ], [ -95.610011, 29.326556 ], [ -95.610443, 29.325704 ], [ -95.613315, 29.323575 ], [ -95.614539, 29.32336 ], [ -95.614826, 29.321607 ], [ -95.615773, 29.32082 ], [ -95.616117, 29.319363 ], [ -95.620137, 29.316409 ], [ -95.621078, 29.316562 ], [ -95.622269, 29.315072 ], [ -95.625777, 29.312981 ], [ -95.628194, 29.309502 ], [ -95.627943, 29.309062 ], [ -95.623492, 29.306501 ], [ -95.622024, 29.305094 ], [ -95.62167, 29.301108 ], [ -95.620816, 29.299839 ], [ -95.622722, 29.298651 ], [ -95.624019, 29.295659 ], [ -95.625179, 29.295108 ], [ -95.626535, 29.293146 ], [ -95.627362, 29.293806 ], [ -95.629106, 29.292856 ], [ -95.630398, 29.293241 ], [ -95.631333, 29.29267 ], [ -95.632699, 29.293644 ], [ -95.634888, 29.294194 ], [ -95.635753, 29.295569 ], [ -95.636211, 29.295003 ], [ -95.637634, 29.295723 ], [ -95.63727, 29.296839 ], [ -95.64065, 29.296637 ], [ -95.641755, 29.294328 ], [ -95.64385, 29.293823 ], [ -95.646797, 29.294286 ], [ -95.648491, 29.29366 ], [ -95.650999, 29.294732 ], [ -95.65273, 29.294397 ], [ -95.653342, 29.293483 ], [ -95.654619, 29.290951 ], [ -95.656023, 29.292177 ], [ -95.659898, 29.29452 ], [ -95.661397, 29.294278 ], [ -95.663642, 29.295708 ], [ -95.66442, 29.296621 ], [ -95.66509, 29.298891 ], [ -95.669468, 29.29876 ], [ -95.672785, 29.299527 ], [ -95.747213, 29.322711 ], [ -95.750241, 29.323535 ], [ -95.752866, 29.324503 ], [ -95.784013, 29.296249 ], [ -95.79782, 29.307971 ], [ -95.847656, 29.26259 ], [ -95.84586, 29.261054 ] ] ], [ [ [ -94.97185, 29.685305 ], [ -94.969948, 29.683654 ], [ -94.968576, 29.682546 ], [ -94.969379, 29.682517 ], [ -94.969366, 29.681676 ], [ -94.970049, 29.681519 ], [ -94.976099, 29.678265 ], [ -94.977911, 29.681176 ], [ -94.978386, 29.683654 ], [ -94.977435, 29.685202 ], [ -94.976128, 29.685202 ], [ -94.973751, 29.686131 ], [ -94.97185, 29.685305 ] ] ], [ [ [ -94.982783, 29.697487 ], [ -94.980169, 29.696042 ], [ -94.979931, 29.695113 ], [ -94.979337, 29.693874 ], [ -94.977673, 29.694184 ], [ -94.976009, 29.69439 ], [ -94.975177, 29.693977 ], [ -94.975059, 29.692945 ], [ -94.973276, 29.691397 ], [ -94.973276, 29.690364 ], [ -94.973751, 29.689125 ], [ -94.975177, 29.687886 ], [ -94.979574, 29.688299 ], [ -94.98207, 29.690158 ], [ -94.984566, 29.691293 ], [ -94.985516, 29.692842 ], [ -94.98718, 29.69439 ], [ -94.988844, 29.695526 ], [ -94.990745, 29.696042 ], [ -94.992409, 29.697797 ], [ -94.992053, 29.698416 ], [ -94.989676, 29.698004 ], [ -94.986705, 29.6979 ], [ -94.985635, 29.69852 ], [ -94.982783, 29.697487 ] ] ] ] } },
{ "type": "Feature", "properties": { "FederalDivisionName": "Laredo", "FederalJudicialDistrict": "Southern" }, "geometry": { "type": "Polygon", "coordinates": [ [ [ -98.750643, 27.354382 ], [ -98.749467, 27.354471 ], [ -98.749403, 27.355951 ], [ -98.749377, 27.35667 ], [ -98.693521, 27.357149 ], [ -98.67082, 27.357285 ], [ -98.648793, 27.357514 ], [ -98.625027, 27.357727 ], [ -98.624929, 27.338067 ], [ -98.60675, 27.338153 ], [ -98.589478, 27.338236 ], [ -98.589537, 27.358695 ], [ -98.552617, 27.359101 ], [ -98.552448, 27.343764 ], [ -98.522346, 27.343285 ], [ -98.522293, 27.343284 ], [ -98.523284, 27.26515 ], [ -98.536646, 27.265196 ], [ -98.53411, 27.261885 ], [ -98.533661, 27.260723 ], [ -98.533612, 27.258071 ], [ -98.531575, 27.254796 ], [ -98.530048, 27.253849 ], [ -98.527277, 27.253 ], [ -98.522276, 27.254089 ], [ -98.520916, 27.253032 ], [ -98.519347, 27.25023 ], [ -98.518608, 27.25018 ], [ -98.514241, 27.251505 ], [ -98.512437, 27.251196 ], [ -98.510897, 27.249997 ], [ -98.510313, 27.247845 ], [ -98.509798, 27.24375 ], [ -98.505928, 27.238608 ], [ -98.496471, 27.236913 ], [ -98.492943, 27.235012 ], [ -98.492915, 27.17469 ], [ -98.492917, 27.17466 ], [ -98.49291, 27.142062 ], [ -98.467284, 27.142006 ], [ -98.466542, 27.054711 ], [ -98.417883, 27.055285 ], [ -98.421171, 26.877031 ], [ -98.421416, 26.87452 ], [ -98.422616, 26.783535 ], [ -98.502256, 26.783832 ], [ -98.508875, 26.783695 ], [ -98.642932, 26.78413 ], [ -98.808875, 26.785146 ], [ -98.809551, 26.784916 ], [ -98.814183, 26.784771 ], [ -98.824297, 26.785207 ], [ -98.85127, 26.785335 ], [ -98.874718, 26.785494 ], [ -98.8753, 26.785394 ], [ -98.95423, 26.785694 ], [ -99.011112, 26.675023 ], [ -99.016376, 26.671048 ], [ -99.022316, 26.66711 ], [ -99.033527, 26.660503 ], [ -99.051848, 26.648073 ], [ -99.058415, 26.644189 ], [ -99.09139, 26.622797 ], [ -99.169463966400798, 26.571673559573998 ], [ -99.178064, 26.620547 ], [ -99.183422, 26.628855 ], [ -99.200522, 26.656443 ], [ -99.209948, 26.693938 ], [ -99.208907, 26.724761 ], [ -99.213282740561098, 26.727726817214101 ], [ -99.240023, 26.745851 ], [ -99.242444, 26.788262 ], [ -99.243132824455103, 26.789217167122899 ], [ -99.262208, 26.815668 ], [ -99.268613, 26.843213 ], [ -99.274832954433506, 26.8509971224316 ], [ -99.280471, 26.858053 ], [ -99.295146, 26.86544 ], [ -99.310519, 26.864738 ], [ -99.316753, 26.865831 ], [ -99.320874481617494, 26.8705574646199 ], [ -99.323529561640299, 26.8736022778583 ], [ -99.324131, 26.874292 ], [ -99.325703, 26.87717 ], [ -99.328619, 26.878592 ], [ -99.3289, 26.879761 ], [ -99.326527, 26.885519 ], [ -99.326231, 26.889971 ], [ -99.321819, 26.906846 ], [ -99.32297, 26.912464 ], [ -99.324684, 26.915973 ], [ -99.329632, 26.9192 ], [ -99.337297, 26.922759 ], [ -99.346748, 26.925201 ], [ -99.35165, 26.92514 ], [ -99.361144, 26.928921 ], [ -99.367054, 26.929034 ], [ -99.373112, 26.931164 ], [ -99.379149, 26.93449 ], [ -99.384337, 26.939639 ], [ -99.388253, 26.944217 ], [ -99.390498, 26.951742 ], [ -99.392637, 26.955343 ], [ -99.393748, 26.96073 ], [ -99.393112, 26.964029 ], [ -99.390189, 26.966348 ], [ -99.381102, 26.970816 ], [ -99.377312, 26.973819 ], [ -99.376593, 26.977717 ], [ -99.378435, 26.980034 ], [ -99.384336, 26.980992 ], [ -99.385423166588694, 26.981496666245501 ], [ -99.387367, 26.982399 ], [ -99.392178, 26.987492 ], [ -99.403694, 26.997356 ], [ -99.405936, 27.002581 ], [ -99.406955, 27.006563 ], [ -99.408507, 27.00952 ], [ -99.411175, 27.011597 ], [ -99.41206, 27.013121 ], [ -99.415476, 27.01724 ], [ -99.420447, 27.016568 ], [ -99.42938, 27.010833 ], [ -99.432155, 27.010699 ], [ -99.43496, 27.01187 ], [ -99.438721, 27.01463 ], [ -99.442876, 27.018175 ], [ -99.444932, 27.020419 ], [ -99.446086, 27.023338 ], [ -99.445283, 27.026505 ], [ -99.444062, 27.031253 ], [ -99.443977046296197, 27.036221359869401 ], [ -99.443973, 27.036458 ], [ -99.445646, 27.043441 ], [ -99.448143, 27.049744 ], [ -99.448701238221503, 27.050929278350999 ], [ -99.450926, 27.055653 ], [ -99.452009, 27.06006 ], [ -99.452316, 27.062669 ], [ -99.450282, 27.067705 ], [ -99.445225, 27.071639 ], [ -99.43447, 27.078517 ], [ -99.429209, 27.090982 ], [ -99.429239, 27.093073 ], [ -99.430275, 27.094872 ], [ -99.437646, 27.100442 ], [ -99.44181, 27.105394 ], [ -99.442123, 27.106839 ], [ -99.44175, 27.1088 ], [ -99.441109, 27.110042 ], [ -99.43337, 27.119218 ], [ -99.430581, 27.126612 ], [ -99.431355, 27.13758 ], [ -99.438265, 27.144792 ], [ -99.440026, 27.149119 ], [ -99.439971, 27.151072 ], [ -99.439475, 27.152369 ], [ -99.437951, 27.154121 ], [ -99.434889, 27.155922 ], [ -99.432598, 27.15682 ], [ -99.429984, 27.159149 ], [ -99.427716, 27.167789 ], [ -99.426348, 27.176262 ], [ -99.426534, 27.178861 ], [ -99.427715, 27.182307 ], [ -99.430924, 27.196488 ], [ -99.432126, 27.199849 ], [ -99.433098, 27.203818 ], [ -99.432715, 27.207687 ], [ -99.432795, 27.209693 ], [ -99.43328, 27.211294 ], [ -99.435379, 27.212866 ], [ -99.441928, 27.217985 ], [ -99.445238, 27.223341 ], [ -99.445069, 27.225956 ], [ -99.443624, 27.228995 ], [ -99.441407, 27.236758 ], [ -99.441067, 27.241781 ], [ -99.441549, 27.24992 ], [ -99.443076, 27.252651 ], [ -99.446811, 27.25758 ], [ -99.449094, 27.25975 ], [ -99.452391, 27.264046 ], [ -99.453795691732495, 27.265055646341601 ], [ -99.454208, 27.265352 ], [ -99.456234, 27.266322 ], [ -99.458377, 27.266227 ], [ -99.460192, 27.267613 ], [ -99.463309, 27.268437 ], [ -99.465825, 27.26797 ], [ -99.471753, 27.264933 ], [ -99.472973, 27.263386 ], [ -99.475229, 27.262643 ], [ -99.480688, 27.259989 ], [ -99.484738, 27.259371 ], [ -99.48791, 27.260721 ], [ -99.492407, 27.264118 ], [ -99.495658, 27.269053 ], [ -99.496615, 27.271708 ], [ -99.495547, 27.275565 ], [ -99.49377, 27.279441 ], [ -99.488467, 27.287071 ], [ -99.487513, 27.29024 ], [ -99.487937, 27.294941 ], [ -99.494604, 27.303542 ], [ -99.497419, 27.305279 ], [ -99.502036, 27.306121 ], [ -99.506369, 27.305745 ], [ -99.511531, 27.304077 ], [ -99.523658, 27.304138 ], [ -99.529654, 27.306051 ], [ -99.536443, 27.312538 ], [ -99.537771, 27.316073 ], [ -99.537806, 27.317587 ], [ -99.533828, 27.320843 ], [ -99.531376, 27.323809 ], [ -99.524698, 27.32399 ], [ -99.52126, 27.324784 ], [ -99.515042, 27.328862 ], [ -99.514148764628899, 27.3296124092669 ], [ -99.511157982017394, 27.332124973210998 ], [ -99.507500941206501, 27.335197262332901 ], [ -99.507237, 27.335419 ], [ -99.504837, 27.338289 ], [ -99.504397, 27.339896 ], [ -99.507088, 27.346067 ], [ -99.507831, 27.348637 ], [ -99.507779, 27.354247 ], [ -99.505266361442096, 27.3597023387794 ], [ -99.503958, 27.362543 ], [ -99.503929629699201, 27.362777 ], [ -99.503901350031995, 27.3630102524492 ], [ -99.5037, 27.364671 ], [ -99.502700028202995, 27.366502479487099 ], [ -99.499076, 27.37314 ], [ -99.495928, 27.375299 ], [ -99.495123, 27.377035 ], [ -99.492144, 27.380517 ], [ -99.491778, 27.384282 ], [ -99.492709, 27.386049 ], [ -99.492605, 27.3923 ], [ -99.491148, 27.395507 ], [ -99.489382, 27.399562 ], [ -99.487875840269496, 27.409948917776301 ], [ -99.487521, 27.412396 ], [ -99.489443, 27.417111 ], [ -99.490207, 27.421096 ], [ -99.495699, 27.438884 ], [ -99.495576139578702, 27.441655185058099 ], [ -99.495375, 27.446192 ], [ -99.49469, 27.449029 ], [ -99.494804104767198, 27.449715006679899 ], [ -99.495104, 27.451518 ], [ -99.487631, 27.460672 ], [ -99.485725, 27.463575 ], [ -99.485259380044496, 27.464484253659101 ], [ -99.483819, 27.467297 ], [ -99.483451591573001, 27.469452685878 ], [ -99.482282, 27.476315 ], [ -99.479251, 27.478635 ], [ -99.479354, 27.4811 ], [ -99.480219, 27.485796 ], [ -99.481452, 27.488667 ], [ -99.483519, 27.491096 ], [ -99.485806, 27.493188 ], [ -99.491457, 27.496976 ], [ -99.494418405080793, 27.4987024291121 ], [ -99.496826, 27.500106 ], [ -99.499002, 27.499154 ], [ -99.502683, 27.500606 ], [ -99.502694965472699, 27.500603120845501 ], [ -99.509694, 27.498919 ], [ -99.510331034825001, 27.499020370406502 ], [ -99.51332, 27.499496 ], [ -99.516428, 27.498435 ], [ -99.51932, 27.496896 ], [ -99.526644, 27.49703 ], [ -99.52832, 27.498896 ], [ -99.527264, 27.503922 ], [ -99.52532, 27.510395 ], [ -99.525361025773805, 27.516329803917301 ], [ -99.525373, 27.518062 ], [ -99.524702, 27.524327 ], [ -99.523296933013597, 27.530252397319199 ], [ -99.52222, 27.534794 ], [ -99.522200141935798, 27.535407554808899 ], [ -99.522027183314606, 27.5407514590514 ], [ -99.521919, 27.544094 ], [ -99.518819, 27.553194 ], [ -99.514016, 27.556842 ], [ -99.511119, 27.564494 ], [ -99.512219, 27.568094 ], [ -99.512800423469699, 27.568718423130399 ], [ -99.515978, 27.572131 ], [ -99.525439, 27.57661 ], [ -99.528696541150396, 27.579103589171702 ], [ -99.530138, 27.580207 ], [ -99.533043207603299, 27.585709105504002 ], [ -99.536197, 27.591682 ], [ -99.53681, 27.596271 ], [ -99.537198741195496, 27.597206808990499 ], [ -99.539722, 27.603281 ], [ -99.541889, 27.606001 ], [ -99.5499, 27.610749 ], [ -99.554388542366695, 27.614042079102699 ], [ -99.55495, 27.614454 ], [ -99.556812, 27.614336 ], [ -99.55864, 27.611132 ], [ -99.558656, 27.608915 ], [ -99.561233, 27.607569 ], [ -99.562869, 27.607264 ], [ -99.569065, 27.605883 ], [ -99.57215, 27.60471 ], [ -99.578784, 27.602609 ], [ -99.580006, 27.602251 ], [ -99.584843, 27.603903 ], [ -99.584432, 27.606213 ], [ -99.581449, 27.607117 ], [ -99.579759, 27.608031 ], [ -99.577399, 27.610897 ], [ -99.577117, 27.614512 ], [ -99.576958, 27.617234 ], [ -99.577877691196306, 27.618815449717101 ], [ -99.578099, 27.619196 ], [ -99.579475, 27.62023 ], [ -99.580841, 27.620349 ], [ -99.584782, 27.622007 ], [ -99.591372, 27.627464 ], [ -99.592353, 27.628613 ], [ -99.592757, 27.634654 ], [ -99.594038, 27.638573 ], [ -99.596231, 27.639858 ], [ -99.602062860998799, 27.641562353789599 ], [ -99.603533, 27.641992 ], [ -99.612282, 27.639197 ], [ -99.615598, 27.637751 ], [ -99.617582, 27.638358 ], [ -99.619093, 27.640148 ], [ -99.621111, 27.643314 ], [ -99.622342, 27.644 ], [ -99.624311, 27.644001 ], [ -99.626294, 27.64245 ], [ -99.627057, 27.640778 ], [ -99.627123, 27.638412 ], [ -99.623246, 27.634644 ], [ -99.623415, 27.633558 ], [ -99.625322, 27.631137 ], [ -99.627395, 27.629798 ], [ -99.632812, 27.627869 ], [ -99.638929, 27.626758 ], [ -99.647954, 27.629864 ], [ -99.650518, 27.630495 ], [ -99.654324, 27.629616 ], [ -99.658853, 27.631138 ], [ -99.659255, 27.63231 ], [ -99.665948, 27.635968 ], [ -99.666175, 27.638324 ], [ -99.665422, 27.640275 ], [ -99.661741, 27.642739 ], [ -99.6595, 27.645246 ], [ -99.658179, 27.647789 ], [ -99.658295, 27.650158 ], [ -99.659195, 27.652609 ], [ -99.661228, 27.653867 ], [ -99.661845, 27.655753 ], [ -99.664223, 27.657575 ], [ -99.668942, 27.659974 ], [ -99.671622, 27.660222 ], [ -99.678949, 27.658979 ], [ -99.68651, 27.66145 ], [ -99.688288, 27.662834 ], [ -99.689466, 27.664995 ], [ -99.689403, 27.66856 ], [ -99.691253, 27.668732 ], [ -99.693121, 27.667148 ], [ -99.696573, 27.663136 ], [ -99.698724, 27.657357 ], [ -99.699356, 27.655417 ], [ -99.704601, 27.654954 ], [ -99.711511, 27.658365 ], [ -99.721519, 27.666155 ], [ -99.723634, 27.669532 ], [ -99.723716, 27.673328 ], [ -99.72829, 27.679071 ], [ -99.732448, 27.685425 ], [ -99.737812, 27.692281 ], [ -99.742003067338104, 27.696550639057801 ], [ -99.742666, 27.697226 ], [ -99.745302593323899, 27.6998189839675 ], [ -99.745453800139998, 27.699967689817001 ], [ -99.757539, 27.711853 ], [ -99.758534, 27.717071 ], [ -99.761754, 27.722589 ], [ -99.766326, 27.7276 ], [ -99.77074, 27.732134 ], [ -99.774901, 27.73354 ], [ -99.785366, 27.730355 ], [ -99.788845, 27.730718 ], [ -99.791685, 27.731978 ], [ -99.796342, 27.735586 ], [ -99.801651, 27.741771 ], [ -99.802267, 27.745394 ], [ -99.80567, 27.758688 ], [ -99.810137, 27.769548 ], [ -99.813086, 27.773952 ], [ -99.815187, 27.775334 ], [ -99.817164, 27.776159 ], [ -99.819092, 27.776019 ], [ -99.822193, 27.766855 ], [ -99.825793, 27.764374 ], [ -99.835127, 27.762881 ], [ -99.838791, 27.764181 ], [ -99.841708, 27.766464 ], [ -99.843025, 27.768887 ], [ -99.843195, 27.773655 ], [ -99.844737, 27.778809 ], [ -99.84887, 27.787399 ], [ -99.84922, 27.791577 ], [ -99.850877, 27.793974 ], [ -99.852465, 27.794608 ], [ -99.854506, 27.794649 ], [ -99.855531, 27.794132 ], [ -99.857183, 27.794189 ], [ -99.86038, 27.793673 ], [ -99.863031, 27.794255 ], [ -99.870066, 27.794627 ], [ -99.873244, 27.79573 ], [ -99.876553, 27.797359 ], [ -99.877975, 27.800722 ], [ -99.876923, 27.804813 ], [ -99.874646, 27.809264 ], [ -99.873785, 27.813012 ], [ -99.874169, 27.81565 ], [ -99.87533, 27.818178 ], [ -99.876262, 27.819509 ], [ -99.876561, 27.821217 ], [ -99.87784, 27.824376 ], [ -99.877978, 27.827946 ], [ -99.876241, 27.83382 ], [ -99.876003, 27.837968 ], [ -99.877202, 27.842179 ], [ -99.882015, 27.850392 ], [ -99.884023, 27.850978 ], [ -99.88968, 27.853833 ], [ -99.89365, 27.856193 ], [ -99.895686, 27.857684 ], [ -99.895755, 27.85923 ], [ -99.901486, 27.864162 ], [ -99.904385, 27.875284 ], [ -99.904005, 27.879746 ], [ -99.901232, 27.884406 ], [ -99.896897, 27.888428 ], [ -99.894091, 27.89295 ], [ -99.893456, 27.899208 ], [ -99.895828, 27.904178 ], [ -99.896875, 27.907685 ], [ -99.90008, 27.912142 ], [ -99.917461, 27.917973 ], [ -99.922046, 27.922119 ], [ -99.9252, 27.92636 ], [ -99.926228, 27.927322 ], [ -99.92435, 27.929514 ], [ -99.924159, 27.931132 ], [ -99.92648, 27.935567 ], [ -99.928259, 27.936512 ], [ -99.932866, 27.93727 ], [ -99.934619, 27.938245 ], [ -99.937142, 27.940537 ], [ -99.938958, 27.949323 ], [ -99.938541, 27.954059 ], [ -99.934388, 27.96148 ], [ -99.932161, 27.96771 ], [ -99.931262, 27.97907 ], [ -99.931812, 27.980967 ], [ -99.935389, 27.981835 ], [ -99.940843, 27.982449 ], [ -99.947117, 27.98217 ], [ -99.950209, 27.983266 ], [ -99.962769, 27.983536 ], [ -99.971171, 27.986264 ], [ -99.977067, 27.989397 ], [ -99.978393, 27.98933 ], [ -99.984923, 27.990729 ], [ -99.989762, 27.992876 ], [ -99.991447, 27.99456 ], [ -99.996843, 28.00238 ], [ -100.00018, 28.01075 ], [ -100.003966, 28.015163 ], [ -100.007448, 28.020892 ], [ -100.008631, 28.023964 ], [ -100.012839, 28.037203 ], [ -100.01298, 28.041712 ], [ -100.013307, 28.04449 ], [ -100.014987, 28.04888 ], [ -100.016835, 28.058921 ], [ -100.017143, 28.062274 ], [ -100.017914, 28.064787 ], [ -100.018951, 28.066441 ], [ -100.020594, 28.067819 ], [ -100.028725, 28.073118 ], [ -100.039704, 28.076687 ], [ -100.046108, 28.079068 ], [ -100.053123, 28.08473 ], [ -100.055358, 28.08905 ], [ -100.056983, 28.094207 ], [ -100.055596, 28.101141 ], [ -100.056493, 28.104186 ], [ -100.057845, 28.106182 ], [ -100.060077, 28.108205 ], [ -100.064696, 28.111108 ], [ -100.067652, 28.113602 ], [ -100.072639, 28.122236 ], [ -100.075474, 28.124882 ], [ -100.076313, 28.127112 ], [ -100.077784, 28.128663 ], [ -100.080629, 28.135474 ], [ -100.080746, 28.137633 ], [ -100.082742, 28.140358 ], [ -100.083393, 28.144035 ], [ -100.086898, 28.146783 ], [ -100.090289, 28.148313 ], [ -100.108218, 28.153319 ], [ -100.110714, 28.153646 ], [ -100.115331, 28.154862 ], [ -100.119628, 28.155588 ], [ -100.141098, 28.168149 ], [ -100.157945, 28.16745 ], [ -100.16059, 28.16816 ], [ -100.168438, 28.171542 ], [ -100.171322, 28.17623 ], [ -100.174413, 28.179448 ], [ -100.185694, 28.185781 ], [ -100.196499, 28.190218 ], [ -100.208059, 28.190383 ], [ -100.210514, 28.192695 ], [ -100.212105, 28.19651 ], [ -100.212165531127994, 28.196837162978301 ], [ -100.113719, 28.197819 ], [ -99.99159, 28.198816 ], [ -99.875329, 28.200068 ], [ -99.874736, 28.199818 ], [ -99.394177, 28.204627 ], [ -99.39463, 28.349818 ], [ -99.395926, 28.426299 ], [ -99.396681, 28.500268 ], [ -99.395944, 28.500263 ], [ -99.396086, 28.592636 ], [ -99.395707, 28.625258 ], [ -99.395736, 28.640784 ], [ -99.214562, 28.644065 ], [ -99.213682, 28.643888 ], [ -99.205866, 28.644111 ], [ -99.179068, 28.644122 ], [ -99.177155, 28.644168 ], [ -99.161901, 28.64422 ], [ -99.161249, 28.644185 ], [ -99.117349, 28.644611 ], [ -99.053798, 28.645155 ], [ -98.800841, 28.647487 ], [ -98.800848, 28.647306 ], [ -98.776383, 28.647632 ], [ -98.620859, 28.648352 ], [ -98.610824, 28.64834 ], [ -98.392164, 28.648172 ], [ -98.335047, 28.648275 ], [ -98.335031, 28.612658 ], [ -98.334324, 28.448122 ], [ -98.334252, 28.383108 ], [ -98.334462, 28.295378 ], [ -98.334347, 28.266147 ], [ -98.334315, 28.161464 ], [ -98.334323, 28.0578 ], [ -98.465029, 28.05758 ], [ -98.499178, 28.057539 ], [ -98.50029, 28.057476 ], [ -98.803325, 28.05748 ], [ -98.803059, 28.011162 ], [ -98.802282, 27.792957 ], [ -98.802222, 27.775191 ], [ -98.801947, 27.7503 ], [ -98.799235, 27.504338 ], [ -98.798499, 27.391144 ], [ -98.798323, 27.354029 ], [ -98.750643, 27.354382 ] ] ] } },
{ "type": "Feature", "properties": { "FederalDivisionName": "Lubbock", "FederalJudicialDistrict": "Northern" }, "geometry": { "type": "Polygon", "coordinates": [ [ [ -103.064569836801994, 32.899883034147699 ], [ -103.064569, 32.900014 ], [ -103.064657, 32.959097 ], [ -103.064679, 32.964373 ], [ -103.064625, 32.999899 ], [ -103.064452, 33.01029 ], [ -103.064216230317001, 33.024477640498901 ], [ -103.063998336845998, 33.037589564763998 ], [ -103.06398, 33.038693 ], [ -103.063905, 33.042055 ], [ -103.063386467328996, 33.066218186051699 ], [ -103.062891682924999, 33.089274722838702 ], [ -103.061784167753004, 33.140883997705899 ], [ -103.061161622041993, 33.169894103857402 ], [ -103.060103, 33.219225 ], [ -103.05972, 33.256262 ], [ -103.059242, 33.260371 ], [ -103.057856, 33.315234 ], [ -103.057487, 33.329477 ], [ -103.056655304752994, 33.388416403174197 ], [ -103.056655, 33.388438 ], [ -103.052610538094001, 33.5705747676868 ], [ -103.05261, 33.570599 ], [ -103.051664, 33.629489 ], [ -103.051363, 33.64195 ], [ -103.051535, 33.650487 ], [ -103.051087, 33.658186 ], [ -103.050532, 33.672408 ], [ -103.050148, 33.701971 ], [ -103.049956532261007, 33.714662829094003 ], [ -103.049608, 33.737766 ], [ -103.049096, 33.74627 ], [ -103.047978426841993, 33.7963404705621 ], [ -103.047346, 33.824675 ], [ -103.046907, 33.8503 ], [ -103.045644, 33.901537 ], [ -103.045698, 33.906299 ], [ -103.044893, 33.945617 ], [ -103.04395, 33.974629 ], [ -103.043617, 34.003633 ], [ -103.043571877651004, 34.011178401257098 ], [ -103.043531, 34.018014 ], [ -103.043555, 34.032714 ], [ -103.043746, 34.037294 ], [ -103.043771, 34.041538 ], [ -103.043721, 34.04232 ], [ -103.043767, 34.043545 ], [ -103.043744, 34.049986 ], [ -103.043686, 34.063078 ], [ -103.043529825066003, 34.078056094885298 ], [ -103.043516, 34.079382 ], [ -103.043569, 34.087947 ], [ -103.043580047453005, 34.112834113618 ], [ -103.043605809335006, 34.170869106621197 ], [ -103.043625133872993, 34.214402396072202 ], [ -103.043644, 34.256903 ], [ -103.043719, 34.289441 ], [ -103.043936, 34.302585 ], [ -103.043936266136001, 34.302648 ], [ -103.043978936987003, 34.312749083575 ], [ -102.905801, 34.312721 ], [ -102.885683, 34.312824 ], [ -102.817056, 34.312832 ], [ -102.750494, 34.312824 ], [ -102.748351, 34.312906 ], [ -102.722317, 34.312927 ], [ -102.61515, 34.312891 ], [ -102.526346, 34.313032 ], [ -102.525631, 34.313034 ], [ -102.500474, 34.313124 ], [ -102.435961, 34.313189 ], [ -102.287153, 34.313124 ], [ -102.234999, 34.313208 ], [ -102.173497, 34.312725 ], [ -102.168765, 34.313095 ], [ -102.163609, 34.312888 ], [ -102.090415, 34.313132 ], [ -102.009091, 34.313092 ], [ -101.99802, 34.313039 ], [ -101.875422, 34.313009 ], [ -101.873919, 34.31311 ], [ -101.846979, 34.313067 ], [ -101.76227, 34.31298 ], [ -101.564856, 34.312493 ], [ -101.500375, 34.312204 ], [ -101.499813, 34.312292 ], [ -101.47158, 34.31229 ], [ -101.274825, 34.31224 ], [ -101.268048, 34.312536 ], [ -101.258921, 34.312235 ], [ -101.223344, 34.312285 ], [ -101.193326, 34.312258 ], [ -101.172535, 34.312237 ], [ -101.171406, 34.312295 ], [ -101.153749, 34.312322 ], [ -101.041484, 34.312444 ], [ -100.963904, 34.312687 ], [ -100.963587, 34.312754 ], [ -100.946132, 34.312759 ], [ -100.769851, 34.313257 ], [ -100.723385, 34.313319 ], [ -100.682694, 34.313391 ], [ -100.672837, 34.313474 ], [ -100.670188, 34.313244 ], [ -100.627316, 34.313392 ], [ -100.625404, 34.313399 ], [ -100.624038, 34.314191 ], [ -100.51734, 34.314102 ], [ -100.517626, 34.250068 ], [ -100.518362, 34.167737 ], [ -100.518164, 34.060695 ], [ -100.517991, 34.060225 ], [ -100.518088, 34.003886 ], [ -100.518691, 33.83565 ], [ -100.517944, 33.570578 ], [ -100.517855, 33.503155 ], [ -100.517579, 33.500085 ], [ -100.517449, 33.397866 ], [ -100.517139, 33.218447 ], [ -100.517108, 33.218254 ], [ -100.517481, 33.181463 ], [ -100.517757, 33.074179 ], [ -100.518257, 33.024607 ], [ -100.518155, 33.0001 ], [ -100.518975, 32.993622 ], [ -100.519208, 32.962926 ], [ -100.592397, 32.962937 ], [ -100.65587, 32.963469 ], [ -100.659061, 32.733756 ], [ -100.659057, 32.733158 ], [ -100.659011, 32.709021 ], [ -100.659104, 32.683253 ], [ -100.660421, 32.615972 ], [ -100.66061, 32.534157 ], [ -100.660612, 32.533268 ], [ -100.660626, 32.525312 ], [ -100.697858, 32.52527 ], [ -100.783395, 32.525427 ], [ -100.800619, 32.525556 ], [ -100.817834, 32.525679 ], [ -100.904192, 32.526449 ], [ -100.922325, 32.526692 ], [ -100.926882, 32.526753 ], [ -100.927061, 32.526753 ], [ -100.937129, 32.526889 ], [ -100.946798, 32.527018 ], [ -100.96935, 32.52732 ], [ -100.985224, 32.527535 ], [ -100.998913, 32.52772 ], [ -101.000395, 32.52786 ], [ -101.034427, 32.527928 ], [ -101.170746, 32.527731 ], [ -101.174562, 32.527703 ], [ -101.174571, 32.524112 ], [ -101.248843, 32.52398 ], [ -101.250402, 32.524098 ], [ -101.328387, 32.52432 ], [ -101.374973, 32.524436 ], [ -101.517447, 32.52491 ], [ -101.607375, 32.524982 ], [ -101.611899, 32.524986 ], [ -101.68874, 32.525222 ], [ -101.711646, 32.52532 ], [ -101.713558, 32.52521 ], [ -101.716726, 32.525128 ], [ -101.717103, 32.525173 ], [ -101.721478, 32.525179 ], [ -101.752487, 32.52517 ], [ -101.753158, 32.525166 ], [ -101.89383, 32.524323 ], [ -102.202703, 32.523271 ], [ -102.211037, 32.523244 ], [ -102.371534, 32.523371 ], [ -102.37544, 32.523109 ], [ -102.473262, 32.522923 ], [ -102.476311, 32.523329 ], [ -102.498863, 32.522985 ], [ -102.613521, 32.523153 ], [ -102.99628, 32.523154 ], [ -103.00047, 32.522875 ], [ -103.064696, 32.522193 ], [ -103.064712043390998, 32.538431379830897 ], [ -103.064725713734006, 32.552267869715898 ], [ -103.064735532948006, 32.562206425458001 ], [ -103.064761, 32.587983 ], [ -103.064788, 32.600397 ], [ -103.064761, 32.601863 ], [ -103.064815, 32.624537 ], [ -103.064633, 32.64642 ], [ -103.064864, 32.682647 ], [ -103.064798, 32.690761 ], [ -103.064799, 32.708694 ], [ -103.064807003376998, 32.713820162719301 ], [ -103.064827, 32.726628 ], [ -103.064826872699001, 32.726950547661403 ], [ -103.064826868943996, 32.726960061517097 ], [ -103.064821217266996, 32.74128 ], [ -103.064807, 32.777303 ], [ -103.064698, 32.783602 ], [ -103.064711, 32.784593 ], [ -103.064707152224997, 32.798360981317899 ], [ -103.064699, 32.827531 ], [ -103.064672, 32.82847 ], [ -103.064889, 32.849359 ], [ -103.064916, 32.85726 ], [ -103.064807, 32.857696 ], [ -103.064862, 32.868346 ], [ -103.064701, 32.879355 ], [ -103.064569836801994, 32.899883034147699 ] ] ] } },
{ "type": "Feature", "properties": { "FederalDivisionName": "Lufkin", "FederalJudicialDistrict": "Eastern" }, "geometry": { "type": "Polygon", "coordinates": [ [ [ -94.45826, 31.03203 ], [ -94.460167, 31.03092 ], [ -94.458733, 31.030183 ], [ -94.455127, 31.031635 ], [ -94.451425, 31.031457 ], [ -94.449481, 31.033477 ], [ -94.446969, 31.033098 ], [ -94.445386, 31.034426 ], [ -94.444212, 31.034037 ], [ -94.443975, 31.032394 ], [ -94.442293, 31.029981 ], [ -94.446332, 31.022604 ], [ -94.448075, 31.021287 ], [ -94.450234, 31.018813 ], [ -94.450874, 31.01482 ], [ -94.450189, 31.012323 ], [ -94.450803, 31.009445 ], [ -94.45327, 31.006237 ], [ -94.452663, 31.005384 ], [ -94.450499, 31.005482 ], [ -94.451127, 31.003445 ], [ -94.448535, 31.003291 ], [ -94.444223, 31.005223 ], [ -94.438491, 31.005799 ], [ -94.434305, 31.006924 ], [ -94.433745, 31.008521 ], [ -94.435139, 31.009456 ], [ -94.435247, 31.011045 ], [ -94.432702, 31.011147 ], [ -94.432219, 31.013217 ], [ -94.435501, 31.012233 ], [ -94.435988, 31.013761 ], [ -94.432429, 31.01424 ], [ -94.427491, 31.016196 ], [ -94.426926, 31.019566 ], [ -94.425506, 31.021154 ], [ -94.42333, 31.021855 ], [ -94.419788, 31.022058 ], [ -94.418303, 31.024323 ], [ -94.415895, 31.025154 ], [ -94.413814, 31.026493 ], [ -94.404283, 31.027329 ], [ -94.402973, 31.027032 ], [ -94.401101, 31.025316 ], [ -94.399638, 31.025019 ], [ -94.39634, 31.025788 ], [ -94.396936, 31.028798 ], [ -94.392411, 31.028591 ], [ -94.390778, 31.027182 ], [ -94.389262, 31.026559 ], [ -94.386154, 31.026044 ], [ -94.386052, 31.029299 ], [ -94.383733, 31.028958 ], [ -94.383616, 31.026711 ], [ -94.382402, 31.026413 ], [ -94.380242, 31.028246 ], [ -94.379194, 31.032188 ], [ -94.376492, 31.034795 ], [ -94.374997, 31.035314 ], [ -94.37416, 31.034972 ], [ -94.374852, 31.032685 ], [ -94.374686, 31.031111 ], [ -94.370255, 31.030628 ], [ -94.363749, 31.033319 ], [ -94.361553, 31.033155 ], [ -94.35811, 31.034534 ], [ -94.356506, 31.033927 ], [ -94.355885, 31.03231 ], [ -94.35465, 31.032166 ], [ -94.353031, 31.035025 ], [ -94.355342, 31.03692 ], [ -94.353782, 31.039371 ], [ -94.34866, 31.038115 ], [ -94.344214, 31.039753 ], [ -94.342776, 31.039316 ], [ -94.342686, 31.038083 ], [ -94.344686, 31.037173 ], [ -94.34405, 31.035805 ], [ -94.342295, 31.036073 ], [ -94.33972, 31.037318 ], [ -94.338759, 31.037328 ], [ -94.337017, 31.035941 ], [ -94.336392, 31.033996 ], [ -94.337354, 31.030192 ], [ -94.334703, 31.028596 ], [ -94.333579, 31.026672 ], [ -94.330345, 31.024801 ], [ -94.328838, 31.022069 ], [ -94.325084, 31.019968 ], [ -94.322685, 31.020805 ], [ -94.318978, 31.022841 ], [ -94.315016, 31.023352 ], [ -94.311383, 31.025479 ], [ -94.309383, 31.027685 ], [ -94.307833, 31.028403 ], [ -94.298526, 31.034586 ], [ -94.297808, 31.036403 ], [ -94.299138, 31.040246 ], [ -94.299193, 31.041651 ], [ -94.295352, 31.041814 ], [ -94.29319, 31.04282 ], [ -94.292119, 31.042768 ], [ -94.289225, 31.041267 ], [ -94.286348, 31.040359 ], [ -94.285413, 31.039572 ], [ -94.282773, 31.036101 ], [ -94.284458, 31.033274 ], [ -94.286086, 31.029621 ], [ -94.286324, 31.027136 ], [ -94.285269, 31.024852 ], [ -94.284447, 31.024376 ], [ -94.283062, 31.021096 ], [ -94.281222, 31.018382 ], [ -94.279926, 31.017692 ], [ -94.277204, 31.0175 ], [ -94.273476, 31.016616 ], [ -94.269905, 31.019305 ], [ -94.267664, 31.018453 ], [ -94.264841, 31.019542 ], [ -94.260805, 31.020003 ], [ -94.259025, 31.019771 ], [ -94.256806, 31.018466 ], [ -94.252298, 31.018931 ], [ -94.250001, 31.017159 ], [ -94.248576, 31.015523 ], [ -94.246848, 31.012031 ], [ -94.245392, 31.011279 ], [ -94.243091, 31.01178 ], [ -94.240559, 31.013253 ], [ -94.238424, 31.013705 ], [ -94.238095, 31.013146 ], [ -94.240219, 31.010103 ], [ -94.240816, 31.008208 ], [ -94.240613, 31.005157 ], [ -94.239781, 31.002884 ], [ -94.237518, 31.000563 ], [ -94.235296, 30.99663 ], [ -94.233111, 30.990617 ], [ -94.233075, 30.986342 ], [ -94.234235, 30.985916 ], [ -94.238955, 30.987702 ], [ -94.241249, 30.989104 ], [ -94.241181, 30.989864 ], [ -94.239314, 30.991999 ], [ -94.239942, 30.992787 ], [ -94.241382, 30.992474 ], [ -94.241559, 30.990986 ], [ -94.242613, 30.988874 ], [ -94.243871, 30.982889 ], [ -94.243083, 30.98043 ], [ -94.241526, 30.978835 ], [ -94.239409, 30.973875 ], [ -94.239998, 30.97058 ], [ -94.244102, 30.968657 ], [ -94.245038, 30.967641 ], [ -94.244725, 30.965951 ], [ -94.243218, 30.963378 ], [ -94.238416, 30.960095 ], [ -94.233776, 30.9596 ], [ -94.229866, 30.958686 ], [ -94.227851, 30.957792 ], [ -94.228106, 30.956679 ], [ -94.230891, 30.956006 ], [ -94.233551, 30.952803 ], [ -94.233656, 30.951721 ], [ -94.232473, 30.9512 ], [ -94.228147, 30.951531 ], [ -94.226992, 30.950437 ], [ -94.227761, 30.949323 ], [ -94.23123, 30.947335 ], [ -94.23033, 30.945264 ], [ -94.228166, 30.944338 ], [ -94.227851, 30.943311 ], [ -94.228904, 30.94067 ], [ -94.228607, 30.939716 ], [ -94.225657, 30.939806 ], [ -94.224852, 30.940507 ], [ -94.224183, 30.942745 ], [ -94.224808, 30.946674 ], [ -94.223797, 30.947658 ], [ -94.222575, 30.947073 ], [ -94.221821, 30.942941 ], [ -94.220791, 30.940579 ], [ -94.221206, 30.938842 ], [ -94.222284, 30.937067 ], [ -94.220991, 30.935318 ], [ -94.220031, 30.934799 ], [ -94.215803, 30.934231 ], [ -94.212592, 30.9348 ], [ -94.211182, 30.937356 ], [ -94.210018, 30.938024 ], [ -94.206871, 30.936619 ], [ -94.203525, 30.934703 ], [ -94.204293, 30.933622 ], [ -94.206479, 30.933175 ], [ -94.207473, 30.931512 ], [ -94.20591, 30.929819 ], [ -94.204315, 30.929363 ], [ -94.199891, 30.929157 ], [ -94.199435, 30.928324 ], [ -94.199895, 30.927719 ], [ -94.203445, 30.926694 ], [ -94.205525, 30.923983 ], [ -94.208105, 30.922624 ], [ -94.208237, 30.922002 ], [ -94.206583, 30.919307 ], [ -94.204536, 30.917128 ], [ -94.204991, 30.914624 ], [ -94.206921, 30.911945 ], [ -94.20703, 30.909917 ], [ -94.207722, 30.909369 ], [ -94.211125, 30.910767 ], [ -94.212863, 30.909745 ], [ -94.213969, 30.907962 ], [ -94.214415, 30.905587 ], [ -94.215928, 30.901533 ], [ -94.215213, 30.9004 ], [ -94.208796, 30.898833 ], [ -94.207132, 30.896711 ], [ -94.204764, 30.895712 ], [ -94.201345, 30.893416 ], [ -94.200033, 30.892055 ], [ -94.200244, 30.890083 ], [ -94.201254, 30.889342 ], [ -94.204923, 30.889109 ], [ -94.205475, 30.888488 ], [ -94.205061, 30.886475 ], [ -94.202836, 30.884376 ], [ -94.200079, 30.882713 ], [ -94.195838, 30.881078 ], [ -94.194331, 30.879587 ], [ -94.193749, 30.877598 ], [ -94.194274, 30.876637 ], [ -94.196143, 30.87568 ], [ -94.199074, 30.8752 ], [ -94.198487, 30.873778 ], [ -94.195482, 30.872475 ], [ -94.190454, 30.872601 ], [ -94.189945, 30.872001 ], [ -94.190368, 30.87143 ], [ -94.194426, 30.869709 ], [ -94.195117, 30.868097 ], [ -94.194754, 30.866343 ], [ -94.193167, 30.865085 ], [ -94.19387, 30.863644 ], [ -94.197591, 30.864384 ], [ -94.200372, 30.864185 ], [ -94.200963, 30.863533 ], [ -94.19988, 30.862156 ], [ -94.19827, 30.861552 ], [ -94.196891, 30.859746 ], [ -94.197756, 30.856733 ], [ -94.197976, 30.856157 ], [ -94.198143, 30.853807 ], [ -94.198037, 30.853293 ], [ -94.19701, 30.85084 ], [ -94.194408, 30.847649 ], [ -94.192025, 30.845484 ], [ -94.191923, 30.843845 ], [ -94.19358, 30.842729 ], [ -94.193717, 30.841526 ], [ -94.191488, 30.840064 ], [ -94.191342, 30.838109 ], [ -94.189903, 30.836828 ], [ -94.183817, 30.836457 ], [ -94.181324, 30.835575 ], [ -94.18014, 30.833971 ], [ -94.180758, 30.833497 ], [ -94.184286, 30.834399 ], [ -94.185431, 30.833144 ], [ -94.185936, 30.831362 ], [ -94.185177, 30.830543 ], [ -94.180714, 30.830138 ], [ -94.179433, 30.829139 ], [ -94.180233, 30.827964 ], [ -94.182236, 30.826655 ], [ -94.181713, 30.82516 ], [ -94.178327, 30.824024 ], [ -94.178332, 30.823127 ], [ -94.179922, 30.82231 ], [ -94.185598, 30.824101 ], [ -94.187732, 30.824311 ], [ -94.189074, 30.818155 ], [ -94.188661, 30.817136 ], [ -94.184955, 30.816435 ], [ -94.184439, 30.815392 ], [ -94.184623, 30.812752 ], [ -94.183642, 30.811561 ], [ -94.180845, 30.810129 ], [ -94.178463, 30.81242 ], [ -94.177802, 30.812321 ], [ -94.178097, 30.809827 ], [ -94.181128, 30.80799 ], [ -94.182037, 30.804248 ], [ -94.181283, 30.802476 ], [ -94.178888, 30.801021 ], [ -94.179414, 30.798746 ], [ -94.181469, 30.797802 ], [ -94.180235, 30.795648 ], [ -94.179343, 30.794974 ], [ -94.176005, 30.793854 ], [ -94.168504, 30.793445 ], [ -94.165564, 30.791213 ], [ -94.163882, 30.790455 ], [ -94.16172, 30.790438 ], [ -94.158762, 30.789545 ], [ -94.157197, 30.789547 ], [ -94.152558, 30.790641 ], [ -94.150119, 30.790203 ], [ -94.143647, 30.785145 ], [ -94.141479, 30.782777 ], [ -94.139803, 30.779118 ], [ -94.139493, 30.777528 ], [ -94.142688, 30.77344 ], [ -94.142232, 30.77192 ], [ -94.137413, 30.770736 ], [ -94.135364, 30.767643 ], [ -94.133856, 30.766285 ], [ -94.132823, 30.764612 ], [ -94.133526, 30.762589 ], [ -94.136406, 30.759581 ], [ -94.139325, 30.75768 ], [ -94.139896, 30.75589 ], [ -94.137559, 30.752827 ], [ -94.136094, 30.751706 ], [ -94.134319, 30.751158 ], [ -94.130541, 30.751868 ], [ -94.129598, 30.750862 ], [ -94.128232, 30.746505 ], [ -94.128732, 30.744648 ], [ -94.134427, 30.739283 ], [ -94.135479, 30.735178 ], [ -94.138229, 30.731909 ], [ -94.138029, 30.730324 ], [ -94.133352, 30.727092 ], [ -94.131154, 30.724871 ], [ -94.130898, 30.722042 ], [ -94.129496, 30.719447 ], [ -94.12983, 30.71852 ], [ -94.135774, 30.716582 ], [ -94.137397, 30.714283 ], [ -94.133317, 30.710845 ], [ -94.130843, 30.708365 ], [ -94.129123, 30.7058 ], [ -94.127357, 30.704357 ], [ -94.124201, 30.702506 ], [ -94.123038, 30.700891 ], [ -94.12285, 30.698734 ], [ -94.124378, 30.693336 ], [ -94.123707, 30.690953 ], [ -94.12378, 30.689369 ], [ -94.126006, 30.686663 ], [ -94.125824, 30.684052 ], [ -94.124202, 30.682824 ], [ -94.122864, 30.682873 ], [ -94.120617, 30.68437 ], [ -94.117459, 30.684994 ], [ -94.114652, 30.684689 ], [ -94.110307, 30.6876 ], [ -94.107771, 30.688361 ], [ -94.103989, 30.687829 ], [ -94.100869, 30.687782 ], [ -94.096941, 30.689157 ], [ -94.095445, 30.689125 ], [ -94.091348, 30.688181 ], [ -94.089369, 30.686978 ], [ -94.089396, 30.685427 ], [ -94.090593, 30.684143 ], [ -94.091391, 30.682325 ], [ -94.091341, 30.680725 ], [ -94.089126, 30.673261 ], [ -94.088112, 30.671476 ], [ -94.086504, 30.66986 ], [ -94.083419, 30.668771 ], [ -94.082425, 30.667656 ], [ -94.082387, 30.666477 ], [ -94.083973, 30.661911 ], [ -94.086535, 30.658912 ], [ -94.086405, 30.657272 ], [ -94.085457, 30.656545 ], [ -94.083878, 30.656901 ], [ -94.081186, 30.65889 ], [ -94.07957, 30.658858 ], [ -94.076802, 30.658059 ], [ -94.073903, 30.655765 ], [ -94.073216, 30.655927 ], [ -94.073839, 30.657996 ], [ -94.073255, 30.66084 ], [ -94.074249, 30.661648 ], [ -94.075744, 30.66109 ], [ -94.076904, 30.659861 ], [ -94.078223, 30.659642 ], [ -94.079543, 30.660838 ], [ -94.07919, 30.66209 ], [ -94.07687, 30.666236 ], [ -94.075821, 30.667271 ], [ -94.073879, 30.667643 ], [ -94.072179, 30.664816 ], [ -94.069475, 30.663095 ], [ -94.065816, 30.663064 ], [ -94.064757, 30.662313 ], [ -94.063902, 30.660382 ], [ -94.059683, 30.656456 ], [ -94.057073, 30.655648 ], [ -94.05593, 30.654647 ], [ -94.053078, 30.648482 ], [ -94.053775, 30.647125 ], [ -94.054581, 30.646988 ], [ -94.056691, 30.648845 ], [ -94.058381, 30.648796 ], [ -94.059839, 30.64697 ], [ -94.059077, 30.644183 ], [ -94.058139, 30.643229 ], [ -94.056235, 30.643577 ], [ -94.055335, 30.646114 ], [ -94.054183, 30.646114 ], [ -94.051562, 30.641792 ], [ -94.05096, 30.638568 ], [ -94.051452, 30.636847 ], [ -94.052742, 30.635126 ], [ -94.055778, 30.633227 ], [ -94.055778, 30.632144 ], [ -94.052964, 30.629785 ], [ -94.053985, 30.628839 ], [ -94.057486, 30.629025 ], [ -94.0586, 30.627433 ], [ -94.057891, 30.625173 ], [ -94.062433, 30.624434 ], [ -94.063021, 30.62148 ], [ -94.063942, 30.621023 ], [ -94.069688, 30.6209 ], [ -94.072574, 30.618971 ], [ -94.075835, 30.618042 ], [ -94.076448, 30.615847 ], [ -94.074931, 30.614729 ], [ -94.070287, 30.613199 ], [ -94.069595, 30.612237 ], [ -94.069704, 30.610695 ], [ -94.070762, 30.608614 ], [ -94.072391, 30.607448 ], [ -94.074294, 30.607218 ], [ -94.07766, 30.60801 ], [ -94.07959, 30.608063 ], [ -94.081199, 30.607227 ], [ -94.081474, 30.605847 ], [ -94.079092, 30.604052 ], [ -94.07836, 30.602569 ], [ -94.079316, 30.598074 ], [ -94.079745, 30.597567 ], [ -94.081889, 30.597653 ], [ -94.083417, 30.598391 ], [ -94.085443, 30.59754 ], [ -94.085868, 30.595894 ], [ -94.085204, 30.594754 ], [ -94.083343, 30.593577 ], [ -94.08245, 30.592115 ], [ -94.083652, 30.590898 ], [ -94.086952, 30.589558 ], [ -94.08716, 30.58842 ], [ -94.086458, 30.585358 ], [ -94.086805, 30.584673 ], [ -94.088791, 30.584403 ], [ -94.091415, 30.584926 ], [ -94.093087, 30.584445 ], [ -94.09313, 30.580675 ], [ -94.093442, 30.579343 ], [ -94.095573, 30.577628 ], [ -94.095864, 30.576781 ], [ -94.094812, 30.575543 ], [ -94.08855, 30.575326 ], [ -94.087935, 30.573799 ], [ -94.088452, 30.57208 ], [ -94.085902, 30.569724 ], [ -94.086455, 30.568313 ], [ -94.087763, 30.568292 ], [ -94.089641, 30.569491 ], [ -94.09196, 30.569464 ], [ -94.093871, 30.567313 ], [ -94.093598, 30.566069 ], [ -94.09111, 30.564222 ], [ -94.088847, 30.561729 ], [ -94.086563, 30.559746 ], [ -94.086467, 30.55826 ], [ -94.087854, 30.557092 ], [ -94.087955, 30.555163 ], [ -94.087334, 30.554274 ], [ -94.085307, 30.551837 ], [ -94.08591, 30.547276 ], [ -94.083744, 30.546423 ], [ -94.078268, 30.547211 ], [ -94.074794, 30.543978 ], [ -94.072628, 30.542923 ], [ -94.070624, 30.541044 ], [ -94.070773, 30.538727 ], [ -94.073686, 30.536264 ], [ -94.073609, 30.534802 ], [ -94.071638, 30.533852 ], [ -94.068715, 30.533926 ], [ -94.067114, 30.533236 ], [ -94.06699, 30.531936 ], [ -94.068322, 30.528322 ], [ -94.070092, 30.526624 ], [ -94.071689, 30.526033 ], [ -94.185871, 30.526484 ], [ -94.186553, 30.526539 ], [ -94.251827, 30.526711 ], [ -94.26409, 30.526761 ], [ -94.313482, 30.526783 ], [ -94.375022, 30.526868 ], [ -94.375193, 30.526848 ], [ -94.399954, 30.526941 ], [ -94.400652, 30.526945 ], [ -94.433155, 30.527056 ], [ -94.433273, 30.527057 ], [ -94.449495, 30.527032 ], [ -94.46042, 30.527021 ], [ -94.496195, 30.527007 ], [ -94.500197, 30.526816 ], [ -94.545717, 30.526977 ], [ -94.539242, 30.499125 ], [ -94.537926, 30.491059 ], [ -94.580972, 30.490829 ], [ -94.631177, 30.49061 ], [ -94.732732, 30.490066 ], [ -94.752627, 30.489624 ], [ -94.775274, 30.489016 ], [ -94.783964, 30.489478 ], [ -94.830421, 30.492453 ], [ -94.841469, 30.492906 ], [ -94.849414, 30.493553 ], [ -94.850514, 30.494201 ], [ -94.853539, 30.494958 ], [ -94.860731, 30.494065 ], [ -94.864368, 30.494491 ], [ -94.865509, 30.495023 ], [ -94.865917, 30.495998 ], [ -94.86638, 30.502821 ], [ -94.867145, 30.505302 ], [ -94.867648, 30.508833 ], [ -94.867393, 30.510755 ], [ -94.865978, 30.512545 ], [ -94.863792, 30.513987 ], [ -94.859926, 30.515362 ], [ -94.858466, 30.516207 ], [ -94.856604, 30.51811 ], [ -94.854655, 30.522882 ], [ -94.852581, 30.524354 ], [ -94.850078, 30.525286 ], [ -94.846221, 30.526144 ], [ -94.837855, 30.528608 ], [ -94.834815, 30.529652 ], [ -94.833374, 30.530522 ], [ -94.829719, 30.539512 ], [ -94.829984, 30.541112 ], [ -94.830429, 30.541613 ], [ -94.834179, 30.54305 ], [ -94.839867, 30.545541 ], [ -94.842876, 30.546152 ], [ -94.848862, 30.544378 ], [ -94.851946, 30.544344 ], [ -94.857376, 30.546583 ], [ -94.860013, 30.546862 ], [ -94.864376, 30.546449 ], [ -94.875209, 30.546067 ], [ -94.878013, 30.549653 ], [ -94.880913, 30.551199 ], [ -94.885556, 30.552981 ], [ -94.889567, 30.556361 ], [ -94.891554, 30.556868 ], [ -94.895227, 30.556412 ], [ -94.898813, 30.556859 ], [ -94.900995, 30.557464 ], [ -94.904287, 30.559678 ], [ -94.9067, 30.56072 ], [ -94.910452, 30.561514 ], [ -94.913614, 30.561055 ], [ -94.916712, 30.560217 ], [ -94.920162, 30.559702 ], [ -94.927342, 30.557987 ], [ -94.934296, 30.557588 ], [ -94.937278, 30.557984 ], [ -94.940266, 30.55947 ], [ -94.94275, 30.561811 ], [ -94.945247, 30.56592 ], [ -94.949359, 30.570503 ], [ -94.950113, 30.570914 ], [ -94.957451, 30.572147 ], [ -94.961449, 30.574871 ], [ -94.965729, 30.576586 ], [ -94.97032, 30.576889 ], [ -94.985391, 30.576144 ], [ -94.988178, 30.576676 ], [ -94.994659, 30.579146 ], [ -95.000212, 30.579975 ], [ -95.004959, 30.580123 ], [ -95.008656, 30.579455 ], [ -95.013819, 30.577597 ], [ -95.02259, 30.577286 ], [ -95.02606, 30.577752 ], [ -95.028628, 30.578485 ], [ -95.030889, 30.580259 ], [ -95.035491, 30.585647 ], [ -95.035807, 30.587657 ], [ -95.035351, 30.588301 ], [ -95.029391, 30.590661 ], [ -95.028991, 30.591638 ], [ -95.031094, 30.595066 ], [ -95.031822, 30.597342 ], [ -95.03114, 30.598091 ], [ -95.02954, 30.597906 ], [ -95.027466, 30.596915 ], [ -95.024981, 30.597279 ], [ -95.022506, 30.600314 ], [ -95.020776, 30.600678 ], [ -95.018104, 30.600381 ], [ -95.015974, 30.600987 ], [ -95.01428, 30.604248 ], [ -95.012781, 30.605322 ], [ -95.008529, 30.606106 ], [ -95.00715, 30.60705 ], [ -95.006871, 30.609051 ], [ -95.008295, 30.611204 ], [ -95.008604, 30.61274 ], [ -95.009119, 30.619976 ], [ -95.0089, 30.625059 ], [ -95.00895, 30.627699 ], [ -95.010587, 30.628162 ], [ -95.013812, 30.627077 ], [ -95.015874, 30.627077 ], [ -95.016374, 30.628953 ], [ -95.015475, 30.631499 ], [ -95.015395, 30.631805 ], [ -95.016258, 30.634299 ], [ -95.018875, 30.635095 ], [ -95.021027, 30.636472 ], [ -95.021801, 30.638309 ], [ -95.022476, 30.642526 ], [ -95.024305, 30.645958 ], [ -95.024663, 30.649779 ], [ -95.023947, 30.650627 ], [ -95.021341, 30.650855 ], [ -95.019096, 30.64943 ], [ -95.016348, 30.648433 ], [ -95.013183, 30.648541 ], [ -95.011249, 30.649954 ], [ -95.009361, 30.652334 ], [ -95.009112, 30.65456 ], [ -95.010278, 30.656671 ], [ -95.011676, 30.658137 ], [ -95.013101, 30.658176 ], [ -95.019883, 30.654485 ], [ -95.020833, 30.654371 ], [ -95.021643, 30.654902 ], [ -95.021833, 30.658047 ], [ -95.022766, 30.659779 ], [ -95.024443, 30.660503 ], [ -95.028382, 30.660781 ], [ -95.031045, 30.661278 ], [ -95.035115, 30.662491 ], [ -95.03898, 30.662882 ], [ -95.041458, 30.664378 ], [ -95.041339, 30.665434 ], [ -95.038642, 30.668179 ], [ -95.034147, 30.66991 ], [ -95.032725, 30.671798 ], [ -95.034227, 30.674207 ], [ -95.035588, 30.675044 ], [ -95.038606, 30.675766 ], [ -95.042198, 30.674141 ], [ -95.043723, 30.672559 ], [ -95.046645, 30.67154 ], [ -95.053638, 30.671241 ], [ -95.054542, 30.671433 ], [ -95.055112, 30.673101 ], [ -95.053359, 30.677433 ], [ -95.053548, 30.67907 ], [ -95.054602, 30.680173 ], [ -95.05705, 30.680065 ], [ -95.060614, 30.678367 ], [ -95.062456, 30.67697 ], [ -95.063171, 30.675824 ], [ -95.065245, 30.674378 ], [ -95.067469, 30.673512 ], [ -95.070607, 30.67358 ], [ -95.073948, 30.672624 ], [ -95.079762, 30.669334 ], [ -95.083843, 30.671191 ], [ -95.088352, 30.672062 ], [ -95.08999, 30.671834 ], [ -95.090938, 30.670752 ], [ -95.091614, 30.664188 ], [ -95.092682, 30.662614 ], [ -95.095536, 30.660683 ], [ -95.098858, 30.659831 ], [ -95.102374, 30.658495 ], [ -95.104841, 30.657878 ], [ -95.109013, 30.658104 ], [ -95.11384, 30.660136 ], [ -95.115005, 30.661005 ], [ -95.116211, 30.664395 ], [ -95.114515, 30.6669 ], [ -95.111347, 30.669993 ], [ -95.11069, 30.671986 ], [ -95.111885, 30.673798 ], [ -95.116543, 30.674596 ], [ -95.118919, 30.675632 ], [ -95.119528, 30.677332 ], [ -95.118361, 30.680228 ], [ -95.116589, 30.683367 ], [ -95.115999, 30.686077 ], [ -95.115026, 30.68828 ], [ -95.113084, 30.69042 ], [ -95.10955, 30.692748 ], [ -95.109861, 30.694191 ], [ -95.11071, 30.694948 ], [ -95.115937, 30.696188 ], [ -95.119291, 30.696577 ], [ -95.125215, 30.695778 ], [ -95.132669, 30.693403 ], [ -95.134899, 30.693308 ], [ -95.135384, 30.693816 ], [ -95.135052, 30.697269 ], [ -95.135283, 30.699221 ], [ -95.137374, 30.705007 ], [ -95.138584, 30.707219 ], [ -95.145426, 30.713799 ], [ -95.146441, 30.715268 ], [ -95.147073, 30.71739 ], [ -95.14707, 30.719801 ], [ -95.146152, 30.722415 ], [ -95.14346, 30.72527 ], [ -95.142251, 30.728633 ], [ -95.142667, 30.732039 ], [ -95.144779, 30.737034 ], [ -95.146027, 30.740561 ], [ -95.146034, 30.742367 ], [ -95.144771, 30.744036 ], [ -95.139297, 30.745784 ], [ -95.136896, 30.747041 ], [ -95.134088, 30.750191 ], [ -95.132198, 30.755338 ], [ -95.131306, 30.759421 ], [ -95.131971, 30.762429 ], [ -95.135151, 30.768471 ], [ -95.139108, 30.773712 ], [ -95.139382, 30.776197 ], [ -95.13822, 30.77712 ], [ -95.13415, 30.779046 ], [ -95.131205, 30.781703 ], [ -95.13194, 30.783162 ], [ -95.133035, 30.783756 ], [ -95.136649, 30.783866 ], [ -95.138285, 30.784661 ], [ -95.140923, 30.788948 ], [ -95.148887, 30.792524 ], [ -95.15395, 30.798353 ], [ -95.155815, 30.799689 ], [ -95.156141, 30.799922 ], [ -95.156345, 30.800068 ], [ -95.167591, 30.803044 ], [ -95.170084, 30.805132 ], [ -95.17404, 30.807583 ], [ -95.176416, 30.810269 ], [ -95.179231, 30.81396 ], [ -95.180374, 30.818426 ], [ -95.180993, 30.818819 ], [ -95.1816, 30.818922 ], [ -95.187376, 30.818039 ], [ -95.189239, 30.818808 ], [ -95.190379, 30.820723 ], [ -95.191012, 30.821789 ], [ -95.193003, 30.82384 ], [ -95.198712, 30.824241 ], [ -95.20018, 30.824566 ], [ -95.201128, 30.825378 ], [ -95.203399, 30.828898 ], [ -95.204574, 30.83017 ], [ -95.207641, 30.832379 ], [ -95.209287, 30.832809 ], [ -95.213716, 30.833208 ], [ -95.216559, 30.83372 ], [ -95.222899, 30.83632 ], [ -95.230989, 30.841149 ], [ -95.232092, 30.842816 ], [ -95.233324, 30.845709 ], [ -95.235911, 30.854693 ], [ -95.235843, 30.857301 ], [ -95.236261, 30.858438 ], [ -95.239088, 30.862205 ], [ -95.242101, 30.864518 ], [ -95.243054, 30.866008 ], [ -95.243097, 30.866856 ], [ -95.241373, 30.86909 ], [ -95.239506, 30.870857 ], [ -95.237739, 30.873601 ], [ -95.23618, 30.876848 ], [ -95.231936, 30.884441 ], [ -95.230777, 30.887007 ], [ -95.233892, 30.890258 ], [ -95.238027, 30.893905 ], [ -95.240731, 30.896745 ], [ -95.241742, 30.898423 ], [ -95.24628, 30.904013 ], [ -95.249611, 30.906038 ], [ -95.252385, 30.906719 ], [ -95.254896, 30.906545 ], [ -95.265822, 30.905033 ], [ -95.272299, 30.903861 ], [ -95.276563, 30.902721 ], [ -95.280181, 30.901294 ], [ -95.285593, 30.901811 ], [ -95.289242, 30.902845 ], [ -95.298445, 30.902601 ], [ -95.300826, 30.902308 ], [ -95.307383, 30.900488 ], [ -95.312898, 30.897873 ], [ -95.314322, 30.89535 ], [ -95.313217, 30.893241 ], [ -95.311734, 30.892143 ], [ -95.310857, 30.890703 ], [ -95.310731, 30.88838 ], [ -95.311267, 30.88582 ], [ -95.312386, 30.883903 ], [ -95.316299, 30.880747 ], [ -95.316698, 30.878841 ], [ -95.314804, 30.875938 ], [ -95.313903, 30.873101 ], [ -95.315044, 30.871149 ], [ -95.317242, 30.869465 ], [ -95.321411, 30.8678 ], [ -95.32322, 30.865441 ], [ -95.324104, 30.861893 ], [ -95.325307, 30.860683 ], [ -95.32748, 30.859547 ], [ -95.328852, 30.859312 ], [ -95.331052, 30.860961 ], [ -95.332923, 30.864491 ], [ -95.334933, 30.86768 ], [ -95.336919, 30.871621 ], [ -95.338757, 30.873546 ], [ -95.342526, 30.875655 ], [ -95.345335, 30.875335 ], [ -95.348608, 30.870029 ], [ -95.350247, 30.86855 ], [ -95.351061, 30.86568 ], [ -95.349748, 30.860452 ], [ -95.352072, 30.856951 ], [ -95.35587, 30.855754 ], [ -95.363639, 30.854672 ], [ -95.367839, 30.855648 ], [ -95.371364, 30.856119 ], [ -95.375218, 30.855724 ], [ -95.378097, 30.855134 ], [ -95.382435, 30.85377 ], [ -95.383279, 30.852961 ], [ -95.385343, 30.853659 ], [ -95.388628, 30.855907 ], [ -95.396697, 30.857706 ], [ -95.398351, 30.859651 ], [ -95.398442, 30.859934 ], [ -95.398748, 30.86112 ], [ -95.398984, 30.864651 ], [ -95.398375, 30.867184 ], [ -95.397312, 30.869099 ], [ -95.394325, 30.872342 ], [ -95.392106, 30.874141 ], [ -95.391567, 30.875965 ], [ -95.392199, 30.877389 ], [ -95.395446, 30.879082 ], [ -95.398635, 30.879846 ], [ -95.399581, 30.88066 ], [ -95.398763, 30.882261 ], [ -95.397175, 30.883244 ], [ -95.396067, 30.882768 ], [ -95.392493, 30.880064 ], [ -95.386403, 30.878667 ], [ -95.381351, 30.879303 ], [ -95.380232, 30.880079 ], [ -95.381253, 30.887062 ], [ -95.384014, 30.888672 ], [ -95.385906, 30.889282 ], [ -95.389524, 30.889161 ], [ -95.392401, 30.890447 ], [ -95.398108, 30.891939 ], [ -95.399695, 30.892895 ], [ -95.404737, 30.898062 ], [ -95.406241, 30.901407 ], [ -95.406545, 30.904058 ], [ -95.406243, 30.905839 ], [ -95.407409, 30.906474 ], [ -95.412908, 30.906481 ], [ -95.415504, 30.907862 ], [ -95.415153, 30.909572 ], [ -95.411267, 30.911533 ], [ -95.410927, 30.913735 ], [ -95.413995, 30.918058 ], [ -95.413228, 30.921363 ], [ -95.410077, 30.927695 ], [ -95.410087, 30.929259 ], [ -95.410825, 30.930353 ], [ -95.414992, 30.933591 ], [ -95.421074, 30.936433 ], [ -95.424844, 30.937345 ], [ -95.428901, 30.937572 ], [ -95.432673, 30.937144 ], [ -95.434335, 30.937405 ], [ -95.434397, 30.940061 ], [ -95.434424, 30.940931 ], [ -95.434781, 31.058098 ], [ -95.617872, 30.930418 ], [ -95.621984, 30.928886 ], [ -95.624224, 30.927238 ], [ -95.627985, 30.926216 ], [ -95.630971, 30.925879 ], [ -95.635073, 30.926441 ], [ -95.637423, 30.926305 ], [ -95.638683, 30.926736 ], [ -95.640898, 30.928599 ], [ -95.642247, 30.93304 ], [ -95.643397, 30.934673 ], [ -95.647633, 30.935146 ], [ -95.649761, 30.935951 ], [ -95.649961, 30.945187 ], [ -95.650547, 30.947278 ], [ -95.651384, 30.948208 ], [ -95.655, 30.950695 ], [ -95.65536, 30.953197 ], [ -95.660165, 30.957164 ], [ -95.661381, 30.960451 ], [ -95.662623, 30.962713 ], [ -95.662834, 30.965005 ], [ -95.664954, 30.970883 ], [ -95.666199, 30.972355 ], [ -95.669215, 30.973598 ], [ -95.672597, 30.976278 ], [ -95.673435, 30.978854 ], [ -95.674148, 30.983647 ], [ -95.675354, 30.98549 ], [ -95.681305, 30.987499 ], [ -95.678933, 30.990411 ], [ -95.677127, 30.991421 ], [ -95.670384, 30.993729 ], [ -95.669793, 30.99597 ], [ -95.670101, 30.996802 ], [ -95.666499, 31.001108 ], [ -95.664155, 31.004351 ], [ -95.663032, 31.008203 ], [ -95.661269, 31.011679 ], [ -95.65978, 31.013699 ], [ -95.658418, 31.01631 ], [ -95.658652, 31.017295 ], [ -95.660011, 31.017991 ], [ -95.666512, 31.019879 ], [ -95.668722, 31.022286 ], [ -95.669505, 31.024601 ], [ -95.668847, 31.026861 ], [ -95.665285, 31.030396 ], [ -95.66318, 31.033216 ], [ -95.660615, 31.034292 ], [ -95.653286, 31.034566 ], [ -95.647272, 31.036155 ], [ -95.644041, 31.038387 ], [ -95.6419, 31.041867 ], [ -95.639265, 31.042443 ], [ -95.637884, 31.042045 ], [ -95.636401, 31.038849 ], [ -95.634704, 31.037321 ], [ -95.63253, 31.036764 ], [ -95.631214, 31.037001 ], [ -95.631595, 31.040216 ], [ -95.628625, 31.042388 ], [ -95.628213, 31.043291 ], [ -95.62925, 31.046373 ], [ -95.629983, 31.05175 ], [ -95.631299, 31.052929 ], [ -95.633805, 31.053901 ], [ -95.645064, 31.054701 ], [ -95.647546, 31.055382 ], [ -95.647686, 31.058115 ], [ -95.652196, 31.062938 ], [ -95.654913, 31.067311 ], [ -95.654231, 31.068209 ], [ -95.64919, 31.068726 ], [ -95.648538, 31.070005 ], [ -95.652822, 31.072336 ], [ -95.654454, 31.074051 ], [ -95.655359, 31.076969 ], [ -95.657119, 31.079789 ], [ -95.661288, 31.080353 ], [ -95.662464, 31.083562 ], [ -95.663546, 31.083884 ], [ -95.665222, 31.083051 ], [ -95.670329, 31.079674 ], [ -95.674593, 31.076289 ], [ -95.675514, 31.075965 ], [ -95.677558, 31.076545 ], [ -95.679812, 31.078641 ], [ -95.682625, 31.077204 ], [ -95.685565, 31.077081 ], [ -95.687856, 31.080169 ], [ -95.689698, 31.0814 ], [ -95.692388, 31.08196 ], [ -95.694504, 31.080976 ], [ -95.695959, 31.07761 ], [ -95.699139, 31.076876 ], [ -95.699751, 31.077537 ], [ -95.700928, 31.079646 ], [ -95.703569, 31.082486 ], [ -95.704322, 31.082286 ], [ -95.705028, 31.078776 ], [ -95.705931, 31.078191 ], [ -95.707672, 31.078188 ], [ -95.71031, 31.081359 ], [ -95.711729, 31.08174 ], [ -95.71528, 31.080372 ], [ -95.720303, 31.079787 ], [ -95.723383, 31.079834 ], [ -95.725909, 31.082012 ], [ -95.726785, 31.085379 ], [ -95.72841, 31.087874 ], [ -95.729909, 31.087731 ], [ -95.731568, 31.08647 ], [ -95.733595, 31.083881 ], [ -95.736356, 31.083772 ], [ -95.73811, 31.084482 ], [ -95.739429, 31.085888 ], [ -95.739769, 31.088374 ], [ -95.740819, 31.090259 ], [ -95.742602, 31.090875 ], [ -95.746787, 31.090817 ], [ -95.750226, 31.092195 ], [ -95.752545, 31.091644 ], [ -95.754378, 31.09062 ], [ -95.756683, 31.088593 ], [ -95.760626, 31.088928 ], [ -95.761667, 31.089663 ], [ -95.763986, 31.092909 ], [ -95.76441, 31.094211 ], [ -95.765052, 31.096668 ], [ -95.766702, 31.098819 ], [ -95.766252, 31.100944 ], [ -95.766586, 31.102648 ], [ -95.767688, 31.103674 ], [ -95.768352, 31.105994 ], [ -95.770691, 31.11136 ], [ -95.77298, 31.11346 ], [ -95.772717, 31.116938 ], [ -95.776881, 31.120871 ], [ -95.775353, 31.122051 ], [ -95.774404, 31.124998 ], [ -95.772638, 31.127275 ], [ -95.772586, 31.128975 ], [ -95.775379, 31.133617 ], [ -95.775578, 31.136095 ], [ -95.77425, 31.138323 ], [ -95.771948, 31.139657 ], [ -95.767403, 31.14006 ], [ -95.764745, 31.141815 ], [ -95.763885, 31.143657 ], [ -95.76228, 31.144103 ], [ -95.759108, 31.142073 ], [ -95.757402, 31.141573 ], [ -95.755969, 31.143031 ], [ -95.755686, 31.146775 ], [ -95.754628, 31.149813 ], [ -95.751008, 31.152482 ], [ -95.749409, 31.15524 ], [ -95.748143, 31.155204 ], [ -95.744987, 31.152437 ], [ -95.744296, 31.152267 ], [ -95.741913, 31.15327 ], [ -95.740233, 31.156491 ], [ -95.737599, 31.159372 ], [ -95.734542, 31.159711 ], [ -95.733515, 31.15862 ], [ -95.731181, 31.159166 ], [ -95.728026, 31.161955 ], [ -95.728703, 31.164064 ], [ -95.734335, 31.167746 ], [ -95.737207, 31.170681 ], [ -95.74191, 31.174605 ], [ -95.743389, 31.176868 ], [ -95.745436, 31.181892 ], [ -95.744848, 31.186699 ], [ -95.745332, 31.192082 ], [ -95.747767, 31.200848 ], [ -95.747862, 31.202275 ], [ -95.747943, 31.20831 ], [ -95.745885, 31.210854 ], [ -95.744332, 31.211914 ], [ -95.742819, 31.215422 ], [ -95.739179, 31.218702 ], [ -95.73733, 31.219546 ], [ -95.733712, 31.220514 ], [ -95.729414, 31.223139 ], [ -95.727924, 31.22466 ], [ -95.725578, 31.228665 ], [ -95.725041, 31.230098 ], [ -95.726306, 31.234934 ], [ -95.727049, 31.239301 ], [ -95.726544, 31.241829 ], [ -95.723913, 31.244609 ], [ -95.723741, 31.246083 ], [ -95.725426, 31.247629 ], [ -95.727467, 31.250499 ], [ -95.727723, 31.251955 ], [ -95.726758, 31.252637 ], [ -95.723291, 31.25348 ], [ -95.722144, 31.254673 ], [ -95.722447, 31.255897 ], [ -95.727061, 31.258199 ], [ -95.72813, 31.259735 ], [ -95.727217, 31.265283 ], [ -95.725226, 31.271084 ], [ -95.719347, 31.273513 ], [ -95.714195, 31.274973 ], [ -95.712053, 31.276777 ], [ -95.710396, 31.278948 ], [ -95.708445, 31.280015 ], [ -95.704873, 31.280028 ], [ -95.704141, 31.28042 ], [ -95.703505, 31.282486 ], [ -95.706408, 31.284236 ], [ -95.707589, 31.286337 ], [ -95.704878, 31.290568 ], [ -95.702928, 31.292461 ], [ -95.698096, 31.295066 ], [ -95.695085, 31.297029 ], [ -95.692845, 31.297611 ], [ -95.690753, 31.297388 ], [ -95.689407, 31.296013 ], [ -95.688072, 31.293395 ], [ -95.682981, 31.288917 ], [ -95.681413, 31.288509 ], [ -95.680026, 31.290623 ], [ -95.675844, 31.293543 ], [ -95.671403, 31.29556 ], [ -95.671033, 31.296236 ], [ -95.673224, 31.298863 ], [ -95.675416, 31.29986 ], [ -95.678297, 31.300468 ], [ -95.679106, 31.302108 ], [ -95.677492, 31.30285 ], [ -95.675382, 31.301959 ], [ -95.67323, 31.302378 ], [ -95.671402, 31.304327 ], [ -95.668578, 31.308515 ], [ -95.669622, 31.312944 ], [ -95.671787, 31.316026 ], [ -95.67168, 31.317204 ], [ -95.670536, 31.318578 ], [ -95.666651, 31.31938 ], [ -95.665075, 31.320348 ], [ -95.662672, 31.321 ], [ -95.661058, 31.31951 ], [ -95.661252, 31.317006 ], [ -95.660787, 31.315947 ], [ -95.659416, 31.315909 ], [ -95.657202, 31.317999 ], [ -95.656125, 31.322183 ], [ -95.655545, 31.32964 ], [ -95.655722, 31.331619 ], [ -95.656813, 31.335719 ], [ -95.657692, 31.339719 ], [ -95.657514, 31.34348 ], [ -95.659812, 31.345378 ], [ -95.664656, 31.345228 ], [ -95.669183, 31.344631 ], [ -95.674241, 31.344824 ], [ -95.677291, 31.346549 ], [ -95.677128, 31.347909 ], [ -95.675219, 31.349182 ], [ -95.673938, 31.350911 ], [ -95.673363, 31.354638 ], [ -95.672623, 31.356104 ], [ -95.671574, 31.35649 ], [ -95.666176, 31.357182 ], [ -95.661611, 31.357259 ], [ -95.661409, 31.358322 ], [ -95.663073, 31.359418 ], [ -95.664061, 31.360772 ], [ -95.664218, 31.364305 ], [ -95.665683, 31.366373 ], [ -95.674926, 31.365762 ], [ -95.675228, 31.368115 ], [ -95.677376, 31.368691 ], [ -95.680345, 31.368359 ], [ -95.681954, 31.36889 ], [ -95.684362, 31.372063 ], [ -95.687888, 31.372998 ], [ -95.691444, 31.374676 ], [ -95.69178, 31.376488 ], [ -95.690372, 31.377432 ], [ -95.689852, 31.378609 ], [ -95.691594, 31.380887 ], [ -95.690654, 31.384005 ], [ -95.690847, 31.384951 ], [ -95.692987, 31.386128 ], [ -95.693768, 31.387123 ], [ -95.692807, 31.390146 ], [ -95.69283, 31.391494 ], [ -95.694077, 31.392322 ], [ -95.698739, 31.392323 ], [ -95.700552, 31.393402 ], [ -95.701287, 31.396151 ], [ -95.701971, 31.402297 ], [ -95.700579, 31.404523 ], [ -95.698322, 31.406335 ], [ -95.699419, 31.408349 ], [ -95.704936, 31.410943 ], [ -95.706139, 31.411949 ], [ -95.708237, 31.415729 ], [ -95.710369, 31.418904 ], [ -95.711677, 31.423594 ], [ -95.711569, 31.427598 ], [ -95.710803, 31.431079 ], [ -95.710765, 31.43472 ], [ -95.712121, 31.438073 ], [ -95.712873, 31.440942 ], [ -95.711175, 31.4467 ], [ -95.71088, 31.451602 ], [ -95.711092, 31.454133 ], [ -95.712117, 31.455783 ], [ -95.716075, 31.460096 ], [ -95.719173, 31.46194 ], [ -95.720781, 31.46248 ], [ -95.725558, 31.462302 ], [ -95.731821, 31.460901 ], [ -95.736093, 31.459163 ], [ -95.73794, 31.459045 ], [ -95.740017, 31.460014 ], [ -95.741728, 31.459969 ], [ -95.744982, 31.457612 ], [ -95.746837, 31.45817 ], [ -95.74709, 31.459516 ], [ -95.746891, 31.463785 ], [ -95.745463, 31.466403 ], [ -95.742612, 31.46733 ], [ -95.741192, 31.468542 ], [ -95.73921, 31.472181 ], [ -95.7358, 31.47409 ], [ -95.733525, 31.474338 ], [ -95.73068, 31.473242 ], [ -95.728439, 31.471102 ], [ -95.726831, 31.470135 ], [ -95.722805, 31.47064 ], [ -95.722035, 31.471435 ], [ -95.721842, 31.472754 ], [ -95.722775, 31.477295 ], [ -95.724789, 31.479923 ], [ -95.726928, 31.482121 ], [ -95.72763, 31.484602 ], [ -95.729854, 31.48963 ], [ -95.732042, 31.489483 ], [ -95.735398, 31.485804 ], [ -95.737056, 31.485051 ], [ -95.738772, 31.485082 ], [ -95.741854, 31.486549 ], [ -95.744631, 31.48999 ], [ -95.745017, 31.490975 ], [ -95.745022, 31.492364 ], [ -95.743904, 31.493814 ], [ -95.740796, 31.495226 ], [ -95.740575, 31.496312 ], [ -95.741991, 31.497253 ], [ -95.743499, 31.499183 ], [ -95.743198, 31.500618 ], [ -95.741903, 31.50212 ], [ -95.739279, 31.504056 ], [ -95.647171, 31.527014 ], [ -95.647696, 31.528704 ], [ -95.651764, 31.541791 ], [ -95.614806, 31.547177 ], [ -95.61221, 31.547668 ], [ -95.565536, 31.554125 ], [ -95.564093, 31.554195 ], [ -95.500228, 31.563514 ], [ -95.493171, 31.564905 ], [ -95.493001, 31.564927 ], [ -95.452319, 31.570136 ], [ -95.375224, 31.579561 ], [ -95.365632, 31.581188 ], [ -95.273203, 31.592886 ], [ -95.273998, 31.591442 ], [ -95.272155, 31.590347 ], [ -95.269973, 31.591453 ], [ -95.268962, 31.588397 ], [ -95.269301, 31.587537 ], [ -95.268118, 31.586649 ], [ -95.26669, 31.584034 ], [ -95.264881, 31.583907 ], [ -95.263709, 31.58155 ], [ -95.262162, 31.581217 ], [ -95.260737, 31.579431 ], [ -95.260257, 31.577104 ], [ -95.256415, 31.576159 ], [ -95.255023, 31.574789 ], [ -95.252702, 31.57617 ], [ -95.251204, 31.576265 ], [ -95.250001, 31.575355 ], [ -95.24662, 31.575375 ], [ -95.24101, 31.57466 ], [ -95.240799, 31.576435 ], [ -95.239814, 31.576705 ], [ -95.236087, 31.575325 ], [ -95.233142, 31.574834 ], [ -95.231621, 31.573903 ], [ -95.230187, 31.573495 ], [ -95.228169, 31.574722 ], [ -95.22994, 31.575523 ], [ -95.231601, 31.577048 ], [ -95.230088, 31.577327 ], [ -95.228398, 31.576363 ], [ -95.226544, 31.577407 ], [ -95.225113, 31.576691 ], [ -95.221632, 31.575866 ], [ -95.220378, 31.574172 ], [ -95.219458, 31.574513 ], [ -95.218356, 31.57343 ], [ -95.213949, 31.572729 ], [ -95.211641, 31.573275 ], [ -95.211274, 31.572035 ], [ -95.209842, 31.572168 ], [ -95.208776, 31.573054 ], [ -95.208283, 31.571852 ], [ -95.209524, 31.570782 ], [ -95.208518, 31.570185 ], [ -95.204275, 31.572842 ], [ -95.202716, 31.573393 ], [ -95.200659, 31.572073 ], [ -95.197545, 31.571567 ], [ -95.19724, 31.572963 ], [ -95.198676, 31.573914 ], [ -95.194684, 31.574688 ], [ -95.193374, 31.573283 ], [ -95.192573, 31.573297 ], [ -95.193092, 31.574751 ], [ -95.192722, 31.576059 ], [ -95.190023, 31.578002 ], [ -95.185908, 31.57894 ], [ -95.184877, 31.578181 ], [ -95.180554, 31.580604 ], [ -95.179431, 31.580406 ], [ -95.176359, 31.584826 ], [ -95.173534, 31.585116 ], [ -95.171913, 31.584878 ], [ -95.170255, 31.583094 ], [ -95.168784, 31.583755 ], [ -95.168996, 31.582342 ], [ -95.170905, 31.581689 ], [ -95.170223, 31.580678 ], [ -95.164797, 31.579089 ], [ -95.162217, 31.577676 ], [ -95.161634, 31.574903 ], [ -95.161757, 31.57346 ], [ -95.16025, 31.573046 ], [ -95.158242, 31.571564 ], [ -95.157467, 31.572335 ], [ -95.156315, 31.57196 ], [ -95.156732, 31.570832 ], [ -95.154728, 31.571118 ], [ -95.152936, 31.570199 ], [ -95.149737, 31.569568 ], [ -95.149195, 31.568949 ], [ -95.150564, 31.566996 ], [ -95.150912, 31.565668 ], [ -95.147426, 31.563174 ], [ -95.146228, 31.563972 ], [ -95.145185, 31.563121 ], [ -95.143576, 31.562902 ], [ -95.142905, 31.564688 ], [ -95.139727, 31.563031 ], [ -95.139723, 31.560867 ], [ -95.141355, 31.559129 ], [ -95.141825, 31.557851 ], [ -95.146088, 31.555641 ], [ -95.147309, 31.553754 ], [ -95.147048, 31.550285 ], [ -95.144309, 31.546677 ], [ -95.14317, 31.544037 ], [ -95.144239, 31.541935 ], [ -95.146137, 31.542888 ], [ -95.143445, 31.539641 ], [ -95.141189, 31.539614 ], [ -95.138661, 31.540227 ], [ -95.134996, 31.540392 ], [ -95.12926, 31.538349 ], [ -95.127384, 31.538056 ], [ -95.126646, 31.538363 ], [ -95.125338, 31.537248 ], [ -95.12626, 31.535172 ], [ -95.125428, 31.53284 ], [ -95.123, 31.531137 ], [ -95.123514, 31.533562 ], [ -95.122723, 31.534623 ], [ -95.120297, 31.534613 ], [ -95.120387, 31.532711 ], [ -95.115194, 31.53051 ], [ -95.114175, 31.529384 ], [ -95.109748, 31.527767 ], [ -95.108079, 31.526105 ], [ -95.110129, 31.524288 ], [ -95.107777, 31.522908 ], [ -95.105788, 31.52416 ], [ -95.104409, 31.522881 ], [ -95.103487, 31.523442 ], [ -95.103196, 31.521878 ], [ -95.101036, 31.519474 ], [ -95.099966, 31.518869 ], [ -95.099236, 31.516587 ], [ -95.098951, 31.513943 ], [ -95.099971, 31.512325 ], [ -95.09896, 31.511192 ], [ -95.096805, 31.510681 ], [ -95.096696, 31.509266 ], [ -95.098078, 31.509046 ], [ -95.099752, 31.510645 ], [ -95.100467, 31.510602 ], [ -95.100566, 31.508415 ], [ -95.097598, 31.506138 ], [ -95.09844, 31.504854 ], [ -95.096731, 31.503707 ], [ -95.094563, 31.504085 ], [ -95.093804, 31.502935 ], [ -95.095646, 31.501437 ], [ -95.095101, 31.500074 ], [ -95.0959, 31.499177 ], [ -95.094423, 31.49873 ], [ -95.096133, 31.497774 ], [ -95.097786, 31.498447 ], [ -95.098046, 31.493495 ], [ -95.098942, 31.493488 ], [ -95.099257, 31.494855 ], [ -95.101403, 31.495843 ], [ -95.101583, 31.494387 ], [ -95.103009, 31.49374 ], [ -95.103342, 31.494933 ], [ -95.105573, 31.494668 ], [ -95.10466, 31.49312 ], [ -95.10561, 31.491252 ], [ -95.107641, 31.489678 ], [ -95.109741, 31.488853 ], [ -95.109107, 31.485706 ], [ -95.110199, 31.485019 ], [ -95.111118, 31.483962 ], [ -95.109343, 31.483086 ], [ -95.106205, 31.482886 ], [ -95.106991, 31.480949 ], [ -95.104622, 31.479994 ], [ -95.103104, 31.47867 ], [ -95.103541, 31.474733 ], [ -95.102608, 31.474087 ], [ -95.101712, 31.473856 ], [ -95.098423, 31.47475 ], [ -95.098826, 31.476711 ], [ -95.097772, 31.47643 ], [ -95.097215, 31.475169 ], [ -95.098164, 31.473453 ], [ -95.100522, 31.472042 ], [ -95.101382, 31.469887 ], [ -95.100118, 31.469036 ], [ -95.100323, 31.468196 ], [ -95.098777, 31.468712 ], [ -95.094638, 31.468152 ], [ -95.092216, 31.46928 ], [ -95.091297, 31.467043 ], [ -95.08817, 31.46601 ], [ -95.081435, 31.468162 ], [ -95.080766, 31.469885 ], [ -95.079896, 31.469473 ], [ -95.078473, 31.467442 ], [ -95.074132, 31.466794 ], [ -95.073565, 31.463802 ], [ -95.071915, 31.463601 ], [ -95.069891, 31.465406 ], [ -95.06739, 31.466101 ], [ -95.066589, 31.470328 ], [ -95.068427, 31.469362 ], [ -95.06887, 31.470443 ], [ -95.065402, 31.471518 ], [ -95.062183, 31.469311 ], [ -95.062344, 31.46765 ], [ -95.060348, 31.46791 ], [ -95.057024, 31.464632 ], [ -95.058378, 31.46396 ], [ -95.058154, 31.463233 ], [ -95.055377, 31.462282 ], [ -95.054832, 31.461495 ], [ -95.055883, 31.460543 ], [ -95.05242, 31.459142 ], [ -95.051199, 31.456838 ], [ -95.051678, 31.453057 ], [ -95.048498, 31.450978 ], [ -95.048525, 31.449061 ], [ -95.044737, 31.446345 ], [ -95.045224, 31.445086 ], [ -95.044193, 31.444965 ], [ -95.039664, 31.446662 ], [ -95.034483, 31.444831 ], [ -95.035135, 31.443417 ], [ -95.031964, 31.44323 ], [ -95.030983, 31.443714 ], [ -95.032449, 31.444822 ], [ -95.031864, 31.445617 ], [ -95.028784, 31.443935 ], [ -95.024475, 31.442693 ], [ -95.022772, 31.442765 ], [ -95.02134, 31.443814 ], [ -95.017046, 31.444735 ], [ -95.016533, 31.445721 ], [ -95.012369, 31.444032 ], [ -95.010019, 31.444635 ], [ -95.0075, 31.444676 ], [ -95.007741, 31.44319 ], [ -95.006271, 31.442786 ], [ -95.006239, 31.441835 ], [ -95.004871, 31.441595 ], [ -95.00538, 31.439723 ], [ -95.008662, 31.439087 ], [ -95.011278, 31.437768 ], [ -95.012077, 31.435596 ], [ -95.011417, 31.434567 ], [ -95.007082, 31.432922 ], [ -95.007667, 31.431242 ], [ -95.006677, 31.429783 ], [ -95.003989, 31.428581 ], [ -95.003255, 31.427356 ], [ -95.003345, 31.42571 ], [ -95.003035, 31.426222 ], [ -94.95601, 31.460612 ], [ -94.92687, 31.482018 ], [ -94.903467, 31.499178 ], [ -94.865857, 31.526916 ], [ -94.870138, 31.526696 ], [ -94.869724, 31.527902 ], [ -94.869868, 31.528941 ], [ -94.872554, 31.529056 ], [ -94.87309, 31.52674 ], [ -94.874507, 31.526821 ], [ -94.874302, 31.528311 ], [ -94.875673, 31.527581 ], [ -94.876442, 31.528648 ], [ -94.880669, 31.52846 ], [ -94.879798, 31.529669 ], [ -94.881526, 31.529973 ], [ -94.88298, 31.529336 ], [ -94.883969, 31.529693 ], [ -94.884561, 31.531489 ], [ -94.88399, 31.532488 ], [ -94.882482, 31.531927 ], [ -94.882415, 31.532993 ], [ -94.885465, 31.534971 ], [ -94.884758, 31.535989 ], [ -94.883005, 31.536068 ], [ -94.883797, 31.537028 ], [ -94.885949, 31.537186 ], [ -94.884232, 31.538027 ], [ -94.885067, 31.540083 ], [ -94.884366, 31.540894 ], [ -94.885582, 31.541143 ], [ -94.886451, 31.542343 ], [ -94.890503, 31.541105 ], [ -94.89018, 31.542293 ], [ -94.891855, 31.542135 ], [ -94.894002, 31.541226 ], [ -94.893737, 31.542774 ], [ -94.896138, 31.545739 ], [ -94.895846, 31.546716 ], [ -94.893149, 31.549068 ], [ -94.893585, 31.550011 ], [ -94.89634, 31.549504 ], [ -94.89592, 31.550566 ], [ -94.897201, 31.552813 ], [ -94.89803, 31.553112 ], [ -94.899121, 31.551907 ], [ -94.900524, 31.552458 ], [ -94.898716, 31.555631 ], [ -94.896567, 31.554961 ], [ -94.89503, 31.558875 ], [ -94.894272, 31.559987 ], [ -94.891562, 31.562353 ], [ -94.889591, 31.566254 ], [ -94.890777, 31.569232 ], [ -94.890498, 31.572948 ], [ -94.891503, 31.577384 ], [ -94.891827, 31.578001 ], [ -94.893378, 31.57786 ], [ -94.894705, 31.576682 ], [ -94.897656, 31.575327 ], [ -94.902123, 31.5743 ], [ -94.904557, 31.573041 ], [ -94.907282, 31.570676 ], [ -94.9099, 31.569544 ], [ -94.912305, 31.569027 ], [ -94.913809, 31.569202 ], [ -94.915079, 31.569627 ], [ -94.917689, 31.571979 ], [ -94.919141, 31.572632 ], [ -94.920791, 31.574392 ], [ -94.920716, 31.576178 ], [ -94.921517, 31.577583 ], [ -94.923945, 31.579201 ], [ -94.923297, 31.581923 ], [ -94.924758, 31.582986 ], [ -94.922272, 31.584134 ], [ -94.919277, 31.586972 ], [ -94.921146, 31.588564 ], [ -94.924867, 31.59034 ], [ -94.924488, 31.592432 ], [ -94.925962, 31.592698 ], [ -94.926419, 31.593596 ], [ -94.925827, 31.596275 ], [ -94.926472, 31.598286 ], [ -94.927991, 31.598313 ], [ -94.926717, 31.598683 ], [ -94.927056, 31.60049 ], [ -94.927894, 31.601087 ], [ -94.927631, 31.602823 ], [ -94.92645, 31.602224 ], [ -94.925063, 31.60401 ], [ -94.925186, 31.606001 ], [ -94.926626, 31.607877 ], [ -94.926244, 31.609984 ], [ -94.928011, 31.610251 ], [ -94.930587, 31.612115 ], [ -94.929293, 31.613087 ], [ -94.930445, 31.61349 ], [ -94.93189, 31.615675 ], [ -94.931275, 31.616712 ], [ -94.931597, 31.618557 ], [ -94.932536, 31.617743 ], [ -94.934292, 31.618872 ], [ -94.932999, 31.619643 ], [ -94.933467, 31.621817 ], [ -94.934672, 31.620804 ], [ -94.935878, 31.621184 ], [ -94.936827, 31.622906 ], [ -94.938774, 31.62431 ], [ -94.940527, 31.626585 ], [ -94.941415, 31.627032 ], [ -94.941976, 31.629274 ], [ -94.939538, 31.629706 ], [ -94.9397, 31.630949 ], [ -94.940516, 31.63004 ], [ -94.941664, 31.631881 ], [ -94.94186, 31.633337 ], [ -94.940982, 31.633961 ], [ -94.941687, 31.636406 ], [ -94.941768, 31.638449 ], [ -94.945939, 31.637377 ], [ -94.947098, 31.638019 ], [ -94.947778, 31.636303 ], [ -94.949669, 31.63649 ], [ -94.949269, 31.637426 ], [ -94.950261, 31.637984 ], [ -94.950813, 31.640101 ], [ -94.952948, 31.639076 ], [ -94.954031, 31.639574 ], [ -94.951969, 31.641351 ], [ -94.952644, 31.642398 ], [ -94.951292, 31.642723 ], [ -94.950976, 31.645729 ], [ -94.951933, 31.645044 ], [ -94.952073, 31.646936 ], [ -94.949843, 31.646931 ], [ -94.950161, 31.648194 ], [ -94.949062, 31.648578 ], [ -94.948998, 31.649618 ], [ -94.951212, 31.650526 ], [ -94.952495, 31.651566 ], [ -94.95109, 31.651693 ], [ -94.94869, 31.653066 ], [ -94.948612, 31.654639 ], [ -94.949893, 31.654597 ], [ -94.949984, 31.655577 ], [ -94.948444, 31.655384 ], [ -94.94857, 31.657413 ], [ -94.949973, 31.65714 ], [ -94.950987, 31.65812 ], [ -94.951074, 31.659368 ], [ -94.952218, 31.659617 ], [ -94.951056, 31.661861 ], [ -94.950828, 31.663617 ], [ -94.951592, 31.665202 ], [ -94.95133, 31.666787 ], [ -94.952413, 31.66738 ], [ -94.951546, 31.669194 ], [ -94.952362, 31.671126 ], [ -94.954459, 31.669885 ], [ -94.954214, 31.66888 ], [ -94.956271, 31.669157 ], [ -94.957072, 31.670301 ], [ -94.955587, 31.672212 ], [ -94.952861, 31.67289 ], [ -94.954022, 31.676555 ], [ -94.952637, 31.676571 ], [ -94.953548, 31.677379 ], [ -94.950675, 31.679663 ], [ -94.952768, 31.680293 ], [ -94.951901, 31.681823 ], [ -94.9553, 31.680977 ], [ -94.956155, 31.68428 ], [ -94.957253, 31.686925 ], [ -94.958552, 31.685456 ], [ -94.959668, 31.685963 ], [ -94.961584, 31.689464 ], [ -94.963024, 31.690459 ], [ -94.963474, 31.691697 ], [ -94.965223, 31.693885 ], [ -94.965164, 31.696362 ], [ -94.965946, 31.697758 ], [ -94.964477, 31.697643 ], [ -94.963765, 31.698747 ], [ -94.960359, 31.698422 ], [ -94.960208, 31.699155 ], [ -94.963125, 31.701723 ], [ -94.964069, 31.703956 ], [ -94.963581, 31.704929 ], [ -94.961454, 31.704135 ], [ -94.9617, 31.704984 ], [ -94.959727, 31.709192 ], [ -94.960784, 31.712401 ], [ -94.962868, 31.713648 ], [ -94.962698, 31.715832 ], [ -94.961063, 31.71547 ], [ -94.958999, 31.716264 ], [ -94.958622, 31.71808 ], [ -94.957148, 31.719894 ], [ -94.955246, 31.721248 ], [ -94.954379, 31.723181 ], [ -94.956926, 31.724299 ], [ -94.958344, 31.7241 ], [ -94.962404, 31.733718 ], [ -94.965091, 31.736498 ], [ -94.96601, 31.734847 ], [ -94.966797, 31.734909 ], [ -94.967443, 31.73668 ], [ -94.969148, 31.736436 ], [ -94.970251, 31.737753 ], [ -94.972615, 31.737423 ], [ -94.972669, 31.738996 ], [ -94.97184, 31.739957 ], [ -94.97009, 31.740252 ], [ -94.970386, 31.742654 ], [ -94.968341, 31.748306 ], [ -94.966865, 31.749684 ], [ -94.966439, 31.751687 ], [ -94.967268, 31.753816 ], [ -94.964363, 31.754974 ], [ -94.960433, 31.753085 ], [ -94.959557, 31.754108 ], [ -94.958764, 31.753236 ], [ -94.955208, 31.75483 ], [ -94.952005, 31.753496 ], [ -94.950203, 31.753848 ], [ -94.948402, 31.752541 ], [ -94.943804, 31.752378 ], [ -94.943153, 31.754708 ], [ -94.94247, 31.753333 ], [ -94.939215, 31.754391 ], [ -94.939646, 31.755466 ], [ -94.93754, 31.756706 ], [ -94.936334, 31.755013 ], [ -94.934573, 31.756293 ], [ -94.933367, 31.754743 ], [ -94.930431, 31.755048 ], [ -94.928478, 31.75665 ], [ -94.928888, 31.758343 ], [ -94.926987, 31.758739 ], [ -94.926078, 31.760342 ], [ -94.926266, 31.761858 ], [ -94.92785, 31.762521 ], [ -94.929228, 31.766354 ], [ -94.931285, 31.766942 ], [ -94.933136, 31.766533 ], [ -94.933498, 31.768147 ], [ -94.935357, 31.768331 ], [ -94.937438, 31.769582 ], [ -94.937629, 31.771346 ], [ -94.938627, 31.772227 ], [ -94.942272, 31.772217 ], [ -94.944201, 31.773623 ], [ -94.946871, 31.771744 ], [ -94.948838, 31.774403 ], [ -94.951573, 31.772558 ], [ -94.951008, 31.769088 ], [ -94.951876, 31.769469 ], [ -94.955289, 31.773346 ], [ -94.957636, 31.777717 ], [ -94.959105, 31.778981 ], [ -94.96206, 31.778178 ], [ -94.961258, 31.77929 ], [ -94.962638, 31.780662 ], [ -94.964794, 31.7801 ], [ -94.967176, 31.781159 ], [ -94.969837, 31.781753 ], [ -94.971679, 31.781272 ], [ -94.971831, 31.782399 ], [ -94.974678, 31.7819 ], [ -94.974029, 31.783497 ], [ -94.974847, 31.783685 ], [ -94.974659, 31.785732 ], [ -94.976322, 31.786484 ], [ -94.975895, 31.787771 ], [ -94.977359, 31.790377 ], [ -94.977182, 31.791312 ], [ -94.978134, 31.793514 ], [ -94.976331, 31.793938 ], [ -94.975372, 31.794964 ], [ -94.975088, 31.793918 ], [ -94.973507, 31.79563 ], [ -94.972232, 31.794721 ], [ -94.972268, 31.796125 ], [ -94.971303, 31.795498 ], [ -94.970644, 31.796663 ], [ -94.968773, 31.79511 ], [ -94.966099, 31.796734 ], [ -94.964592, 31.796206 ], [ -94.960409, 31.797175 ], [ -94.960485, 31.79557 ], [ -94.956211, 31.796214 ], [ -94.954068, 31.796863 ], [ -94.954995, 31.798099 ], [ -94.953277, 31.799595 ], [ -94.954526, 31.79954 ], [ -94.955195, 31.800678 ], [ -94.951957, 31.800772 ], [ -94.953451, 31.801888 ], [ -94.952479, 31.802432 ], [ -94.952383, 31.8039 ], [ -94.95369, 31.803894 ], [ -94.954256, 31.805524 ], [ -94.95174, 31.806863 ], [ -94.951321, 31.80771 ], [ -94.949834, 31.806836 ], [ -94.949036, 31.807639 ], [ -94.946564, 31.80732 ], [ -94.946352, 31.808738 ], [ -94.947131, 31.810849 ], [ -94.945489, 31.81306 ], [ -94.945786, 31.81423 ], [ -94.944408, 31.814637 ], [ -94.944357, 31.816589 ], [ -94.942786, 31.817122 ], [ -94.94229, 31.818332 ], [ -94.943745, 31.820053 ], [ -94.943623, 31.820838 ], [ -94.945344, 31.823097 ], [ -94.946561, 31.823638 ], [ -94.945859, 31.824903 ], [ -94.948359, 31.82539 ], [ -94.948366, 31.826117 ], [ -94.946492, 31.826823 ], [ -94.94535, 31.825305 ], [ -94.94483, 31.827231 ], [ -94.9432, 31.827325 ], [ -94.941886, 31.828944 ], [ -94.940983, 31.82691 ], [ -94.940218, 31.828263 ], [ -94.93591, 31.831482 ], [ -94.934616, 31.834748 ], [ -94.936947, 31.83577 ], [ -94.935685, 31.835831 ], [ -94.937688, 31.839179 ], [ -94.935685, 31.837838 ], [ -94.936728, 31.840608 ], [ -94.935389, 31.842406 ], [ -94.937076, 31.841427 ], [ -94.936529, 31.843588 ], [ -94.938048, 31.843901 ], [ -94.937057, 31.844506 ], [ -94.937532, 31.845555 ], [ -94.89868, 31.845198 ], [ -94.874745, 31.84459 ], [ -94.867195, 31.844524 ], [ -94.824774, 31.844156 ], [ -94.800274, 31.843974 ], [ -94.769573, 31.843897 ], [ -94.724764, 31.843828 ], [ -94.681192, 31.843943 ], [ -94.678473, 31.843776 ], [ -94.643341, 31.843864 ], [ -94.642555, 31.843821 ], [ -94.61024, 31.843913 ], [ -94.581301, 31.84398 ], [ -94.559557, 31.844027 ], [ -94.509744, 31.844116 ], [ -94.5, 31.84416 ], [ -94.496028, 31.844009 ], [ -94.452513, 31.844113 ], [ -94.453096, 31.846179 ], [ -94.45283, 31.848102 ], [ -94.456595, 31.849721 ], [ -94.457134, 31.852178 ], [ -94.458715, 31.853186 ], [ -94.460241, 31.852383 ], [ -94.460593, 31.853749 ], [ -94.461605, 31.853389 ], [ -94.461592, 31.854765 ], [ -94.463759, 31.856474 ], [ -94.464259, 31.858302 ], [ -94.46258, 31.858805 ], [ -94.463606, 31.859049 ], [ -94.460231, 31.860587 ], [ -94.460399, 31.862611 ], [ -94.459588, 31.863782 ], [ -94.460934, 31.863298 ], [ -94.461076, 31.864392 ], [ -94.460078, 31.86492 ], [ -94.461734, 31.866052 ], [ -94.460748, 31.866976 ], [ -94.462624, 31.869428 ], [ -94.461974, 31.871386 ], [ -94.463482, 31.87303 ], [ -94.463779, 31.874151 ], [ -94.465516, 31.875896 ], [ -94.466019, 31.878051 ], [ -94.46678, 31.878991 ], [ -94.469615, 31.879293 ], [ -94.470009, 31.88163 ], [ -94.472149, 31.882421 ], [ -94.474147, 31.882509 ], [ -94.473103, 31.883751 ], [ -94.474295, 31.883493 ], [ -94.474566, 31.884943 ], [ -94.476906, 31.887026 ], [ -94.477518, 31.886245 ], [ -94.477583, 31.887219 ], [ -94.476242, 31.888027 ], [ -94.475605, 31.889457 ], [ -94.477488, 31.891722 ], [ -94.478171, 31.89087 ], [ -94.479183, 31.891897 ], [ -94.479042, 31.893338 ], [ -94.480131, 31.893574 ], [ -94.480377, 31.895185 ], [ -94.480113, 31.896153 ], [ -94.479132, 31.895422 ], [ -94.478934, 31.897291 ], [ -94.479598, 31.898396 ], [ -94.481615, 31.898115 ], [ -94.481416, 31.899254 ], [ -94.482242, 31.900787 ], [ -94.480709, 31.902113 ], [ -94.483132, 31.902305 ], [ -94.484011, 31.903773 ], [ -94.485326, 31.904163 ], [ -94.486969, 31.903426 ], [ -94.488685, 31.906081 ], [ -94.489909, 31.905586 ], [ -94.491547, 31.907223 ], [ -94.491883, 31.908284 ], [ -94.490704, 31.90944 ], [ -94.49184, 31.910962 ], [ -94.493928, 31.910879 ], [ -94.496314, 31.911757 ], [ -94.497327, 31.912802 ], [ -94.498358, 31.912653 ], [ -94.499558, 31.913785 ], [ -94.498437, 31.915011 ], [ -94.50146, 31.91458 ], [ -94.501878, 31.915905 ], [ -94.502614, 31.914371 ], [ -94.503932, 31.915988 ], [ -94.50327, 31.917069 ], [ -94.504482, 31.918685 ], [ -94.504466, 31.920436 ], [ -94.50563, 31.9214 ], [ -94.507206, 31.920918 ], [ -94.506525, 31.921932 ], [ -94.508134, 31.922503 ], [ -94.509265, 31.922189 ], [ -94.511315, 31.924129 ], [ -94.511471, 31.926245 ], [ -94.511431, 31.973984 ], [ -94.492569, 31.974073 ], [ -94.492049, 31.974052 ], [ -94.388751, 31.97541 ], [ -94.346443, 31.975903 ], [ -94.342715, 31.975872 ], [ -94.331615, 31.975979 ], [ -94.328053, 31.976012 ], [ -94.317585, 31.976356 ], [ -94.294243, 31.976471 ], [ -94.291653, 31.976334 ], [ -94.234402, 31.977579 ], [ -94.228716, 31.977476 ], [ -94.193734, 31.97786 ], [ -94.153826, 31.978296 ], [ -94.14488, 31.978395 ], [ -94.125193, 31.978612 ], [ -94.120057, 31.978913 ], [ -94.062749, 31.979226 ], [ -94.01563, 31.979856 ], [ -94.015420380704199, 31.980158829131799 ], [ -94.012735, 31.9783 ], [ -94.007355, 31.973769 ], [ -94.00609545044, 31.971515155462001 ], [ -94.001975, 31.964142 ], [ -93.998680999117994, 31.9590732884785 ], [ -93.995991265696901, 31.954934405925101 ], [ -93.99376, 31.951501 ], [ -93.990365, 31.948568 ], [ -93.987379, 31.943443 ], [ -93.981587, 31.940073 ], [ -93.981271571483305, 31.939532219929401 ], [ -93.979775231090201, 31.936966849265598 ], [ -93.979605, 31.936675 ], [ -93.979322, 31.930729 ], [ -93.977461, 31.926419 ], [ -93.973942, 31.921668 ], [ -93.971712, 31.920384 ], [ -93.967996, 31.919969 ], [ -93.964315, 31.923084 ], [ -93.961781, 31.923994 ], [ -93.958935, 31.922234 ], [ -93.955253, 31.91289 ], [ -93.953546, 31.910563 ], [ -93.94959, 31.910625 ], [ -93.939963, 31.910342 ], [ -93.933167, 31.910908 ], [ -93.929203, 31.911757 ], [ -93.927611, 31.910684 ], [ -93.923256, 31.907793 ], [ -93.921841, 31.905528 ], [ -93.922973, 31.902696 ], [ -93.930902, 31.896467 ], [ -93.932227, 31.893511 ], [ -93.929769, 31.891087 ], [ -93.926654, 31.888255 ], [ -93.922124, 31.885707 ], [ -93.919859, 31.887689 ], [ -93.919588, 31.890748 ], [ -93.915949, 31.892861 ], [ -93.907416, 31.892474 ], [ -93.903152, 31.896184 ], [ -93.902411001710405, 31.896203039539401 ], [ -93.900272, 31.896258 ], [ -93.898133511301197, 31.894895648108601 ], [ -93.897412, 31.894436 ], [ -93.895997, 31.890898 ], [ -93.896643, 31.887294 ], [ -93.901888, 31.880063 ], [ -93.902586, 31.876646 ], [ -93.902458, 31.875275 ], [ -93.901318, 31.873661 ], [ -93.899471, 31.873531 ], [ -93.897426, 31.87442 ], [ -93.896097, 31.876224 ], [ -93.892964, 31.876319 ], [ -93.891543, 31.874947 ], [ -93.89126, 31.871266 ], [ -93.889247, 31.869027 ], [ -93.88503, 31.865886 ], [ -93.882556, 31.866847 ], [ -93.880783, 31.864753 ], [ -93.882486, 31.861927 ], [ -93.886163, 31.859939 ], [ -93.888787, 31.857712 ], [ -93.888977, 31.855719 ], [ -93.88798, 31.854585 ], [ -93.883499, 31.855057 ], [ -93.881813, 31.852249 ], [ -93.884443, 31.849869 ], [ -93.883499, 31.847039 ], [ -93.881005780352098, 31.8448387709843 ], [ -93.879638714036503, 31.8436323554259 ], [ -93.879491, 31.843502 ], [ -93.874822, 31.840611 ], [ -93.873124, 31.836664 ], [ -93.874775, 31.834542 ], [ -93.877133, 31.832184 ], [ -93.875954, 31.829354 ], [ -93.874067, 31.825345 ], [ -93.874761, 31.821661 ], [ -93.870917, 31.816837 ], [ -93.873022, 31.816259 ], [ -93.873432, 31.815813 ], [ -93.873253, 31.814886 ], [ -93.871947, 31.81392 ], [ -93.870839, 31.813783 ], [ -93.86856, 31.815234 ], [ -93.867319, 31.815316 ], [ -93.861384, 31.812297 ], [ -93.860587, 31.811616 ], [ -93.859316, 31.809115 ], [ -93.858518, 31.808487 ], [ -93.856964, 31.80809 ], [ -93.854573, 31.806651 ], [ -93.85339, 31.805467 ], [ -93.853529, 31.802607 ], [ -93.852655, 31.801108 ], [ -93.851481, 31.80015 ], [ -93.849848, 31.79978 ], [ -93.847632, 31.799635 ], [ -93.84706, 31.799861 ], [ -93.846188, 31.802021 ], [ -93.845372, 31.801872 ], [ -93.842892, 31.800676 ], [ -93.840029, 31.800596 ], [ -93.839343, 31.80033 ], [ -93.838441, 31.798081 ], [ -93.837981, 31.797414 ], [ -93.836566, 31.796402 ], [ -93.835613, 31.794489 ], [ -93.836868, 31.788734 ], [ -93.834649, 31.783309 ], [ -93.831197, 31.780227 ], [ -93.827451, 31.777741 ], [ -93.823443, 31.775098 ], [ -93.822598, 31.773559 ], [ -93.824568, 31.770449 ], [ -93.825273, 31.767369 ], [ -93.828809, 31.76563 ], [ -93.829587, 31.764204 ], [ -93.82681, 31.763777 ], [ -93.826171, 31.762327 ], [ -93.827614, 31.760311 ], [ -93.830444, 31.755831 ], [ -93.832566, 31.75418 ], [ -93.836103, 31.751586 ], [ -93.836103, 31.748521 ], [ -93.833038, 31.746399 ], [ -93.829972, 31.744512 ], [ -93.826199, 31.736731 ], [ -93.824579, 31.734397 ], [ -93.822191, 31.732486 ], [ -93.816767, 31.730836 ], [ -93.814968964414106, 31.7287335610025 ], [ -93.81493, 31.728688 ], [ -93.813466, 31.725884 ], [ -93.812795, 31.716781 ], [ -93.812489, 31.715212 ], [ -93.816918, 31.708765 ], [ -93.816291, 31.707497 ], [ -93.812206, 31.707582 ], [ -93.811483, 31.707218 ], [ -93.811121, 31.703681 ], [ -93.808395, 31.702853 ], [ -93.807047, 31.702813 ], [ -93.797621, 31.705552 ], [ -93.794989, 31.704806 ], [ -93.794548, 31.702076 ], [ -93.795517, 31.700513 ], [ -93.803396, 31.687812 ], [ -93.804479, 31.685664 ], [ -93.813938, 31.675894 ], [ -93.812287, 31.672121 ], [ -93.812759, 31.669763 ], [ -93.815175, 31.667955 ], [ -93.816859, 31.668629 ], [ -93.818038, 31.669976 ], [ -93.818889, 31.673772 ], [ -93.822051, 31.673967 ], [ -93.826462, 31.666919 ], [ -93.825661, 31.661022 ], [ -93.825055029037102, 31.6602828736082 ], [ -93.820068, 31.6542 ], [ -93.818037, 31.647892 ], [ -93.815955, 31.632279 ], [ -93.818527, 31.631473 ], [ -93.820594, 31.629714 ], [ -93.820725, 31.627992 ], [ -93.81966, 31.62658 ], [ -93.81724, 31.625552 ], [ -93.816838, 31.622509 ], [ -93.8169157879327, 31.6224876433131 ], [ -93.820728, 31.621441 ], [ -93.823104, 31.620753 ], [ -93.82583, 31.621382 ], [ -93.826852, 31.621047 ], [ -93.82717, 31.620276 ], [ -93.825956, 31.619535 ], [ -93.822154, 31.618522 ], [ -93.818787, 31.616603 ], [ -93.818717, 31.614556 ], [ -93.819582, 31.614121 ], [ -93.822642, 31.614529 ], [ -93.82629, 31.614903 ], [ -93.830444, 31.613595 ], [ -93.838057, 31.606795 ], [ -93.839383, 31.599075 ], [ -93.834924, 31.586211 ], [ -93.830363, 31.579355 ], [ -93.82715, 31.578477 ], [ -93.818434, 31.570943 ], [ -93.8184, 31.5696 ], [ -93.819149, 31.56893 ], [ -93.82221, 31.568834 ], [ -93.822958, 31.56813 ], [ -93.822889, 31.565914 ], [ -93.821564, 31.563696 ], [ -93.817354, 31.563937 ], [ -93.81686, 31.563084 ], [ -93.817008, 31.561647 ], [ -93.818363, 31.560164 ], [ -93.821087, 31.560341 ], [ -93.820764, 31.558221 ], [ -93.818582, 31.554826 ], [ -93.813973, 31.550556 ], [ -93.81025, 31.549878 ], [ -93.809475, 31.547863 ], [ -93.808305, 31.546383 ], [ -93.803337, 31.543622 ], [ -93.800515, 31.543449 ], [ -93.799536, 31.542977 ], [ -93.799894, 31.54187 ], [ -93.80258, 31.540645 ], [ -93.803359, 31.538787 ], [ -93.799206, 31.538075 ], [ -93.798087, 31.534044 ], [ -93.790298, 31.530773 ], [ -93.787687, 31.527344 ], [ -93.780835, 31.525384 ], [ -93.760062, 31.523933 ], [ -93.754883, 31.524796 ], [ -93.75413, 31.526406 ], [ -93.757613, 31.527554 ], [ -93.758111, 31.529872 ], [ -93.7565, 31.53054 ], [ -93.7547, 31.529865 ], [ -93.751889, 31.527475 ], [ -93.750086, 31.529555 ], [ -93.747737, 31.53069 ], [ -93.747336, 31.52839 ], [ -93.742765, 31.526858 ], [ -93.742398, 31.523303 ], [ -93.741705950750102, 31.521508408409002 ], [ -93.740557, 31.518529 ], [ -93.740978, 31.517568 ], [ -93.742169, 31.517252 ], [ -93.743876, 31.518064 ], [ -93.744579, 31.517587 ], [ -93.744195460674106, 31.5169733370786 ], [ -93.743884, 31.516475 ], [ -93.742196, 31.515469 ], [ -93.737376, 31.513864 ], [ -93.733433, 31.513223 ], [ -93.724757, 31.514369 ], [ -93.716032, 31.514841 ], [ -93.713439, 31.514841 ], [ -93.711581, 31.512789 ], [ -93.711577550600396, 31.5124721310182 ], [ -93.711552, 31.510125 ], [ -93.715561, 31.508002 ], [ -93.719098, 31.503994 ], [ -93.721456, 31.499749 ], [ -93.723476, 31.49593 ], [ -93.724286, 31.492204 ], [ -93.727587, 31.488902 ], [ -93.734897, 31.487016 ], [ -93.741885, 31.483535 ], [ -93.745152, 31.485638 ], [ -93.749098, 31.484736 ], [ -93.751851, 31.483117 ], [ -93.752988, 31.48171 ], [ -93.752198, 31.479551 ], [ -93.750627, 31.479028 ], [ -93.748003, 31.481648 ], [ -93.746483, 31.481828 ], [ -93.745542, 31.480396 ], [ -93.745401, 31.47812 ], [ -93.748474, 31.474808 ], [ -93.74972, 31.470918 ], [ -93.749476, 31.46869 ], [ -93.744412239156802, 31.4668090797968 ], [ -93.744406604963203, 31.4668069869909 ], [ -93.744401587250294, 31.466805123175099 ], [ -93.741841, 31.465854 ], [ -93.731513, 31.457474 ], [ -93.722093, 31.453496 ], [ -93.717734, 31.457106 ], [ -93.715501, 31.456903 ], [ -93.712853, 31.453908 ], [ -93.711663, 31.453049 ], [ -93.70997, 31.45276 ], [ -93.709027, 31.453404 ], [ -93.709128, 31.456746 ], [ -93.70663, 31.456793 ], [ -93.703934, 31.455493 ], [ -93.704214, 31.45298 ], [ -93.709194, 31.445043 ], [ -93.708937, 31.441706 ], [ -93.705893, 31.440327 ], [ -93.701754, 31.440918 ], [ -93.692688, 31.440563 ], [ -93.692526, 31.438201 ], [ -93.697603, 31.428409 ], [ -93.704678, 31.4189 ], [ -93.704697969724506, 31.418103297407999 ], [ -93.704879, 31.410881 ], [ -93.701611, 31.409334 ], [ -93.695866, 31.409392 ], [ -93.688134, 31.404762 ], [ -93.681355, 31.398044 ], [ -93.676555, 31.398733 ], [ -93.674117, 31.397681 ], [ -93.6722551829304, 31.392985913914099 ], [ -93.670604, 31.388822 ], [ -93.668987, 31.372654 ], [ -93.669994, 31.370479 ], [ -93.673158, 31.371128 ], [ -93.67338, 31.368819 ], [ -93.670108, 31.3657 ], [ -93.665358, 31.365671 ], [ -93.656598, 31.36736 ], [ -93.648824, 31.370598 ], [ -93.643302, 31.370963 ], [ -93.64029, 31.372564 ], [ -93.639257, 31.371535 ], [ -93.64498, 31.362966 ], [ -93.644866, 31.360868 ], [ -93.646633, 31.358595 ], [ -93.664053, 31.354336 ], [ -93.668439, 31.353012 ], [ -93.669547, 31.35057 ], [ -93.668802, 31.339604 ], [ -93.669671, 31.337975 ], [ -93.677277, 31.330483 ], [ -93.673954, 31.326186 ], [ -93.673553, 31.324542 ], [ -93.675191, 31.322049 ], [ -93.681112, 31.320125 ], [ -93.687851, 31.309835 ], [ -93.68688, 31.305166 ], [ -93.684039, 31.301771 ], [ -93.67544, 31.30104 ], [ -93.66741, 31.297054 ], [ -93.66293, 31.287386 ], [ -93.659864, 31.281962 ], [ -93.657004, 31.281736 ], [ -93.653026, 31.283377 ], [ -93.650904, 31.28432 ], [ -93.647367, 31.281726 ], [ -93.646285, 31.279001 ], [ -93.645221116273802, 31.276322007791901 ], [ -93.644685, 31.274972 ], [ -93.644066, 31.271587 ], [ -93.641472, 31.269936 ], [ -93.638642, 31.269701 ], [ -93.622843, 31.272059 ], [ -93.620343, 31.271025 ], [ -93.619542, 31.267814 ], [ -93.618835, 31.263805 ], [ -93.61459, 31.261447 ], [ -93.613942, 31.259375 ], [ -93.615432, 31.25612 ], [ -93.615402, 31.254166 ], [ -93.613944, 31.252858 ], [ -93.614288, 31.251631 ], [ -93.621202, 31.249642 ], [ -93.621684, 31.248586 ], [ -93.620049, 31.246912 ], [ -93.616308, 31.244595 ], [ -93.617109, 31.241005 ], [ -93.616205, 31.237548 ], [ -93.618255, 31.233105 ], [ -93.617984, 31.232501 ], [ -93.616679, 31.232011 ], [ -93.613156, 31.232432 ], [ -93.612491, 31.232689 ], [ -93.610705, 31.232152 ], [ -93.609828, 31.229661 ], [ -93.608747, 31.228014 ], [ -93.607035, 31.227922 ], [ -93.601656, 31.229523 ], [ -93.598391, 31.231097 ], [ -93.596886, 31.230626 ], [ -93.596556, 31.229657 ], [ -93.596634226048096, 31.229086188967699 ], [ -93.596785, 31.227986 ], [ -93.599221, 31.225304 ], [ -93.599094, 31.224182 ], [ -93.595305, 31.221815 ], [ -93.595045, 31.221044 ], [ -93.595612, 31.219855 ], [ -93.603139, 31.217056 ], [ -93.603801, 31.215752 ], [ -93.603541, 31.210673 ], [ -93.607288, 31.205403 ], [ -93.601857, 31.199393 ], [ -93.60166, 31.187026 ], [ -93.602443, 31.182541 ], [ -93.600308, 31.176158 ], [ -93.610568, 31.175562 ], [ -93.615067, 31.17532 ], [ -93.616445, 31.175239 ], [ -93.734247, 31.168281 ], [ -93.796586, 31.164714 ], [ -93.846214, 31.161859 ], [ -93.911126, 31.158071 ], [ -93.984878, 31.144267 ], [ -94.039034, 31.134271 ], [ -94.039801, 31.130448 ], [ -94.037797, 31.129398 ], [ -94.038724, 31.126973 ], [ -94.041111, 31.12567 ], [ -94.040379, 31.123148 ], [ -94.042292, 31.121203 ], [ -94.042298, 31.119435 ], [ -94.043234, 31.118552 ], [ -94.045479, 31.118343 ], [ -94.045719, 31.116609 ], [ -94.047274, 31.117674 ], [ -94.048649, 31.116862 ], [ -94.04827, 31.11562 ], [ -94.050571, 31.115904 ], [ -94.050905, 31.114609 ], [ -94.055025, 31.114458 ], [ -94.055078, 31.113643 ], [ -94.057081, 31.11427 ], [ -94.057794, 31.113286 ], [ -94.055715, 31.112659 ], [ -94.05635, 31.11182 ], [ -94.057178, 31.112647 ], [ -94.058293, 31.111751 ], [ -94.059145, 31.113249 ], [ -94.06077, 31.112635 ], [ -94.061092, 31.113932 ], [ -94.062302, 31.112414 ], [ -94.062255, 31.114853 ], [ -94.062864, 31.11491 ], [ -94.064133, 31.112255 ], [ -94.065463, 31.11199 ], [ -94.074544, 31.110186 ], [ -94.129632, 31.09928 ], [ -94.19296, 31.086854 ], [ -94.238741, 31.077724 ], [ -94.276572, 31.070169 ], [ -94.308172, 31.063825 ], [ -94.323247, 31.060773 ], [ -94.404598, 31.044027 ], [ -94.457805, 31.033332 ], [ -94.457816, 31.033325 ], [ -94.45826, 31.03203 ] ] ] } },
{ "type": "Feature", "properties": { "FederalDivisionName": "Marshall", "FederalJudicialDistrict": "Eastern" }, "geometry": { "type": "Polygon", "coordinates": [ [ [ -94.702097, 32.472168 ], [ -94.701972, 32.481011 ], [ -94.701958, 32.49134 ], [ -94.701942, 32.503918 ], [ -94.702003, 32.517727 ], [ -94.701987, 32.528379 ], [ -94.701996, 32.530262 ], [ -94.702004, 32.532029 ], [ -94.701918, 32.538431 ], [ -94.701852, 32.58458 ], [ -94.70183, 32.607808 ], [ -94.70179, 32.652209 ], [ -94.703128, 32.654041 ], [ -94.702673, 32.656405 ], [ -94.70372, 32.657828 ], [ -94.706351, 32.656025 ], [ -94.708671, 32.655678 ], [ -94.708466, 32.656998 ], [ -94.710706, 32.657959 ], [ -94.711407, 32.656799 ], [ -94.712018, 32.65804 ], [ -94.714403, 32.657579 ], [ -94.714007, 32.656616 ], [ -94.715878, 32.656947 ], [ -94.716053, 32.655886 ], [ -94.718133, 32.656104 ], [ -94.719562, 32.654411 ], [ -94.722129, 32.655817 ], [ -94.723851, 32.65457 ], [ -94.724975, 32.654575 ], [ -94.727919, 32.65542 ], [ -94.729311, 32.658548 ], [ -94.731956, 32.657964 ], [ -94.734213, 32.661333 ], [ -94.735538, 32.660331 ], [ -94.736905, 32.663482 ], [ -94.741298, 32.664523 ], [ -94.744336, 32.666053 ], [ -94.745629, 32.667507 ], [ -94.747077, 32.666215 ], [ -94.746713, 32.664791 ], [ -94.747488, 32.662922 ], [ -94.747372, 32.660426 ], [ -94.749589, 32.660705 ], [ -94.75167, 32.662556 ], [ -94.753004, 32.660708 ], [ -94.75507, 32.660732 ], [ -94.758502, 32.659793 ], [ -94.766387, 32.650962 ], [ -94.773477, 32.643863 ], [ -94.774927, 32.641394 ], [ -94.802642, 32.610324 ], [ -94.817288, 32.593894 ], [ -94.818752, 32.59227 ], [ -94.820013, 32.59088 ], [ -94.828037, 32.588259 ], [ -94.828221, 32.588203 ], [ -94.828319, 32.588172 ], [ -94.829709, 32.58773 ], [ -94.840858, 32.583852 ], [ -94.84762, 32.581519 ], [ -94.848939, 32.58106 ], [ -94.854965, 32.578958 ], [ -94.856101, 32.578477 ], [ -94.859417, 32.577072 ], [ -94.859859, 32.57692 ], [ -94.862434, 32.576104 ], [ -94.862896, 32.575868 ], [ -94.866675, 32.574572 ], [ -94.867352, 32.574337 ], [ -94.868099, 32.574081 ], [ -94.872944, 32.572099 ], [ -94.876346, 32.571008 ], [ -94.876745, 32.57103 ], [ -94.877823, 32.570831 ], [ -94.879138, 32.570099 ], [ -94.889611, 32.566743 ], [ -94.894719, 32.564912 ], [ -94.895466, 32.564645 ], [ -94.901105, 32.562409 ], [ -94.902044, 32.562102 ], [ -94.902055, 32.561226 ], [ -94.904728, 32.561225 ], [ -94.914954, 32.557833 ], [ -94.922514, 32.555256 ], [ -94.946148, 32.547179 ], [ -94.951262, 32.545102 ], [ -94.959097, 32.542415 ], [ -94.959401, 32.542312 ], [ -94.95985, 32.542158 ], [ -94.971523, 32.537697 ], [ -94.972207, 32.537429 ], [ -94.972708, 32.537759 ], [ -94.973363, 32.537649 ], [ -94.974487, 32.536042 ], [ -94.981934, 32.537618 ], [ -94.986585, 32.537324 ], [ -94.986935, 32.537246 ], [ -94.988337, 32.536758 ], [ -94.990013, 32.534262 ], [ -94.99182, 32.52961 ], [ -94.993959, 32.526584 ], [ -94.997778, 32.523032 ], [ -94.998538, 32.521915 ], [ -95.004776, 32.52091 ], [ -95.006361, 32.519674 ], [ -95.008686, 32.516813 ], [ -95.011602, 32.516477 ], [ -95.014209, 32.51708 ], [ -95.017471, 32.518395 ], [ -95.020694, 32.520314 ], [ -95.022478, 32.522109 ], [ -95.018259, 32.525801 ], [ -95.017395, 32.526947 ], [ -95.015439, 32.53228 ], [ -95.015396, 32.533161 ], [ -95.017119, 32.537799 ], [ -95.017069, 32.53954 ], [ -95.01544, 32.543143 ], [ -95.018664, 32.542986 ], [ -95.019451, 32.543414 ], [ -95.020974, 32.546726 ], [ -95.02417, 32.547421 ], [ -95.025871, 32.546819 ], [ -95.026597, 32.545819 ], [ -95.027081, 32.542961 ], [ -95.028061, 32.540685 ], [ -95.027224, 32.539724 ], [ -95.024172, 32.538321 ], [ -95.024817, 32.537 ], [ -95.027242, 32.536123 ], [ -95.029025, 32.536164 ], [ -95.031484, 32.535482 ], [ -95.038064, 32.533073 ], [ -95.04076, 32.532285 ], [ -95.04327, 32.532469 ], [ -95.043316, 32.535764 ], [ -95.044939, 32.538162 ], [ -95.046264, 32.539246 ], [ -95.044514, 32.539851 ], [ -95.043525, 32.541088 ], [ -95.044855, 32.542237 ], [ -95.046144, 32.540824 ], [ -95.047465, 32.540369 ], [ -95.047836, 32.539169 ], [ -95.050738, 32.538203 ], [ -95.054201, 32.538683 ], [ -95.054971, 32.540215 ], [ -95.056437, 32.540522 ], [ -95.058772, 32.538707 ], [ -95.061265, 32.538029 ], [ -95.063305, 32.538128 ], [ -95.065935, 32.537692 ], [ -95.068841, 32.538671 ], [ -95.0714, 32.541134 ], [ -95.072326, 32.540422 ], [ -95.072427, 32.538518 ], [ -95.074901, 32.537111 ], [ -95.07579, 32.537222 ], [ -95.076242, 32.539337 ], [ -95.07994, 32.541293 ], [ -95.083043, 32.541705 ], [ -95.083871, 32.542541 ], [ -95.083552, 32.546447 ], [ -95.080107, 32.551053 ], [ -95.078983, 32.553111 ], [ -95.079116, 32.556119 ], [ -95.08149, 32.555869 ], [ -95.082677, 32.553904 ], [ -95.08442, 32.552981 ], [ -95.085742, 32.553413 ], [ -95.085968, 32.554626 ], [ -95.084515, 32.557437 ], [ -95.085054, 32.55784 ], [ -95.087063, 32.556068 ], [ -95.09011, 32.557172 ], [ -95.093259, 32.557682 ], [ -95.094386, 32.557372 ], [ -95.095577, 32.555169 ], [ -95.097977, 32.556078 ], [ -95.098746, 32.555523 ], [ -95.097507, 32.553573 ], [ -95.096479, 32.550443 ], [ -95.097559, 32.549658 ], [ -95.098949, 32.549979 ], [ -95.099015, 32.552399 ], [ -95.103272, 32.55106 ], [ -95.109334, 32.551803 ], [ -95.110815, 32.551769 ], [ -95.112711, 32.550919 ], [ -95.114133, 32.549107 ], [ -95.113067, 32.548219 ], [ -95.114687, 32.545319 ], [ -95.117048, 32.544556 ], [ -95.117559, 32.542811 ], [ -95.118786, 32.542496 ], [ -95.120002, 32.542994 ], [ -95.121946, 32.546809 ], [ -95.121432, 32.549109 ], [ -95.122633, 32.549815 ], [ -95.126058, 32.549128 ], [ -95.131344, 32.548972 ], [ -95.135434, 32.548014 ], [ -95.139766, 32.549973 ], [ -95.140665, 32.551101 ], [ -95.141469, 32.555177 ], [ -95.140693, 32.559677 ], [ -95.142603, 32.561906 ], [ -95.144309, 32.5638 ], [ -95.144291, 32.567031 ], [ -95.145888, 32.569741 ], [ -95.148413, 32.568748 ], [ -95.150769, 32.570197 ], [ -95.150507, 32.572116 ], [ -95.15341, 32.570115 ], [ -95.152964, 32.607121 ], [ -95.152879, 32.625593 ], [ -95.15274, 32.660949 ], [ -95.15265, 32.696032 ], [ -95.15263, 32.69959 ], [ -95.152611, 32.703097 ], [ -95.152527, 32.728664 ], [ -95.152451, 32.759591 ], [ -95.152436, 32.780191 ], [ -95.152265, 32.813325 ], [ -95.152237, 32.849292 ], [ -95.152282, 32.865211 ], [ -95.152107, 32.891251 ], [ -95.152118, 32.896414 ], [ -95.152117, 32.897036 ], [ -95.15211, 32.902641 ], [ -95.152103, 32.907884 ], [ -95.15255, 32.916359 ], [ -95.152266, 32.922713 ], [ -95.152297, 32.941335 ], [ -95.152301, 32.948216 ], [ -95.152586, 32.949289 ], [ -95.152201, 32.953201 ], [ -95.152188, 32.974817 ], [ -95.152248, 32.990285 ], [ -95.150309, 33.000121 ], [ -95.149962, 33.005998 ], [ -95.150535, 33.011412 ], [ -95.152206, 33.01345 ], [ -95.149976, 33.015659 ], [ -95.148953, 33.015875 ], [ -95.147365, 33.018701 ], [ -95.148078, 33.019582 ], [ -95.147452, 33.020871 ], [ -95.1457, 33.021456 ], [ -95.142623, 33.023862 ], [ -95.141054, 33.02431 ], [ -95.141115, 33.025835 ], [ -95.138714, 33.026226 ], [ -95.137355, 33.029086 ], [ -95.137213, 33.030938 ], [ -95.133943, 33.031321 ], [ -95.131884, 33.029809 ], [ -95.129154, 33.031362 ], [ -95.130336, 33.032162 ], [ -95.128934, 33.033772 ], [ -95.12613, 33.034581 ], [ -95.125217, 33.035362 ], [ -95.122222, 33.035756 ], [ -95.120935, 33.034239 ], [ -95.118656, 33.034743 ], [ -95.115039, 33.034076 ], [ -95.11477, 33.033138 ], [ -95.113063, 33.032635 ], [ -95.113252, 33.031838 ], [ -95.115009, 33.031953 ], [ -95.113617, 33.030509 ], [ -95.112614, 33.031568 ], [ -95.110405, 33.031757 ], [ -95.109588, 33.031073 ], [ -95.109276, 33.032871 ], [ -95.10833, 33.031664 ], [ -95.107535, 33.033006 ], [ -95.104969, 33.032466 ], [ -95.105238, 33.03342 ], [ -95.103043, 33.032956 ], [ -95.103228, 33.034773 ], [ -95.10152, 33.035578 ], [ -95.100301, 33.034553 ], [ -95.100269, 33.035908 ], [ -95.098926, 33.037132 ], [ -95.09659, 33.036959 ], [ -95.096977, 33.038172 ], [ -95.094577, 33.037565 ], [ -95.093493, 33.038731 ], [ -95.090757, 33.041051 ], [ -95.09086, 33.04234 ], [ -95.085249, 33.043791 ], [ -95.084022, 33.04593 ], [ -95.082053, 33.045966 ], [ -95.079439, 33.047483 ], [ -95.079028, 33.050365 ], [ -95.078394, 33.052076 ], [ -95.07445, 33.053683 ], [ -95.072587, 33.05359 ], [ -95.069776, 33.054744 ], [ -95.067452, 33.053688 ], [ -95.065626, 33.054685 ], [ -95.064262, 33.054378 ], [ -95.060703, 33.054622 ], [ -95.059389, 33.056106 ], [ -95.058078, 33.055259 ], [ -95.057959, 33.057727 ], [ -95.055799, 33.056649 ], [ -95.055626, 33.057761 ], [ -95.054171, 33.057978 ], [ -95.055404, 33.060052 ], [ -95.054424, 33.061611 ], [ -95.052632, 33.062052 ], [ -95.050378, 33.061812 ], [ -95.050485, 33.062708 ], [ -95.048561, 33.062905 ], [ -95.048351, 33.061863 ], [ -95.04637, 33.063069 ], [ -95.047716, 33.064352 ], [ -95.046328, 33.064433 ], [ -95.047898, 33.066283 ], [ -95.047039, 33.067221 ], [ -95.043914, 33.067999 ], [ -95.043543, 33.069814 ], [ -95.039917, 33.070041 ], [ -95.040269, 33.072294 ], [ -95.039303, 33.070318 ], [ -95.036819, 33.071044 ], [ -95.037152, 33.072305 ], [ -95.034822, 33.07096 ], [ -95.03182, 33.0719 ], [ -95.031178, 33.072994 ], [ -95.030475, 33.07144 ], [ -95.030058, 33.073043 ], [ -95.025744, 33.0732 ], [ -95.025611, 33.074325 ], [ -95.021388, 33.074745 ], [ -95.01827, 33.075742 ], [ -95.015488, 33.074747 ], [ -95.014465, 33.075725 ], [ -95.011393, 33.075719 ], [ -95.011292, 33.074542 ], [ -95.010044, 33.074984 ], [ -95.010167, 33.073154 ], [ -95.007678, 33.072499 ], [ -95.006527, 33.072847 ], [ -95.007223, 33.071149 ], [ -95.003166, 33.072405 ], [ -95.003828, 33.073532 ], [ -95.002753, 33.074962 ], [ -94.998882, 33.076394 ], [ -94.998633, 33.074613 ], [ -94.995668, 33.074439 ], [ -94.994323, 33.073835 ], [ -94.994851, 33.072977 ], [ -94.991248, 33.073886 ], [ -94.989093, 33.072809 ], [ -94.987429, 33.073371 ], [ -94.985746, 33.076109 ], [ -94.982508, 33.076154 ], [ -94.980968, 33.077348 ], [ -94.979414, 33.077343 ], [ -94.977357, 33.075342 ], [ -94.977154, 33.074061 ], [ -94.97481, 33.07282 ], [ -94.972733, 33.072733 ], [ -94.972276, 33.071925 ], [ -94.970351, 33.0733 ], [ -94.969097, 33.073135 ], [ -94.967361, 33.072735 ], [ -94.962119, 33.073231 ], [ -94.960487, 33.073 ], [ -94.959474, 33.072297 ], [ -94.957412, 33.073666 ], [ -94.954781, 33.073002 ], [ -94.954598, 33.073876 ], [ -94.950629, 33.074497 ], [ -94.950146, 33.073596 ], [ -94.948004, 33.073948 ], [ -94.947482, 33.074641 ], [ -94.945817, 33.073437 ], [ -94.945295, 33.074998 ], [ -94.94098, 33.073036 ], [ -94.940588, 33.074509 ], [ -94.939152, 33.074514 ], [ -94.938094, 33.073645 ], [ -94.935874, 33.073926 ], [ -94.934725, 33.072657 ], [ -94.933276, 33.072646 ], [ -94.933779, 33.071596 ], [ -94.930489, 33.070864 ], [ -94.930188, 33.069744 ], [ -94.929059, 33.070639 ], [ -94.927015, 33.070579 ], [ -94.925815, 33.066583 ], [ -94.923902, 33.067341 ], [ -94.924281, 33.06617 ], [ -94.926383, 33.063829 ], [ -94.926063, 33.062285 ], [ -94.924483, 33.06185 ], [ -94.922767, 33.062306 ], [ -94.92451, 33.058624 ], [ -94.923459, 33.058646 ], [ -94.922304, 33.057442 ], [ -94.924412, 33.056815 ], [ -94.921371, 33.055216 ], [ -94.922024, 33.053913 ], [ -94.921143, 33.052737 ], [ -94.921469, 33.050725 ], [ -94.919994, 33.050576 ], [ -94.919081, 33.048119 ], [ -94.916457, 33.048037 ], [ -94.917887, 33.046194 ], [ -94.916921, 33.045349 ], [ -94.914441, 33.044496 ], [ -94.912301, 33.044507 ], [ -94.910793, 33.045924 ], [ -94.908567, 33.045209 ], [ -94.907706, 33.043956 ], [ -94.906995, 33.044676 ], [ -94.906303, 33.043467 ], [ -94.905507, 33.044334 ], [ -94.905449, 33.042476 ], [ -94.901905, 33.041597 ], [ -94.901123, 33.039788 ], [ -94.900503, 33.040277 ], [ -94.900869, 33.037639 ], [ -94.897763, 33.036737 ], [ -94.897411, 33.035747 ], [ -94.895551, 33.03584 ], [ -94.896133, 33.034131 ], [ -94.894907, 33.032597 ], [ -94.89366, 33.033338 ], [ -94.893759, 33.030749 ], [ -94.888722, 33.030506 ], [ -94.889427, 33.029511 ], [ -94.889428, 33.026553 ], [ -94.890753, 33.02646 ], [ -94.890343, 33.025114 ], [ -94.888575, 33.024498 ], [ -94.88823, 33.023266 ], [ -94.886886, 33.023244 ], [ -94.883037, 33.021714 ], [ -94.881544, 33.020142 ], [ -94.879899, 33.020124 ], [ -94.87667, 33.019337 ], [ -94.876423, 33.018338 ], [ -94.876691, 33.017331 ], [ -94.875896, 33.015692 ], [ -94.872712, 33.014937 ], [ -94.872255, 33.014013 ], [ -94.87022, 33.014636 ], [ -94.869939, 33.013817 ], [ -94.864374, 33.014951 ], [ -94.863786, 33.013472 ], [ -94.861098, 33.014029 ], [ -94.859049, 33.013343 ], [ -94.857946, 33.011557 ], [ -94.859675, 33.011314 ], [ -94.858968, 33.008181 ], [ -94.859895, 33.007978 ], [ -94.860794, 33.006554 ], [ -94.861871, 33.00718 ], [ -94.862509, 33.005905 ], [ -94.85992, 33.005862 ], [ -94.859945, 33.003905 ], [ -94.858835, 33.00341 ], [ -94.856689, 33.003619 ], [ -94.858254, 33.002245 ], [ -94.857047, 33.001702 ], [ -94.855867, 33.003433 ], [ -94.854106, 33.003642 ], [ -94.853237, 33.001511 ], [ -94.850814, 32.999733 ], [ -94.849353, 32.999332 ], [ -94.848256, 32.99676 ], [ -94.8459, 32.995545 ], [ -94.843657, 32.995976 ], [ -94.842665, 32.996768 ], [ -94.841478, 32.995647 ], [ -94.840728, 32.993876 ], [ -94.83832, 32.993163 ], [ -94.836278, 32.991959 ], [ -94.835964, 32.9908 ], [ -94.83464, 32.990755 ], [ -94.835109, 32.989525 ], [ -94.833446, 32.989069 ], [ -94.832872, 32.987326 ], [ -94.830771, 32.987975 ], [ -94.830322, 32.989201 ], [ -94.829917, 32.986711 ], [ -94.828005, 32.985777 ], [ -94.82912, 32.984529 ], [ -94.828403, 32.983271 ], [ -94.826844, 32.983826 ], [ -94.825488, 32.985635 ], [ -94.821202, 32.982453 ], [ -94.819828, 32.982886 ], [ -94.817709, 33.037202 ], [ -94.816844, 33.076009 ], [ -94.816276, 33.094074 ], [ -94.815206, 33.12229 ], [ -94.814786, 33.125278 ], [ -94.814502, 33.136215 ], [ -94.814078, 33.152791 ], [ -94.813197, 33.187483 ], [ -94.812615, 33.210445 ], [ -94.810752, 33.269391 ], [ -94.810445, 33.272171 ], [ -94.810429, 33.275683 ], [ -94.810359, 33.27901 ], [ -94.810269, 33.28289 ], [ -94.809952, 33.301029 ], [ -94.808783, 33.363636 ], [ -94.808428, 33.365606 ], [ -94.807528, 33.365972 ], [ -94.805644, 33.365651 ], [ -94.805644, 33.364873 ], [ -94.802779, 33.364849 ], [ -94.800813, 33.365354 ], [ -94.799558, 33.363132 ], [ -94.800131, 33.361873 ], [ -94.797401, 33.361024 ], [ -94.795927, 33.361552 ], [ -94.79489, 33.360086 ], [ -94.794945, 33.357658 ], [ -94.797675, 33.356375 ], [ -94.79672, 33.354566 ], [ -94.794837, 33.353856 ], [ -94.794345, 33.355849 ], [ -94.792653, 33.356696 ], [ -94.791043, 33.355322 ], [ -94.791289, 33.352826 ], [ -94.791753, 33.352277 ], [ -94.794619, 33.352964 ], [ -94.795465, 33.352414 ], [ -94.797566, 33.348613 ], [ -94.79653, 33.347903 ], [ -94.792218, 33.348795 ], [ -94.790663, 33.348681 ], [ -94.789981, 33.347237 ], [ -94.790991, 33.345748 ], [ -94.790418, 33.344946 ], [ -94.788016, 33.346069 ], [ -94.786815, 33.349252 ], [ -94.785205, 33.349092 ], [ -94.784878, 33.345312 ], [ -94.786188, 33.344443 ], [ -94.784881, 33.343162 ], [ -94.783611, 33.34422 ], [ -94.781867, 33.344261 ], [ -94.782809, 33.342015 ], [ -94.786918, 33.34218 ], [ -94.788126, 33.341282 ], [ -94.787308, 33.338876 ], [ -94.789409, 33.33842 ], [ -94.788346, 33.33677 ], [ -94.786054, 33.337617 ], [ -94.784444, 33.337457 ], [ -94.783462, 33.335327 ], [ -94.782289, 33.335051 ], [ -94.781688, 33.337913 ], [ -94.780215, 33.336379 ], [ -94.780898, 33.334983 ], [ -94.778987, 33.333011 ], [ -94.777078, 33.332966 ], [ -94.777214, 33.331637 ], [ -94.779998, 33.331043 ], [ -94.778907, 33.329279 ], [ -94.779699, 33.327675 ], [ -94.781717, 33.327607 ], [ -94.78401, 33.323829 ], [ -94.782456, 33.322477 ], [ -94.778036, 33.322546 ], [ -94.776481, 33.322065 ], [ -94.776045, 33.321011 ], [ -94.777546, 33.320027 ], [ -94.779455, 33.320714 ], [ -94.781311, 33.320165 ], [ -94.781693, 33.318905 ], [ -94.778174, 33.319615 ], [ -94.774655, 33.318285 ], [ -94.772936, 33.318857 ], [ -94.772936, 33.320048 ], [ -94.770126, 33.321032 ], [ -94.769171, 33.320528 ], [ -94.767015, 33.322062 ], [ -94.76527, 33.320847 ], [ -94.763959, 33.322885 ], [ -94.760959, 33.321922 ], [ -94.760087, 33.3208 ], [ -94.761888, 33.31915 ], [ -94.761398, 33.317365 ], [ -94.758751, 33.3186 ], [ -94.756242, 33.317615 ], [ -94.754251, 33.31798 ], [ -94.752422, 33.319398 ], [ -94.752339, 33.321919 ], [ -94.749837, 33.323633 ], [ -94.749476, 33.327046 ], [ -94.746925, 33.328938 ], [ -94.745631, 33.329932 ], [ -94.742573, 33.327965 ], [ -94.739544, 33.326821 ], [ -94.740032, 33.324233 ], [ -94.738775, 33.323659 ], [ -94.736892, 33.324119 ], [ -94.737598, 33.322491 ], [ -94.736449, 33.321163 ], [ -94.736746, 33.31917 ], [ -94.735012, 33.318437 ], [ -94.737746, 33.31747 ], [ -94.73754, 33.316708 ], [ -94.734822, 33.316513 ], [ -94.732097, 33.317359 ], [ -94.731295, 33.316304 ], [ -94.732168, 33.314397 ], [ -94.732055, 33.311475 ], [ -94.73031, 33.308814 ], [ -94.727813, 33.308888 ], [ -94.726221, 33.30729 ], [ -94.722865, 33.307085 ], [ -94.723084, 33.308826 ], [ -94.721175, 33.308529 ], [ -94.719974, 33.306537 ], [ -94.719184, 33.30798 ], [ -94.717656, 33.307156 ], [ -94.716729, 33.308484 ], [ -94.718011, 33.310248 ], [ -94.717385, 33.311667 ], [ -94.714793, 33.311897 ], [ -94.710783, 33.308531 ], [ -94.709747, 33.310271 ], [ -94.710593, 33.311715 ], [ -94.706501, 33.311991 ], [ -94.703501, 33.313114 ], [ -94.702874, 33.313983 ], [ -94.704047, 33.314923 ], [ -94.702792, 33.315815 ], [ -94.701483, 33.31545 ], [ -94.701318, 33.313114 ], [ -94.702082, 33.311396 ], [ -94.698727, 33.311487 ], [ -94.697963, 33.309266 ], [ -94.696408, 33.307411 ], [ -94.695208, 33.307159 ], [ -94.693762, 33.311328 ], [ -94.692262, 33.312405 ], [ -94.690571, 33.310847 ], [ -94.690051, 33.309496 ], [ -94.691306, 33.307823 ], [ -94.691333, 33.304778 ], [ -94.690406, 33.302945 ], [ -94.690542, 33.300311 ], [ -94.687951, 33.296028 ], [ -94.687214, 33.293464 ], [ -94.686314, 33.292777 ], [ -94.684514, 33.293762 ], [ -94.68206, 33.293692 ], [ -94.68056, 33.292845 ], [ -94.678542, 33.290624 ], [ -94.677778, 33.291677 ], [ -94.67876, 33.293624 ], [ -94.676769, 33.29486 ], [ -94.675733, 33.293418 ], [ -94.673633, 33.292616 ], [ -94.675869, 33.290715 ], [ -94.67497, 33.28918 ], [ -94.672352, 33.28973 ], [ -94.673143, 33.287416 ], [ -94.674752, 33.287416 ], [ -94.675134, 33.286248 ], [ -94.672271, 33.284805 ], [ -94.669652, 33.285171 ], [ -94.668779, 33.284141 ], [ -94.666598, 33.283247 ], [ -94.663707, 33.283796 ], [ -94.660463, 33.282444 ], [ -94.661036, 33.280566 ], [ -94.659809, 33.280589 ], [ -94.662264, 33.277679 ], [ -94.659428, 33.275388 ], [ -94.658337, 33.276397 ], [ -94.654847, 33.276328 ], [ -94.652448, 33.275709 ], [ -94.65253, 33.274701 ], [ -94.654521, 33.274701 ], [ -94.65354, 33.272526 ], [ -94.654031, 33.271289 ], [ -94.652751, 33.268265 ], [ -94.65226, 33.268861 ], [ -94.650706, 33.268653 ], [ -94.650134, 33.267577 ], [ -94.651443, 33.265379 ], [ -94.649561, 33.265149 ], [ -94.650162, 33.262905 ], [ -94.648582, 33.260268 ], [ -94.649726, 33.259604 ], [ -94.649101, 33.25871 ], [ -94.645421, 33.257447 ], [ -94.643212, 33.258043 ], [ -94.641523, 33.256737 ], [ -94.64136, 33.253597 ], [ -94.635963, 33.252401 ], [ -94.634839, 33.251351 ], [ -94.630296, 33.252194 ], [ -94.62847, 33.250593 ], [ -94.626725, 33.250638 ], [ -94.625204, 33.251841 ], [ -94.623423, 33.251807 ], [ -94.619568, 33.249513 ], [ -94.618461, 33.246828 ], [ -94.617168, 33.247086 ], [ -94.614743, 33.248942 ], [ -94.61319, 33.249218 ], [ -94.610626, 33.248027 ], [ -94.608009, 33.247479 ], [ -94.605012, 33.249176 ], [ -94.605418, 33.250473 ], [ -94.607108, 33.250599 ], [ -94.608826, 33.25179 ], [ -94.609508, 33.253601 ], [ -94.608009, 33.254174 ], [ -94.606509, 33.253211 ], [ -94.605147, 33.253923 ], [ -94.605121, 33.256603 ], [ -94.604085, 33.257222 ], [ -94.598143, 33.258392 ], [ -94.590455, 33.259424 ], [ -94.589773, 33.258737 ], [ -94.591354, 33.256332 ], [ -94.59318, 33.255713 ], [ -94.593043, 33.255118 ], [ -94.589827, 33.255302 ], [ -94.588299, 33.254294 ], [ -94.58789, 33.253194 ], [ -94.588734, 33.251522 ], [ -94.587862, 33.251339 ], [ -94.585573, 33.253493 ], [ -94.584945, 33.252119 ], [ -94.586444, 33.250743 ], [ -94.586039, 33.249722 ], [ -94.583967, 33.249342 ], [ -94.578406, 33.247717 ], [ -94.579438, 33.251066 ], [ -94.578294, 33.251478 ], [ -94.57693, 33.250929 ], [ -94.575867, 33.251547 ], [ -94.574711, 33.250121 ], [ -94.572463, 33.249826 ], [ -94.571969, 33.250653 ], [ -94.573005, 33.252074 ], [ -94.572406, 33.253334 ], [ -94.57077, 33.253174 ], [ -94.56968, 33.253884 ], [ -94.569789, 33.254593 ], [ -94.573306, 33.257022 ], [ -94.571779, 33.257686 ], [ -94.570007, 33.257664 ], [ -94.569925, 33.258992 ], [ -94.570962, 33.260893 ], [ -94.568972, 33.264328 ], [ -94.566381, 33.263253 ], [ -94.565018, 33.265177 ], [ -94.562565, 33.262152 ], [ -94.559347, 33.261054 ], [ -94.558311, 33.261466 ], [ -94.557984, 33.263299 ], [ -94.555721, 33.266092 ], [ -94.556893, 33.267215 ], [ -94.554221, 33.269092 ], [ -94.553131, 33.267192 ], [ -94.55114, 33.26568 ], [ -94.549258, 33.265566 ], [ -94.548767, 33.267535 ], [ -94.545877, 33.26836 ], [ -94.54506, 33.265543 ], [ -94.54356, 33.265154 ], [ -94.542442, 33.266596 ], [ -94.541188, 33.264741 ], [ -94.540016, 33.264649 ], [ -94.539198, 33.265703 ], [ -94.539443, 33.267902 ], [ -94.54146, 33.268634 ], [ -94.539415, 33.269619 ], [ -94.537534, 33.269184 ], [ -94.534698, 33.269664 ], [ -94.535108, 33.266755 ], [ -94.534154, 33.266205 ], [ -94.531372, 33.267442 ], [ -94.529954, 33.26735 ], [ -94.528863, 33.26909 ], [ -94.526626, 33.270968 ], [ -94.524117, 33.273853 ], [ -94.522616, 33.276578 ], [ -94.51918, 33.277172 ], [ -94.520299, 33.275387 ], [ -94.518499, 33.274241 ], [ -94.516971, 33.277012 ], [ -94.517543, 33.278225 ], [ -94.519288, 33.279006 ], [ -94.519233, 33.280723 ], [ -94.517868, 33.282096 ], [ -94.51656, 33.281433 ], [ -94.516288, 33.280172 ], [ -94.514516, 33.279027 ], [ -94.513697, 33.280149 ], [ -94.515578, 33.281753 ], [ -94.51495, 33.282738 ], [ -94.513478, 33.282691 ], [ -94.510068, 33.281774 ], [ -94.508541, 33.282826 ], [ -94.507014, 33.281314 ], [ -94.506141, 33.28191 ], [ -94.506931, 33.284039 ], [ -94.505376, 33.284405 ], [ -94.504177, 33.283946 ], [ -94.503971, 33.282781 ], [ -94.5002, 33.283336 ], [ -94.498874, 33.28282 ], [ -94.498328, 33.281466 ], [ -94.496457, 33.281563 ], [ -94.496671, 33.284985 ], [ -94.4957, 33.284747 ], [ -94.491811, 33.27979 ], [ -94.486661, 33.280296 ], [ -94.486303, 33.281331 ], [ -94.488814, 33.282427 ], [ -94.48892, 33.284065 ], [ -94.48523, 33.287939 ], [ -94.482719, 33.287013 ], [ -94.483849, 33.284958 ], [ -94.482279, 33.284157 ], [ -94.478754, 33.286844 ], [ -94.480109, 33.288614 ], [ -94.479896, 33.289931 ], [ -94.476869, 33.289394 ], [ -94.474587, 33.289879 ], [ -94.473464, 33.288238 ], [ -94.472247, 33.288541 ], [ -94.471325, 33.290038 ], [ -94.470906, 33.292195 ], [ -94.469735, 33.293864 ], [ -94.468442, 33.294313 ], [ -94.465615, 33.293501 ], [ -94.462833, 33.290331 ], [ -94.463927, 33.288767 ], [ -94.463592, 33.287276 ], [ -94.462009, 33.287363 ], [ -94.460774, 33.289523 ], [ -94.459082, 33.289118 ], [ -94.458957, 33.285623 ], [ -94.45759, 33.285007 ], [ -94.455299, 33.287123 ], [ -94.453984, 33.287095 ], [ -94.453789, 33.284844 ], [ -94.451986, 33.283493 ], [ -94.448222, 33.283292 ], [ -94.444228, 33.281247 ], [ -94.441322, 33.281492 ], [ -94.440956, 33.283085 ], [ -94.439998, 33.283299 ], [ -94.4392, 33.282275 ], [ -94.438478, 33.281052 ], [ -94.436295, 33.281858 ], [ -94.437825, 33.284348 ], [ -94.43722, 33.286054 ], [ -94.434291, 33.287509 ], [ -94.432414, 33.286355 ], [ -94.433597, 33.285066 ], [ -94.433612, 33.28266 ], [ -94.431886, 33.282868 ], [ -94.428915, 33.285471 ], [ -94.426264, 33.285052 ], [ -94.420885, 33.284264 ], [ -94.415739, 33.284017 ], [ -94.41494, 33.283552 ], [ -94.413203, 33.279877 ], [ -94.412943, 33.278011 ], [ -94.413953, 33.276515 ], [ -94.412822, 33.274904 ], [ -94.413533, 33.273304 ], [ -94.410388, 33.273783 ], [ -94.410019, 33.272985 ], [ -94.411294, 33.27084 ], [ -94.404694, 33.271196 ], [ -94.403233, 33.270797 ], [ -94.402577, 33.26972 ], [ -94.397753, 33.270606 ], [ -94.397543, 33.26896 ], [ -94.399673, 33.268977 ], [ -94.400984, 33.266446 ], [ -94.400259, 33.265326 ], [ -94.396245, 33.264831 ], [ -94.396434, 33.262497 ], [ -94.395144, 33.261718 ], [ -94.379409, 33.255651 ], [ -94.379063, 33.257598 ], [ -94.377312, 33.258483 ], [ -94.374023, 33.258781 ], [ -94.372794, 33.260177 ], [ -94.370714, 33.259718 ], [ -94.370476, 33.25705 ], [ -94.368673, 33.258011 ], [ -94.368643, 33.260269 ], [ -94.367184, 33.26256 ], [ -94.366349, 33.262866 ], [ -94.364136, 33.261054 ], [ -94.364194, 33.259796 ], [ -94.36242, 33.260353 ], [ -94.363531, 33.262352 ], [ -94.363376, 33.263965 ], [ -94.360901, 33.264918 ], [ -94.357096, 33.263154 ], [ -94.35703, 33.262147 ], [ -94.358996, 33.261186 ], [ -94.359534, 33.25996 ], [ -94.358547, 33.258986 ], [ -94.357502, 33.259043 ], [ -94.354761, 33.260544 ], [ -94.354447, 33.261705 ], [ -94.353237, 33.261293 ], [ -94.352831, 33.259428 ], [ -94.350973, 33.258161 ], [ -94.352244, 33.256647 ], [ -94.349597, 33.254869 ], [ -94.347952, 33.255902 ], [ -94.34656, 33.255561 ], [ -94.345662, 33.253605 ], [ -94.344673, 33.252723 ], [ -94.343308, 33.252737 ], [ -94.342749, 33.254955 ], [ -94.341195, 33.255575 ], [ -94.339567, 33.253673 ], [ -94.336748, 33.254861 ], [ -94.334273, 33.255249 ], [ -94.332827, 33.254145 ], [ -94.331957, 33.256134 ], [ -94.330996, 33.254194 ], [ -94.330018, 33.253694 ], [ -94.327045, 33.254986 ], [ -94.325624, 33.256712 ], [ -94.32458, 33.255381 ], [ -94.325339, 33.253985 ], [ -94.32397, 33.252874 ], [ -94.321918, 33.252988 ], [ -94.319072, 33.250625 ], [ -94.314031, 33.249809 ], [ -94.312033, 33.248793 ], [ -94.307002, 33.250371 ], [ -94.298929, 33.250825 ], [ -94.297211, 33.252042 ], [ -94.297459, 33.253252 ], [ -94.298992, 33.253977 ], [ -94.299038, 33.25517 ], [ -94.297685, 33.255631 ], [ -94.294763, 33.254098 ], [ -94.294247, 33.253059 ], [ -94.294557, 33.251261 ], [ -94.290516, 33.248883 ], [ -94.287625, 33.250414 ], [ -94.287135, 33.251132 ], [ -94.285542, 33.249609 ], [ -94.284443, 33.249391 ], [ -94.283234, 33.250543 ], [ -94.279011, 33.249834 ], [ -94.277825, 33.249229 ], [ -94.278324, 33.248002 ], [ -94.279959, 33.247487 ], [ -94.280687, 33.245632 ], [ -94.278001, 33.24439 ], [ -94.276594, 33.246018 ], [ -94.277415, 33.247842 ], [ -94.276172, 33.248544 ], [ -94.274556, 33.248244 ], [ -94.274308, 33.246906 ], [ -94.2756, 33.245897 ], [ -94.275563, 33.244438 ], [ -94.272819, 33.243589 ], [ -94.271852, 33.244614 ], [ -94.269778, 33.244453 ], [ -94.269308, 33.245671 ], [ -94.270665, 33.246679 ], [ -94.270033, 33.247284 ], [ -94.267663, 33.245856 ], [ -94.267837, 33.243968 ], [ -94.267015, 33.24371 ], [ -94.265885, 33.245339 ], [ -94.264355, 33.245347 ], [ -94.263771, 33.24483 ], [ -94.263658, 33.242491 ], [ -94.265428, 33.24154 ], [ -94.265066, 33.240378 ], [ -94.264033, 33.240434 ], [ -94.262091, 33.24203 ], [ -94.259356, 33.242303 ], [ -94.260839, 33.240513 ], [ -94.260516, 33.239191 ], [ -94.258948, 33.238802 ], [ -94.259313, 33.237046 ], [ -94.2585, 33.237167 ], [ -94.257512, 33.239908 ], [ -94.255587, 33.242261 ], [ -94.253971, 33.242956 ], [ -94.250653, 33.243302 ], [ -94.250549, 33.241867 ], [ -94.246757, 33.24268 ], [ -94.243659, 33.24263 ], [ -94.240598, 33.24299 ], [ -94.238883, 33.242328 ], [ -94.237789, 33.240645 ], [ -94.236368, 33.24053 ], [ -94.234383, 33.241422 ], [ -94.231743, 33.240857 ], [ -94.229365, 33.243028 ], [ -94.229621, 33.243777 ], [ -94.232528, 33.244737 ], [ -94.23495, 33.244819 ], [ -94.234527, 33.246662 ], [ -94.233134, 33.246654 ], [ -94.232597, 33.248223 ], [ -94.23156, 33.247135 ], [ -94.229672, 33.24731 ], [ -94.229775, 33.248227 ], [ -94.231603, 33.249936 ], [ -94.231945, 33.251266 ], [ -94.23312, 33.251717 ], [ -94.231747, 33.253532 ], [ -94.232662, 33.254416 ], [ -94.234509, 33.253242 ], [ -94.236996, 33.254181 ], [ -94.237255, 33.255074 ], [ -94.236065, 33.255958 ], [ -94.237652, 33.256957 ], [ -94.236736, 33.25788 ], [ -94.234173, 33.256659 ], [ -94.233196, 33.257225 ], [ -94.234768, 33.258536 ], [ -94.237454, 33.258713 ], [ -94.239163, 33.25827 ], [ -94.239086, 33.259574 ], [ -94.236996, 33.261856 ], [ -94.23666, 33.263618 ], [ -94.234646, 33.266098 ], [ -94.232739, 33.269913 ], [ -94.235043, 33.271628 ], [ -94.234997, 33.273338 ], [ -94.237179, 33.273086 ], [ -94.240017, 33.273384 ], [ -94.240353, 33.27404 ], [ -94.238644, 33.275978 ], [ -94.237591, 33.276306 ], [ -94.233334, 33.276199 ], [ -94.23222, 33.276587 ], [ -94.232357, 33.278084 ], [ -94.230312, 33.279525 ], [ -94.229138, 33.279297 ], [ -94.228283, 33.277572 ], [ -94.227108, 33.277092 ], [ -94.223293, 33.27758 ], [ -94.225201, 33.281837 ], [ -94.222515, 33.284309 ], [ -94.22041, 33.285697 ], [ -94.220745, 33.287415 ], [ -94.219235, 33.287292 ], [ -94.218899, 33.285645 ], [ -94.217724, 33.284636 ], [ -94.215756, 33.284805 ], [ -94.215099, 33.286803 ], [ -94.217724, 33.287415 ], [ -94.218578, 33.288444 ], [ -94.217861, 33.290152 ], [ -94.218578, 33.291702 ], [ -94.217526, 33.292427 ], [ -94.218517, 33.296936 ], [ -94.216091, 33.296844 ], [ -94.213665, 33.296059 ], [ -94.210587, 33.297017 ], [ -94.20657, 33.297728 ], [ -94.2048, 33.296883 ], [ -94.203228, 33.298102 ], [ -94.203701, 33.299492 ], [ -94.20277, 33.300659 ], [ -94.199031, 33.301079 ], [ -94.199351, 33.299103 ], [ -94.198833, 33.298423 ], [ -94.19601, 33.298561 ], [ -94.192531, 33.297722 ], [ -94.190883, 33.298042 ], [ -94.191081, 33.298706 ], [ -94.193446, 33.300528 ], [ -94.193446, 33.301422 ], [ -94.191218, 33.302788 ], [ -94.191676, 33.303856 ], [ -94.187877, 33.301537 ], [ -94.185573, 33.302422 ], [ -94.186885, 33.304176 ], [ -94.186946, 33.305495 ], [ -94.184398, 33.305061 ], [ -94.182628, 33.303848 ], [ -94.18249, 33.305168 ], [ -94.180919, 33.305672 ], [ -94.17921, 33.304459 ], [ -94.177562, 33.305099 ], [ -94.174876, 33.304298 ], [ -94.175136, 33.302193 ], [ -94.174083, 33.301246 ], [ -94.172908, 33.301475 ], [ -94.171733, 33.303841 ], [ -94.16917, 33.306389 ], [ -94.167857, 33.309257 ], [ -94.166347, 33.311241 ], [ -94.163721, 33.312012 ], [ -94.161417, 33.309029 ], [ -94.15925, 33.30809 ], [ -94.155314, 33.307364 ], [ -94.1542, 33.305435 ], [ -94.151764, 33.304558 ], [ -94.151362, 33.304378 ], [ -94.148639, 33.301754 ], [ -94.144869, 33.30096 ], [ -94.143763, 33.298564 ], [ -94.14035, 33.294376 ], [ -94.139314, 33.293773 ], [ -94.133077, 33.293264 ], [ -94.130474, 33.292608 ], [ -94.12507, 33.292909 ], [ -94.120492, 33.292465 ], [ -94.118264, 33.294128 ], [ -94.119119, 33.295105 ], [ -94.122125, 33.295273 ], [ -94.124291, 33.29676 ], [ -94.124612, 33.29818 ], [ -94.123773, 33.298698 ], [ -94.116815, 33.300452 ], [ -94.115701, 33.299728 ], [ -94.117547, 33.296937 ], [ -94.116235, 33.294457 ], [ -94.114525, 33.294052 ], [ -94.113472, 33.294564 ], [ -94.113472, 33.296388 ], [ -94.112358, 33.298485 ], [ -94.114663, 33.29969 ], [ -94.115899, 33.303168 ], [ -94.115914, 33.305145 ], [ -94.112039, 33.304871 ], [ -94.111062, 33.304367 ], [ -94.109413, 33.302269 ], [ -94.107841, 33.303558 ], [ -94.111383, 33.307564 ], [ -94.111199, 33.30912 ], [ -94.11007, 33.309424 ], [ -94.108438, 33.308104 ], [ -94.103325, 33.305861 ], [ -94.103783, 33.303589 ], [ -94.102531, 33.301965 ], [ -94.10038, 33.297891 ], [ -94.098412, 33.298585 ], [ -94.097694, 33.300683 ], [ -94.099525, 33.30211 ], [ -94.100182, 33.303552 ], [ -94.099525, 33.305748 ], [ -94.098015, 33.306046 ], [ -94.09481, 33.299706 ], [ -94.092903, 33.298364 ], [ -94.090553, 33.299591 ], [ -94.089958, 33.30124 ], [ -94.09127, 33.303903 ], [ -94.090752, 33.305267 ], [ -94.088127, 33.304605 ], [ -94.087074, 33.302346 ], [ -94.084785, 33.302003 ], [ -94.084129, 33.304322 ], [ -94.082619, 33.304558 ], [ -94.082161, 33.302735 ], [ -94.084389, 33.301476 ], [ -94.085442, 33.297784 ], [ -94.088646, 33.297387 ], [ -94.088982, 33.296128 ], [ -94.084983, 33.294632 ], [ -94.083732, 33.293084 ], [ -94.081565, 33.294038 ], [ -94.080649, 33.296777 ], [ -94.081702, 33.29815 ], [ -94.080848, 33.299264 ], [ -94.077903, 33.297776 ], [ -94.075873, 33.294587 ], [ -94.07331, 33.292046 ], [ -94.072333, 33.293199 ], [ -94.072928, 33.295899 ], [ -94.070563, 33.296128 ], [ -94.068854, 33.294739 ], [ -94.0671, 33.294694 ], [ -94.067283, 33.296388 ], [ -94.07154, 33.299087 ], [ -94.071418, 33.300385 ], [ -94.070365, 33.300697 ], [ -94.067939, 33.299751 ], [ -94.065192, 33.297829 ], [ -94.063559, 33.297845 ], [ -94.061591, 33.299867 ], [ -94.060477, 33.297784 ], [ -94.059028, 33.297058 ], [ -94.057395, 33.298318 ], [ -94.056144, 33.298036 ], [ -94.054388, 33.295243 ], [ -94.054052, 33.294023 ], [ -94.055349, 33.293259 ], [ -94.058188, 33.294854 ], [ -94.059363, 33.294137 ], [ -94.058646, 33.292924 ], [ -94.05596, 33.291596 ], [ -94.054113, 33.291215 ], [ -94.051046, 33.287965 ], [ -94.051107, 33.286904 ], [ -94.053991, 33.287087 ], [ -94.055563, 33.286355 ], [ -94.054586, 33.285103 ], [ -94.051565, 33.284829 ], [ -94.050787, 33.284042 ], [ -94.050192, 33.281509 ], [ -94.049017, 33.27987 ], [ -94.049017, 33.278276 ], [ -94.050588, 33.277291 ], [ -94.050329, 33.276283 ], [ -94.04685, 33.274248 ], [ -94.04653, 33.272654 ], [ -94.042990021000193, 33.271243165049398 ], [ -94.042990018153802, 33.271240973994097 ], [ -94.04299, 33.271227 ], [ -94.04305, 33.260904 ], [ -94.043025799519697, 33.255234774445 ], [ -94.043011094160306, 33.251789884156302 ], [ -94.043004, 33.250128 ], [ -94.04273, 33.241823 ], [ -94.042876, 33.215219 ], [ -94.042892, 33.202666 ], [ -94.042875300074698, 33.199835853834998 ], [ -94.042875, 33.199785 ], [ -94.042719, 33.160291 ], [ -94.043185, 33.143476 ], [ -94.043077373275096, 33.138180366519798 ], [ -94.043077, 33.138162 ], [ -94.043007, 33.13389 ], [ -94.042951719382302, 33.117280393665297 ], [ -94.04287, 33.092727 ], [ -94.042953870374404, 33.086036569285802 ], [ -94.043036, 33.079485 ], [ -94.042964, 33.019219 ], [ -94.042986044040205, 33.007907740745502 ], [ -94.043068139265401, 32.965782959345397 ], [ -94.043088, 32.955592 ], [ -94.043067, 32.937903 ], [ -94.043092, 32.910021 ], [ -94.042885, 32.898911 ], [ -94.042859, 32.892771 ], [ -94.0428857174211, 32.881088560255002 ], [ -94.042886, 32.880965 ], [ -94.043025, 32.880446 ], [ -94.042785, 32.871486 ], [ -94.042955897311202, 32.819004215761602 ], [ -94.043026, 32.797476 ], [ -94.042747, 32.786973 ], [ -94.042829, 32.785277 ], [ -94.042938, 32.780558 ], [ -94.043027, 32.776863 ], [ -94.042947, 32.767991 ], [ -94.042974883032599, 32.757540439389103 ], [ -94.043135204709003, 32.697451875061702 ], [ -94.043147, 32.693031 ], [ -94.043146993826696, 32.6930300000381 ], [ -94.042913, 32.655127 ], [ -94.04278, 32.643466 ], [ -94.042824, 32.640305 ], [ -94.042926, 32.622015 ], [ -94.042929, 32.61826 ], [ -94.042919, 32.610142 ], [ -94.042947784193302, 32.602089270887902 ], [ -94.043043299535995, 32.575367688952198 ], [ -94.043083, 32.564261 ], [ -94.043141619015202, 32.559532730618102 ], [ -94.043142, 32.559502 ], [ -94.043084491423301, 32.516239523384698 ], [ -94.043081, 32.513613 ], [ -94.042885, 32.505145 ], [ -94.042911, 32.492852 ], [ -94.043089, 32.486561 ], [ -94.043072, 32.4843 ], [ -94.042955, 32.480261 ], [ -94.042995, 32.478004 ], [ -94.042902, 32.472906 ], [ -94.042875, 32.471348 ], [ -94.042901282504999, 32.470445008222597 ], [ -94.042903, 32.470386 ], [ -94.042904487530393, 32.461313552212502 ], [ -94.042908, 32.439891 ], [ -94.042986, 32.435507 ], [ -94.042985849454197, 32.4354466986006 ], [ -94.042899, 32.400659 ], [ -94.042923, 32.399918 ], [ -94.042901, 32.392283 ], [ -94.086522, 32.383452 ], [ -94.104269, 32.379865 ], [ -94.188519, 32.36277 ], [ -94.224999, 32.355347 ], [ -94.245623, 32.351193 ], [ -94.277189, 32.344938 ], [ -94.347563, 32.330682 ], [ -94.347499, 32.332088 ], [ -94.348693, 32.332323 ], [ -94.350121, 32.32957 ], [ -94.349149, 32.32753 ], [ -94.35064, 32.326583 ], [ -94.353936, 32.328968 ], [ -94.356527, 32.329303 ], [ -94.355734, 32.331705 ], [ -94.357133, 32.334776 ], [ -94.359726, 32.335508 ], [ -94.360897, 32.336942 ], [ -94.360843, 32.339374 ], [ -94.361728, 32.340542 ], [ -94.364387, 32.341174 ], [ -94.366298, 32.342204 ], [ -94.366738, 32.345363 ], [ -94.367808, 32.346302 ], [ -94.369484, 32.346535 ], [ -94.371912, 32.345999 ], [ -94.372721, 32.344952 ], [ -94.371554, 32.341788 ], [ -94.372119, 32.341088 ], [ -94.375004, 32.342047 ], [ -94.378831, 32.342375 ], [ -94.380132, 32.344674 ], [ -94.38217, 32.344908 ], [ -94.382909, 32.345733 ], [ -94.383553, 32.347328 ], [ -94.38218, 32.348324 ], [ -94.379686, 32.348002 ], [ -94.380737, 32.350219 ], [ -94.380919, 32.352436 ], [ -94.382666, 32.354875 ], [ -94.38305, 32.356257 ], [ -94.382824, 32.359082 ], [ -94.383572, 32.363563 ], [ -94.382707, 32.365847 ], [ -94.384578, 32.366803 ], [ -94.385839, 32.3672 ], [ -94.388487, 32.364982 ], [ -94.389986, 32.366437 ], [ -94.389417, 32.367775 ], [ -94.392011, 32.367946 ], [ -94.394571, 32.368756 ], [ -94.395623, 32.368471 ], [ -94.397284, 32.366515 ], [ -94.399977, 32.366631 ], [ -94.401007, 32.368567 ], [ -94.404019, 32.369839 ], [ -94.408212, 32.369354 ], [ -94.409213, 32.371167 ], [ -94.411374, 32.371265 ], [ -94.411692, 32.369786 ], [ -94.409138, 32.368779 ], [ -94.409125, 32.36738 ], [ -94.414077, 32.367923 ], [ -94.416586, 32.36859 ], [ -94.417202, 32.367955 ], [ -94.416334, 32.366124 ], [ -94.417334, 32.364712 ], [ -94.419489, 32.364813 ], [ -94.420788, 32.365482 ], [ -94.421815, 32.367146 ], [ -94.421322, 32.368626 ], [ -94.421993, 32.369542 ], [ -94.427306, 32.367613 ], [ -94.428048, 32.366984 ], [ -94.428125, 32.36393 ], [ -94.429381, 32.36264 ], [ -94.432302, 32.362617 ], [ -94.43695, 32.361518 ], [ -94.438397, 32.361559 ], [ -94.440545, 32.3621 ], [ -94.441145, 32.364474 ], [ -94.44189, 32.365127 ], [ -94.44646, 32.366969 ], [ -94.447028, 32.368298 ], [ -94.44588, 32.369602 ], [ -94.446421, 32.371887 ], [ -94.448568, 32.372177 ], [ -94.452758, 32.369972 ], [ -94.456049, 32.369252 ], [ -94.457537, 32.369608 ], [ -94.45943, 32.371493 ], [ -94.462845, 32.372217 ], [ -94.463968, 32.375364 ], [ -94.464068, 32.376851 ], [ -94.466763, 32.377196 ], [ -94.470743, 32.378429 ], [ -94.472976, 32.378179 ], [ -94.477288, 32.378886 ], [ -94.477544, 32.380252 ], [ -94.476631, 32.381423 ], [ -94.475199, 32.379844 ], [ -94.473901, 32.380177 ], [ -94.475338, 32.382041 ], [ -94.47561, 32.384352 ], [ -94.478072, 32.385368 ], [ -94.478766, 32.386981 ], [ -94.478403, 32.38889 ], [ -94.479877, 32.390598 ], [ -94.481398, 32.389657 ], [ -94.483772, 32.389566 ], [ -94.487059, 32.391526 ], [ -94.489651, 32.392492 ], [ -94.491818, 32.394137 ], [ -94.495234, 32.395193 ], [ -94.498474, 32.394665 ], [ -94.498493, 32.396722 ], [ -94.499876, 32.397805 ], [ -94.501694, 32.397915 ], [ -94.503344, 32.3959 ], [ -94.507153, 32.394553 ], [ -94.507252, 32.391946 ], [ -94.506307, 32.390757 ], [ -94.50724, 32.388723 ], [ -94.508812, 32.389112 ], [ -94.508581, 32.391063 ], [ -94.510204, 32.391142 ], [ -94.512985, 32.39025 ], [ -94.514159, 32.387508 ], [ -94.517011, 32.387562 ], [ -94.518038, 32.388124 ], [ -94.51726, 32.389555 ], [ -94.517869, 32.390457 ], [ -94.520097, 32.39043 ], [ -94.521287, 32.392244 ], [ -94.520786, 32.394235 ], [ -94.522832, 32.395317 ], [ -94.523946, 32.394871 ], [ -94.523813, 32.393341 ], [ -94.525546, 32.392499 ], [ -94.527205, 32.393321 ], [ -94.52787, 32.396176 ], [ -94.526959, 32.397348 ], [ -94.525343, 32.397048 ], [ -94.524943, 32.398457 ], [ -94.527315, 32.399348 ], [ -94.527535, 32.400561 ], [ -94.525805, 32.400957 ], [ -94.525994, 32.402323 ], [ -94.529199, 32.402729 ], [ -94.531211, 32.403421 ], [ -94.532682, 32.403325 ], [ -94.536489, 32.400873 ], [ -94.540587, 32.399388 ], [ -94.542146, 32.399446 ], [ -94.543242, 32.401344 ], [ -94.544619, 32.402498 ], [ -94.546395, 32.403098 ], [ -94.549139, 32.402798 ], [ -94.551044, 32.403707 ], [ -94.550143, 32.405653 ], [ -94.550548, 32.406833 ], [ -94.554417, 32.407625 ], [ -94.555726, 32.4075 ], [ -94.559195, 32.405084 ], [ -94.5626, 32.40099 ], [ -94.565036, 32.399264 ], [ -94.569759, 32.398364 ], [ -94.573922, 32.397023 ], [ -94.579201, 32.394925 ], [ -94.579219, 32.394916 ], [ -94.586342, 32.391951 ], [ -94.588653, 32.391381 ], [ -94.589385, 32.391442 ], [ -94.591119, 32.392215 ], [ -94.594628, 32.395873 ], [ -94.5966, 32.398363 ], [ -94.597801, 32.399205 ], [ -94.599837, 32.399836 ], [ -94.604144, 32.399391 ], [ -94.608256, 32.397846 ], [ -94.617317, 32.397556 ], [ -94.620843, 32.398535 ], [ -94.625093, 32.398391 ], [ -94.629375, 32.398762 ], [ -94.632202, 32.398644 ], [ -94.636652, 32.397835 ], [ -94.641305, 32.398104 ], [ -94.645865, 32.399506 ], [ -94.648669, 32.401169 ], [ -94.653585, 32.402701 ], [ -94.654148, 32.40567 ], [ -94.656496, 32.406142 ], [ -94.657975, 32.407431 ], [ -94.658333, 32.408946 ], [ -94.660584, 32.410456 ], [ -94.664679, 32.410781 ], [ -94.666733, 32.410035 ], [ -94.667441, 32.40908 ], [ -94.668961, 32.408979 ], [ -94.669179, 32.409912 ], [ -94.667923, 32.412741 ], [ -94.669109, 32.413072 ], [ -94.670719, 32.411813 ], [ -94.671813, 32.41199 ], [ -94.673942, 32.413509 ], [ -94.673789, 32.416307 ], [ -94.672143, 32.417875 ], [ -94.672337, 32.418682 ], [ -94.673505, 32.417359 ], [ -94.674718, 32.417304 ], [ -94.67597, 32.41872 ], [ -94.67289, 32.420059 ], [ -94.671847, 32.420998 ], [ -94.67192, 32.42182 ], [ -94.676589, 32.42438 ], [ -94.680483, 32.4248 ], [ -94.684295, 32.427161 ], [ -94.686597, 32.426968 ], [ -94.689197, 32.42582 ], [ -94.690389, 32.425801 ], [ -94.691674, 32.427243 ], [ -94.692944, 32.427442 ], [ -94.700565, 32.423475 ], [ -94.701986, 32.421782 ], [ -94.702195, 32.452408 ], [ -94.70215, 32.456126 ], [ -94.701971, 32.467694 ], [ -94.702097, 32.472168 ] ] ] } },
{ "type": "Feature", "properties": { "FederalDivisionName": "McAllen", "FederalJudicialDistrict": "Southern" }, "geometry": { "type": "Polygon", "coordinates": [ [ [ -98.077753, 26.781798 ], [ -98.077276, 26.781749 ], [ -97.985494, 26.780917 ], [ -97.985303, 26.615809 ], [ -97.957405, 26.611769 ], [ -97.964423, 26.568751 ], [ -97.968087, 26.568919 ], [ -97.968657, 26.5622 ], [ -97.968244, 26.560175 ], [ -97.96876, 26.55398 ], [ -97.970067, 26.552253 ], [ -97.96884, 26.551355 ], [ -97.963912, 26.5335 ], [ -97.980479, 26.53599 ], [ -97.984367, 26.536578 ], [ -97.992285, 26.491308 ], [ -97.996514, 26.49191 ], [ -98.004189, 26.448784 ], [ -98.000378, 26.448222 ], [ -97.925943, 26.437457 ], [ -97.924445, 26.437407 ], [ -97.922664, 26.437047 ], [ -97.908296, 26.434908 ], [ -97.908273, 26.433243 ], [ -97.890307, 26.433308 ], [ -97.872384, 26.433535 ], [ -97.862227, 26.433579 ], [ -97.861822, 26.385778 ], [ -97.861875, 26.371241 ], [ -97.861875, 26.348156 ], [ -97.861881, 26.307617 ], [ -97.861897, 26.259014 ], [ -97.86191, 26.233605 ], [ -97.861913, 26.230051 ], [ -97.862097, 26.171837 ], [ -97.861876, 26.161082 ], [ -97.861843, 26.159621 ], [ -97.861808, 26.157775 ], [ -97.861782, 26.156518 ], [ -97.861688, 26.151956 ], [ -97.861876, 26.149485 ], [ -97.861874, 26.135469 ], [ -97.861875, 26.129972 ], [ -97.861875, 26.084383 ], [ -97.861791, 26.070125 ], [ -97.861666115959807, 26.069783317266101 ], [ -97.863325, 26.069177 ], [ -97.865701, 26.063953 ], [ -97.868606, 26.057156 ], [ -97.870744, 26.057598 ], [ -97.872237, 26.059723 ], [ -97.873814, 26.062137 ], [ -97.876935, 26.064582 ], [ -97.881278, 26.065631 ], [ -97.885389, 26.066187 ], [ -97.887411, 26.066749 ], [ -97.888435, 26.064868 ], [ -97.888393, 26.062428 ], [ -97.891318, 26.0605 ], [ -97.893652, 26.060171 ], [ -97.899904, 26.061218 ], [ -97.905403, 26.059503 ], [ -97.909862, 26.056864 ], [ -97.913882, 26.056539 ], [ -97.917994, 26.057902 ], [ -97.921388, 26.057768 ], [ -97.921755546859899, 26.057569494082699 ], [ -97.92523, 26.055693 ], [ -97.927981, 26.055906 ], [ -97.930137, 26.061111 ], [ -97.931397, 26.06342 ], [ -97.932153, 26.064477 ], [ -97.933924, 26.064834 ], [ -97.936238, 26.063756 ], [ -97.936967, 26.061926 ], [ -97.935502, 26.059304 ], [ -97.932868, 26.057308 ], [ -97.931801, 26.055944 ], [ -97.932383, 26.054324 ], [ -97.93542, 26.052688 ], [ -97.938778, 26.054324 ], [ -97.944345, 26.059621 ], [ -97.946999151963993, 26.0606397327625 ], [ -97.950095, 26.061828 ], [ -97.954551, 26.061182 ], [ -97.957001, 26.059963 ], [ -97.958988, 26.057274 ], [ -97.964342, 26.053117 ], [ -97.967358, 26.051718 ], [ -97.971818, 26.054831 ], [ -97.975045, 26.05816 ], [ -97.978769, 26.059708 ], [ -97.979966, 26.063886 ], [ -97.979869, 26.066002 ], [ -97.981335, 26.067182 ], [ -97.984254, 26.066525 ], [ -97.986894, 26.06583 ], [ -97.988121, 26.06464 ], [ -97.989463, 26.060395 ], [ -97.991493, 26.058585 ], [ -97.993553, 26.059197 ], [ -97.994693, 26.060722 ], [ -97.996494, 26.063302 ], [ -97.998689, 26.06472 ], [ -98.001262, 26.06499 ], [ -98.003516, 26.064453 ], [ -98.005919, 26.063293 ], [ -98.007909198564107, 26.0607299403108 ], [ -98.009949, 26.058103 ], [ -98.011833, 26.05602 ], [ -98.013031, 26.056395 ], [ -98.012428, 26.058316 ], [ -98.011013, 26.060922 ], [ -98.010918, 26.06297 ], [ -98.011932, 26.065859 ], [ -98.014233, 26.066022 ], [ -98.01547, 26.062371 ], [ -98.016675, 26.060662 ], [ -98.020382, 26.058762 ], [ -98.022275, 26.059789 ], [ -98.023533, 26.062423 ], [ -98.024872, 26.064944 ], [ -98.026355, 26.066544 ], [ -98.028759, 26.06647 ], [ -98.030132, 26.065673 ], [ -98.032097, 26.063237 ], [ -98.033102, 26.061039 ], [ -98.034115, 26.057556 ], [ -98.034372, 26.054291 ], [ -98.034403, 26.051375 ], [ -98.035178, 26.049219 ], [ -98.0376, 26.045259 ], [ -98.038241, 26.042647 ], [ -98.039239, 26.041275 ], [ -98.044116, 26.04355 ], [ -98.047027, 26.044377 ], [ -98.053546, 26.044556 ], [ -98.061868, 26.046464 ], [ -98.064893, 26.04479 ], [ -98.070145, 26.037969 ], [ -98.073242, 26.036481 ], [ -98.07662, 26.036415 ], [ -98.07875, 26.039156 ], [ -98.080003, 26.04196 ], [ -98.07366, 26.043142 ], [ -98.070857, 26.045947 ], [ -98.070021, 26.047992 ], [ -98.070025, 26.051466 ], [ -98.071257, 26.055433 ], [ -98.075073, 26.059871 ], [ -98.076336320374295, 26.0668883968583 ], [ -98.076544, 26.068042 ], [ -98.080495, 26.070932 ], [ -98.084755, 26.070808 ], [ -98.085849, 26.069208 ], [ -98.081567, 26.066108 ], [ -98.081884, 26.063724 ], [ -98.091038, 26.059169 ], [ -98.094432, 26.058625 ], [ -98.097643, 26.060271 ], [ -98.102203, 26.065426 ], [ -98.105505, 26.067537 ], [ -98.119758, 26.064447 ], [ -98.123996, 26.062375 ], [ -98.128331, 26.061929 ], [ -98.130776, 26.063689 ], [ -98.131014, 26.066843 ], [ -98.128964, 26.070238 ], [ -98.128367, 26.072399 ], [ -98.129333, 26.073963 ], [ -98.130004948004597, 26.074036693510902 ], [ -98.131494, 26.0742 ], [ -98.133485, 26.073498 ], [ -98.135221, 26.072148 ], [ -98.136804, 26.067862 ], [ -98.136976, 26.061703 ], [ -98.141122, 26.054387 ], [ -98.144787, 26.049607 ], [ -98.147398, 26.049483 ], [ -98.149463, 26.051579 ], [ -98.149463, 26.055813 ], [ -98.151731, 26.058187 ], [ -98.153526, 26.058108 ], [ -98.155609, 26.056648 ], [ -98.156682, 26.054979 ], [ -98.159262, 26.053743 ], [ -98.16188, 26.054539 ], [ -98.162489, 26.056096 ], [ -98.158334, 26.06058 ], [ -98.158422, 26.0627 ], [ -98.160733, 26.064231 ], [ -98.16655, 26.062356 ], [ -98.168829, 26.062987 ], [ -98.170140761057695, 26.0663931256789 ], [ -98.171598, 26.070177 ], [ -98.173976, 26.073063 ], [ -98.176296, 26.075075 ], [ -98.177534, 26.075023 ], [ -98.179376, 26.073784 ], [ -98.180197, 26.071688 ], [ -98.180059, 26.068179 ], [ -98.179829, 26.064961 ], [ -98.177785, 26.063728 ], [ -98.17654, 26.06162 ], [ -98.177875, 26.060017 ], [ -98.179406, 26.06001 ], [ -98.181032, 26.061482 ], [ -98.184322, 26.063917 ], [ -98.18649, 26.064294 ], [ -98.18906, 26.063258 ], [ -98.190006, 26.058093 ], [ -98.191547, 26.054984 ], [ -98.192305, 26.053453 ], [ -98.193985, 26.053324 ], [ -98.196572, 26.054138 ], [ -98.199446, 26.056862 ], [ -98.203600440355402, 26.0640625778885 ], [ -98.20496, 26.066419 ], [ -98.205093165780895, 26.066499862512799 ], [ -98.207366, 26.06788 ], [ -98.211395, 26.068513 ], [ -98.213584, 26.069753 ], [ -98.215214, 26.072416 ], [ -98.216832, 26.074437 ], [ -98.220673, 26.076467 ], [ -98.230097, 26.077155 ], [ -98.243682, 26.073745 ], [ -98.246305, 26.07229 ], [ -98.248737, 26.072042 ], [ -98.250957, 26.074089 ], [ -98.251934, 26.079215 ], [ -98.256413, 26.081288 ], [ -98.260780276084105, 26.083360145497299 ], [ -98.26317, 26.084494 ], [ -98.265394, 26.087011 ], [ -98.266082, 26.089907 ], [ -98.268423, 26.093167 ], [ -98.271151081900598, 26.094914895566799 ], [ -98.271859456249103, 26.095368754515501 ], [ -98.277218, 26.098802 ], [ -98.283008766478403, 26.100675218394301 ], [ -98.283584583622996, 26.100861485837601 ], [ -98.284291, 26.10109 ], [ -98.286476, 26.102292 ], [ -98.288199906894505, 26.104820508412601 ], [ -98.288535, 26.105312 ], [ -98.286925, 26.106732 ], [ -98.284771, 26.10725 ], [ -98.281187, 26.10773 ], [ -98.277422618006497, 26.107000370900799 ], [ -98.275811, 26.106688 ], [ -98.272605, 26.106237 ], [ -98.270034, 26.10709 ], [ -98.270435850669202, 26.108066150860399 ], [ -98.271798, 26.111375 ], [ -98.271292179820705, 26.113711014563801 ], [ -98.271185, 26.114206 ], [ -98.269144, 26.115965 ], [ -98.26639, 26.116697 ], [ -98.265373, 26.11869 ], [ -98.266258, 26.120722 ], [ -98.26854, 26.120613 ], [ -98.270235, 26.119355 ], [ -98.272319, 26.116741 ], [ -98.274646, 26.115944 ], [ -98.276964107001305, 26.116502244330199 ], [ -98.279139, 26.117026 ], [ -98.287779, 26.119682 ], [ -98.2921, 26.120646 ], [ -98.296195, 26.120321 ], [ -98.299003, 26.118415 ], [ -98.299549320882406, 26.117411766753701 ], [ -98.299944, 26.116687 ], [ -98.301464464137396, 26.113229630015802 ], [ -98.302131, 26.111714 ], [ -98.302801, 26.109945 ], [ -98.302339, 26.107682 ], [ -98.300364, 26.105601 ], [ -98.298179, 26.10501 ], [ -98.297859, 26.103778 ], [ -98.298819, 26.102594 ], [ -98.302803, 26.102354 ], [ -98.306515, 26.10429 ], [ -98.3090110824579, 26.111554311747799 ], [ -98.309636, 26.113373 ], [ -98.3106, 26.114991 ], [ -98.311037430541404, 26.1151618207948 ], [ -98.313171, 26.115995 ], [ -98.316275, 26.116197 ], [ -98.317973522463802, 26.1169053200062 ], [ -98.32027, 26.117863 ], [ -98.323828, 26.121249 ], [ -98.335204, 26.137617 ], [ -98.335396, 26.139825 ], [ -98.334196, 26.141313 ], [ -98.327412, 26.142129 ], [ -98.32706, 26.143809 ], [ -98.328082, 26.144656 ], [ -98.332068, 26.145377 ], [ -98.334763, 26.145958 ], [ -98.3369, 26.147505 ], [ -98.33842, 26.151344 ], [ -98.337648, 26.153825 ], [ -98.33517, 26.156091 ], [ -98.333316, 26.1588 ], [ -98.333156, 26.162336 ], [ -98.334725, 26.165559 ], [ -98.336837, 26.166432 ], [ -98.33914, 26.166724 ], [ -98.342568, 26.167159 ], [ -98.345781, 26.166016 ], [ -98.347258, 26.164463 ], [ -98.348517, 26.160848 ], [ -98.348742, 26.154892 ], [ -98.349253, 26.152592 ], [ -98.350437, 26.151568 ], [ -98.352341, 26.15112 ], [ -98.353909, 26.152096 ], [ -98.356701, 26.156305 ], [ -98.358453, 26.161024 ], [ -98.357477, 26.167648 ], [ -98.358069, 26.170112 ], [ -98.359836, 26.172285 ], [ -98.362159, 26.172244 ], [ -98.364901, 26.169888 ], [ -98.3666, 26.168782 ], [ -98.367092, 26.166848 ], [ -98.366077, 26.165 ], [ -98.365033, 26.163318 ], [ -98.364702, 26.160891 ], [ -98.365029, 26.159156 ], [ -98.367237, 26.15768 ], [ -98.36907, 26.157093 ], [ -98.370911691363503, 26.157260514260301 ], [ -98.372885, 26.15744 ], [ -98.375726, 26.157263 ], [ -98.379062, 26.157056 ], [ -98.383924, 26.1566 ], [ -98.386487422291594, 26.157943414485501 ], [ -98.387206, 26.15832 ], [ -98.390118, 26.163264 ], [ -98.392038, 26.166576 ], [ -98.394278, 26.168592 ], [ -98.398646, 26.170896 ], [ -98.401542, 26.171648 ], [ -98.402745, 26.173259 ], [ -98.402249, 26.179523 ], [ -98.404433, 26.182564 ], [ -98.407467, 26.183404 ], [ -98.411003, 26.183564 ], [ -98.41812, 26.184648 ], [ -98.424279, 26.190879 ], [ -98.429495, 26.194095 ], [ -98.434055, 26.195903 ], [ -98.442536, 26.199151 ], [ -98.444376, 26.201407 ], [ -98.444504, 26.203743 ], [ -98.44356, 26.205727 ], [ -98.439203, 26.210923 ], [ -98.438822, 26.21422 ], [ -98.439322968322699, 26.216050690399602 ], [ -98.440251, 26.219442 ], [ -98.443406, 26.223653 ], [ -98.446658, 26.224389 ], [ -98.449305, 26.223307 ], [ -98.452957, 26.219983 ], [ -98.4536878396746, 26.2184558880735 ], [ -98.454342, 26.217089 ], [ -98.455242283827502, 26.217682965033902 ], [ -98.456367, 26.218425 ], [ -98.456724, 26.222883 ], [ -98.458402, 26.225317 ], [ -98.460689, 26.226064 ], [ -98.462714, 26.225802 ], [ -98.462965175249707, 26.225616000835899 ], [ -98.466167, 26.223245 ], [ -98.470365, 26.220702 ], [ -98.477789, 26.22019 ], [ -98.481582, 26.219379 ], [ -98.483269, 26.216439 ], [ -98.482918, 26.213867 ], [ -98.481241, 26.212174 ], [ -98.479049, 26.209367 ], [ -98.478161, 26.206513 ], [ -98.477961, 26.203647 ], [ -98.478425, 26.202255 ], [ -98.480361, 26.201311 ], [ -98.48274, 26.201644 ], [ -98.482815, 26.204035 ], [ -98.481751, 26.205967 ], [ -98.482021, 26.208588 ], [ -98.48375, 26.211628 ], [ -98.486988, 26.212923 ], [ -98.490138, 26.213177 ], [ -98.495133, 26.212128 ], [ -98.500333, 26.20975 ], [ -98.504072, 26.208798 ], [ -98.50608, 26.209019 ], [ -98.507332, 26.210171 ], [ -98.507105, 26.211675 ], [ -98.503859, 26.217451 ], [ -98.500916, 26.222211 ], [ -98.501547, 26.223077 ], [ -98.502908, 26.223486 ], [ -98.506343, 26.224135 ], [ -98.508284, 26.22528 ], [ -98.508691006137994, 26.225489049274199 ], [ -98.511623, 26.226995 ], [ -98.514847, 26.227218 ], [ -98.519058, 26.224939 ], [ -98.521918, 26.221574 ], [ -98.523414, 26.220894 ], [ -98.524787, 26.221878 ], [ -98.526366, 26.224684 ], [ -98.526625, 26.226219 ], [ -98.525956, 26.228662 ], [ -98.521788, 26.23253 ], [ -98.521814, 26.235642 ], [ -98.524456, 26.235565 ], [ -98.526904, 26.232837 ], [ -98.529503, 26.227727 ], [ -98.531592, 26.226544 ], [ -98.53408, 26.225604 ], [ -98.535578, 26.226002 ], [ -98.537109, 26.227721 ], [ -98.538017, 26.231331 ], [ -98.540914, 26.237147 ], [ -98.543549, 26.242436 ], [ -98.545328, 26.244536 ], [ -98.55172, 26.246304 ], [ -98.552214096701505, 26.2464629842192 ], [ -98.555409, 26.247491 ], [ -98.557349, 26.247482 ], [ -98.558816, 26.245932 ], [ -98.558197, 26.243979 ], [ -98.552335, 26.241192 ], [ -98.549822, 26.241161 ], [ -98.547567, 26.241371 ], [ -98.546023, 26.2392 ], [ -98.546005, 26.236889 ], [ -98.547343, 26.234647 ], [ -98.550145, 26.233502 ], [ -98.551157205559605, 26.2333350568213 ], [ -98.55408, 26.232853 ], [ -98.557587, 26.231042 ], [ -98.559181, 26.226274 ], [ -98.561701, 26.224811 ], [ -98.563414, 26.22534 ], [ -98.564953, 26.226912 ], [ -98.564257, 26.232852 ], [ -98.564329957020306, 26.233429943868401 ], [ -98.564985, 26.238619 ], [ -98.565351235428196, 26.2393161981819 ], [ -98.565961, 26.240477 ], [ -98.567645, 26.241566 ], [ -98.571006, 26.240471 ], [ -98.574106, 26.238585 ], [ -98.576643, 26.233834 ], [ -98.57839, 26.23384 ], [ -98.579966, 26.234995 ], [ -98.581103, 26.237881 ], [ -98.58392, 26.242023 ], [ -98.58512, 26.243716 ], [ -98.584674, 26.24545 ], [ -98.579958, 26.24943 ], [ -98.579546, 26.251716 ], [ -98.580112, 26.253648 ], [ -98.582917, 26.256472 ], [ -98.5865199903579, 26.257518330821298 ], [ -98.587545, 26.257816 ], [ -98.591377, 26.257563 ], [ -98.596334, 26.257972 ], [ -98.600049, 26.257265 ], [ -98.602978, 26.256056 ], [ -98.607545, 26.253782 ], [ -98.609624, 26.253268 ], [ -98.612913, 26.252727 ], [ -98.614799, 26.247727 ], [ -98.616128, 26.246795 ], [ -98.616475196900097, 26.246799271315101 ], [ -98.617266, 26.246809 ], [ -98.618272, 26.247768 ], [ -98.618816, 26.25035 ], [ -98.619519, 26.254659 ], [ -98.621654, 26.258774 ], [ -98.622947, 26.259654 ], [ -98.624759, 26.259221 ], [ -98.627709, 26.255763 ], [ -98.630622, 26.253595 ], [ -98.632436, 26.251682 ], [ -98.63306, 26.248668 ], [ -98.633399, 26.244358 ], [ -98.63418, 26.242612 ], [ -98.636253, 26.241866 ], [ -98.640339, 26.24195 ], [ -98.644404, 26.24123 ], [ -98.648528, 26.239481 ], [ -98.651573, 26.237239 ], [ -98.654221, 26.23596 ], [ -98.66198, 26.235246 ], [ -98.669397, 26.23632 ], [ -98.675206, 26.239989 ], [ -98.679042, 26.245554 ], [ -98.679522, 26.250679 ], [ -98.677766, 26.255568 ], [ -98.678524508269604, 26.258428950654501 ], [ -98.678958, 26.260064 ], [ -98.681167, 26.26271 ], [ -98.683757, 26.264393 ], [ -98.687156, 26.26512 ], [ -98.693613, 26.26489 ], [ -98.698856, 26.265619 ], [ -98.710942, 26.268692 ], [ -98.718412, 26.271417 ], [ -98.719885, 26.272705 ], [ -98.720181, 26.274507 ], [ -98.719508, 26.276242 ], [ -98.717792, 26.277624 ], [ -98.712157, 26.278977 ], [ -98.703226, 26.27717 ], [ -98.701159, 26.278023 ], [ -98.699943, 26.280005 ], [ -98.700452, 26.283005 ], [ -98.7018, 26.286163 ], [ -98.705049, 26.288206 ], [ -98.706474891667597, 26.288531662525401 ], [ -98.709353, 26.289189 ], [ -98.714802, 26.286077 ], [ -98.718218, 26.287253 ], [ -98.719907, 26.291052 ], [ -98.721853, 26.294789 ], [ -98.724135, 26.297054 ], [ -98.727765, 26.29877 ], [ -98.731056, 26.299103 ], [ -98.733666, 26.298692 ], [ -98.73608, 26.297866 ], [ -98.739153, 26.295555 ], [ -98.741513, 26.294122 ], [ -98.744008, 26.294251 ], [ -98.750202, 26.295694 ], [ -98.753081, 26.299853 ], [ -98.754805, 26.30172 ], [ -98.756123, 26.304249 ], [ -98.755566, 26.306338 ], [ -98.754216, 26.307928 ], [ -98.750353, 26.307657 ], [ -98.744323, 26.303422 ], [ -98.740419, 26.302777 ], [ -98.737692, 26.304418 ], [ -98.736224, 26.307649 ], [ -98.736312, 26.31024 ], [ -98.737457, 26.31245 ], [ -98.738305, 26.313831 ], [ -98.740563, 26.31479 ], [ -98.743477, 26.314897 ], [ -98.746167, 26.317381 ], [ -98.748223, 26.320582 ], [ -98.749184, 26.324272 ], [ -98.749232644324394, 26.325247617397899 ], [ -98.749469, 26.329988 ], [ -98.751021, 26.331833 ], [ -98.753776, 26.331666 ], [ -98.756606, 26.330981 ], [ -98.759855, 26.328648 ], [ -98.764007, 26.326473 ], [ -98.76824, 26.325308 ], [ -98.771327515023899, 26.3251426421491 ], [ -98.771937, 26.32511 ], [ -98.774906, 26.32534 ], [ -98.779912, 26.326542 ], [ -98.788165, 26.330094 ], [ -98.789822, 26.331575 ], [ -98.78813, 26.33565 ], [ -98.78809, 26.337327 ], [ -98.790062, 26.34052 ], [ -98.793073, 26.343515 ], [ -98.796252, 26.349104 ], [ -98.797629, 26.354211 ], [ -98.797865937094599, 26.356635330581199 ], [ -98.798211, 26.360166 ], [ -98.802238, 26.365456 ], [ -98.802469825836198, 26.365669567876601 ], [ -98.805006, 26.368006 ], [ -98.807348, 26.369421 ], [ -98.812928, 26.366309 ], [ -98.81507, 26.366478 ], [ -98.816622, 26.367733 ], [ -98.819438, 26.370461 ], [ -98.820452, 26.371002 ], [ -98.824571, 26.370715 ], [ -98.826346948478104, 26.369681399249298 ], [ -98.827382, 26.369079 ], [ -98.832909, 26.363338 ], [ -98.841562, 26.358943 ], [ -98.845703, 26.35893 ], [ -98.846822, 26.359501 ], [ -98.848972, 26.360796 ], [ -98.850608, 26.363674 ], [ -98.853248984550802, 26.3649432155892 ], [ -98.853415, 26.365023 ], [ -98.857278, 26.365904 ], [ -98.861354, 26.36599 ], [ -98.864709, 26.365261 ], [ -98.867314, 26.363778 ], [ -98.872862, 26.36172 ], [ -98.878494, 26.360694 ], [ -98.887098, 26.357688 ], [ -98.896734, 26.35333 ], [ -98.898362, 26.354745 ], [ -98.900494, 26.35853 ], [ -98.900993, 26.361385 ], [ -98.899697, 26.365823 ], [ -98.900126, 26.368121 ], [ -98.901035113260406, 26.370689313902499 ], [ -98.901108149168905, 26.370895645882499 ], [ -98.901115, 26.370915 ], [ -98.903175, 26.371964 ], [ -98.911058, 26.371767 ], [ -98.915694, 26.373429 ], [ -98.919342, 26.376704 ], [ -98.922305, 26.379508 ], [ -98.923862, 26.38294 ], [ -98.923692, 26.386282 ], [ -98.923959, 26.388804 ], [ -98.923803, 26.392087 ], [ -98.92467, 26.393326 ], [ -98.926863, 26.394471 ], [ -98.927584631555604, 26.394163130015698 ], [ -98.928703, 26.393686 ], [ -98.931741, 26.390518 ], [ -98.934509, 26.387736 ], [ -98.935841, 26.3843 ], [ -98.935808, 26.382745 ], [ -98.934307, 26.377464 ], [ -98.934696, 26.374093 ], [ -98.936164, 26.371533 ], [ -98.938669, 26.369744 ], [ -98.942152, 26.369687 ], [ -98.946694, 26.370003 ], [ -98.950288, 26.372366 ], [ -98.956128, 26.377561 ], [ -98.955984, 26.379466 ], [ -98.954653, 26.38133 ], [ -98.953316, 26.384747 ], [ -98.953108478550206, 26.3900251641731 ], [ -98.953042, 26.391716 ], [ -98.954089, 26.393903 ], [ -98.954570584168295, 26.394280864781599 ], [ -98.956392, 26.39571 ], [ -98.961377, 26.398046 ], [ -98.964768, 26.398845 ], [ -98.968619, 26.398983 ], [ -98.973187, 26.400841 ], [ -98.975227, 26.40114 ], [ -98.976191087168601, 26.400841393276298 ], [ -98.979153, 26.399924 ], [ -98.982019, 26.396833 ], [ -98.982385257743104, 26.396486257743099 ], [ -98.983256727077801, 26.395661223325 ], [ -98.984424452756897, 26.3945557181308 ], [ -98.986298, 26.392782 ], [ -98.98859, 26.391806 ], [ -98.991181, 26.391621 ], [ -98.998214, 26.39244 ], [ -99.000849, 26.392418 ], [ -99.003674, 26.393698 ], [ -99.005749, 26.393199 ], [ -99.009505, 26.392152 ], [ -99.01165, 26.392496 ], [ -99.013174, 26.394122 ], [ -99.014562, 26.396375 ], [ -99.015329, 26.398592 ], [ -99.016748, 26.401361 ], [ -99.017495754128205, 26.402303945778399 ], [ -99.018856631206901, 26.404020062410702 ], [ -99.021935, 26.407902 ], [ -99.024165, 26.409367 ], [ -99.025256764640901, 26.4097711281768 ], [ -99.026283, 26.410151 ], [ -99.03172, 26.412964 ], [ -99.032318368474904, 26.413057252229901 ], [ -99.037187, 26.413816 ], [ -99.041241, 26.412266 ], [ -99.045466, 26.409816 ], [ -99.047575, 26.406922 ], [ -99.04997, 26.405259 ], [ -99.053185, 26.402006 ], [ -99.062093, 26.397371 ], [ -99.064166, 26.397168 ], [ -99.069041, 26.397639 ], [ -99.07284, 26.396906 ], [ -99.076165, 26.396762 ], [ -99.079736, 26.397158 ], [ -99.082002, 26.39651 ], [ -99.085126, 26.398782 ], [ -99.089413, 26.4081 ], [ -99.091029, 26.409333 ], [ -99.094783, 26.410953 ], [ -99.096348, 26.412337 ], [ -99.099021, 26.416617 ], [ -99.101274, 26.418829 ], [ -99.104515, 26.421517 ], [ -99.106064, 26.423452 ], [ -99.108411, 26.425082 ], [ -99.110855, 26.426278 ], [ -99.113546, 26.43253 ], [ -99.113808, 26.434002 ], [ -99.113163, 26.43518 ], [ -99.1089, 26.436948 ], [ -99.106702, 26.437966 ], [ -99.104518, 26.439734 ], [ -99.102543, 26.44244 ], [ -99.102445, 26.443831 ], [ -99.102359, 26.447981 ], [ -99.100822, 26.450212 ], [ -99.100647, 26.451918 ], [ -99.099966, 26.454375 ], [ -99.100357, 26.458748 ], [ -99.099091, 26.461857 ], [ -99.096912, 26.464589 ], [ -99.093618, 26.4683 ], [ -99.091976, 26.472376 ], [ -99.091635, 26.476977 ], [ -99.095479, 26.481678 ], [ -99.096638, 26.484415 ], [ -99.105031, 26.500335 ], [ -99.111992, 26.507381 ], [ -99.113065, 26.509473 ], [ -99.117207, 26.51465 ], [ -99.119127, 26.517118 ], [ -99.12151, 26.518345 ], [ -99.127782, 26.525199 ], [ -99.13531, 26.526197 ], [ -99.138555, 26.527641 ], [ -99.143659, 26.527901 ], [ -99.162302, 26.534946 ], [ -99.166742, 26.536079 ], [ -99.170704, 26.540316 ], [ -99.171748, 26.543706 ], [ -99.171404, 26.549848 ], [ -99.169665, 26.553928 ], [ -99.168551, 26.555277 ], [ -99.167998, 26.55779 ], [ -99.16741, 26.560001 ], [ -99.169463966400798, 26.571673559573998 ], [ -99.09139, 26.622797 ], [ -99.058415, 26.644189 ], [ -99.051848, 26.648073 ], [ -99.033527, 26.660503 ], [ -99.022316, 26.66711 ], [ -99.016376, 26.671048 ], [ -99.011112, 26.675023 ], [ -98.95423, 26.785694 ], [ -98.8753, 26.785394 ], [ -98.874718, 26.785494 ], [ -98.85127, 26.785335 ], [ -98.824297, 26.785207 ], [ -98.814183, 26.784771 ], [ -98.809551, 26.784916 ], [ -98.808875, 26.785146 ], [ -98.642932, 26.78413 ], [ -98.508875, 26.783695 ], [ -98.502256, 26.783832 ], [ -98.422616, 26.783535 ], [ -98.32067, 26.783081 ], [ -98.077753, 26.781798 ] ] ] } },
{ "type": "Feature", "properties": { "FederalDivisionName": "Midland-Odessa", "FederalJudicialDistrict": "Western" }, "geometry": { "type": "Polygon", "coordinates": [ [ [ -101.775654, 31.363379 ], [ -101.775381, 31.36064 ], [ -101.775544, 31.125154 ], [ -101.775808, 31.122899 ], [ -101.776191, 31.079784 ], [ -101.919909, 31.081488 ], [ -101.921246, 31.08158 ], [ -102.000409, 31.082373 ], [ -102.009444, 31.082669 ], [ -102.048242, 31.08316 ], [ -102.301212, 31.086212 ], [ -102.388804, 31.087156 ], [ -102.392251, 31.088198 ], [ -102.395512, 31.086732 ], [ -102.398827, 31.088203 ], [ -102.399427, 31.086262 ], [ -102.403959, 31.087605 ], [ -102.406153, 31.08787 ], [ -102.404184, 31.090277 ], [ -102.406424, 31.089933 ], [ -102.405828, 31.091663 ], [ -102.40674, 31.092395 ], [ -102.40655, 31.094911 ], [ -102.409691, 31.095108 ], [ -102.410894, 31.095949 ], [ -102.410109, 31.096808 ], [ -102.41166, 31.098014 ], [ -102.410676, 31.098961 ], [ -102.410906, 31.100654 ], [ -102.412685, 31.102598 ], [ -102.414028, 31.103107 ], [ -102.413154, 31.104219 ], [ -102.414621, 31.105163 ], [ -102.415927, 31.108018 ], [ -102.414136, 31.10803 ], [ -102.413601, 31.108916 ], [ -102.415883, 31.110437 ], [ -102.415805, 31.111806 ], [ -102.417342, 31.111368 ], [ -102.417375, 31.113286 ], [ -102.419918, 31.116265 ], [ -102.420143, 31.118208 ], [ -102.421618, 31.117101 ], [ -102.421587, 31.11857 ], [ -102.423046, 31.119647 ], [ -102.425144, 31.119466 ], [ -102.425655, 31.121935 ], [ -102.427219, 31.122373 ], [ -102.428144, 31.123928 ], [ -102.428292, 31.125824 ], [ -102.426867, 31.126221 ], [ -102.428182, 31.128533 ], [ -102.430127, 31.129058 ], [ -102.427439, 31.131228 ], [ -102.427781, 31.132169 ], [ -102.425519, 31.134249 ], [ -102.426681, 31.135521 ], [ -102.425294, 31.136973 ], [ -102.426058, 31.138429 ], [ -102.426706, 31.137007 ], [ -102.430157, 31.138656 ], [ -102.427631, 31.139059 ], [ -102.428557, 31.141582 ], [ -102.427258, 31.142496 ], [ -102.42931, 31.143603 ], [ -102.429751, 31.146618 ], [ -102.426215, 31.146371 ], [ -102.425921, 31.148039 ], [ -102.424196, 31.147609 ], [ -102.422872, 31.149248 ], [ -102.423834, 31.149807 ], [ -102.424411, 31.151725 ], [ -102.425629, 31.152198 ], [ -102.424664, 31.155016 ], [ -102.42344, 31.155821 ], [ -102.423283, 31.158109 ], [ -102.423847, 31.16027 ], [ -102.425052, 31.159186 ], [ -102.425936, 31.159766 ], [ -102.425716, 31.162003 ], [ -102.423451, 31.163316 ], [ -102.425273, 31.163615 ], [ -102.425805, 31.166493 ], [ -102.427862, 31.1665 ], [ -102.42774, 31.168096 ], [ -102.425852, 31.171294 ], [ -102.426214, 31.172706 ], [ -102.427451, 31.171714 ], [ -102.42865, 31.1738 ], [ -102.430101, 31.174249 ], [ -102.430217, 31.175375 ], [ -102.428744, 31.174641 ], [ -102.426548, 31.177712 ], [ -102.425107, 31.17816 ], [ -102.42567, 31.179771 ], [ -102.427205, 31.180021 ], [ -102.427576, 31.181431 ], [ -102.428936, 31.181919 ], [ -102.429444, 31.183249 ], [ -102.428186, 31.186071 ], [ -102.428545, 31.189325 ], [ -102.4295, 31.191185 ], [ -102.431199, 31.192214 ], [ -102.429595, 31.193279 ], [ -102.430123, 31.193918 ], [ -102.433055, 31.193759 ], [ -102.43187, 31.195682 ], [ -102.432131, 31.19672 ], [ -102.433834, 31.195573 ], [ -102.436107, 31.197356 ], [ -102.438508, 31.197747 ], [ -102.43802, 31.20079 ], [ -102.437155, 31.202336 ], [ -102.438022, 31.204807 ], [ -102.439746, 31.205579 ], [ -102.440476, 31.207229 ], [ -102.439121, 31.208031 ], [ -102.44081, 31.20899 ], [ -102.43992, 31.209929 ], [ -102.441851, 31.209692 ], [ -102.442183, 31.212774 ], [ -102.443641, 31.212518 ], [ -102.446683, 31.214662 ], [ -102.446958, 31.212842 ], [ -102.447866, 31.213556 ], [ -102.45015, 31.213326 ], [ -102.451647, 31.215299 ], [ -102.451475, 31.216443 ], [ -102.452909, 31.216221 ], [ -102.452469, 31.217668 ], [ -102.454414, 31.219136 ], [ -102.45294, 31.220019 ], [ -102.455729, 31.222107 ], [ -102.456207, 31.223643 ], [ -102.457234, 31.222585 ], [ -102.458057, 31.22357 ], [ -102.459124, 31.222042 ], [ -102.460181, 31.222668 ], [ -102.461367, 31.221616 ], [ -102.462948, 31.222039 ], [ -102.462553, 31.218903 ], [ -102.464362, 31.217878 ], [ -102.465393, 31.218891 ], [ -102.467178, 31.218548 ], [ -102.469258, 31.219703 ], [ -102.46851, 31.220581 ], [ -102.465957, 31.219504 ], [ -102.465439, 31.220664 ], [ -102.466963, 31.221218 ], [ -102.466397, 31.222194 ], [ -102.468694, 31.223431 ], [ -102.465491, 31.226215 ], [ -102.467568, 31.226924 ], [ -102.468945, 31.228336 ], [ -102.46995, 31.227842 ], [ -102.472379, 31.228422 ], [ -102.47248, 31.226736 ], [ -102.473383, 31.227182 ], [ -102.474012, 31.229451 ], [ -102.476482, 31.229248 ], [ -102.477608, 31.231871 ], [ -102.479254, 31.233351 ], [ -102.481629, 31.233874 ], [ -102.48214, 31.235903 ], [ -102.483822, 31.23542 ], [ -102.484027, 31.237528 ], [ -102.486049, 31.238006 ], [ -102.485767, 31.235566 ], [ -102.487452, 31.236004 ], [ -102.488764, 31.234341 ], [ -102.488564, 31.235791 ], [ -102.490101, 31.235134 ], [ -102.491102, 31.235638 ], [ -102.489655, 31.238006 ], [ -102.491008, 31.24071 ], [ -102.49384, 31.24038 ], [ -102.494041, 31.241525 ], [ -102.495506, 31.242206 ], [ -102.495835, 31.243538 ], [ -102.497194, 31.244217 ], [ -102.496098, 31.244887 ], [ -102.498265, 31.246236 ], [ -102.500396, 31.246201 ], [ -102.500359, 31.245132 ], [ -102.501902, 31.245813 ], [ -102.498978, 31.24756 ], [ -102.50223, 31.248915 ], [ -102.501899, 31.250675 ], [ -102.503231, 31.251284 ], [ -102.502299, 31.252975 ], [ -102.504184, 31.252876 ], [ -102.506679, 31.253978 ], [ -102.506965, 31.256625 ], [ -102.50889, 31.257183 ], [ -102.509233, 31.258488 ], [ -102.511191, 31.258466 ], [ -102.511156, 31.2595 ], [ -102.515158, 31.258877 ], [ -102.515165, 31.260472 ], [ -102.519139, 31.26104 ], [ -102.520365, 31.262565 ], [ -102.521483, 31.262588 ], [ -102.52257, 31.260599 ], [ -102.523063, 31.262698 ], [ -102.524406, 31.261874 ], [ -102.525313, 31.262449 ], [ -102.528579, 31.261774 ], [ -102.529976, 31.262108 ], [ -102.53134, 31.260956 ], [ -102.533161, 31.260727 ], [ -102.533692, 31.262193 ], [ -102.53493, 31.262196 ], [ -102.536165, 31.263427 ], [ -102.536213, 31.265343 ], [ -102.538102, 31.263889 ], [ -102.538237, 31.265474 ], [ -102.541002, 31.265713 ], [ -102.540573, 31.26721 ], [ -102.541741, 31.267269 ], [ -102.54217, 31.26594 ], [ -102.543503, 31.265088 ], [ -102.544306, 31.267311 ], [ -102.545623, 31.266344 ], [ -102.547703, 31.267344 ], [ -102.549296, 31.265744 ], [ -102.550358, 31.265791 ], [ -102.551225, 31.267546 ], [ -102.549433, 31.267924 ], [ -102.549641, 31.268988 ], [ -102.553267, 31.268446 ], [ -102.556723, 31.268642 ], [ -102.557934, 31.267783 ], [ -102.560599, 31.267573 ], [ -102.562424, 31.269008 ], [ -102.564497, 31.269267 ], [ -102.564054, 31.270865 ], [ -102.565965, 31.27116 ], [ -102.567042, 31.272675 ], [ -102.566359, 31.270165 ], [ -102.567308, 31.269769 ], [ -102.569393, 31.2708 ], [ -102.570919, 31.269983 ], [ -102.574953, 31.272627 ], [ -102.576108, 31.271371 ], [ -102.576134, 31.269415 ], [ -102.57493, 31.268983 ], [ -102.575784, 31.267735 ], [ -102.578091, 31.269619 ], [ -102.577346, 31.271024 ], [ -102.578943, 31.271745 ], [ -102.579844, 31.267736 ], [ -102.581594, 31.267298 ], [ -102.582058, 31.26558 ], [ -102.580194, 31.263857 ], [ -102.580455, 31.263054 ], [ -102.581422, 31.263034 ], [ -102.582395, 31.264956 ], [ -102.583318, 31.265214 ], [ -102.584047, 31.264683 ], [ -102.583891, 31.26288 ], [ -102.586157, 31.263288 ], [ -102.587771, 31.260238 ], [ -102.588705, 31.260289 ], [ -102.589287, 31.262059 ], [ -102.588877, 31.263527 ], [ -102.591624, 31.264138 ], [ -102.591766, 31.265282 ], [ -102.594076, 31.26735 ], [ -102.59529, 31.266343 ], [ -102.59613, 31.263987 ], [ -102.5969, 31.264847 ], [ -102.596597, 31.266568 ], [ -102.597852, 31.265854 ], [ -102.599566, 31.266176 ], [ -102.600677, 31.267097 ], [ -102.600198, 31.268226 ], [ -102.598748, 31.268601 ], [ -102.599323, 31.270427 ], [ -102.601629, 31.270054 ], [ -102.601283, 31.272021 ], [ -102.603144, 31.270584 ], [ -102.60412, 31.271087 ], [ -102.604359, 31.273416 ], [ -102.603355, 31.274071 ], [ -102.602728, 31.276055 ], [ -102.604491, 31.276434 ], [ -102.605083, 31.279228 ], [ -102.60618, 31.279002 ], [ -102.608688, 31.28042 ], [ -102.607142, 31.281685 ], [ -102.609045, 31.281517 ], [ -102.610278, 31.283446 ], [ -102.608088, 31.283919 ], [ -102.608596, 31.286082 ], [ -102.612552, 31.284567 ], [ -102.616804, 31.28582 ], [ -102.617074, 31.287714 ], [ -102.616377, 31.289386 ], [ -102.619094, 31.289677 ], [ -102.62048, 31.289112 ], [ -102.621987, 31.289809 ], [ -102.622117, 31.291111 ], [ -102.623598, 31.29232 ], [ -102.628955, 31.291026 ], [ -102.631115, 31.292416 ], [ -102.632037, 31.2939 ], [ -102.63412, 31.293427 ], [ -102.635712, 31.293917 ], [ -102.636225, 31.295381 ], [ -102.637907, 31.296377 ], [ -102.635571, 31.298108 ], [ -102.636844, 31.299208 ], [ -102.637007, 31.301291 ], [ -102.635151, 31.305029 ], [ -102.638015, 31.304873 ], [ -102.639894, 31.306498 ], [ -102.640208, 31.308116 ], [ -102.641703, 31.307329 ], [ -102.642135, 31.308423 ], [ -102.641008, 31.309682 ], [ -102.646287, 31.313581 ], [ -102.648229, 31.313509 ], [ -102.647842, 31.315527 ], [ -102.650082, 31.314085 ], [ -102.65061, 31.312474 ], [ -102.652728, 31.312775 ], [ -102.655154, 31.315676 ], [ -102.656689, 31.313533 ], [ -102.658478, 31.314619 ], [ -102.660772, 31.314335 ], [ -102.66198, 31.315902 ], [ -102.66385, 31.315367 ], [ -102.665419, 31.314054 ], [ -102.664387, 31.316935 ], [ -102.664388, 31.321336 ], [ -102.666224, 31.325136 ], [ -102.667909, 31.326819 ], [ -102.670288, 31.326992 ], [ -102.671522, 31.328208 ], [ -102.673244, 31.328105 ], [ -102.676104, 31.330084 ], [ -102.677247, 31.329272 ], [ -102.676333, 31.327157 ], [ -102.67889, 31.32645 ], [ -102.679914, 31.325349 ], [ -102.681677, 31.325162 ], [ -102.683287, 31.323294 ], [ -102.686524, 31.322166 ], [ -102.688719, 31.322086 ], [ -102.688918, 31.321007 ], [ -102.690602, 31.319997 ], [ -102.695853, 31.318753 ], [ -102.698964, 31.31611 ], [ -102.701357, 31.314586 ], [ -102.703452, 31.314659 ], [ -102.70647, 31.312045 ], [ -102.708332, 31.31113 ], [ -102.709994, 31.312536 ], [ -102.711607, 31.312292 ], [ -102.711787, 31.310357 ], [ -102.714904, 31.310019 ], [ -102.717745, 31.310793 ], [ -102.719026, 31.309032 ], [ -102.721905, 31.309675 ], [ -102.723055, 31.307126 ], [ -102.724875, 31.308418 ], [ -102.726076, 31.304619 ], [ -102.729445, 31.30306 ], [ -102.72878, 31.301554 ], [ -102.726744, 31.300043 ], [ -102.728935, 31.299977 ], [ -102.729348, 31.301103 ], [ -102.730676, 31.300643 ], [ -102.73059, 31.299251 ], [ -102.729354, 31.298797 ], [ -102.729972, 31.29779 ], [ -102.732142, 31.298402 ], [ -102.732054, 31.295617 ], [ -102.729185, 31.295264 ], [ -102.729181, 31.294107 ], [ -102.73216, 31.292975 ], [ -102.732595, 31.292129 ], [ -102.731403, 31.289347 ], [ -102.729976, 31.287703 ], [ -102.730463, 31.287211 ], [ -102.731491, 31.286492 ], [ -102.734984, 31.285591 ], [ -102.736891, 31.285638 ], [ -102.737558, 31.283748 ], [ -102.739244, 31.282596 ], [ -102.742082, 31.283179 ], [ -102.742316, 31.28481 ], [ -102.744492, 31.282908 ], [ -102.743225, 31.281564 ], [ -102.744331, 31.281358 ], [ -102.746454, 31.282554 ], [ -102.749497, 31.281776 ], [ -102.750532, 31.280372 ], [ -102.753248, 31.279151 ], [ -102.754796, 31.280199 ], [ -102.756894, 31.283254 ], [ -102.757053, 31.284996 ], [ -102.755154, 31.284813 ], [ -102.754401, 31.285672 ], [ -102.75599, 31.286724 ], [ -102.756487, 31.288258 ], [ -102.755132, 31.290422 ], [ -102.757636, 31.28992 ], [ -102.755688, 31.291253 ], [ -102.760148, 31.293131 ], [ -102.761748, 31.294495 ], [ -102.762548, 31.293022 ], [ -102.76459, 31.29421 ], [ -102.767365, 31.293803 ], [ -102.767562, 31.361601 ], [ -102.767502, 31.432791 ], [ -102.767382, 31.51568 ], [ -102.767427, 31.624486 ], [ -102.767533, 31.625179 ], [ -102.767687, 31.638548 ], [ -102.767246, 31.651714 ], [ -102.798939, 31.651783 ], [ -102.798381, 31.863573 ], [ -102.799086, 32.085795 ], [ -102.801559, 32.087153 ], [ -102.866486, 32.087145 ], [ -103.064344, 32.087051 ], [ -103.064348, 32.123041 ], [ -103.064422, 32.145006 ], [ -103.064513353785003, 32.270763153746202 ], [ -103.064559766108005, 32.334654120030898 ], [ -103.064695803863998, 32.5219230001425 ], [ -103.064696, 32.522193 ], [ -103.00047, 32.522875 ], [ -102.99628, 32.523154 ], [ -102.613521, 32.523153 ], [ -102.498863, 32.522985 ], [ -102.476311, 32.523329 ], [ -102.473262, 32.522923 ], [ -102.37544, 32.523109 ], [ -102.371534, 32.523371 ], [ -102.211037, 32.523244 ], [ -102.202703, 32.523271 ], [ -101.89383, 32.524323 ], [ -101.753158, 32.525166 ], [ -101.752487, 32.52517 ], [ -101.721478, 32.525179 ], [ -101.717103, 32.525173 ], [ -101.716726, 32.525128 ], [ -101.713558, 32.52521 ], [ -101.711646, 32.52532 ], [ -101.68874, 32.525222 ], [ -101.691853, 32.300048 ], [ -101.691866, 32.299196 ], [ -101.692269, 32.271062 ], [ -101.692342, 32.265213 ], [ -101.692441, 32.250119 ], [ -101.692545, 32.249274 ], [ -101.693448, 32.196112 ], [ -101.695011, 32.087532 ], [ -101.776085, 32.086925 ], [ -101.775878, 31.907452 ], [ -101.775886, 31.828203 ], [ -101.775802, 31.651319 ], [ -101.775654, 31.363379 ] ] ] } },
{ "type": "Feature", "properties": { "FederalDivisionName": "Pecos", "FederalJudicialDistrict": "Western" }, "geometry": { "type": "Polygon", "coordinates": [ [ [ -102.479952, 29.990655 ], [ -102.47726, 29.9893 ], [ -102.320703761477006, 29.8788549124151 ], [ -102.3246, 29.873105 ], [ -102.323185, 29.867395 ], [ -102.323463, 29.863917 ], [ -102.32532, 29.862929 ], [ -102.327815, 29.862661 ], [ -102.331567, 29.862806 ], [ -102.332891, 29.865443 ], [ -102.333384, 29.868046 ], [ -102.341033, 29.869305 ], [ -102.342244, 29.868187 ], [ -102.342128, 29.866924 ], [ -102.344551, 29.864682 ], [ -102.349861, 29.862317 ], [ -102.350671, 29.855403 ], [ -102.351951, 29.853115 ], [ -102.353471, 29.851967 ], [ -102.357734, 29.850547 ], [ -102.361236, 29.84913 ], [ -102.364542, 29.845387 ], [ -102.362514, 29.833156 ], [ -102.365117, 29.826965 ], [ -102.369522, 29.820395 ], [ -102.372558, 29.811195 ], [ -102.374339, 29.806417 ], [ -102.377254, 29.800163 ], [ -102.377313, 29.789971 ], [ -102.379379, 29.787762 ], [ -102.381756, 29.786898 ], [ -102.385053, 29.78585 ], [ -102.388554, 29.78361 ], [ -102.389674, 29.782601 ], [ -102.389736, 29.780908 ], [ -102.387263, 29.778473 ], [ -102.385408, 29.773398 ], [ -102.385134, 29.77147 ], [ -102.385455, 29.769242 ], [ -102.386861, 29.765731 ], [ -102.386361, 29.762412 ], [ -102.388323, 29.761266 ], [ -102.389993, 29.762228 ], [ -102.39079, 29.763668 ], [ -102.391791, 29.7661 ], [ -102.393931, 29.768689 ], [ -102.397619, 29.769642 ], [ -102.399712, 29.769003 ], [ -102.402188, 29.766981 ], [ -102.404537, 29.765181 ], [ -102.408183, 29.765011 ], [ -102.409769, 29.764717 ], [ -102.411108, 29.76641 ], [ -102.411731, 29.767725 ], [ -102.413289, 29.768269 ], [ -102.415445, 29.769418 ], [ -102.417545, 29.769591 ], [ -102.421474, 29.769258 ], [ -102.423319, 29.770237 ], [ -102.425297, 29.772577 ], [ -102.429275, 29.77453 ], [ -102.431439, 29.775205 ], [ -102.433301, 29.776608 ], [ -102.435106, 29.776758 ], [ -102.436597, 29.775743 ], [ -102.437736, 29.773896 ], [ -102.439297, 29.773259 ], [ -102.446315, 29.777424 ], [ -102.450082, 29.777171 ], [ -102.455615, 29.774722 ], [ -102.458269, 29.774775 ], [ -102.459274, 29.776034 ], [ -102.463036, 29.782054 ], [ -102.464819, 29.783133 ], [ -102.46643, 29.783646 ], [ -102.467968, 29.782531 ], [ -102.469728, 29.780796 ], [ -102.471314, 29.777078 ], [ -102.473233, 29.776018 ], [ -102.476153, 29.775977 ], [ -102.480257, 29.776011 ], [ -102.482027, 29.777357 ], [ -102.481579, 29.782441 ], [ -102.484262, 29.785076 ], [ -102.487252, 29.786585 ], [ -102.489977, 29.785395 ], [ -102.494728, 29.783053 ], [ -102.497566, 29.781789 ], [ -102.499602, 29.781433 ], [ -102.506048, 29.78237 ], [ -102.515839, 29.784298 ], [ -102.517531, 29.783955 ], [ -102.518185, 29.782309 ], [ -102.519433, 29.780448 ], [ -102.518345, 29.77889 ], [ -102.514798, 29.775497 ], [ -102.511517, 29.774565 ], [ -102.510571, 29.773178 ], [ -102.511323, 29.770258 ], [ -102.513103, 29.769089 ], [ -102.513381, 29.76576 ], [ -102.520026, 29.761009 ], [ -102.524962, 29.759068 ], [ -102.531724, 29.756349 ], [ -102.535744, 29.753611 ], [ -102.539003, 29.749911 ], [ -102.542384, 29.747098 ], [ -102.547108, 29.745445 ], [ -102.548261, 29.744596 ], [ -102.550704, 29.745191 ], [ -102.553433, 29.748089 ], [ -102.554864, 29.749086 ], [ -102.555127, 29.751329 ], [ -102.554408, 29.753769 ], [ -102.555184, 29.755862 ], [ -102.557228, 29.757545 ], [ -102.559343, 29.760377 ], [ -102.561754, 29.76609 ], [ -102.565544, 29.769628 ], [ -102.565529, 29.770724 ], [ -102.567663, 29.771463 ], [ -102.569467, 29.771378 ], [ -102.570964, 29.770501 ], [ -102.571815, 29.768964 ], [ -102.573629, 29.768202 ], [ -102.574041, 29.765008 ], [ -102.573087, 29.759739 ], [ -102.572101, 29.756726 ], [ -102.574139, 29.754773 ], [ -102.576353, 29.754302 ], [ -102.579225, 29.755372 ], [ -102.582585, 29.753522 ], [ -102.58538, 29.750897 ], [ -102.588492, 29.749332 ], [ -102.593482, 29.749497 ], [ -102.595143, 29.750929 ], [ -102.59716, 29.751608 ], [ -102.603889, 29.750255 ], [ -102.606108, 29.748858 ], [ -102.60858, 29.748249 ], [ -102.610346, 29.74777 ], [ -102.612879, 29.748182 ], [ -102.61537, 29.746146 ], [ -102.616605, 29.743725 ], [ -102.622534, 29.736632 ], [ -102.630151, 29.734315 ], [ -102.639104, 29.733506 ], [ -102.645665, 29.73391 ], [ -102.661252, 29.736123 ], [ -102.66564, 29.737708 ], [ -102.667443, 29.739641 ], [ -102.667524, 29.741963 ], [ -102.667391, 29.744659 ], [ -102.669034, 29.746106 ], [ -102.672818, 29.74437 ], [ -102.673997, 29.744574 ], [ -102.67578, 29.743077 ], [ -102.677371, 29.741349 ], [ -102.677192, 29.738261 ], [ -102.678987, 29.73402 ], [ -102.681534, 29.72838 ], [ -102.683194, 29.726902 ], [ -102.685062, 29.726867 ], [ -102.688164, 29.722487 ], [ -102.690532, 29.722673 ], [ -102.691373, 29.721372 ], [ -102.690651, 29.71543 ], [ -102.690238, 29.707482 ], [ -102.689147, 29.70494 ], [ -102.694374, 29.700969 ], [ -102.696853, 29.698848 ], [ -102.698347, 29.695591 ], [ -102.699317, 29.685029 ], [ -102.696385, 29.682619 ], [ -102.693466, 29.676507 ], [ -102.697408, 29.671634 ], [ -102.70096, 29.672513 ], [ -102.704083, 29.67134 ], [ -102.708942, 29.666517 ], [ -102.711283, 29.660467 ], [ -102.712904, 29.658043 ], [ -102.71775, 29.654439 ], [ -102.721347, 29.652607 ], [ -102.722828, 29.651427 ], [ -102.72574, 29.651417 ], [ -102.725217, 29.649673 ], [ -102.724208, 29.647587 ], [ -102.72517, 29.64451 ], [ -102.727209, 29.6422 ], [ -102.729784, 29.640652 ], [ -102.73451, 29.642143 ], [ -102.736948, 29.641538 ], [ -102.737581, 29.63875 ], [ -102.742185, 29.63251 ], [ -102.741415, 29.629348 ], [ -102.739282, 29.62613 ], [ -102.738428, 29.621929 ], [ -102.738803, 29.613214 ], [ -102.738768, 29.609367 ], [ -102.739183, 29.607207 ], [ -102.740446, 29.605096 ], [ -102.741565, 29.602828 ], [ -102.739991, 29.599041 ], [ -102.741927, 29.595983 ], [ -102.74434, 29.593559 ], [ -102.746202, 29.592875 ], [ -102.749695, 29.595085 ], [ -102.757066, 29.597799 ], [ -102.761886, 29.598643 ], [ -102.765786, 29.597524 ], [ -102.768341, 29.594734 ], [ -102.767425, 29.591896 ], [ -102.765764, 29.588896 ], [ -102.762241, 29.579449 ], [ -102.763792, 29.575069 ], [ -102.766124, 29.572348 ], [ -102.767627, 29.571798 ], [ -102.769877, 29.573729 ], [ -102.772254, 29.573895 ], [ -102.773961, 29.573084 ], [ -102.773897, 29.569659 ], [ -102.773565, 29.566569 ], [ -102.774869, 29.564292 ], [ -102.777284, 29.561472 ], [ -102.777728, 29.559672 ], [ -102.777531, 29.556497 ], [ -102.775725, 29.552189 ], [ -102.771429, 29.548546 ], [ -102.773752, 29.547173 ], [ -102.776065, 29.547245 ], [ -102.777294, 29.546276 ], [ -102.778119, 29.544205 ], [ -102.780266, 29.542466 ], [ -102.783332, 29.541918 ], [ -102.789266, 29.543679 ], [ -102.791452, 29.542824 ], [ -102.793027, 29.539946 ], [ -102.791589, 29.536224 ], [ -102.791782, 29.533764 ], [ -102.792567, 29.532444 ], [ -102.796321, 29.530692 ], [ -102.797702, 29.52847 ], [ -102.798443, 29.526667 ], [ -102.802978, 29.524541 ], [ -102.808692, 29.522319 ], [ -102.808441, 29.518975 ], [ -102.80648, 29.515761 ], [ -102.807223, 29.512324 ], [ -102.806825, 29.509914 ], [ -102.806561, 29.507012 ], [ -102.807474, 29.503851 ], [ -102.806388, 29.502887 ], [ -102.804468, 29.501593 ], [ -102.804485, 29.500062 ], [ -102.805617, 29.497164 ], [ -102.806742, 29.495535 ], [ -102.807327, 29.494009 ], [ -102.804874, 29.490353 ], [ -102.802654, 29.488317 ], [ -102.800673, 29.486235 ], [ -102.803538, 29.484052 ], [ -102.807361, 29.483531 ], [ -102.811585, 29.483692 ], [ -102.813954, 29.482806 ], [ -102.814385, 29.4799 ], [ -102.815343, 29.476657 ], [ -102.815374, 29.474444 ], [ -102.813997, 29.471401 ], [ -102.815754, 29.470998 ], [ -102.817027, 29.46894 ], [ -102.818391, 29.466827 ], [ -102.821442, 29.465331 ], [ -102.823105, 29.463299 ], [ -102.823725, 29.460481 ], [ -102.825102, 29.45859 ], [ -102.825254, 29.456905 ], [ -102.825469, 29.455117 ], [ -102.82446, 29.453469 ], [ -102.823689, 29.452023 ], [ -102.822021, 29.452016 ], [ -102.820341, 29.451508 ], [ -102.819611, 29.450944 ], [ -102.820931, 29.44986 ], [ -102.823691468218001, 29.4485892090125 ], [ -102.827552, 29.446812 ], [ -102.829886, 29.445504 ], [ -102.83097, 29.444267 ], [ -102.830865, 29.441635 ], [ -102.831827, 29.438652 ], [ -102.831441, 29.435912 ], [ -102.831196, 29.433759 ], [ -102.832539, 29.433109 ], [ -102.830613, 29.427518 ], [ -102.829636, 29.426269 ], [ -102.828572, 29.423584 ], [ -102.826925, 29.4177 ], [ -102.828101, 29.416041 ], [ -102.830856, 29.413569 ], [ -102.832268, 29.411616 ], [ -102.833261, 29.410976 ], [ -102.833251, 29.409291 ], [ -102.831213, 29.408214 ], [ -102.827876, 29.407743 ], [ -102.826414, 29.407453 ], [ -102.826522, 29.406341 ], [ -102.825727, 29.404186 ], [ -102.826085, 29.402746 ], [ -102.824621, 29.402603 ], [ -102.823438, 29.403312 ], [ -102.819003, 29.403599 ], [ -102.8168, 29.402927 ], [ -102.813676, 29.402326 ], [ -102.812362, 29.401443 ], [ -102.812666, 29.400173 ], [ -102.814501, 29.398035 ], [ -102.816347, 29.397061 ], [ -102.819116, 29.39811 ], [ -102.822112, 29.397927 ], [ -102.825612, 29.396946 ], [ -102.830157, 29.390328 ], [ -102.83252, 29.388922 ], [ -102.833199, 29.387415 ], [ -102.833297, 29.385476 ], [ -102.833958, 29.379816 ], [ -102.834712, 29.378492 ], [ -102.838825, 29.3777 ], [ -102.841587, 29.377195 ], [ -102.844365, 29.375379 ], [ -102.845194, 29.373669 ], [ -102.844981, 29.36924 ], [ -102.845421, 29.365214 ], [ -102.843876, 29.363527 ], [ -102.841772, 29.362823 ], [ -102.83992, 29.361599 ], [ -102.839375, 29.358922 ], [ -102.843021, 29.357988 ], [ -102.846163, 29.357363 ], [ -102.85184, 29.355035 ], [ -102.856661, 29.353603 ], [ -102.860582, 29.351534 ], [ -102.871857, 29.352093 ], [ -102.874774, 29.353022 ], [ -102.876802, 29.354664 ], [ -102.878019, 29.354538 ], [ -102.879534, 29.353327 ], [ -102.881586, 29.351566 ], [ -102.884364, 29.347729 ], [ -102.88388, 29.34599 ], [ -102.881113, 29.342652 ], [ -102.879805, 29.338755 ], [ -102.88493, 29.325075 ], [ -102.88499, 29.322133 ], [ -102.88445, 29.320678 ], [ -102.88525, 29.320147 ], [ -102.886859, 29.319343 ], [ -102.888249, 29.315232 ], [ -102.887544, 29.313217 ], [ -102.887594, 29.311267 ], [ -102.88928, 29.310073 ], [ -102.890489, 29.309499 ], [ -102.892971, 29.309151 ], [ -102.892635, 29.305885 ], [ -102.890123, 29.302415 ], [ -102.88911, 29.297752 ], [ -102.888328, 29.291947 ], [ -102.891022, 29.287113 ], [ -102.894348, 29.286225 ], [ -102.896514, 29.284831 ], [ -102.897544, 29.281992 ], [ -102.899606, 29.280468 ], [ -102.901335, 29.280757 ], [ -102.902605, 29.279441 ], [ -102.903105, 29.27676 ], [ -102.902153, 29.274644 ], [ -102.900117, 29.272323 ], [ -102.899263, 29.269485 ], [ -102.902249, 29.26482 ], [ -102.904794, 29.263903 ], [ -102.906382, 29.262055 ], [ -102.906296, 29.260011 ], [ -102.905543, 29.257074 ], [ -102.903189, 29.254029 ], [ -102.900322, 29.253964 ], [ -102.898528, 29.254421 ], [ -102.896626, 29.254114 ], [ -102.893634, 29.250262 ], [ -102.891279, 29.248045 ], [ -102.887902, 29.245612 ], [ -102.881135, 29.246022 ], [ -102.874388, 29.243552 ], [ -102.871347, 29.241625 ], [ -102.870614, 29.237045 ], [ -102.871525, 29.232744 ], [ -102.87035, 29.230941 ], [ -102.868818, 29.230565 ], [ -102.866762, 29.227744 ], [ -102.866846, 29.225015 ], [ -102.868468, 29.222879 ], [ -102.874169, 29.218597 ], [ -102.877286, 29.217087 ], [ -102.87802, 29.214698 ], [ -102.884903, 29.211602 ], [ -102.889446, 29.210156 ], [ -102.893924, 29.208664 ], [ -102.899231, 29.208863 ], [ -102.901876, 29.213266 ], [ -102.905735, 29.21598 ], [ -102.908787, 29.219337 ], [ -102.912324, 29.219418 ], [ -102.914944, 29.217476 ], [ -102.916222, 29.215 ], [ -102.915554, 29.211342 ], [ -102.912448, 29.206255 ], [ -102.913623, 29.204384 ], [ -102.913503, 29.202014 ], [ -102.914854, 29.199914 ], [ -102.917513, 29.199294 ], [ -102.918246606560999, 29.198751150125499 ], [ -102.919059, 29.19815 ], [ -102.918535, 29.195035 ], [ -102.917263, 29.192594 ], [ -102.917805, 29.190697 ], [ -102.921169, 29.1916 ], [ -102.925482, 29.193723 ], [ -102.932975, 29.194508 ], [ -102.935891, 29.191119 ], [ -102.937749, 29.188534 ], [ -102.940221, 29.189218 ], [ -102.941209, 29.191223 ], [ -102.943765, 29.191165 ], [ -102.944911, 29.18882 ], [ -102.945184, 29.185032 ], [ -102.947156, 29.180777 ], [ -102.949933, 29.179993 ], [ -102.95089, 29.176835 ], [ -102.950592, 29.173731 ], [ -102.952786, 29.17394 ], [ -102.954273, 29.176104 ], [ -102.955649, 29.178149 ], [ -102.961046, 29.179631 ], [ -102.96576, 29.18235 ], [ -102.970726, 29.184114 ], [ -102.973241, 29.185657 ], [ -102.977266, 29.186226 ], [ -102.981607, 29.185584 ], [ -102.985195, 29.183463 ], [ -102.989432, 29.183174 ], [ -102.994653, 29.17962 ], [ -102.996319, 29.178265 ], [ -102.998001, 29.175653 ], [ -102.998096, 29.172676 ], [ -102.996993, 29.170479 ], [ -102.995858, 29.164524 ], [ -102.995688, 29.161219 ], [ -102.999448, 29.156096 ], [ -103.002434, 29.150261 ], [ -103.008362, 29.148293 ], [ -103.008797, 29.137569 ], [ -103.011018, 29.137052 ], [ -103.013915, 29.135914 ], [ -103.015651, 29.133995 ], [ -103.014479, 29.130445 ], [ -103.012171, 29.128703 ], [ -103.012395, 29.125845 ], [ -103.013655, 29.125054 ], [ -103.015028, 29.12577 ], [ -103.020154, 29.125793 ], [ -103.022856, 29.123505 ], [ -103.02403, 29.119753 ], [ -103.027592, 29.116021 ], [ -103.032719, 29.115168 ], [ -103.035986, 29.113962 ], [ -103.03703, 29.112579 ], [ -103.036117, 29.11078 ], [ -103.032185, 29.106994 ], [ -103.032583, 29.104136 ], [ -103.03334, 29.101893 ], [ -103.03603, 29.098736 ], [ -103.039319, 29.097044 ], [ -103.044815, 29.09545 ], [ -103.047329, 29.095853 ], [ -103.048729, 29.097417 ], [ -103.052646, 29.099746 ], [ -103.054654, 29.100637 ], [ -103.05867, 29.095814 ], [ -103.064254, 29.091451 ], [ -103.066418, 29.091635 ], [ -103.068632, 29.093281 ], [ -103.070434, 29.093656 ], [ -103.071986, 29.092725 ], [ -103.0761, 29.091323 ], [ -103.080107, 29.08687 ], [ -103.07663, 29.07977 ], [ -103.076847, 29.076059 ], [ -103.078963, 29.07374 ], [ -103.085196, 29.069486 ], [ -103.087425, 29.067108 ], [ -103.085387, 29.058598 ], [ -103.0859, 29.053736 ], [ -103.090311, 29.053755 ], [ -103.091902, 29.057814 ], [ -103.091565, 29.063059 ], [ -103.091769, 29.064128 ], [ -103.0933, 29.064856 ], [ -103.09548, 29.064727 ], [ -103.097405, 29.060555 ], [ -103.100134, 29.060675 ], [ -103.100266, 29.0577 ], [ -103.100363, 29.051875 ], [ -103.101356, 29.048996 ], [ -103.103969, 29.04637 ], [ -103.105868, 29.042454 ], [ -103.10634, 29.037621 ], [ -103.103465, 29.032661 ], [ -103.100651, 29.03091 ], [ -103.097848, 29.027036 ], [ -103.101608, 29.018123 ], [ -103.107811, 29.013812 ], [ -103.117238, 29.000209 ], [ -103.116048, 28.994607 ], [ -103.113922, 28.988547 ], [ -103.115328, 28.98527 ], [ -103.118833, 28.983709 ], [ -103.122991, 28.984434 ], [ -103.126748, 28.982124 ], [ -103.13137, 28.983948 ], [ -103.134931, 28.983525 ], [ -103.143274, 28.978074 ], [ -103.151429, 28.975096 ], [ -103.1527, 28.972656 ], [ -103.154608, 28.971612 ], [ -103.156646, 28.972831 ], [ -103.159733, 28.973781 ], [ -103.163865, 28.972099 ], [ -103.165923, 28.974002 ], [ -103.165776, 28.977496 ], [ -103.168802, 28.979467 ], [ -103.170824, 28.980571 ], [ -103.173035, 28.980161 ], [ -103.174612, 28.977744 ], [ -103.176755, 28.978069 ], [ -103.179706, 28.981834 ], [ -103.191178, 28.984093 ], [ -103.199323, 28.986072 ], [ -103.202412, 28.987195 ], [ -103.207519, 28.98654 ], [ -103.211402, 28.987426 ], [ -103.214782, 28.987726 ], [ -103.217626, 28.986208 ], [ -103.218981, 28.985652 ], [ -103.219669, 28.983518 ], [ -103.221594, 28.984368 ], [ -103.223938, 28.98785 ], [ -103.225548, 28.989978 ], [ -103.227801, 28.991532 ], [ -103.230252, 28.988528 ], [ -103.233501, 28.986013 ], [ -103.235991, 28.984785 ], [ -103.237635, 28.981862 ], [ -103.24388, 28.981226 ], [ -103.249589, 28.980515 ], [ -103.250977, 28.981306 ], [ -103.251562, 28.984365 ], [ -103.253285, 28.986687 ], [ -103.261255, 28.992659 ], [ -103.266333, 28.995981 ], [ -103.268139, 28.994984 ], [ -103.269476, 28.992954 ], [ -103.269529, 28.99068 ], [ -103.270357, 28.988114 ], [ -103.271386, 28.985362 ], [ -103.273357, 28.982844 ], [ -103.277031, 28.979938 ], [ -103.279338, 28.977002 ], [ -103.283457, 28.976945 ], [ -103.287401, 28.978653 ], [ -103.288305, 28.981385 ], [ -103.284452, 28.982331 ], [ -103.282293, 28.98449 ], [ -103.281553, 28.987696 ], [ -103.282625, 28.991615 ], [ -103.28393, 28.995013 ], [ -103.28616, 29.000258 ], [ -103.287852, 29.002242 ], [ -103.292411, 29.004195 ], [ -103.295544, 29.006255 ], [ -103.298981, 29.006678 ], [ -103.300565, 29.008267 ], [ -103.302995, 29.007729 ], [ -103.308274, 29.003402 ], [ -103.310993, 29.004742 ], [ -103.314503, 29.007805 ], [ -103.315938, 29.01039 ], [ -103.315603, 29.012248 ], [ -103.312748, 29.012963 ], [ -103.310659, 29.014899 ], [ -103.308029, 29.018884 ], [ -103.306811, 29.022207 ], [ -103.308277, 29.025001 ], [ -103.312295, 29.026126 ], [ -103.315208, 29.025593 ], [ -103.318981, 29.021392 ], [ -103.320176, 29.019268 ], [ -103.322512, 29.018283 ], [ -103.325681, 29.016441 ], [ -103.331223, 29.016333 ], [ -103.33508, 29.017514 ], [ -103.338298, 29.019766 ], [ -103.340808, 29.024267 ], [ -103.342047, 29.028201 ], [ -103.34021, 29.028641 ], [ -103.338604, 29.027743 ], [ -103.336468, 29.027459 ], [ -103.334183, 29.028716 ], [ -103.331475, 29.029422 ], [ -103.328613, 29.030386 ], [ -103.327281, 29.03339 ], [ -103.327186, 29.038952 ], [ -103.329372, 29.042175 ], [ -103.330871, 29.042959 ], [ -103.33312, 29.043811 ], [ -103.335089, 29.043629 ], [ -103.338715, 29.04327 ], [ -103.34051, 29.044943 ], [ -103.342294, 29.046168 ], [ -103.343572088662, 29.046353618367799 ], [ -103.343678, 29.046369 ], [ -103.344901, 29.045161 ], [ -103.347802, 29.040259 ], [ -103.349458, 29.035225 ], [ -103.350816, 29.028567 ], [ -103.352804, 29.02583 ], [ -103.353901, 29.022225 ], [ -103.36032, 29.0185 ], [ -103.366763, 29.020227 ], [ -103.373893, 29.023523 ], [ -103.377277, 29.023183 ], [ -103.381269, 29.024153 ], [ -103.384243, 29.024151 ], [ -103.386505, 29.021648 ], [ -103.387688, 29.022952 ], [ -103.388084, 29.024444 ], [ -103.38721, 29.028239 ], [ -103.387718, 29.032243 ], [ -103.388434, 29.033862 ], [ -103.389638, 29.034358 ], [ -103.393013, 29.034599 ], [ -103.394982, 29.032575 ], [ -103.400767, 29.031022 ], [ -103.402448, 29.032127 ], [ -103.403442, 29.034476 ], [ -103.40467, 29.03928 ], [ -103.408814, 29.039628 ], [ -103.411883, 29.038126 ], [ -103.415414, 29.037881 ], [ -103.417396, 29.041061 ], [ -103.420119, 29.042671 ], [ -103.423557, 29.043487 ], [ -103.427754, 29.042334 ], [ -103.432231, 29.043682 ], [ -103.430754, 29.045288 ], [ -103.428683, 29.048695 ], [ -103.430834, 29.050775 ], [ -103.433544, 29.051992 ], [ -103.434668, 29.055317 ], [ -103.434003, 29.057075 ], [ -103.436618, 29.058024 ], [ -103.440274, 29.05763 ], [ -103.444084, 29.060169 ], [ -103.448395, 29.063783 ], [ -103.449892, 29.065392 ], [ -103.450144, 29.067277 ], [ -103.450557, 29.070258 ], [ -103.44993, 29.072714 ], [ -103.453752, 29.072415 ], [ -103.458455, 29.072633 ], [ -103.461116, 29.072472 ], [ -103.462351, 29.07169 ], [ -103.459466, 29.068702 ], [ -103.459454, 29.06725 ], [ -103.461341, 29.067381 ], [ -103.466293, 29.066421 ], [ -103.470107, 29.066194 ], [ -103.472984, 29.068347 ], [ -103.473632, 29.0711 ], [ -103.469816, 29.080171 ], [ -103.470213, 29.085526 ], [ -103.474815, 29.086671 ], [ -103.476262, 29.088094 ], [ -103.475384, 29.089567 ], [ -103.475558, 29.091003 ], [ -103.476955, 29.091732 ], [ -103.478551, 29.091253 ], [ -103.480683, 29.091697 ], [ -103.484429, 29.094524 ], [ -103.494612, 29.108419 ], [ -103.497448, 29.108493 ], [ -103.499684, 29.109518 ], [ -103.500456, 29.1113 ], [ -103.499506, 29.112866 ], [ -103.500153, 29.115901 ], [ -103.501472, 29.11623 ], [ -103.504159, 29.115864 ], [ -103.506692, 29.116398 ], [ -103.508119, 29.1176 ], [ -103.511035, 29.120612 ], [ -103.514485, 29.121335 ], [ -103.517478, 29.12011 ], [ -103.521535, 29.119996 ], [ -103.524613, 29.120998 ], [ -103.523543, 29.126085 ], [ -103.523788, 29.132782 ], [ -103.522847, 29.134036 ], [ -103.52302, 29.135253 ], [ -103.524001, 29.136429 ], [ -103.535085, 29.142795 ], [ -103.538212, 29.144133 ], [ -103.539564, 29.146097 ], [ -103.541588, 29.145938 ], [ -103.544671, 29.144837 ], [ -103.548048, 29.142294 ], [ -103.550693, 29.144129 ], [ -103.552733, 29.147007 ], [ -103.552356, 29.150932 ], [ -103.550026, 29.153785 ], [ -103.550487, 29.156247 ], [ -103.552572, 29.157335 ], [ -103.554213, 29.157904 ], [ -103.556108, 29.155989 ], [ -103.561401, 29.1553 ], [ -103.565417, 29.154163 ], [ -103.566968, 29.155015 ], [ -103.569502, 29.155417 ], [ -103.571962, 29.154113 ], [ -103.574209, 29.153504 ], [ -103.578073, 29.150126 ], [ -103.582856, 29.149389 ], [ -103.586021, 29.150115 ], [ -103.59236, 29.15026 ], [ -103.596281, 29.151915 ], [ -103.60059, 29.157878 ], [ -103.603182, 29.158097 ], [ -103.606438, 29.160411 ], [ -103.608704, 29.164647 ], [ -103.61054, 29.165773 ], [ -103.617877, 29.163487 ], [ -103.625275, 29.163209 ], [ -103.629233, 29.162709 ], [ -103.630297, 29.161966 ], [ -103.631024, 29.160126 ], [ -103.634024, 29.158585 ], [ -103.63759, 29.160531 ], [ -103.63976, 29.161202 ], [ -103.641804, 29.160713 ], [ -103.645635, 29.159286 ], [ -103.648068, 29.156981 ], [ -103.6499, 29.15641 ], [ -103.651846, 29.157492 ], [ -103.650798, 29.161108 ], [ -103.65318, 29.162864 ], [ -103.656808, 29.169099 ], [ -103.660203, 29.170934 ], [ -103.664335, 29.170884 ], [ -103.666279, 29.17188 ], [ -103.668614, 29.173889 ], [ -103.671278, 29.173282 ], [ -103.67774, 29.173883 ], [ -103.682553, 29.176275 ], [ -103.68628, 29.176347 ], [ -103.687866, 29.178558 ], [ -103.690797, 29.178244 ], [ -103.694046, 29.176898 ], [ -103.697314, 29.177194 ], [ -103.699649, 29.178116 ], [ -103.700241, 29.179362 ], [ -103.704249, 29.184686 ], [ -103.706286, 29.185095 ], [ -103.707345, 29.183713 ], [ -103.708542, 29.184831 ], [ -103.71377, 29.185008 ], [ -103.715507, 29.181275 ], [ -103.717757, 29.180563 ], [ -103.71918, 29.181395 ], [ -103.719848, 29.183281 ], [ -103.722843, 29.189167 ], [ -103.725538, 29.192668 ], [ -103.72841, 29.192725 ], [ -103.72961, 29.194638 ], [ -103.729457, 29.196529 ], [ -103.730471, 29.197941 ], [ -103.733892, 29.199676 ], [ -103.737794, 29.202632 ], [ -103.742175, 29.20861 ], [ -103.743182, 29.215082 ], [ -103.741102, 29.217573 ], [ -103.740924, 29.219424 ], [ -103.741671, 29.220781 ], [ -103.742246, 29.221694 ], [ -103.743788, 29.221911 ], [ -103.749531, 29.219748 ], [ -103.754102, 29.219516 ], [ -103.757365, 29.220668 ], [ -103.757657, 29.223098 ], [ -103.755154, 29.224759 ], [ -103.754538, 29.227496 ], [ -103.758549, 29.232939 ], [ -103.76073, 29.233431 ], [ -103.762782, 29.232748 ], [ -103.763856, 29.231558 ], [ -103.767415, 29.228444 ], [ -103.768514, 29.227274 ], [ -103.76753, 29.22583 ], [ -103.769441, 29.221274 ], [ -103.770958, 29.219531 ], [ -103.774455, 29.219893 ], [ -103.776698, 29.220054 ], [ -103.777375, 29.221814 ], [ -103.777709, 29.223891 ], [ -103.782054, 29.227983 ], [ -103.780989, 29.23334 ], [ -103.780664, 29.237379 ], [ -103.781681, 29.241278 ], [ -103.780716, 29.243822 ], [ -103.778066, 29.24318 ], [ -103.775916, 29.244112 ], [ -103.775072, 29.247954 ], [ -103.778477, 29.252039 ], [ -103.778815, 29.255612 ], [ -103.781596, 29.261109 ], [ -103.784047, 29.265467 ], [ -103.78822, 29.265477 ], [ -103.792568, 29.262564 ], [ -103.792677472426007, 29.262469445060901 ], [ -103.795863, 29.259718 ], [ -103.799915, 29.258565 ], [ -103.805237, 29.260455 ], [ -103.809042, 29.26639 ], [ -103.807612, 29.270159 ], [ -103.810111, 29.27305 ], [ -103.813373, 29.273966 ], [ -103.815341, 29.27335 ], [ -103.820471, 29.270735 ], [ -103.823791, 29.269992 ], [ -103.826207, 29.269203 ], [ -103.827686, 29.269884 ], [ -103.829642, 29.270966 ], [ -103.833772, 29.272455 ], [ -103.836821, 29.273947 ], [ -103.837842, 29.275735 ], [ -103.83671, 29.277049 ], [ -103.838303, 29.278304 ], [ -103.856893, 29.281852 ], [ -103.863335, 29.27922 ], [ -103.865379, 29.281888 ], [ -103.868945, 29.280648 ], [ -103.871127, 29.281579 ], [ -103.873362, 29.283449 ], [ -103.880606, 29.284962 ], [ -103.88486, 29.284228 ], [ -103.886257, 29.28056 ], [ -103.88871, 29.278978 ], [ -103.892968, 29.281545 ], [ -103.897051, 29.285307 ], [ -103.899292, 29.28741 ], [ -103.903571, 29.28698 ], [ -103.907995, 29.28507 ], [ -103.912078, 29.283744 ], [ -103.917106, 29.284216 ], [ -103.91891, 29.285042 ], [ -103.918796, 29.286526 ], [ -103.917816, 29.287925 ], [ -103.918469, 29.29003 ], [ -103.921731, 29.292107 ], [ -103.923422, 29.293368 ], [ -103.926375, 29.294397 ], [ -103.928271, 29.293745 ], [ -103.932284, 29.29354 ], [ -103.937736, 29.292834 ], [ -103.943698, 29.294946 ], [ -103.950596, 29.295856 ], [ -103.952438, 29.297592 ], [ -103.954575, 29.29689 ], [ -103.961395, 29.298662 ], [ -103.963355, 29.298149 ], [ -103.965796, 29.298587 ], [ -103.967648, 29.300029 ], [ -103.96981, 29.297302 ], [ -103.972294, 29.295996 ], [ -103.975235, 29.296017 ], [ -103.983342, 29.299175 ], [ -103.984989, 29.300765 ], [ -103.993234, 29.30428 ], [ -104.000678, 29.305337 ], [ -104.00232, 29.306715 ], [ -104.008648, 29.308411 ], [ -104.016238, 29.312139 ], [ -104.019398, 29.311851 ], [ -104.038282, 29.320156 ], [ -104.03951, 29.321919 ], [ -104.045223, 29.325163 ], [ -104.04757, 29.325925 ], [ -104.055596, 29.33091 ], [ -104.056693, 29.333622 ], [ -104.056222, 29.335723 ], [ -104.055553, 29.337306 ], [ -104.057244, 29.337694 ], [ -104.066295, 29.340833 ], [ -104.069356, 29.342964 ], [ -104.072146, 29.345918 ], [ -104.074292, 29.346411 ], [ -104.075924, 29.345075 ], [ -104.08215, 29.345923 ], [ -104.086469, 29.350607 ], [ -104.091022, 29.353692 ], [ -104.089569, 29.355765 ], [ -104.089698, 29.357593 ], [ -104.0906, 29.359624 ], [ -104.093326, 29.359926 ], [ -104.094475, 29.361179 ], [ -104.097249, 29.361419 ], [ -104.098118, 29.362322 ], [ -104.097999, 29.366277 ], [ -104.100925, 29.367465 ], [ -104.102991, 29.370312 ], [ -104.106467, 29.373127 ], [ -104.10956, 29.374085 ], [ -104.112804, 29.373707 ], [ -104.11511, 29.372896 ], [ -104.117025, 29.371101 ], [ -104.121318, 29.371423 ], [ -104.121741, 29.377445 ], [ -104.123215, 29.380484 ], [ -104.125974, 29.379447 ], [ -104.127979, 29.37825 ], [ -104.130758, 29.379259 ], [ -104.130995, 29.381713 ], [ -104.132799, 29.383326 ], [ -104.134919, 29.38422 ], [ -104.13711, 29.383444 ], [ -104.137963, 29.382135 ], [ -104.137285, 29.379933 ], [ -104.138199, 29.378564 ], [ -104.13988, 29.378043 ], [ -104.141747, 29.378207 ], [ -104.142822, 29.381211 ], [ -104.143152, 29.383322 ], [ -104.142411, 29.384948 ], [ -104.142977, 29.387158 ], [ -104.143390855571994, 29.387948725591801 ], [ -104.143626, 29.388398 ], [ -104.145009, 29.387276 ], [ -104.146438, 29.385425 ], [ -104.148373, 29.385101 ], [ -104.150158, 29.385897 ], [ -104.152045, 29.388911 ], [ -104.15146, 29.389874 ], [ -104.15138, 29.391222 ], [ -104.153541, 29.393314 ], [ -104.155195, 29.394569 ], [ -104.156569, 29.393936 ], [ -104.156343, 29.39081 ], [ -104.158347, 29.390051 ], [ -104.160741, 29.389876 ], [ -104.16232, 29.391632 ], [ -104.165004, 29.392722 ], [ -104.167443, 29.394744 ], [ -104.16843, 29.396489 ], [ -104.166288, 29.398854 ], [ -104.16454, 29.400345 ], [ -104.165251, 29.401907 ], [ -104.166089, 29.402038 ], [ -104.167934, 29.40147 ], [ -104.169398, 29.401865 ], [ -104.171133, 29.40378 ], [ -104.170656, 29.405333 ], [ -104.169406, 29.407799 ], [ -104.170862, 29.409026 ], [ -104.173443, 29.410033 ], [ -104.174937, 29.409467 ], [ -104.177317, 29.409484 ], [ -104.180034, 29.411106 ], [ -104.18007, 29.412764 ], [ -104.180668, 29.414695 ], [ -104.182076, 29.414972 ], [ -104.18327, 29.416226 ], [ -104.183918, 29.417845 ], [ -104.183097, 29.420204 ], [ -104.182149, 29.421258 ], [ -104.180901, 29.422575 ], [ -104.180942, 29.424918 ], [ -104.181526, 29.427011 ], [ -104.184013, 29.427753 ], [ -104.185992, 29.428228 ], [ -104.1873, 29.429672 ], [ -104.188881, 29.432115 ], [ -104.190607, 29.433319 ], [ -104.192924, 29.43527 ], [ -104.19377, 29.437372 ], [ -104.192823, 29.439248 ], [ -104.193832, 29.441342 ], [ -104.197548, 29.442773 ], [ -104.208194, 29.448201 ], [ -104.211166, 29.449755 ], [ -104.212529, 29.452439 ], [ -104.215641, 29.454081 ], [ -104.218126, 29.457732 ], [ -104.216588, 29.459325 ], [ -104.213476, 29.462057 ], [ -104.212431, 29.465322 ], [ -104.212822, 29.46793 ], [ -104.210745, 29.472434 ], [ -104.21094, 29.476955 ], [ -104.210670689081994, 29.477520411927699 ], [ -104.20903, 29.480965 ], [ -104.211109, 29.482532 ], [ -104.212997, 29.48413 ], [ -104.216312, 29.484462 ], [ -104.219026, 29.483405 ], [ -104.222742, 29.482612 ], [ -104.225645, 29.481829 ], [ -104.227237, 29.480281 ], [ -104.229367, 29.479053 ], [ -104.2311, 29.479066 ], [ -104.233825, 29.486545 ], [ -104.233487, 29.492734 ], [ -104.235847, 29.496744 ], [ -104.23885, 29.498302 ], [ -104.240042, 29.49732 ], [ -104.245548, 29.500985 ], [ -104.247072, 29.502929 ], [ -104.251314, 29.505267 ], [ -104.254295, 29.506711 ], [ -104.258305, 29.506104 ], [ -104.259035, 29.506251414584401 ], [ -104.260266, 29.5065 ], [ -104.261547, 29.507694 ], [ -104.262278, 29.510204 ], [ -104.261301, 29.510958 ], [ -104.261744, 29.513463 ], [ -104.264155, 29.514001 ], [ -104.266003, 29.514364 ], [ -104.268284, 29.513495 ], [ -104.270399, 29.514508 ], [ -104.270729, 29.51567 ], [ -104.275347, 29.516842 ], [ -104.278905, 29.516897 ], [ -104.291929, 29.519455 ], [ -104.292631, 29.521889 ], [ -104.294195, 29.523209 ], [ -104.296789, 29.524128 ], [ -104.304271, 29.524031 ], [ -104.308581, 29.523375 ], [ -104.311707, 29.523478 ], [ -104.31059, 29.527085 ], [ -104.310946, 29.528792 ], [ -104.312838, 29.531401 ], [ -104.315476, 29.532754 ], [ -104.318143, 29.532202 ], [ -104.320664, 29.529851 ], [ -104.320654, 29.527586 ], [ -104.320618, 29.524068 ], [ -104.321789, 29.521799 ], [ -104.325886, 29.523224 ], [ -104.330727, 29.522656 ], [ -104.333995, 29.519576 ], [ -104.336221, 29.519333 ], [ -104.338113, 29.519967 ], [ -104.353466816739001, 29.529797269504702 ], [ -104.357532, 29.5324 ], [ -104.367401, 29.54011 ], [ -104.369949, 29.542849 ], [ -104.372027, 29.543864 ], [ -104.375044, 29.543748 ], [ -104.378445, 29.541796 ], [ -104.381041, 29.543406 ], [ -104.394589, 29.556087 ], [ -104.394530729329006, 29.556312216524201 ], [ -104.393826, 29.559036 ], [ -104.394351, 29.560535 ], [ -104.395707647601, 29.5635864840526 ], [ -104.397488, 29.567591 ], [ -104.397123430324996, 29.568371895730799 ], [ -104.396847, 29.568964 ], [ -104.397543, 29.570749 ], [ -104.399591, 29.572319 ], [ -104.452301, 29.60366 ], [ -104.455121, 29.606473 ], [ -104.45729, 29.609144 ], [ -104.460726, 29.608948 ], [ -104.463132, 29.609918 ], [ -104.46652, 29.609296 ], [ -104.467441, 29.611865 ], [ -104.467137, 29.613992 ], [ -104.46543, 29.615525 ], [ -104.465584, 29.616968 ], [ -104.465654, 29.618558 ], [ -104.46753, 29.619061 ], [ -104.469754, 29.618775 ], [ -104.471293, 29.618499 ], [ -104.472605, 29.617886 ], [ -104.473968, 29.618813 ], [ -104.474112, 29.621179 ], [ -104.474885, 29.623823 ], [ -104.476251, 29.625289 ], [ -104.476428, 29.626756 ], [ -104.475991, 29.627979 ], [ -104.478486, 29.628399 ], [ -104.482186, 29.627732 ], [ -104.484597, 29.627973 ], [ -104.486398, 29.629163 ], [ -104.48743, 29.631238 ], [ -104.486961, 29.63298 ], [ -104.487822, 29.634024 ], [ -104.49006, 29.633939 ], [ -104.492582, 29.634096 ], [ -104.494794, 29.63375 ], [ -104.496406, 29.63494 ], [ -104.496775, 29.637075 ], [ -104.496167, 29.638811 ], [ -104.497867, 29.639659 ], [ -104.500871, 29.63872 ], [ -104.502446, 29.637512 ], [ -104.504689, 29.637408 ], [ -104.507094, 29.636876 ], [ -104.505633, 29.634044 ], [ -104.507124, 29.632349 ], [ -104.509025, 29.633282 ], [ -104.510443, 29.635367 ], [ -104.51293, 29.637247 ], [ -104.515736, 29.640548 ], [ -104.51285, 29.642835 ], [ -104.509873, 29.643654 ], [ -104.510684, 29.645492 ], [ -104.5123, 29.646612 ], [ -104.515119, 29.647084 ], [ -104.517284, 29.647116 ], [ -104.518466, 29.64915 ], [ -104.517438, 29.649834 ], [ -104.517252, 29.651687 ], [ -104.516299, 29.652363 ], [ -104.517507, 29.653326 ], [ -104.519408, 29.654124 ], [ -104.521546, 29.656712 ], [ -104.52327, 29.658545 ], [ -104.524891, 29.659199 ], [ -104.525229, 29.661787 ], [ -104.524785, 29.665043 ], [ -104.525127, 29.666185 ], [ -104.525899, 29.668023 ], [ -104.527528, 29.667407 ], [ -104.528674, 29.667869 ], [ -104.528614, 29.669792 ], [ -104.530116, 29.670632 ], [ -104.532027, 29.670566 ], [ -104.533281, 29.668869 ], [ -104.532573, 29.667271 ], [ -104.534363, 29.666098 ], [ -104.536278, 29.667343 ], [ -104.535649, 29.670538 ], [ -104.535353, 29.673312 ], [ -104.539473, 29.678592 ], [ -104.542232, 29.679847 ], [ -104.54419, 29.680997 ], [ -104.543525, 29.682697 ], [ -104.540617, 29.684831 ], [ -104.537724, 29.684495 ], [ -104.533768, 29.685613 ], [ -104.530445, 29.689537 ], [ -104.530679, 29.691394 ], [ -104.536095, 29.692997 ], [ -104.543832, 29.696299 ], [ -104.543607, 29.697832 ], [ -104.545948, 29.699613 ], [ -104.543271, 29.703625 ], [ -104.546218, 29.709198 ], [ -104.544345, 29.709872 ], [ -104.543909, 29.711189 ], [ -104.545451, 29.713758 ], [ -104.547791, 29.714414 ], [ -104.544815, 29.715532 ], [ -104.545424526014003, 29.716706736998699 ], [ -104.545599, 29.717043 ], [ -104.547479, 29.717686 ], [ -104.549849, 29.716195 ], [ -104.552241, 29.717123 ], [ -104.551215, 29.719319 ], [ -104.549445, 29.71982 ], [ -104.54912, 29.720773 ], [ -104.552368, 29.72323 ], [ -104.551782, 29.725313 ], [ -104.549059, 29.727195 ], [ -104.549012, 29.728818 ], [ -104.549659, 29.73105 ], [ -104.552447, 29.731894 ], [ -104.555601, 29.731221 ], [ -104.556528, 29.732959 ], [ -104.555683, 29.734769 ], [ -104.557021, 29.735453 ], [ -104.558915, 29.734784 ], [ -104.560491, 29.735351 ], [ -104.560246, 29.736707 ], [ -104.558773, 29.738103 ], [ -104.555716, 29.738078 ], [ -104.554182, 29.738635 ], [ -104.552182, 29.738443 ], [ -104.550257, 29.738093 ], [ -104.549796, 29.740641 ], [ -104.551859, 29.742062 ], [ -104.553877, 29.743054 ], [ -104.55539, 29.741871 ], [ -104.55696, 29.745333 ], [ -104.560036, 29.74721 ], [ -104.564034, 29.748995 ], [ -104.568313, 29.751187 ], [ -104.570053, 29.752858 ], [ -104.569341, 29.75599 ], [ -104.567382, 29.756878 ], [ -104.565951, 29.758795 ], [ -104.564956, 29.761453 ], [ -104.566087, 29.764991 ], [ -104.568134, 29.765851 ], [ -104.56847, 29.766935 ], [ -104.565721, 29.768998 ], [ -104.565688, 29.770462 ], [ -104.570661, 29.778486 ], [ -104.573486, 29.780252 ], [ -104.574055, 29.781377 ], [ -104.578969, 29.782998 ], [ -104.578245, 29.787627 ], [ -104.579815, 29.788771 ], [ -104.579874, 29.790787 ], [ -104.582463, 29.792501 ], [ -104.581157, 29.793458 ], [ -104.581506, 29.795112 ], [ -104.583556, 29.795838 ], [ -104.586414, 29.796228 ], [ -104.589215, 29.795763 ], [ -104.590946, 29.798413 ], [ -104.59047, 29.799673 ], [ -104.58891, 29.799528 ], [ -104.586726, 29.800629 ], [ -104.58632, 29.803165 ], [ -104.589146, 29.806037 ], [ -104.591056, 29.809431 ], [ -104.592472, 29.810276 ], [ -104.594023, 29.809221 ], [ -104.592356, 29.806953 ], [ -104.59316, 29.806104 ], [ -104.59509, 29.805097 ], [ -104.5965, 29.808467 ], [ -104.599149, 29.811007 ], [ -104.600438, 29.815718 ], [ -104.603324, 29.817322 ], [ -104.604122, 29.815615 ], [ -104.606945, 29.817099 ], [ -104.606992, 29.818847 ], [ -104.610082, 29.819359 ], [ -104.608281, 29.828193 ], [ -104.61044, 29.827502 ], [ -104.613588, 29.827895 ], [ -104.614342, 29.829946 ], [ -104.61786, 29.829455 ], [ -104.619497, 29.830078 ], [ -104.620256, 29.833082 ], [ -104.615077, 29.833136 ], [ -104.610499, 29.836275 ], [ -104.609445, 29.839754 ], [ -104.610968, 29.841202 ], [ -104.6138, 29.845993 ], [ -104.615768, 29.84613 ], [ -104.619039, 29.844445 ], [ -104.619239, 29.842177 ], [ -104.621116, 29.841801 ], [ -104.624632, 29.842683 ], [ -104.62435, 29.845222 ], [ -104.621477, 29.847299 ], [ -104.621571, 29.849503 ], [ -104.622423, 29.850975 ], [ -104.626597, 29.850924 ], [ -104.628934, 29.85167 ], [ -104.630103, 29.853314 ], [ -104.630167, 29.864623 ], [ -104.63165, 29.867752 ], [ -104.633275, 29.870485 ], [ -104.636327, 29.872515 ], [ -104.637098, 29.873663 ], [ -104.63979, 29.873423 ], [ -104.641627, 29.874252 ], [ -104.641861, 29.875874 ], [ -104.646112, 29.878542 ], [ -104.645759, 29.88155 ], [ -104.647023, 29.883849 ], [ -104.650801, 29.886548 ], [ -104.652278, 29.888437 ], [ -104.649994, 29.891474 ], [ -104.653333, 29.892295 ], [ -104.653618, 29.890569 ], [ -104.656783, 29.889333 ], [ -104.65865, 29.891557 ], [ -104.657836, 29.895297 ], [ -104.658926, 29.898486 ], [ -104.659042, 29.901413 ], [ -104.655993, 29.902231 ], [ -104.654797, 29.904195 ], [ -104.655936, 29.906206 ], [ -104.658959, 29.905013 ], [ -104.662445, 29.905334 ], [ -104.661637, 29.902595 ], [ -104.664261, 29.9011 ], [ -104.665589, 29.901708 ], [ -104.666024, 29.904483 ], [ -104.66584, 29.908946 ], [ -104.67041, 29.911815 ], [ -104.672327, 29.911112 ], [ -104.674118, 29.910533 ], [ -104.677281, 29.91353 ], [ -104.676162, 29.915996 ], [ -104.677605, 29.918874 ], [ -104.679826, 29.920923 ], [ -104.679772, 29.924659 ], [ -104.678576, 29.926638 ], [ -104.680218, 29.927743 ], [ -104.683245, 29.929451 ], [ -104.681011, 29.93 ], [ -104.679434, 29.931953 ], [ -104.679863, 29.933686 ], [ -104.682122, 29.934548 ], [ -104.682681, 29.935702 ], [ -104.681326, 29.938213 ], [ -104.680417, 29.939007 ], [ -104.678739, 29.938208 ], [ -104.67795, 29.940999 ], [ -104.678131, 29.943752 ], [ -104.680652, 29.945613 ], [ -104.680667, 29.947033 ], [ -104.678991, 29.947301 ], [ -104.678396, 29.949155 ], [ -104.677263, 29.950206 ], [ -104.677921, 29.952038 ], [ -104.674288, 29.950795 ], [ -104.673342, 29.954276 ], [ -104.673643, 29.956774 ], [ -104.679109, 29.955744 ], [ -104.680317, 29.956978 ], [ -104.684322, 29.956086 ], [ -104.685256, 29.956991 ], [ -104.683867, 29.959966 ], [ -104.683199, 29.965653 ], [ -104.682324, 29.967071 ], [ -104.681901, 29.969399 ], [ -104.685468, 29.970401 ], [ -104.683001, 29.971509 ], [ -104.682437, 29.973556 ], [ -104.680106, 29.974224 ], [ -104.680152, 29.977003 ], [ -104.68265, 29.976978 ], [ -104.684805, 29.975091 ], [ -104.688617, 29.973556 ], [ -104.691944, 29.973865 ], [ -104.692063, 29.976026 ], [ -104.690849, 29.97805 ], [ -104.68831, 29.980172 ], [ -104.688826, 29.982133 ], [ -104.688272, 29.984721 ], [ -104.68624, 29.984776 ], [ -104.685479, 29.989943 ], [ -104.687479, 29.990757 ], [ -104.691769, 29.99151 ], [ -104.69337, 29.99404 ], [ -104.688498, 29.993731 ], [ -104.687191, 29.996819 ], [ -104.688586, 29.99902 ], [ -104.688719, 30.001977 ], [ -104.690162, 30.003714 ], [ -104.691932, 30.001839 ], [ -104.693941, 30.001775 ], [ -104.693266, 30.006076 ], [ -104.693853, 30.007293 ], [ -104.69067, 30.008181 ], [ -104.689564, 30.010455 ], [ -104.689641, 30.01495 ], [ -104.693592, 30.019077 ], [ -104.697604, 30.019443 ], [ -104.702311, 30.021322 ], [ -104.703998, 30.02421 ], [ -104.700486, 30.033704 ], [ -104.701102, 30.035534 ], [ -104.695773, 30.03732 ], [ -104.697185, 30.040278 ], [ -104.699343, 30.042276 ], [ -104.704716, 30.048145 ], [ -104.706295, 30.049166 ], [ -104.706874, 30.050685 ], [ -104.703678, 30.055343 ], [ -104.705254, 30.058552 ], [ -104.702213, 30.06019 ], [ -104.703582, 30.06453 ], [ -104.698233, 30.065287 ], [ -104.695477, 30.066676 ], [ -104.693903, 30.068906 ], [ -104.691054, 30.070635 ], [ -104.693064, 30.071435 ], [ -104.69361, 30.073248 ], [ -104.692635, 30.074203 ], [ -104.688022, 30.073466 ], [ -104.686615, 30.076363 ], [ -104.690028, 30.075864 ], [ -104.690772, 30.078015 ], [ -104.685763, 30.082333 ], [ -104.686689, 30.083742 ], [ -104.685003, 30.085643 ], [ -104.68662, 30.087339 ], [ -104.687977, 30.085911 ], [ -104.689449, 30.085292 ], [ -104.688951, 30.087487 ], [ -104.690162, 30.089713 ], [ -104.686953, 30.09033 ], [ -104.685504, 30.093205 ], [ -104.685687, 30.095957 ], [ -104.684814, 30.100098 ], [ -104.686674, 30.099142 ], [ -104.687785, 30.096808 ], [ -104.688973, 30.094957 ], [ -104.690013, 30.096342 ], [ -104.692153, 30.096084 ], [ -104.692063, 30.09907 ], [ -104.694381, 30.101888 ], [ -104.693223, 30.103321 ], [ -104.692094, 30.107304 ], [ -104.691742, 30.108725 ], [ -104.690031, 30.107874 ], [ -104.69005, 30.106213 ], [ -104.687072, 30.105342 ], [ -104.686078, 30.10687 ], [ -104.685844, 30.110666 ], [ -104.691708, 30.111376 ], [ -104.691607, 30.115798 ], [ -104.689759, 30.116134 ], [ -104.690985, 30.117888 ], [ -104.693198, 30.118367 ], [ -104.693704, 30.116961 ], [ -104.695078, 30.117811 ], [ -104.694264, 30.119981 ], [ -104.694025, 30.122303 ], [ -104.695683, 30.125613 ], [ -104.695049, 30.129726 ], [ -104.695366, 30.13213 ], [ -104.696402, 30.133747 ], [ -104.696424, 30.135021 ], [ -104.694915, 30.134535 ], [ -104.693175, 30.135427 ], [ -104.692123, 30.138663 ], [ -104.690469, 30.138607 ], [ -104.688736, 30.137721 ], [ -104.689732, 30.14063 ], [ -104.688323, 30.141788 ], [ -104.686287, 30.141457 ], [ -104.686368, 30.142446 ], [ -104.685728, 30.143707 ], [ -104.685397, 30.144526 ], [ -104.685692, 30.145576 ], [ -104.688229, 30.145292 ], [ -104.68965, 30.146082 ], [ -104.688273, 30.147466 ], [ -104.689182, 30.148373 ], [ -104.690057, 30.149723 ], [ -104.687269, 30.151075 ], [ -104.687044, 30.152743 ], [ -104.689559, 30.154101 ], [ -104.687695, 30.159002 ], [ -104.687507, 30.162203 ], [ -104.688401, 30.165129 ], [ -104.688183, 30.167195 ], [ -104.687113, 30.1687 ], [ -104.686332, 30.173281 ], [ -104.687978, 30.17639 ], [ -104.686715, 30.178617 ], [ -104.687296, 30.179464 ], [ -104.690756, 30.183035 ], [ -104.692691, 30.187092 ], [ -104.693019, 30.189076 ], [ -104.695968, 30.190235 ], [ -104.697227, 30.191799 ], [ -104.696123, 30.19496 ], [ -104.697041, 30.1978 ], [ -104.699668, 30.198721 ], [ -104.700463, 30.205502 ], [ -104.701928, 30.206383 ], [ -104.703982, 30.206698 ], [ -104.705084, 30.208496 ], [ -104.702788, 30.211736 ], [ -104.702475, 30.212779 ], [ -104.70526, 30.216933 ], [ -104.707927, 30.218539 ], [ -104.711236, 30.222921 ], [ -104.711416, 30.224324 ], [ -104.708069, 30.226079 ], [ -104.705967, 30.235001 ], [ -104.708779, 30.235713 ], [ -104.713166, 30.237957 ], [ -104.714883, 30.241053 ], [ -104.718327, 30.244241 ], [ -104.718879, 30.246898 ], [ -104.721592, 30.247894 ], [ -104.724304, 30.250054 ], [ -104.723977, 30.251608 ], [ -104.724146, 30.253046 ], [ -104.727516, 30.254438 ], [ -104.728961, 30.256959 ], [ -104.730316, 30.258944 ], [ -104.733822, 30.261221 ], [ -104.73736, 30.26138 ], [ -104.736866, 30.259229 ], [ -104.737084, 30.258145 ], [ -104.735998, 30.25697 ], [ -104.737088, 30.255932 ], [ -104.739273, 30.257667 ], [ -104.740448, 30.259454 ], [ -104.749664, 30.26126 ], [ -104.751567, 30.263644 ], [ -104.750177, 30.26595 ], [ -104.748078, 30.272691 ], [ -104.748479, 30.274295 ], [ -104.750441, 30.271663 ], [ -104.751097, 30.273881 ], [ -104.753229, 30.273555 ], [ -104.753959, 30.272179 ], [ -104.755071, 30.271848 ], [ -104.756624, 30.274186 ], [ -104.757897, 30.274043 ], [ -104.757508, 30.27169 ], [ -104.75991, 30.271647 ], [ -104.760601, 30.272309 ], [ -104.759808, 30.273903 ], [ -104.760276, 30.274485 ], [ -104.762498, 30.274435 ], [ -104.763155, 30.275084 ], [ -104.76066, 30.277044 ], [ -104.757894, 30.282396 ], [ -104.75817, 30.285915 ], [ -104.759209, 30.288255 ], [ -104.759326, 30.293713 ], [ -104.761288, 30.300611 ], [ -104.764652, 30.30333 ], [ -104.766911, 30.303566 ], [ -104.767034, 30.30584 ], [ -104.77132, 30.303612 ], [ -104.773258, 30.302689 ], [ -104.775081, 30.304163 ], [ -104.776745, 30.304404 ], [ -104.778578, 30.303365 ], [ -104.779502, 30.303454 ], [ -104.779631, 30.305731 ], [ -104.777034, 30.306847 ], [ -104.77656, 30.309638 ], [ -104.777793, 30.311216 ], [ -104.779182, 30.312873 ], [ -104.783456, 30.316332 ], [ -104.785007, 30.316544 ], [ -104.786303, 30.315977 ], [ -104.78923, 30.318734 ], [ -104.788802, 30.321843 ], [ -104.791178, 30.321979 ], [ -104.791399, 30.325518 ], [ -104.795008, 30.327189 ], [ -104.797291, 30.330336 ], [ -104.803416, 30.330954 ], [ -104.805748, 30.332763 ], [ -104.809409, 30.333431 ], [ -104.810867, 30.332726 ], [ -104.811854, 30.333599 ], [ -104.811079, 30.335141 ], [ -104.810895, 30.337633 ], [ -104.81022, 30.339168 ], [ -104.809957, 30.341374 ], [ -104.813716, 30.343746 ], [ -104.815419, 30.343673 ], [ -104.81863, 30.347376 ], [ -104.819619, 30.346785 ], [ -104.822291, 30.349663 ], [ -104.822595, 30.351267 ], [ -104.821394, 30.351966 ], [ -104.818401, 30.351865 ], [ -104.814377, 30.353493 ], [ -104.813874, 30.360388 ], [ -104.811733, 30.361229 ], [ -104.810665, 30.362747 ], [ -104.811355, 30.366701 ], [ -104.812885, 30.366905 ], [ -104.814665, 30.366335 ], [ -104.816171, 30.365864 ], [ -104.819417, 30.368165 ], [ -104.819222, 30.371052 ], [ -104.817083, 30.372283 ], [ -104.815894, 30.373718 ], [ -104.817602, 30.375746 ], [ -104.819808, 30.374788 ], [ -104.827919, 30.373049 ], [ -104.837493, 30.373909 ], [ -104.838646, 30.375854 ], [ -104.843031, 30.378254 ], [ -104.845613, 30.379209 ], [ -104.8481, 30.383765 ], [ -104.853814, 30.385321 ], [ -104.859521, 30.390413 ], [ -104.856392, 30.395032 ], [ -104.854279, 30.400679 ], [ -104.855281, 30.40138 ], [ -104.85744, 30.408957 ], [ -104.85474, 30.411382 ], [ -104.852112, 30.41224 ], [ -104.850756, 30.413955 ], [ -104.847268, 30.413901 ], [ -104.848899, 30.417727 ], [ -104.84787, 30.419979 ], [ -104.849182, 30.421559 ], [ -104.849777, 30.419655 ], [ -104.85242, 30.418792 ], [ -104.853067, 30.420512 ], [ -104.85545, 30.420889 ], [ -104.85679, 30.421817 ], [ -104.856619, 30.424241 ], [ -104.859152, 30.426199 ], [ -104.860504, 30.42575 ], [ -104.861561, 30.42666 ], [ -104.861074, 30.428897 ], [ -104.858299, 30.431644 ], [ -104.858167, 30.433213 ], [ -104.858892, 30.434767 ], [ -104.857963, 30.437265 ], [ -104.86022, 30.439913 ], [ -104.862003, 30.440157 ], [ -104.864992, 30.441266 ], [ -104.867933, 30.441066 ], [ -104.86759, 30.443925 ], [ -104.865405, 30.444856 ], [ -104.86585, 30.446495 ], [ -104.864462, 30.449967 ], [ -104.865836, 30.452841 ], [ -104.868484, 30.453951 ], [ -104.869872, 30.458645 ], [ -104.868711, 30.46323 ], [ -104.866119, 30.46479 ], [ -104.866094, 30.46738 ], [ -104.866723, 30.469787 ], [ -104.869383, 30.474117 ], [ -104.869194, 30.478228 ], [ -104.869505, 30.479315 ], [ -104.871151, 30.479621 ], [ -104.872105, 30.480392 ], [ -104.869504, 30.484641 ], [ -104.867249, 30.484927 ], [ -104.867383, 30.488332 ], [ -104.86637, 30.492135 ], [ -104.866758, 30.495036 ], [ -104.869855, 30.494098 ], [ -104.873829, 30.495206 ], [ -104.8728, 30.498416 ], [ -104.872205, 30.501716 ], [ -104.873405, 30.503986 ], [ -104.872343, 30.507938 ], [ -104.871919, 30.510862 ], [ -104.873084, 30.51191 ], [ -104.873532, 30.513979 ], [ -104.876787, 30.511004 ], [ -104.879856, 30.517788 ], [ -104.882563, 30.516334 ], [ -104.885738, 30.518452 ], [ -104.88491, 30.519788 ], [ -104.883684, 30.52064 ], [ -104.881018, 30.520531 ], [ -104.881879, 30.522238 ], [ -104.884584, 30.523705 ], [ -104.885868, 30.524626 ], [ -104.883971, 30.526156 ], [ -104.883238, 30.524598 ], [ -104.881256, 30.523705 ], [ -104.880559, 30.528925 ], [ -104.882002, 30.531887 ], [ -104.889376, 30.535144 ], [ -104.891001, 30.541106 ], [ -104.889123, 30.541942 ], [ -104.887436, 30.543972 ], [ -104.887674, 30.546519 ], [ -104.888954, 30.546913 ], [ -104.890147, 30.545961 ], [ -104.890392, 30.547544 ], [ -104.88976, 30.549042 ], [ -104.891711, 30.550269 ], [ -104.89396, 30.550715 ], [ -104.892228, 30.55142 ], [ -104.893013, 30.553018 ], [ -104.895944, 30.552893 ], [ -104.897981, 30.554612 ], [ -104.896087, 30.562234 ], [ -104.897498, 30.566189 ], [ -104.898819, 30.568102 ], [ -104.899001, 30.5704 ], [ -104.901091, 30.571854 ], [ -104.90203, 30.573372 ], [ -104.905068, 30.576352 ], [ -104.907163, 30.577025 ], [ -104.907638, 30.582448 ], [ -104.909619, 30.585211 ], [ -104.91333, 30.585976 ], [ -104.916901, 30.585187 ], [ -104.918762, 30.585542 ], [ -104.92132, 30.589866 ], [ -104.920205, 30.590486 ], [ -104.918786, 30.59459 ], [ -104.919063, 30.59642 ], [ -104.918722, 30.597659 ], [ -104.919828, 30.597412 ], [ -104.921253, 30.598023 ], [ -104.921937, 30.598983 ], [ -104.921823, 30.602295 ], [ -104.922935, 30.603848 ], [ -104.924796, 30.604832 ], [ -104.926638, 30.605134 ], [ -104.928223, 30.603178 ], [ -104.929927, 30.599202 ], [ -104.934265, 30.599851 ], [ -104.936403, 30.602025 ], [ -104.936754, 30.60301 ], [ -104.938478, 30.603636 ], [ -104.940192, 30.602767 ], [ -104.941059, 30.602818 ], [ -104.941489, 30.603957 ], [ -104.942995, 30.603775 ], [ -104.943528, 30.602964 ], [ -104.945394, 30.603077 ], [ -104.94649, 30.604603 ], [ -104.947952, 30.604712 ], [ -104.950821, 30.604051 ], [ -104.952156, 30.605281 ], [ -104.953867, 30.60637 ], [ -104.95376, 30.607689 ], [ -104.95492, 30.609305 ], [ -104.959892, 30.610666 ], [ -104.963491, 30.608772 ], [ -104.967266, 30.607928 ], [ -104.972071, 30.61026 ], [ -104.975508, 30.614245 ], [ -104.974295, 30.616406 ], [ -104.975358, 30.617303 ], [ -104.976533, 30.617534 ], [ -104.977758, 30.618411 ], [ -104.978631, 30.62085 ], [ -104.980291, 30.62204 ], [ -104.980144, 30.625142 ], [ -104.979521, 30.626706 ], [ -104.979956743490007, 30.629231124408602 ], [ -104.979999, 30.629476 ], [ -104.981765, 30.63004 ], [ -104.983981, 30.635206 ], [ -104.984496, 30.641252 ], [ -104.983779, 30.642633 ], [ -104.985525, 30.650057 ], [ -104.985181, 30.653127 ], [ -104.98521, 30.655439 ], [ -104.9863, 30.661059 ], [ -104.986248, 30.662881 ], [ -104.990432, 30.663372 ], [ -104.991337, 30.665175 ], [ -104.993132, 30.66501 ], [ -104.993619, 30.665789 ], [ -104.993131, 30.66695 ], [ -104.994033, 30.668596 ], [ -104.997862, 30.668978 ], [ -104.999145, 30.670967 ], [ -105.00124, 30.672583 ], [ -105.002057, 30.680972 ], [ -105.00435, 30.683083 ], [ -105.005525, 30.683036 ], [ -105.006222, 30.685599 ], [ -105.007417, 30.686455 ], [ -105.010286, 30.684643 ], [ -105.012202, 30.683875 ], [ -105.012978, 30.6825 ], [ -105.015973, 30.682776 ], [ -105.016702, 30.684719 ], [ -105.017934, 30.685168 ], [ -105.020142, 30.683637 ], [ -105.021178, 30.681488 ], [ -105.024558, 30.681485 ], [ -105.026312, 30.68063 ], [ -105.027233, 30.678882 ], [ -105.028784, 30.680264 ], [ -105.031576, 30.680731 ], [ -105.033739, 30.683046 ], [ -105.035938, 30.686639 ], [ -105.039739, 30.688692 ], [ -105.041274, 30.688874 ], [ -105.042709, 30.687353 ], [ -105.044555, 30.68781 ], [ -105.045149, 30.688855 ], [ -105.0457, 30.688897 ], [ -105.04699, 30.688387 ], [ -105.04724, 30.68762 ], [ -105.045607, 30.685742 ], [ -105.044381, 30.68329 ], [ -105.045784, 30.681876 ], [ -105.045244, 30.680609 ], [ -105.045493, 30.679894 ], [ -105.048447, 30.680508 ], [ -105.047537, 30.681704 ], [ -105.048711, 30.682512 ], [ -105.050809, 30.682174 ], [ -105.051732, 30.681519 ], [ -105.055023, 30.682083 ], [ -105.055547, 30.682408 ], [ -105.054658, 30.683876 ], [ -105.054263, 30.68526 ], [ -105.055642, 30.685544 ], [ -105.056698, 30.687864 ], [ -105.059005, 30.688111 ], [ -105.059997, 30.687206 ], [ -105.060003, 30.686241 ], [ -105.061577, 30.685743 ], [ -105.062334, 30.686303 ], [ -105.063497, 30.688694 ], [ -105.063007, 30.690983 ], [ -105.061728, 30.694459 ], [ -105.061714, 30.696021 ], [ -105.062657, 30.697015 ], [ -105.062321, 30.697891 ], [ -105.062634, 30.698582 ], [ -105.064018, 30.698415 ], [ -105.065269, 30.69841 ], [ -105.06708, 30.699456 ], [ -105.067875, 30.70103 ], [ -105.06806, 30.702274 ], [ -105.068151, 30.703645 ], [ -105.068783, 30.703583 ], [ -105.068917, 30.703019 ], [ -105.069237, 30.702244 ], [ -105.07049, 30.701776 ], [ -105.072438, 30.701774 ], [ -105.073488, 30.701548 ], [ -105.074583, 30.701883 ], [ -105.0756, 30.701838 ], [ -105.076795, 30.701263 ], [ -105.077049, 30.700479 ], [ -105.077401, 30.700012 ], [ -105.078403, 30.6997 ], [ -105.079441, 30.699797 ], [ -105.080539, 30.699638 ], [ -105.08101, 30.699931 ], [ -105.081129, 30.700336 ], [ -105.080771, 30.701235 ], [ -105.080924, 30.701483 ], [ -105.08174, 30.701281 ], [ -105.082393, 30.701386 ], [ -105.082607, 30.701871 ], [ -105.082444, 30.702376 ], [ -105.081864, 30.702981 ], [ -105.080895, 30.703032 ], [ -105.080331, 30.703168 ], [ -105.079647, 30.703685 ], [ -105.079264, 30.704825 ], [ -105.079537, 30.705659 ], [ -105.080426, 30.706277 ], [ -105.080204, 30.70724 ], [ -105.080443, 30.708077 ], [ -105.081287, 30.708544 ], [ -105.082405, 30.708648 ], [ -105.082986, 30.709686 ], [ -105.083566, 30.710013 ], [ -105.084954, 30.709865 ], [ -105.087181, 30.709745 ], [ -105.087593, 30.710062 ], [ -105.087821, 30.710661 ], [ -105.087837, 30.711651 ], [ -105.087426, 30.712393 ], [ -105.086978, 30.714255 ], [ -105.087162, 30.714817 ], [ -105.087801, 30.715615 ], [ -105.088955, 30.715897 ], [ -105.090135, 30.716809 ], [ -105.091063, 30.717177 ], [ -105.09295, 30.717167 ], [ -105.093687, 30.717025 ], [ -105.094796, 30.71722 ], [ -105.095027, 30.717107 ], [ -105.09531, 30.716058 ], [ -105.096214, 30.715917 ], [ -105.096792, 30.716222 ], [ -105.098179, 30.716479 ], [ -105.098517, 30.716768 ], [ -105.098677, 30.71778 ], [ -105.098282, 30.718914 ], [ -105.098381, 30.720045 ], [ -105.098663, 30.720467 ], [ -105.099281, 30.720868 ], [ -105.099523, 30.721772 ], [ -105.099957, 30.722206 ], [ -105.100916, 30.722544 ], [ -105.102449, 30.722529 ], [ -105.104303, 30.72303 ], [ -105.105443, 30.723678 ], [ -105.105572, 30.724447 ], [ -105.105023, 30.724877 ], [ -105.103901, 30.7253 ], [ -105.103383, 30.726174 ], [ -105.103404, 30.727057 ], [ -105.103889, 30.727828 ], [ -105.103297, 30.728811 ], [ -105.103827, 30.729483 ], [ -105.104791, 30.729905 ], [ -105.105927, 30.730608 ], [ -105.106917, 30.730368 ], [ -105.107599, 30.72994 ], [ -105.108805, 30.730087 ], [ -105.11018, 30.731295 ], [ -105.110409, 30.732116 ], [ -105.111462, 30.732709 ], [ -105.111825, 30.733261 ], [ -105.111591, 30.73608 ], [ -105.110706, 30.73775 ], [ -105.110923, 30.738709 ], [ -105.109901, 30.739259 ], [ -105.109911, 30.740011 ], [ -105.110437, 30.740291 ], [ -105.112027, 30.740252 ], [ -105.112246, 30.740668 ], [ -105.1116, 30.741916 ], [ -105.110945, 30.742584 ], [ -105.110682, 30.743366 ], [ -105.113816, 30.746001 ], [ -105.114977, 30.745479 ], [ -105.116187, 30.744563 ], [ -105.115935, 30.743578 ], [ -105.117093, 30.742993 ], [ -105.118632, 30.743181 ], [ -105.119939, 30.743229 ], [ -105.120532, 30.744056 ], [ -105.120858, 30.745218 ], [ -105.120649, 30.746292 ], [ -105.119432, 30.747519 ], [ -105.119514, 30.748191 ], [ -105.119104, 30.74856 ], [ -105.118021, 30.749083 ], [ -105.118295, 30.749726 ], [ -105.119259, 30.749995 ], [ -105.120027, 30.749977 ], [ -105.120993, 30.749622 ], [ -105.123265, 30.749504 ], [ -105.124278, 30.749227 ], [ -105.125485, 30.748074 ], [ -105.127234, 30.747772 ], [ -105.128476, 30.748356 ], [ -105.12906, 30.749992 ], [ -105.130212, 30.750572 ], [ -105.132822, 30.750641 ], [ -105.135352, 30.751439 ], [ -105.137217, 30.751737 ], [ -105.138275, 30.752522 ], [ -105.139715, 30.752997 ], [ -105.140569, 30.752208 ], [ -105.141386, 30.752881 ], [ -105.141766, 30.754134 ], [ -105.142556, 30.75498 ], [ -105.143771, 30.755205 ], [ -105.14468, 30.754808 ], [ -105.147155, 30.753648 ], [ -105.148489, 30.752346 ], [ -105.152362, 30.751452 ], [ -105.15457, 30.752766 ], [ -105.156527, 30.753931 ], [ -105.157443, 30.753422 ], [ -105.158184, 30.752862 ], [ -105.161127, 30.752059 ], [ -105.161741, 30.752501 ], [ -105.161942, 30.75351 ], [ -105.161259, 30.754789 ], [ -105.161304, 30.756263 ], [ -105.160521, 30.757711 ], [ -105.158744, 30.759394 ], [ -105.157763, 30.761662 ], [ -105.157639, 30.766572 ], [ -105.15612, 30.769583 ], [ -105.156481, 30.769986 ], [ -105.159009, 30.771006 ], [ -105.160695, 30.770323 ], [ -105.162815, 30.770719 ], [ -105.164819, 30.772493 ], [ -105.165727, 30.773916 ], [ -105.16649, 30.775954 ], [ -105.166664, 30.776583 ], [ -105.168759, 30.775936 ], [ -105.169397, 30.774079 ], [ -105.170723, 30.771728 ], [ -105.172504, 30.77053 ], [ -105.173806, 30.768166 ], [ -105.173921, 30.767647 ], [ -105.175366, 30.767417 ], [ -105.176833, 30.768147 ], [ -105.177574, 30.769289 ], [ -105.179367, 30.771153 ], [ -105.180304, 30.77337 ], [ -105.182279, 30.776366 ], [ -105.183436, 30.776645 ], [ -105.184402, 30.776518 ], [ -105.185144, 30.777722 ], [ -105.185172, 30.780593 ], [ -105.184391, 30.781477 ], [ -105.185215, 30.781993 ], [ -105.185596, 30.783257 ], [ -105.186241, 30.784712 ], [ -105.187435, 30.784778 ], [ -105.190407, 30.785542 ], [ -105.190987, 30.785974 ], [ -105.192313, 30.788917 ], [ -105.192755, 30.790131 ], [ -105.194373, 30.791034 ], [ -105.195144, 30.792138 ], [ -105.195756, 30.792209 ], [ -105.199101, 30.789016 ], [ -105.200507, 30.787373 ], [ -105.202757, 30.788048 ], [ -105.204697, 30.787545 ], [ -105.206949, 30.785866 ], [ -105.207017, 30.78432 ], [ -105.209217, 30.78263 ], [ -105.209989, 30.78265 ], [ -105.211433, 30.781797 ], [ -105.214126, 30.782631 ], [ -105.214319, 30.78335 ], [ -105.215401, 30.783817 ], [ -105.218567, 30.785244 ], [ -105.219777, 30.786423 ], [ -105.22015, 30.787763 ], [ -105.220047, 30.788898 ], [ -105.2184, 30.791741 ], [ -105.216938, 30.793383 ], [ -105.215209, 30.792858 ], [ -105.213169, 30.793146 ], [ -105.211479, 30.794483 ], [ -105.211485, 30.795376 ], [ -105.210696, 30.796876 ], [ -105.20992, 30.797068 ], [ -105.20959, 30.797807 ], [ -105.210274, 30.798417 ], [ -105.211117, 30.799581 ], [ -105.212638, 30.800057 ], [ -105.213798, 30.801711 ], [ -105.213942617246005, 30.802207787021899 ], [ -105.214014, 30.802453 ], [ -105.213798, 30.80282 ], [ -105.2138, 30.803481 ], [ -105.214685, 30.805118 ], [ -105.215017, 30.805893 ], [ -105.216713, 30.8058 ], [ -105.217675, 30.805955 ], [ -105.21841, 30.805671 ], [ -105.2199, 30.804351 ], [ -105.223396, 30.800828 ], [ -105.224791, 30.80057 ], [ -105.225767, 30.79957 ], [ -105.227891, 30.799199 ], [ -105.229049, 30.800291 ], [ -105.22835, 30.80172 ], [ -105.228391, 30.802867 ], [ -105.230019, 30.803827 ], [ -105.230898, 30.803715 ], [ -105.232133, 30.803081 ], [ -105.233853, 30.803016 ], [ -105.234402, 30.802661 ], [ -105.23557, 30.802747 ], [ -105.236335, 30.803153 ], [ -105.237501, 30.803529 ], [ -105.238298, 30.803595 ], [ -105.238893, 30.802585 ], [ -105.239712, 30.802274 ], [ -105.241783, 30.802178 ], [ -105.242957, 30.801487 ], [ -105.243745, 30.80024 ], [ -105.244476, 30.799809 ], [ -105.245619, 30.800433 ], [ -105.247664, 30.80019 ], [ -105.250095, 30.799154 ], [ -105.251244, 30.797588 ], [ -105.252825, 30.795805 ], [ -105.253909, 30.795875 ], [ -105.255536, 30.795181 ], [ -105.256677, 30.79444 ], [ -105.257941, 30.794708 ], [ -105.259198, 30.796499 ], [ -105.261232, 30.798497 ], [ -105.263826, 30.799943 ], [ -105.265504, 30.802549 ], [ -105.265661, 30.805141 ], [ -105.265936, 30.806868 ], [ -105.266725, 30.808375 ], [ -105.268478, 30.809353 ], [ -105.272017, 30.809223 ], [ -105.27276, 30.808274 ], [ -105.27437, 30.808093 ], [ -105.275558, 30.806936 ], [ -105.276557, 30.808219 ], [ -105.277007, 30.8103 ], [ -105.277565, 30.811603 ], [ -105.279221, 30.812905 ], [ -105.279092, 30.814386 ], [ -105.279401, 30.815698 ], [ -105.282185, 30.818178 ], [ -105.284309, 30.818734 ], [ -105.287208, 30.817864 ], [ -105.287953, 30.817877 ], [ -105.288512, 30.818516 ], [ -105.288658, 30.819603 ], [ -105.289372, 30.82111 ], [ -105.289474, 30.822452 ], [ -105.289258, 30.823779 ], [ -105.290397, 30.825111 ], [ -105.292225, 30.826311 ], [ -105.294165, 30.82627 ], [ -105.298803, 30.82569 ], [ -105.300171, 30.824652 ], [ -105.300832, 30.822792 ], [ -105.300988, 30.820615 ], [ -105.300519, 30.819326 ], [ -105.302861, 30.814965 ], [ -105.30605, 30.810037 ], [ -105.306541, 30.809708 ], [ -105.307588, 30.810032 ], [ -105.308862, 30.811089 ], [ -105.30878, 30.81373 ], [ -105.308176, 30.814299 ], [ -105.308489, 30.81506 ], [ -105.309085, 30.815409 ], [ -105.310184, 30.816519 ], [ -105.310772, 30.815338 ], [ -105.311366, 30.814017 ], [ -105.312688, 30.813077 ], [ -105.3144, 30.812336 ], [ -105.3148, 30.811471 ], [ -105.316101, 30.810948 ], [ -105.31702, 30.810987 ], [ -105.318599, 30.812166 ], [ -105.3186, 30.813039 ], [ -105.31783, 30.815496 ], [ -105.317586, 30.81719 ], [ -105.315958, 30.818717 ], [ -105.316409, 30.820075 ], [ -105.317841, 30.821492 ], [ -105.318967, 30.82485 ], [ -105.318242, 30.82652 ], [ -105.318064, 30.827612 ], [ -105.318897, 30.828718 ], [ -105.31965, 30.829077 ], [ -105.320082, 30.828506 ], [ -105.320108, 30.827452 ], [ -105.32235, 30.827746 ], [ -105.324408, 30.828331 ], [ -105.325482, 30.827447 ], [ -105.326759, 30.826217 ], [ -105.327043, 30.824705 ], [ -105.328866, 30.824828 ], [ -105.329777, 30.825429 ], [ -105.330035, 30.826491 ], [ -105.327762, 30.83031 ], [ -105.328333, 30.831486 ], [ -105.331093, 30.83226 ], [ -105.334135, 30.833633 ], [ -105.335513, 30.833424 ], [ -105.337192, 30.833481 ], [ -105.33741, 30.835765 ], [ -105.337925, 30.837853 ], [ -105.338749, 30.839645 ], [ -105.339293, 30.840475 ], [ -105.341676, 30.84047 ], [ -105.342692, 30.840998 ], [ -105.345755, 30.840612 ], [ -105.347372, 30.839516 ], [ -105.347395, 30.838267 ], [ -105.349691, 30.836895 ], [ -105.351837, 30.835562 ], [ -105.353339, 30.835924 ], [ -105.354423, 30.837983 ], [ -105.353749, 30.839149 ], [ -105.353057, 30.841278 ], [ -105.353871, 30.842756 ], [ -105.356194, 30.844198 ], [ -105.358007, 30.845549 ], [ -105.359331, 30.845774 ], [ -105.359949, 30.846299 ], [ -105.360408, 30.848584 ], [ -105.361352, 30.849996 ], [ -105.361592, 30.850545 ], [ -105.362041, 30.850545 ], [ -105.363852, 30.849746 ], [ -105.367638, 30.847693 ], [ -105.371893, 30.847575 ], [ -105.373042, 30.848183 ], [ -105.374679, 30.848875 ], [ -105.374946, 30.849939 ], [ -105.375465, 30.849753 ], [ -105.376896, 30.848645 ], [ -105.377703, 30.848999 ], [ -105.376723, 30.850878 ], [ -105.377162, 30.851275 ], [ -105.377897, 30.851089 ], [ -105.379766, 30.850603 ], [ -105.381895, 30.851188 ], [ -105.382936, 30.852067 ], [ -105.383626, 30.851936 ], [ -105.384052, 30.850712 ], [ -105.384779, 30.850543 ], [ -105.385518, 30.851239 ], [ -105.385877, 30.852063 ], [ -105.386969, 30.853606 ], [ -105.38784, 30.853638 ], [ -105.389041, 30.852364 ], [ -105.389971, 30.852143 ], [ -105.391036, 30.852289 ], [ -105.391952, 30.850594 ], [ -105.393084, 30.850961 ], [ -105.394096, 30.850844 ], [ -105.394514, 30.850234 ], [ -105.394057, 30.849528 ], [ -105.394357, 30.849067 ], [ -105.395364, 30.849069 ], [ -105.396423, 30.849882 ], [ -105.398013, 30.851175 ], [ -105.400462, 30.852617 ], [ -105.401668, 30.854563 ], [ -105.400453, 30.856748 ], [ -105.399063, 30.857874 ], [ -105.395216, 30.859289 ], [ -105.394523, 30.861288 ], [ -105.39503, 30.862112 ], [ -105.394404, 30.863107 ], [ -105.395007, 30.86399 ], [ -105.395981, 30.864092 ], [ -105.395765, 30.864707 ], [ -105.393644, 30.867012 ], [ -105.394012, 30.868091 ], [ -105.394787, 30.86969 ], [ -105.394438, 30.87066 ], [ -105.394958, 30.87108 ], [ -105.394249, 30.871961 ], [ -105.392021, 30.873185 ], [ -105.391299, 30.873853 ], [ -105.391414, 30.874347 ], [ -105.39284, 30.875937 ], [ -105.393994, 30.876431 ], [ -105.39498, 30.876298 ], [ -105.397619, 30.876244 ], [ -105.400444, 30.876873 ], [ -105.40258, 30.878791 ], [ -105.404158, 30.879684 ], [ -105.403857, 30.880645 ], [ -105.403117, 30.881506 ], [ -105.400983, 30.882498 ], [ -105.399276, 30.884004 ], [ -105.398828, 30.885329 ], [ -105.400008, 30.886304 ], [ -105.399953, 30.887558 ], [ -105.399488, 30.887949 ], [ -105.399866, 30.889074 ], [ -105.401293, 30.890174 ], [ -105.402142, 30.89028 ], [ -105.403369, 30.891808 ], [ -105.404418, 30.891918 ], [ -105.406323, 30.890632 ], [ -105.408235, 30.889293 ], [ -105.410378, 30.889012 ], [ -105.41165, 30.888502 ], [ -105.412273, 30.888702 ], [ -105.412101, 30.889418 ], [ -105.412352, 30.890034 ], [ -105.411897, 30.89086 ], [ -105.410764, 30.891427 ], [ -105.410533, 30.891885 ], [ -105.410702, 30.892469 ], [ -105.412108, 30.89372 ], [ -105.412288, 30.894398 ], [ -105.413552, 30.898073 ], [ -105.413802, 30.899567 ], [ -105.415051, 30.899952 ], [ -105.419272, 30.900356 ], [ -105.421665, 30.900478 ], [ -105.424762, 30.900996 ], [ -105.425624, 30.900396 ], [ -105.426284, 30.900768 ], [ -105.428825, 30.904681 ], [ -105.430136, 30.905604 ], [ -105.432387, 30.906019 ], [ -105.434559, 30.907685 ], [ -105.436172, 30.90748 ], [ -105.439535, 30.908714 ], [ -105.440918, 30.908362 ], [ -105.442236, 30.909275 ], [ -105.444602, 30.913035 ], [ -105.445342, 30.915333 ], [ -105.445451, 30.916277 ], [ -105.44432, 30.917258 ], [ -105.445569, 30.918527 ], [ -105.447127, 30.919594 ], [ -105.448051, 30.918785 ], [ -105.448665, 30.917723 ], [ -105.449989, 30.917089 ], [ -105.451074, 30.915856 ], [ -105.452091, 30.915653 ], [ -105.453152, 30.916206 ], [ -105.453361, 30.917368 ], [ -105.454375, 30.919427 ], [ -105.45375, 30.91979 ], [ -105.452423, 30.91988 ], [ -105.451989, 30.920125 ], [ -105.451208, 30.921752 ], [ -105.451205, 30.923963 ], [ -105.451604, 30.924827 ], [ -105.452971, 30.925085 ], [ -105.45646, 30.924542 ], [ -105.457787, 30.924923 ], [ -105.459474, 30.924792 ], [ -105.460751, 30.925395 ], [ -105.462611, 30.924988 ], [ -105.464927, 30.925814 ], [ -105.465462, 30.924551 ], [ -105.466534, 30.924197 ], [ -105.467339, 30.925552 ], [ -105.467207, 30.927145 ], [ -105.467448, 30.928202 ], [ -105.467552, 30.929668 ], [ -105.46985, 30.931158 ], [ -105.470789, 30.931239 ], [ -105.470706, 30.93276 ], [ -105.470886, 30.933763 ], [ -105.473603, 30.934388 ], [ -105.474206, 30.933997 ], [ -105.475923, 30.933817 ], [ -105.477144, 30.935986 ], [ -105.47822, 30.938212 ], [ -105.481918, 30.94074 ], [ -105.484145, 30.941093 ], [ -105.48629, 30.942567 ], [ -105.488027, 30.943278 ], [ -105.489442, 30.94549 ], [ -105.491109, 30.947052 ], [ -105.493728, 30.949461 ], [ -105.494808, 30.949363 ], [ -105.496648, 30.949461 ], [ -105.498428, 30.950113 ], [ -105.498992, 30.950725 ], [ -105.498094, 30.951837 ], [ -105.497538, 30.953083 ], [ -105.496463, 30.954325 ], [ -105.496897, 30.95513 ], [ -105.495766, 30.955779 ], [ -105.494204, 30.955303 ], [ -105.49395, 30.955624 ], [ -105.494128, 30.957322 ], [ -105.496991, 30.961401 ], [ -105.497958, 30.962127 ], [ -105.498981, 30.96341 ], [ -105.500061, 30.96595 ], [ -105.501968, 30.967737 ], [ -105.502756, 30.967911 ], [ -105.503669, 30.967958 ], [ -105.506674, 30.966507 ], [ -105.508236, 30.966295 ], [ -105.511838, 30.966494 ], [ -105.513764, 30.966261 ], [ -105.514217, 30.966077 ], [ -105.514916, 30.965223 ], [ -105.515718, 30.964857 ], [ -105.516865, 30.967207 ], [ -105.516811, 30.969252 ], [ -105.517731, 30.970322 ], [ -105.517864, 30.971098 ], [ -105.519628, 30.972537 ], [ -105.520338, 30.972974 ], [ -105.521319, 30.974689 ], [ -105.521471196882999, 30.9752835334419 ], [ -105.52165, 30.975982 ], [ -105.522094, 30.976553 ], [ -105.522977, 30.976897 ], [ -105.52471, 30.97719 ], [ -105.52634, 30.977654 ], [ -105.52738, 30.978446 ], [ -105.532268, 30.984308 ], [ -105.533088, 30.984859 ], [ -105.535789, 30.985022 ], [ -105.538042, 30.985734 ], [ -105.540574, 30.984955 ], [ -105.541892, 30.984552 ], [ -105.543676, 30.984746 ], [ -105.554044, 30.988118 ], [ -105.556168, 30.98894 ], [ -105.55743, 30.990229 ], [ -105.56368, 30.997546 ], [ -105.565684, 31.002336 ], [ -105.570096, 31.008203 ], [ -105.570233, 31.008971 ], [ -105.568868, 31.013595 ], [ -105.568756, 31.014606 ], [ -105.568956, 31.015369 ], [ -105.570532, 31.018007 ], [ -105.571146, 31.018656 ], [ -105.571976, 31.018936 ], [ -105.576853, 31.019475 ], [ -105.578151, 31.020224 ], [ -105.579114, 31.021645 ], [ -105.581404, 31.026847 ], [ -105.58106, 31.02816 ], [ -105.579913, 31.03039 ], [ -105.579507, 31.034087 ], [ -105.579542, 31.035396 ], [ -105.579861576639004, 31.036656659373701 ], [ -105.584848, 31.056327 ], [ -105.585323, 31.057488 ], [ -105.587162, 31.059358 ], [ -105.588598, 31.060551 ], [ -105.594467, 31.063694 ], [ -105.595921, 31.064842 ], [ -105.598773, 31.074926 ], [ -105.60333, 31.082625 ], [ -105.604467, 31.083744 ], [ -105.606099, 31.08503 ], [ -105.627349, 31.098545 ], [ -105.628519, 31.098655 ], [ -105.639828, 31.097647 ], [ -105.640849, 31.097795 ], [ -105.64189, 31.098322 ], [ -105.642593, 31.099374 ], [ -105.646731, 31.113908 ], [ -105.647604, 31.114979 ], [ -105.648834, 31.115902 ], [ -105.658833, 31.119461 ], [ -105.659861, 31.11968 ], [ -105.661167, 31.119827 ], [ -105.662283, 31.120289 ], [ -105.663473, 31.121113 ], [ -105.665031, 31.121751 ], [ -105.66912, 31.123105 ], [ -105.679419, 31.126032 ], [ -105.693414, 31.130819 ], [ -105.709491, 31.136375 ], [ -105.71618, 31.140567 ], [ -105.717006, 31.141438 ], [ -105.717525, 31.142415 ], [ -105.717691, 31.143441 ], [ -105.717749, 31.144761 ], [ -105.718298, 31.147213 ], [ -105.718758, 31.148285 ], [ -105.71954, 31.149161 ], [ -105.741564, 31.164377 ], [ -105.742678, 31.164897 ], [ -105.743685, 31.165254 ], [ -105.744431, 31.165355 ], [ -105.763531, 31.164121 ], [ -105.76956, 31.164876 ], [ -105.771776, 31.16592 ], [ -105.773257, 31.166897 ], [ -105.773847, 31.168033 ], [ -105.774268, 31.169368 ], [ -105.775358, 31.174639 ], [ -105.776126, 31.176524 ], [ -105.779122, 31.181002 ], [ -105.780021, 31.182666 ], [ -105.780253, 31.184941 ], [ -105.780047, 31.186069 ], [ -105.779637, 31.187634 ], [ -105.779458, 31.18985 ], [ -105.779725, 31.191283 ], [ -105.780784, 31.193626 ], [ -105.782895, 31.197563 ], [ -105.783554, 31.198292 ], [ -105.784684, 31.19898 ], [ -105.786308, 31.199547 ], [ -105.791413, 31.200976 ], [ -105.793182, 31.201542 ], [ -105.794386, 31.20224 ], [ -105.818835, 31.230681 ], [ -105.825620883813002, 31.237163092247801 ], [ -105.835722, 31.246812 ], [ -105.850511, 31.265269 ], [ -105.8517, 31.267858 ], [ -105.853369, 31.271774 ], [ -105.854057, 31.272748 ], [ -105.857272, 31.274986 ], [ -105.858462, 31.276107 ], [ -105.863718920989996, 31.282349870006101 ], [ -105.869163, 31.288815 ], [ -105.870456, 31.289795 ], [ -105.875111, 31.29149 ], [ -105.876387, 31.291668 ], [ -105.878093, 31.291544 ], [ -105.890872, 31.290014 ], [ -105.893149, 31.290375 ], [ -105.894595, 31.29101 ], [ -105.89622, 31.292373 ], [ -105.8967, 31.293122 ], [ -105.902098, 31.303733 ], [ -105.903471, 31.306988 ], [ -105.906689, 31.310045 ], [ -105.907039, 31.311281 ], [ -105.907388, 31.312214 ], [ -105.907407724590001, 31.312226170491801 ], [ -105.907952, 31.312562 ], [ -105.908771, 31.312774 ], [ -105.911161, 31.312983 ], [ -105.914199, 31.313041 ], [ -105.9181, 31.312626 ], [ -105.922092, 31.311983 ], [ -105.931019, 31.31271 ], [ -105.932553, 31.313121 ], [ -105.938452, 31.318735 ], [ -105.947815, 31.33987 ], [ -105.947826, 31.341157 ], [ -105.945502, 31.350717 ], [ -105.945491, 31.352082 ], [ -105.945852, 31.353207 ], [ -105.953786, 31.364749 ], [ -105.954687, 31.365182 ], [ -105.955596, 31.365304 ], [ -105.968706, 31.365619 ], [ -105.970101, 31.365937 ], [ -105.982046, 31.375869 ], [ -105.997132001252993, 31.387246427541999 ], [ -105.972273, 31.408312 ], [ -105.954328, 31.423468 ], [ -105.958548, 31.423461 ], [ -105.959262, 31.478417 ], [ -105.993255, 31.478392 ], [ -105.992695, 31.500109 ], [ -105.993415, 31.563752 ], [ -105.993889, 31.606694 ], [ -105.994756, 31.679688 ], [ -105.995413, 31.748173 ], [ -105.995766, 31.750109 ], [ -105.996185, 31.829363 ], [ -105.996783, 31.901587 ], [ -105.99705, 31.927642 ], [ -105.997107, 31.933405 ], [ -105.997806, 32.000104 ], [ -105.998003, 32.002328 ], [ -105.9006, 32.0021 ], [ -105.886159, 32.00197 ], [ -105.854061, 32.00235 ], [ -105.750527, 32.002206 ], [ -105.731362, 32.001564 ], [ -105.473262033978003, 32.000720700797302 ], [ -105.429281, 32.000577 ], [ -105.428582, 32.0006 ], [ -105.427049, 32.000638 ], [ -105.390396, 32.000607 ], [ -105.153994, 32.000497 ], [ -105.15031, 32.000497 ], [ -105.14824, 32.000485 ], [ -105.132916, 32.000518 ], [ -105.131377, 32.000524 ], [ -105.11804, 32.000485 ], [ -105.078605, 32.000533 ], [ -105.077046, 32.000579 ], [ -104.918885, 32.000418 ], [ -104.918359749141999, 32.000415489555998 ], [ -104.847741610843997, 32.000077969148897 ], [ -104.832893, 32.000007 ], [ -104.772106, 31.997486 ], [ -104.754787, 31.997773 ], [ -104.754556, 32.000527 ], [ -104.66646, 32.000412 ], [ -104.531756, 32.000117 ], [ -104.329638023971, 32.000074363700399 ], [ -104.024521, 32.00001 ], [ -103.980179, 32.000125 ], [ -103.875476, 32.000554 ], [ -103.748317, 32.000198 ], [ -103.722882014869995, 32.000208371388098 ], [ -103.326501, 32.00037 ], [ -103.278521, 32.000419 ], [ -103.270383, 32.000326 ], [ -103.267708, 32.000324 ], [ -103.267633, 32.000475 ], [ -103.215641, 32.000513 ], [ -103.165128923371, 32.000489125311397 ], [ -103.088698, 32.000453 ], [ -103.085876, 32.000465 ], [ -103.064423, 32.000518 ], [ -103.064344, 32.087051 ], [ -102.866486, 32.087145 ], [ -102.801559, 32.087153 ], [ -102.799086, 32.085795 ], [ -102.798381, 31.863573 ], [ -102.798939, 31.651783 ], [ -102.767246, 31.651714 ], [ -102.767687, 31.638548 ], [ -102.767533, 31.625179 ], [ -102.767427, 31.624486 ], [ -102.767382, 31.51568 ], [ -102.767502, 31.432791 ], [ -102.767562, 31.361601 ], [ -102.767365, 31.293803 ], [ -102.76459, 31.29421 ], [ -102.762548, 31.293022 ], [ -102.761748, 31.294495 ], [ -102.760148, 31.293131 ], [ -102.755688, 31.291253 ], [ -102.757636, 31.28992 ], [ -102.755132, 31.290422 ], [ -102.756487, 31.288258 ], [ -102.75599, 31.286724 ], [ -102.754401, 31.285672 ], [ -102.755154, 31.284813 ], [ -102.757053, 31.284996 ], [ -102.756894, 31.283254 ], [ -102.754796, 31.280199 ], [ -102.753248, 31.279151 ], [ -102.750532, 31.280372 ], [ -102.749497, 31.281776 ], [ -102.746454, 31.282554 ], [ -102.744331, 31.281358 ], [ -102.743225, 31.281564 ], [ -102.744492, 31.282908 ], [ -102.742316, 31.28481 ], [ -102.742082, 31.283179 ], [ -102.739244, 31.282596 ], [ -102.737558, 31.283748 ], [ -102.736891, 31.285638 ], [ -102.734984, 31.285591 ], [ -102.731491, 31.286492 ], [ -102.730463, 31.287211 ], [ -102.729976, 31.287703 ], [ -102.731403, 31.289347 ], [ -102.732595, 31.292129 ], [ -102.73216, 31.292975 ], [ -102.729181, 31.294107 ], [ -102.729185, 31.295264 ], [ -102.732054, 31.295617 ], [ -102.732142, 31.298402 ], [ -102.729972, 31.29779 ], [ -102.729354, 31.298797 ], [ -102.73059, 31.299251 ], [ -102.730676, 31.300643 ], [ -102.729348, 31.301103 ], [ -102.728935, 31.299977 ], [ -102.726744, 31.300043 ], [ -102.72878, 31.301554 ], [ -102.729445, 31.30306 ], [ -102.726076, 31.304619 ], [ -102.724875, 31.308418 ], [ -102.723055, 31.307126 ], [ -102.721905, 31.309675 ], [ -102.719026, 31.309032 ], [ -102.717745, 31.310793 ], [ -102.714904, 31.310019 ], [ -102.711787, 31.310357 ], [ -102.711607, 31.312292 ], [ -102.709994, 31.312536 ], [ -102.708332, 31.31113 ], [ -102.70647, 31.312045 ], [ -102.703452, 31.314659 ], [ -102.701357, 31.314586 ], [ -102.698964, 31.31611 ], [ -102.695853, 31.318753 ], [ -102.690602, 31.319997 ], [ -102.688918, 31.321007 ], [ -102.688719, 31.322086 ], [ -102.686524, 31.322166 ], [ -102.683287, 31.323294 ], [ -102.681677, 31.325162 ], [ -102.679914, 31.325349 ], [ -102.67889, 31.32645 ], [ -102.676333, 31.327157 ], [ -102.677247, 31.329272 ], [ -102.676104, 31.330084 ], [ -102.673244, 31.328105 ], [ -102.671522, 31.328208 ], [ -102.670288, 31.326992 ], [ -102.667909, 31.326819 ], [ -102.666224, 31.325136 ], [ -102.664388, 31.321336 ], [ -102.664387, 31.316935 ], [ -102.665419, 31.314054 ], [ -102.66385, 31.315367 ], [ -102.66198, 31.315902 ], [ -102.660772, 31.314335 ], [ -102.658478, 31.314619 ], [ -102.656689, 31.313533 ], [ -102.655154, 31.315676 ], [ -102.652728, 31.312775 ], [ -102.65061, 31.312474 ], [ -102.650082, 31.314085 ], [ -102.647842, 31.315527 ], [ -102.648229, 31.313509 ], [ -102.646287, 31.313581 ], [ -102.641008, 31.309682 ], [ -102.642135, 31.308423 ], [ -102.641703, 31.307329 ], [ -102.640208, 31.308116 ], [ -102.639894, 31.306498 ], [ -102.638015, 31.304873 ], [ -102.635151, 31.305029 ], [ -102.637007, 31.301291 ], [ -102.636844, 31.299208 ], [ -102.635571, 31.298108 ], [ -102.637907, 31.296377 ], [ -102.636225, 31.295381 ], [ -102.635712, 31.293917 ], [ -102.63412, 31.293427 ], [ -102.632037, 31.2939 ], [ -102.631115, 31.292416 ], [ -102.628955, 31.291026 ], [ -102.623598, 31.29232 ], [ -102.622117, 31.291111 ], [ -102.621987, 31.289809 ], [ -102.62048, 31.289112 ], [ -102.619094, 31.289677 ], [ -102.616377, 31.289386 ], [ -102.617074, 31.287714 ], [ -102.616804, 31.28582 ], [ -102.612552, 31.284567 ], [ -102.608596, 31.286082 ], [ -102.608088, 31.283919 ], [ -102.610278, 31.283446 ], [ -102.609045, 31.281517 ], [ -102.607142, 31.281685 ], [ -102.608688, 31.28042 ], [ -102.60618, 31.279002 ], [ -102.605083, 31.279228 ], [ -102.604491, 31.276434 ], [ -102.602728, 31.276055 ], [ -102.603355, 31.274071 ], [ -102.604359, 31.273416 ], [ -102.60412, 31.271087 ], [ -102.603144, 31.270584 ], [ -102.601283, 31.272021 ], [ -102.601629, 31.270054 ], [ -102.599323, 31.270427 ], [ -102.598748, 31.268601 ], [ -102.600198, 31.268226 ], [ -102.600677, 31.267097 ], [ -102.599566, 31.266176 ], [ -102.597852, 31.265854 ], [ -102.596597, 31.266568 ], [ -102.5969, 31.264847 ], [ -102.59613, 31.263987 ], [ -102.59529, 31.266343 ], [ -102.594076, 31.26735 ], [ -102.591766, 31.265282 ], [ -102.591624, 31.264138 ], [ -102.588877, 31.263527 ], [ -102.589287, 31.262059 ], [ -102.588705, 31.260289 ], [ -102.587771, 31.260238 ], [ -102.586157, 31.263288 ], [ -102.583891, 31.26288 ], [ -102.584047, 31.264683 ], [ -102.583318, 31.265214 ], [ -102.582395, 31.264956 ], [ -102.581422, 31.263034 ], [ -102.580455, 31.263054 ], [ -102.580194, 31.263857 ], [ -102.582058, 31.26558 ], [ -102.581594, 31.267298 ], [ -102.579844, 31.267736 ], [ -102.578943, 31.271745 ], [ -102.577346, 31.271024 ], [ -102.578091, 31.269619 ], [ -102.575784, 31.267735 ], [ -102.57493, 31.268983 ], [ -102.576134, 31.269415 ], [ -102.576108, 31.271371 ], [ -102.574953, 31.272627 ], [ -102.570919, 31.269983 ], [ -102.569393, 31.2708 ], [ -102.567308, 31.269769 ], [ -102.566359, 31.270165 ], [ -102.567042, 31.272675 ], [ -102.565965, 31.27116 ], [ -102.564054, 31.270865 ], [ -102.564497, 31.269267 ], [ -102.562424, 31.269008 ], [ -102.560599, 31.267573 ], [ -102.557934, 31.267783 ], [ -102.556723, 31.268642 ], [ -102.553267, 31.268446 ], [ -102.549641, 31.268988 ], [ -102.549433, 31.267924 ], [ -102.551225, 31.267546 ], [ -102.550358, 31.265791 ], [ -102.549296, 31.265744 ], [ -102.547703, 31.267344 ], [ -102.545623, 31.266344 ], [ -102.544306, 31.267311 ], [ -102.543503, 31.265088 ], [ -102.54217, 31.26594 ], [ -102.541741, 31.267269 ], [ -102.540573, 31.26721 ], [ -102.541002, 31.265713 ], [ -102.538237, 31.265474 ], [ -102.538102, 31.263889 ], [ -102.536213, 31.265343 ], [ -102.536165, 31.263427 ], [ -102.53493, 31.262196 ], [ -102.533692, 31.262193 ], [ -102.533161, 31.260727 ], [ -102.53134, 31.260956 ], [ -102.529976, 31.262108 ], [ -102.528579, 31.261774 ], [ -102.525313, 31.262449 ], [ -102.524406, 31.261874 ], [ -102.523063, 31.262698 ], [ -102.52257, 31.260599 ], [ -102.521483, 31.262588 ], [ -102.520365, 31.262565 ], [ -102.519139, 31.26104 ], [ -102.515165, 31.260472 ], [ -102.515158, 31.258877 ], [ -102.511156, 31.2595 ], [ -102.511191, 31.258466 ], [ -102.509233, 31.258488 ], [ -102.50889, 31.257183 ], [ -102.506965, 31.256625 ], [ -102.506679, 31.253978 ], [ -102.504184, 31.252876 ], [ -102.502299, 31.252975 ], [ -102.503231, 31.251284 ], [ -102.501899, 31.250675 ], [ -102.50223, 31.248915 ], [ -102.498978, 31.24756 ], [ -102.501902, 31.245813 ], [ -102.500359, 31.245132 ], [ -102.500396, 31.246201 ], [ -102.498265, 31.246236 ], [ -102.496098, 31.244887 ], [ -102.497194, 31.244217 ], [ -102.495835, 31.243538 ], [ -102.495506, 31.242206 ], [ -102.494041, 31.241525 ], [ -102.49384, 31.24038 ], [ -102.491008, 31.24071 ], [ -102.489655, 31.238006 ], [ -102.491102, 31.235638 ], [ -102.490101, 31.235134 ], [ -102.488564, 31.235791 ], [ -102.488764, 31.234341 ], [ -102.487452, 31.236004 ], [ -102.485767, 31.235566 ], [ -102.486049, 31.238006 ], [ -102.484027, 31.237528 ], [ -102.483822, 31.23542 ], [ -102.48214, 31.235903 ], [ -102.481629, 31.233874 ], [ -102.479254, 31.233351 ], [ -102.477608, 31.231871 ], [ -102.476482, 31.229248 ], [ -102.474012, 31.229451 ], [ -102.473383, 31.227182 ], [ -102.47248, 31.226736 ], [ -102.472379, 31.228422 ], [ -102.46995, 31.227842 ], [ -102.468945, 31.228336 ], [ -102.467568, 31.226924 ], [ -102.465491, 31.226215 ], [ -102.468694, 31.223431 ], [ -102.466397, 31.222194 ], [ -102.466963, 31.221218 ], [ -102.465439, 31.220664 ], [ -102.465957, 31.219504 ], [ -102.46851, 31.220581 ], [ -102.469258, 31.219703 ], [ -102.467178, 31.218548 ], [ -102.465393, 31.218891 ], [ -102.464362, 31.217878 ], [ -102.462553, 31.218903 ], [ -102.462948, 31.222039 ], [ -102.461367, 31.221616 ], [ -102.460181, 31.222668 ], [ -102.459124, 31.222042 ], [ -102.458057, 31.22357 ], [ -102.457234, 31.222585 ], [ -102.456207, 31.223643 ], [ -102.455729, 31.222107 ], [ -102.45294, 31.220019 ], [ -102.454414, 31.219136 ], [ -102.452469, 31.217668 ], [ -102.452909, 31.216221 ], [ -102.451475, 31.216443 ], [ -102.451647, 31.215299 ], [ -102.45015, 31.213326 ], [ -102.447866, 31.213556 ], [ -102.446958, 31.212842 ], [ -102.446683, 31.214662 ], [ -102.443641, 31.212518 ], [ -102.442183, 31.212774 ], [ -102.441851, 31.209692 ], [ -102.43992, 31.209929 ], [ -102.44081, 31.20899 ], [ -102.439121, 31.208031 ], [ -102.440476, 31.207229 ], [ -102.439746, 31.205579 ], [ -102.438022, 31.204807 ], [ -102.437155, 31.202336 ], [ -102.43802, 31.20079 ], [ -102.438508, 31.197747 ], [ -102.436107, 31.197356 ], [ -102.433834, 31.195573 ], [ -102.432131, 31.19672 ], [ -102.43187, 31.195682 ], [ -102.433055, 31.193759 ], [ -102.430123, 31.193918 ], [ -102.429595, 31.193279 ], [ -102.431199, 31.192214 ], [ -102.4295, 31.191185 ], [ -102.428545, 31.189325 ], [ -102.428186, 31.186071 ], [ -102.429444, 31.183249 ], [ -102.428936, 31.181919 ], [ -102.427576, 31.181431 ], [ -102.427205, 31.180021 ], [ -102.42567, 31.179771 ], [ -102.425107, 31.17816 ], [ -102.426548, 31.177712 ], [ -102.428744, 31.174641 ], [ -102.430217, 31.175375 ], [ -102.430101, 31.174249 ], [ -102.42865, 31.1738 ], [ -102.427451, 31.171714 ], [ -102.426214, 31.172706 ], [ -102.425852, 31.171294 ], [ -102.42774, 31.168096 ], [ -102.427862, 31.1665 ], [ -102.425805, 31.166493 ], [ -102.425273, 31.163615 ], [ -102.423451, 31.163316 ], [ -102.425716, 31.162003 ], [ -102.425936, 31.159766 ], [ -102.425052, 31.159186 ], [ -102.423847, 31.16027 ], [ -102.423283, 31.158109 ], [ -102.42344, 31.155821 ], [ -102.424664, 31.155016 ], [ -102.425629, 31.152198 ], [ -102.424411, 31.151725 ], [ -102.423834, 31.149807 ], [ -102.422872, 31.149248 ], [ -102.424196, 31.147609 ], [ -102.425921, 31.148039 ], [ -102.426215, 31.146371 ], [ -102.429751, 31.146618 ], [ -102.42931, 31.143603 ], [ -102.427258, 31.142496 ], [ -102.428557, 31.141582 ], [ -102.427631, 31.139059 ], [ -102.430157, 31.138656 ], [ -102.426706, 31.137007 ], [ -102.426058, 31.138429 ], [ -102.425294, 31.136973 ], [ -102.426681, 31.135521 ], [ -102.425519, 31.134249 ], [ -102.427781, 31.132169 ], [ -102.427439, 31.131228 ], [ -102.430127, 31.129058 ], [ -102.428182, 31.128533 ], [ -102.426867, 31.126221 ], [ -102.428292, 31.125824 ], [ -102.428144, 31.123928 ], [ -102.427219, 31.122373 ], [ -102.425655, 31.121935 ], [ -102.425144, 31.119466 ], [ -102.423046, 31.119647 ], [ -102.421587, 31.11857 ], [ -102.421618, 31.117101 ], [ -102.420143, 31.118208 ], [ -102.419918, 31.116265 ], [ -102.417375, 31.113286 ], [ -102.417342, 31.111368 ], [ -102.415805, 31.111806 ], [ -102.415883, 31.110437 ], [ -102.413601, 31.108916 ], [ -102.414136, 31.10803 ], [ -102.415927, 31.108018 ], [ -102.414621, 31.105163 ], [ -102.413154, 31.104219 ], [ -102.414028, 31.103107 ], [ -102.412685, 31.102598 ], [ -102.410906, 31.100654 ], [ -102.410676, 31.098961 ], [ -102.41166, 31.098014 ], [ -102.410109, 31.096808 ], [ -102.410894, 31.095949 ], [ -102.409691, 31.095108 ], [ -102.40655, 31.094911 ], [ -102.40674, 31.092395 ], [ -102.405828, 31.091663 ], [ -102.406424, 31.089933 ], [ -102.404184, 31.090277 ], [ -102.406153, 31.08787 ], [ -102.403959, 31.087605 ], [ -102.399427, 31.086262 ], [ -102.398827, 31.088203 ], [ -102.395512, 31.086732 ], [ -102.392251, 31.088198 ], [ -102.388804, 31.087156 ], [ -102.390534, 31.085451 ], [ -102.388174, 31.086575 ], [ -102.385013, 31.085371 ], [ -102.384033, 31.085473 ], [ -102.382605, 31.086835 ], [ -102.380461, 31.085641 ], [ -102.378123, 31.086171 ], [ -102.377555, 31.084775 ], [ -102.375445, 31.085566 ], [ -102.375258, 31.084326 ], [ -102.373846, 31.083434 ], [ -102.373644, 31.085571 ], [ -102.370932, 31.085099 ], [ -102.370785, 31.084338 ], [ -102.369039, 31.083041 ], [ -102.367371, 31.083889 ], [ -102.366069, 31.081574 ], [ -102.363426, 31.082936 ], [ -102.362488, 31.081955 ], [ -102.360243, 31.081288 ], [ -102.362495, 31.079381 ], [ -102.36034, 31.079204 ], [ -102.358866, 31.078398 ], [ -102.357162, 31.076586 ], [ -102.356405, 31.074445 ], [ -102.354852, 31.075789 ], [ -102.354038, 31.073936 ], [ -102.352072, 31.074931 ], [ -102.351642, 31.073334 ], [ -102.34885, 31.072589 ], [ -102.34817, 31.07409 ], [ -102.347457, 31.073019 ], [ -102.349718, 31.070354 ], [ -102.347368, 31.069855 ], [ -102.345045, 31.070208 ], [ -102.342212, 31.069298 ], [ -102.339612, 31.067621 ], [ -102.33644, 31.067694 ], [ -102.33441, 31.066122 ], [ -102.332329, 31.067112 ], [ -102.330836, 31.066634 ], [ -102.330522, 31.068112 ], [ -102.329717, 31.068255 ], [ -102.328895, 31.066063 ], [ -102.327306, 31.066284 ], [ -102.327578, 31.064523 ], [ -102.326169, 31.064329 ], [ -102.325935, 31.062886 ], [ -102.325056, 31.063219 ], [ -102.322997, 31.062664 ], [ -102.3229, 31.061516 ], [ -102.32084, 31.059749 ], [ -102.320801, 31.061851 ], [ -102.318452, 31.06067 ], [ -102.319969, 31.059609 ], [ -102.318562, 31.058002 ], [ -102.31789, 31.056097 ], [ -102.318814, 31.055209 ], [ -102.317491, 31.054791 ], [ -102.31811, 31.053551 ], [ -102.316807, 31.052232 ], [ -102.315274, 31.053064 ], [ -102.313175, 31.052069 ], [ -102.31192, 31.053742 ], [ -102.311222, 31.052653 ], [ -102.30963, 31.054039 ], [ -102.309217, 31.053016 ], [ -102.30638, 31.052738 ], [ -102.305607, 31.051958 ], [ -102.303733, 31.051757 ], [ -102.304625, 31.050372 ], [ -102.30402, 31.049683 ], [ -102.302715, 31.049753 ], [ -102.302551, 31.047346 ], [ -102.301389, 31.046524 ], [ -102.301754, 31.045094 ], [ -102.299088, 31.0434 ], [ -102.299537, 31.042037 ], [ -102.297288, 31.042106 ], [ -102.298232, 31.040991 ], [ -102.297325, 31.040329 ], [ -102.295535, 31.041056 ], [ -102.295383, 31.039696 ], [ -102.293898, 31.039409 ], [ -102.293831, 31.038129 ], [ -102.292807, 31.037877 ], [ -102.292681, 31.036677 ], [ -102.288937, 31.035768 ], [ -102.288363, 31.036799 ], [ -102.286571, 31.036144 ], [ -102.285148, 31.034996 ], [ -102.28495, 31.033988 ], [ -102.28291, 31.034914 ], [ -102.281442, 31.033898 ], [ -102.280203, 31.034377 ], [ -102.279015, 31.032954 ], [ -102.276415, 31.033586 ], [ -102.274121, 31.034923 ], [ -102.273377, 31.034407 ], [ -102.272058, 31.035739 ], [ -102.269908, 31.036232 ], [ -102.268075, 31.034797 ], [ -102.265961, 31.034274 ], [ -102.265006, 31.035432 ], [ -102.265787, 31.036599 ], [ -102.264433, 31.036251 ], [ -102.261266, 31.038706 ], [ -102.258783, 31.038191 ], [ -102.257862, 31.040163 ], [ -102.255876, 31.040895 ], [ -102.253751, 31.040972 ], [ -102.253235, 31.040336 ], [ -102.249932, 31.04016 ], [ -102.249076, 31.040721 ], [ -102.249207, 31.042078 ], [ -102.24694, 31.042262 ], [ -102.246787, 31.04096 ], [ -102.244644, 31.041344 ], [ -102.241285, 31.039284 ], [ -102.238977, 31.039549 ], [ -102.239568, 31.038342 ], [ -102.23814, 31.037058 ], [ -102.234329, 31.037279 ], [ -102.233341, 31.036628 ], [ -102.231937, 31.036902 ], [ -102.232035, 31.035469 ], [ -102.228609, 31.03519 ], [ -102.227777, 31.034224 ], [ -102.22663, 31.034757 ], [ -102.225677, 31.032859 ], [ -102.223536, 31.033939 ], [ -102.222964, 31.032786 ], [ -102.222005, 31.034204 ], [ -102.220849, 31.034402 ], [ -102.21866, 31.033768 ], [ -102.217845, 31.032245 ], [ -102.215388, 31.033387 ], [ -102.214407, 31.031813 ], [ -102.212738, 31.032644 ], [ -102.209751, 31.033352 ], [ -102.206509, 31.032015 ], [ -102.205585, 31.031152 ], [ -102.20308, 31.031206 ], [ -102.20146, 31.03052 ], [ -102.202651, 31.028939 ], [ -102.201467, 31.028188 ], [ -102.20121, 31.026461 ], [ -102.202805, 31.0255 ], [ -102.200361, 31.024617 ], [ -102.199385, 31.023589 ], [ -102.199333, 31.022348 ], [ -102.201964, 31.022492 ], [ -102.201884, 31.021561 ], [ -102.199829, 31.020433 ], [ -102.200027, 31.019239 ], [ -102.198075, 31.017166 ], [ -102.196317, 31.017099 ], [ -102.197041, 31.015508 ], [ -102.196522, 31.014282 ], [ -102.1944, 31.01346 ], [ -102.194862, 31.0123 ], [ -102.193182, 31.010172 ], [ -102.193402, 31.008377 ], [ -102.194337, 31.006609 ], [ -102.192799, 31.006049 ], [ -102.192868, 31.004271 ], [ -102.191731, 31.003788 ], [ -102.189631, 31.003373 ], [ -102.188259, 31.004445 ], [ -102.188189, 31.005877 ], [ -102.185949, 31.006011 ], [ -102.184997, 31.007329 ], [ -102.185216, 31.009166 ], [ -102.184543, 31.010815 ], [ -102.185492, 31.011942 ], [ -102.184742, 31.012239 ], [ -102.185755, 31.01514 ], [ -102.183836, 31.016401 ], [ -102.181269, 31.016676 ], [ -102.176623, 31.014434 ], [ -102.177038, 31.013705 ], [ -102.175339, 31.012055 ], [ -102.176086, 31.011054 ], [ -102.176418, 31.009011 ], [ -102.174079, 31.006969 ], [ -102.171644, 31.007423 ], [ -102.17315, 31.007719 ], [ -102.172379, 31.008448 ], [ -102.170833, 31.007847 ], [ -102.170389, 31.006077 ], [ -102.167275, 31.006089 ], [ -102.167363, 31.007215 ], [ -102.166356, 31.007101 ], [ -102.16579, 31.005788 ], [ -102.163503, 31.005463 ], [ -102.162142, 31.006773 ], [ -102.160646, 31.007098 ], [ -102.159966, 31.00583 ], [ -102.158595, 31.006652 ], [ -102.156509, 31.00678 ], [ -102.156325, 31.007929 ], [ -102.154876, 31.006806 ], [ -102.154373, 31.007787 ], [ -102.152958, 31.006991 ], [ -102.15193, 31.007302 ], [ -102.149166, 31.004291 ], [ -102.149172, 31.002986 ], [ -102.147521, 31.003037 ], [ -102.146323, 31.001443 ], [ -102.144546, 31.000674 ], [ -102.14528, 30.999149 ], [ -102.143346, 30.998862 ], [ -102.143154, 30.996782 ], [ -102.140435, 30.995991 ], [ -102.139397, 30.994925 ], [ -102.137059, 30.995606 ], [ -102.135119, 30.995554 ], [ -102.13236, 30.996705 ], [ -102.13178, 30.998637 ], [ -102.130484, 30.998588 ], [ -102.127756, 31.001183 ], [ -102.125719, 31.000932 ], [ -102.122839, 30.999538 ], [ -102.12282, 30.99856 ], [ -102.121025, 30.998216 ], [ -102.121025, 30.997382 ], [ -102.119459, 30.99636 ], [ -102.118077, 30.996313 ], [ -102.118855, 30.994409 ], [ -102.117843, 30.99389 ], [ -102.116197, 30.994976 ], [ -102.115311, 30.994255 ], [ -102.114837, 30.992204 ], [ -102.114016, 30.991776 ], [ -102.110625, 30.992673 ], [ -102.110772, 30.991593 ], [ -102.1099, 30.990321 ], [ -102.108187, 30.991413 ], [ -102.106441, 30.991873 ], [ -102.105918, 30.993952 ], [ -102.102759, 30.994799 ], [ -102.100683, 30.993077 ], [ -102.099623, 30.994241 ], [ -102.09716, 30.9956 ], [ -102.095827, 30.994872 ], [ -102.093752, 30.994919 ], [ -102.090811, 30.99265 ], [ -102.090655, 30.991457 ], [ -102.089269, 30.990432 ], [ -102.088449, 30.988696 ], [ -102.086288, 30.989954 ], [ -102.085555, 30.98859 ], [ -102.084149, 30.989358 ], [ -102.08336, 30.987795 ], [ -102.081729, 30.986691 ], [ -102.079144, 30.986933 ], [ -102.075191, 30.988794 ], [ -102.073324, 30.989049 ], [ -102.067007, 30.992913 ], [ -102.069634, 30.994063 ], [ -102.068785, 30.995001 ], [ -102.065794, 30.995372 ], [ -102.064871, 30.993813 ], [ -102.062736, 30.995799 ], [ -102.058116, 30.999062 ], [ -102.056563, 30.997351 ], [ -102.053739, 30.999413 ], [ -102.053094, 31.000893 ], [ -102.050947, 31.001366 ], [ -102.051018, 31.002802 ], [ -102.048878, 31.003604 ], [ -102.047722, 31.002968 ], [ -102.047565, 31.001872 ], [ -102.048776, 31.000382 ], [ -102.046004, 30.99975 ], [ -102.046016, 31.001415 ], [ -102.044714, 31.001759 ], [ -102.043483, 30.999352 ], [ -102.041723, 30.998928 ], [ -102.040067, 30.999617 ], [ -102.038982, 30.998877 ], [ -102.036639, 30.998413 ], [ -102.035282, 30.999538 ], [ -102.033959, 30.998597 ], [ -102.033651, 30.996961 ], [ -102.032599, 30.996864 ], [ -102.032531, 30.999003 ], [ -102.031459, 30.999014 ], [ -102.031282, 30.997462 ], [ -102.030331, 30.99721 ], [ -102.02774, 30.998057 ], [ -102.026459, 30.99666 ], [ -102.026183, 30.994976 ], [ -102.027333, 30.992954 ], [ -102.0262, 30.991586 ], [ -102.024952, 30.991298 ], [ -102.024507, 30.990136 ], [ -102.022748, 30.990216 ], [ -102.021984, 30.989302 ], [ -102.022111, 30.987717 ], [ -102.020987, 30.986533 ], [ -102.019159, 30.98656 ], [ -102.017621, 30.985421 ], [ -102.017482, 30.983864 ], [ -102.015284, 30.982909 ], [ -102.013725, 30.982852 ], [ -102.013157, 30.98085 ], [ -102.011115, 30.979335 ], [ -102.01021, 30.979973 ], [ -102.006336, 30.981244 ], [ -102.007263, 30.98398 ], [ -102.004855, 30.985574 ], [ -102.003129, 30.985366 ], [ -102.001527, 30.986885 ], [ -102.000182, 30.985438 ], [ -101.998882, 30.984869 ], [ -101.997831, 30.985392 ], [ -101.996825, 30.987875 ], [ -101.995078, 30.988188 ], [ -101.993026, 30.989337 ], [ -101.988881, 30.988371 ], [ -101.987713, 30.987197 ], [ -101.98364, 30.98717 ], [ -101.981522, 30.986001 ], [ -101.978857, 30.982552 ], [ -101.976319, 30.981805 ], [ -101.975999, 30.980339 ], [ -101.973479, 30.980369 ], [ -101.970493, 30.977806 ], [ -101.970196, 30.976331 ], [ -101.967171, 30.975185 ], [ -101.965939, 30.972631 ], [ -101.963891, 30.971142 ], [ -101.961123, 30.970709 ], [ -101.958316, 30.965461 ], [ -101.956715, 30.963945 ], [ -101.956274, 30.962291 ], [ -101.956663, 30.960813 ], [ -101.954909, 30.960643 ], [ -101.954067, 30.958731 ], [ -101.951886, 30.955676 ], [ -101.950827, 30.956637 ], [ -101.948475, 30.957209 ], [ -101.945152, 30.956605 ], [ -101.939509, 30.957875 ], [ -101.93618, 30.957762 ], [ -101.935065, 30.956248 ], [ -101.935154, 30.953811 ], [ -101.937579, 30.952124 ], [ -101.938142, 30.951129 ], [ -101.936812, 30.950154 ], [ -101.93476, 30.950591 ], [ -101.933239, 30.949595 ], [ -101.931012, 30.949392 ], [ -101.929744, 30.950335 ], [ -101.92837, 30.949902 ], [ -101.926408, 30.948047 ], [ -101.923835, 30.947982 ], [ -101.921017, 30.946405 ], [ -101.91949, 30.944434 ], [ -101.917756, 30.940776 ], [ -101.918801, 30.939424 ], [ -101.918534, 30.938456 ], [ -101.919419, 30.935145 ], [ -101.917418, 30.933956 ], [ -101.915394, 30.933652 ], [ -101.913877, 30.934377 ], [ -101.912609, 30.93136 ], [ -101.90871, 30.929731 ], [ -101.907888, 30.928006 ], [ -101.902732, 30.927336 ], [ -101.901228, 30.927585 ], [ -101.898501, 30.929434 ], [ -101.895991, 30.92878 ], [ -101.89459, 30.929237 ], [ -101.893342, 30.928816 ], [ -101.891255, 30.926942 ], [ -101.888445, 30.927422 ], [ -101.888047, 30.925938 ], [ -101.885431, 30.925266 ], [ -101.883436, 30.925647 ], [ -101.879481, 30.922115 ], [ -101.877641, 30.920096 ], [ -101.877772, 30.917321 ], [ -101.875703, 30.915132 ], [ -101.875704, 30.913511 ], [ -101.874264, 30.91183 ], [ -101.875793, 30.90959 ], [ -101.877665, 30.910134 ], [ -101.879647, 30.908415 ], [ -101.881199, 30.90855 ], [ -101.881458, 30.907551 ], [ -101.879528, 30.906346 ], [ -101.883157, 30.903626 ], [ -101.882797, 30.90287 ], [ -101.884101, 30.900853 ], [ -101.887974, 30.897016 ], [ -101.88885, 30.894653 ], [ -101.889684, 30.893764 ], [ -101.891095, 30.890162 ], [ -101.888493, 30.886735 ], [ -101.888716, 30.885849 ], [ -101.886701, 30.885133 ], [ -101.883354, 30.885792 ], [ -101.884, 30.884348 ], [ -101.880689, 30.883155 ], [ -101.87855, 30.883444 ], [ -101.877366, 30.88155 ], [ -101.876066, 30.880785 ], [ -101.873148, 30.880325 ], [ -101.872785, 30.878777 ], [ -101.868501, 30.878103 ], [ -101.868244, 30.876315 ], [ -101.866261, 30.876146 ], [ -101.864607, 30.876602 ], [ -101.861722, 30.874198 ], [ -101.860262, 30.873872 ], [ -101.860418, 30.872017 ], [ -101.857954, 30.870237 ], [ -101.858124, 30.867941 ], [ -101.855474, 30.865893 ], [ -101.855907, 30.864577 ], [ -101.854641, 30.86309 ], [ -101.855358, 30.862638 ], [ -101.851599, 30.857787 ], [ -101.8498, 30.856591 ], [ -101.851285, 30.855815 ], [ -101.852663, 30.851289 ], [ -101.851512, 30.850365 ], [ -101.851393, 30.847451 ], [ -101.850256, 30.845488 ], [ -101.847036, 30.843797 ], [ -101.845094, 30.841032 ], [ -101.845264, 30.83991 ], [ -101.846682, 30.837359 ], [ -101.846606, 30.836012 ], [ -101.847496, 30.83411 ], [ -101.846907, 30.833242 ], [ -101.847564, 30.831294 ], [ -101.847209, 30.828414 ], [ -101.846028, 30.82749 ], [ -101.846258, 30.825715 ], [ -101.845254, 30.824806 ], [ -101.842808, 30.824987 ], [ -101.841977, 30.824231 ], [ -101.84222, 30.823006 ], [ -101.840774, 30.823002 ], [ -101.839879, 30.821628 ], [ -101.839819, 30.81948 ], [ -101.838409, 30.819317 ], [ -101.837325, 30.816817 ], [ -101.837515, 30.814383 ], [ -101.835136, 30.813795 ], [ -101.835458, 30.811505 ], [ -101.834103, 30.811165 ], [ -101.833617, 30.809648 ], [ -101.835126, 30.808844 ], [ -101.834271, 30.807752 ], [ -101.833354, 30.808908 ], [ -101.832921, 30.808235 ], [ -101.83331, 30.805936 ], [ -101.832409, 30.805421 ], [ -101.83282, 30.804089 ], [ -101.831469, 30.80173 ], [ -101.831334, 30.798606 ], [ -101.831761, 30.795429 ], [ -101.833608, 30.798017 ], [ -101.834573, 30.795739 ], [ -101.834309, 30.794315 ], [ -101.832625, 30.793064 ], [ -101.832785, 30.792087 ], [ -101.835007, 30.78852 ], [ -101.836789, 30.788821 ], [ -101.836534, 30.787192 ], [ -101.837983, 30.785933 ], [ -101.839894, 30.785281 ], [ -101.840106, 30.782579 ], [ -101.838494, 30.78289 ], [ -101.835925, 30.781715 ], [ -101.834952, 30.780288 ], [ -101.836976, 30.779137 ], [ -101.834749, 30.774048 ], [ -101.834861, 30.771281 ], [ -101.836012, 30.770101 ], [ -101.836351, 30.767955 ], [ -101.838631, 30.766796 ], [ -101.838985, 30.763919 ], [ -101.838411, 30.763056 ], [ -101.836889, 30.762168 ], [ -101.836218, 30.760336 ], [ -101.834528, 30.757949 ], [ -101.832766, 30.757004 ], [ -101.831775, 30.757486 ], [ -101.832941, 30.758126 ], [ -101.832944, 30.759204 ], [ -101.829067, 30.755396 ], [ -101.824949, 30.75708 ], [ -101.823245, 30.757332 ], [ -101.820761, 30.755532 ], [ -101.819294, 30.753881 ], [ -101.817579, 30.753619 ], [ -101.815828, 30.752015 ], [ -101.81622, 30.749329 ], [ -101.815368, 30.747668 ], [ -101.814027, 30.747085 ], [ -101.814229, 30.744723 ], [ -101.813813, 30.743192 ], [ -101.815611, 30.740615 ], [ -101.813532, 30.736969 ], [ -101.814046, 30.73596 ], [ -101.813489, 30.73431 ], [ -101.811906, 30.73264 ], [ -101.809714, 30.729226 ], [ -101.809956, 30.727883 ], [ -101.807952, 30.725266 ], [ -101.808615, 30.723635 ], [ -101.808652, 30.721696 ], [ -101.807682, 30.721075 ], [ -101.80755, 30.719468 ], [ -101.808983, 30.718647 ], [ -101.809544, 30.716528 ], [ -101.809443, 30.714299 ], [ -101.808501, 30.712656 ], [ -101.8084, 30.711126 ], [ -101.809424, 30.709724 ], [ -101.808871, 30.707302 ], [ -101.808664, 30.703831 ], [ -101.810107, 30.702852 ], [ -101.809759, 30.702138 ], [ -101.808072, 30.702488 ], [ -101.807302, 30.701085 ], [ -101.80742, 30.699504 ], [ -101.801567, 30.696666 ], [ -101.798549, 30.697004 ], [ -101.798128, 30.696101 ], [ -101.796471, 30.696096 ], [ -101.794404, 30.697252 ], [ -101.7933, 30.69642 ], [ -101.793052, 30.693711 ], [ -101.794555, 30.691834 ], [ -101.793685, 30.690903 ], [ -101.791725, 30.690914 ], [ -101.790472, 30.690304 ], [ -101.788993, 30.690482 ], [ -101.785562, 30.687739 ], [ -101.78139, 30.687381 ], [ -101.779818, 30.685993 ], [ -101.778365, 30.683483 ], [ -101.776131, 30.68137 ], [ -101.775109, 30.67909 ], [ -101.775928, 30.678013 ], [ -101.775586, 30.676518 ], [ -101.774345, 30.67438 ], [ -101.773205, 30.67342 ], [ -101.773846, 30.670731 ], [ -101.772555, 30.668082 ], [ -101.770385, 30.664768 ], [ -101.770624, 30.66287 ], [ -101.77008, 30.659165 ], [ -101.768987, 30.657812 ], [ -101.76965, 30.655938 ], [ -101.769232, 30.65357 ], [ -101.76842, 30.653077 ], [ -101.768377, 30.652938 ], [ -101.768806, 30.653133 ], [ -101.769353, 30.653369 ], [ -101.997614, 30.654086 ], [ -102.000408, 30.654933 ], [ -102.02388, 30.655141 ], [ -102.031813, 30.655503 ], [ -102.034385, 30.655268 ], [ -102.137778, 30.655982 ], [ -102.138406, 30.597521 ], [ -102.208723, 30.597961 ], [ -102.321666, 30.598613 ], [ -102.342986, 30.598759 ], [ -102.342928, 30.459948 ], [ -102.342843, 30.459466 ], [ -102.343062, 30.303887 ], [ -102.343085, 30.284116 ], [ -102.499024, 30.283713 ], [ -102.500424, 30.283835 ], [ -102.566937, 30.283269 ], [ -102.567049, 30.052808 ], [ -102.482041, 29.992555 ], [ -102.479952, 29.990655 ] ] ] } },
{ "type": "Feature", "properties": { "FederalDivisionName": "San Angelo", "FederalJudicialDistrict": "Northern" }, "geometry": { "type": "Polygon", "coordinates": [ [ [ -100.645401, 30.28817 ], [ -100.700393, 30.288276 ], [ -100.800415, 30.288058 ], [ -100.960643, 30.287776 ], [ -100.972067, 30.287596 ], [ -101.000381, 30.288079 ], [ -101.005154, 30.287333 ], [ -101.071221, 30.287686 ], [ -101.246384, 30.28804 ], [ -101.250016, 30.28825 ], [ -101.375391, 30.288015 ], [ -101.547865, 30.28817 ], [ -101.633028, 30.288047 ], [ -101.64828, 30.288527 ], [ -101.7584, 30.288044 ], [ -101.758381, 30.289685 ], [ -101.752866, 30.295975 ], [ -101.750225, 30.296821 ], [ -101.748902, 30.296522 ], [ -101.747297, 30.297439 ], [ -101.745846, 30.299056 ], [ -101.744509, 30.301277 ], [ -101.744399, 30.303597 ], [ -101.74329, 30.306485 ], [ -101.742921, 30.308981 ], [ -101.740841, 30.312801 ], [ -101.741516, 30.315944 ], [ -101.740206, 30.318977 ], [ -101.741068, 30.319477 ], [ -101.740755, 30.321163 ], [ -101.739366, 30.321946 ], [ -101.737934, 30.323913 ], [ -101.737097, 30.326921 ], [ -101.734495, 30.327134 ], [ -101.732563, 30.327756 ], [ -101.731036, 30.328986 ], [ -101.728474, 30.332045 ], [ -101.724859, 30.332634 ], [ -101.723257, 30.334884 ], [ -101.721612, 30.335038 ], [ -101.718334, 30.337014 ], [ -101.717429, 30.338418 ], [ -101.715404, 30.339822 ], [ -101.712444, 30.339428 ], [ -101.708333, 30.343004 ], [ -101.705331, 30.34358 ], [ -101.704501, 30.344486 ], [ -101.702793, 30.344814 ], [ -101.700606, 30.345928 ], [ -101.694414, 30.346763 ], [ -101.691003, 30.346433 ], [ -101.689283, 30.345438 ], [ -101.688474, 30.34408 ], [ -101.685782, 30.342735 ], [ -101.683998, 30.342401 ], [ -101.682053, 30.341167 ], [ -101.679087, 30.341516 ], [ -101.676418, 30.339979 ], [ -101.669557, 30.339355 ], [ -101.667713, 30.340545 ], [ -101.665741, 30.341117 ], [ -101.662612, 30.340966 ], [ -101.660645, 30.341522 ], [ -101.658886, 30.342622 ], [ -101.659212, 30.343474 ], [ -101.657927, 30.345903 ], [ -101.657945, 30.349557 ], [ -101.658485, 30.352637 ], [ -101.659373, 30.35436 ], [ -101.658105, 30.356684 ], [ -101.658402, 30.357675 ], [ -101.661551, 30.359461 ], [ -101.663378, 30.361499 ], [ -101.666187, 30.36365 ], [ -101.669676, 30.364518 ], [ -101.673271, 30.364815 ], [ -101.674959, 30.366884 ], [ -101.677767, 30.366666 ], [ -101.681007, 30.368254 ], [ -101.68222, 30.367993 ], [ -101.685271, 30.369532 ], [ -101.686534, 30.371534 ], [ -101.688147, 30.372787 ], [ -101.690746, 30.375619 ], [ -101.691051, 30.377681 ], [ -101.693131, 30.378884 ], [ -101.695464, 30.378961 ], [ -101.697644, 30.380773 ], [ -101.698637, 30.382641 ], [ -101.698653, 30.383899 ], [ -101.695966, 30.384124 ], [ -101.695273, 30.384909 ], [ -101.695433, 30.389179 ], [ -101.694458, 30.393294 ], [ -101.695255, 30.395969 ], [ -101.696294, 30.39729 ], [ -101.699259, 30.399136 ], [ -101.700942, 30.401848 ], [ -101.703807, 30.402527 ], [ -101.704945, 30.403661 ], [ -101.709595, 30.405266 ], [ -101.714327, 30.404595 ], [ -101.716093, 30.405053 ], [ -101.71795, 30.406352 ], [ -101.719422, 30.406662 ], [ -101.721657, 30.405706 ], [ -101.723345, 30.405946 ], [ -101.726005, 30.408321 ], [ -101.728322, 30.408152 ], [ -101.729641, 30.408906 ], [ -101.730277, 30.410156 ], [ -101.73221, 30.412064 ], [ -101.735204, 30.414384 ], [ -101.737199, 30.418764 ], [ -101.740165, 30.420584 ], [ -101.740552, 30.421321 ], [ -101.739295, 30.423875 ], [ -101.739291, 30.425155 ], [ -101.737232, 30.428146 ], [ -101.735174, 30.428752 ], [ -101.732751, 30.430105 ], [ -101.730702, 30.43332 ], [ -101.729163, 30.434416 ], [ -101.726499, 30.437662 ], [ -101.724341, 30.439456 ], [ -101.720323, 30.442225 ], [ -101.720047, 30.443129 ], [ -101.721273, 30.44781 ], [ -101.719726, 30.451519 ], [ -101.718896, 30.454462 ], [ -101.719249, 30.455138 ], [ -101.724946, 30.456613 ], [ -101.728851, 30.460046 ], [ -101.730354, 30.459403 ], [ -101.731673, 30.459888 ], [ -101.730655, 30.46153 ], [ -101.730946, 30.462964 ], [ -101.730457, 30.464656 ], [ -101.731846, 30.467339 ], [ -101.729638, 30.469018 ], [ -101.72839, 30.470776 ], [ -101.726535, 30.471042 ], [ -101.725589, 30.471885 ], [ -101.721896, 30.471016 ], [ -101.721303, 30.469516 ], [ -101.718709, 30.466613 ], [ -101.717098, 30.465899 ], [ -101.715098, 30.467105 ], [ -101.713659, 30.464691 ], [ -101.713273, 30.462953 ], [ -101.71225, 30.461523 ], [ -101.709672, 30.459237 ], [ -101.706944, 30.45864 ], [ -101.705508, 30.457485 ], [ -101.700101, 30.457599 ], [ -101.699652, 30.459775 ], [ -101.698235, 30.46168 ], [ -101.697665, 30.463431 ], [ -101.695904, 30.464917 ], [ -101.693767, 30.465367 ], [ -101.69004, 30.466706 ], [ -101.688867, 30.46762 ], [ -101.689443, 30.469814 ], [ -101.689266, 30.471221 ], [ -101.68785, 30.473589 ], [ -101.686824, 30.473684 ], [ -101.690255, 30.477296 ], [ -101.69148, 30.480491 ], [ -101.690323, 30.480948 ], [ -101.690038, 30.48246 ], [ -101.691155, 30.483498 ], [ -101.691047, 30.48532 ], [ -101.691744, 30.487191 ], [ -101.691461, 30.488284 ], [ -101.691825, 30.491418 ], [ -101.690689, 30.492349 ], [ -101.690138, 30.494367 ], [ -101.689154, 30.495606 ], [ -101.685273, 30.495181 ], [ -101.682007, 30.496721 ], [ -101.682215, 30.498232 ], [ -101.681107, 30.498988 ], [ -101.679239, 30.498774 ], [ -101.676964, 30.499449 ], [ -101.675111, 30.501862 ], [ -101.676657, 30.50478 ], [ -101.676559, 30.5078 ], [ -101.676945, 30.508657 ], [ -101.679235, 30.510833 ], [ -101.67982, 30.513594 ], [ -101.679583, 30.515188 ], [ -101.680135, 30.518486 ], [ -101.679284, 30.519709 ], [ -101.679959, 30.521795 ], [ -101.679184, 30.523493 ], [ -101.676921, 30.524616 ], [ -101.673233, 30.524223 ], [ -101.669783, 30.527357 ], [ -101.667598, 30.528024 ], [ -101.668135, 30.529044 ], [ -101.667367, 30.530855 ], [ -101.662258, 30.53328 ], [ -101.661423, 30.534826 ], [ -101.662145, 30.536473 ], [ -101.658591, 30.539136 ], [ -101.657066, 30.539872 ], [ -101.656469, 30.542519 ], [ -101.655132, 30.543693 ], [ -101.653587, 30.546127 ], [ -101.652245, 30.549079 ], [ -101.649708, 30.548731 ], [ -101.647665, 30.549663 ], [ -101.646599, 30.550952 ], [ -101.648179, 30.553567 ], [ -101.648467, 30.556101 ], [ -101.646655, 30.556974 ], [ -101.646245, 30.560763 ], [ -101.648485, 30.563691 ], [ -101.648039, 30.565445 ], [ -101.649027, 30.567706 ], [ -101.651266, 30.568217 ], [ -101.651213, 30.571127 ], [ -101.651922, 30.57296 ], [ -101.653427, 30.574004 ], [ -101.654581, 30.576315 ], [ -101.655642, 30.576476 ], [ -101.656326, 30.577859 ], [ -101.655023, 30.578638 ], [ -101.655827, 30.581926 ], [ -101.656714, 30.583735 ], [ -101.65748, 30.584613 ], [ -101.659696, 30.584596 ], [ -101.661012, 30.585359 ], [ -101.661138, 30.586521 ], [ -101.663509, 30.588727 ], [ -101.662625, 30.590943 ], [ -101.662488, 30.593099 ], [ -101.659792, 30.594391 ], [ -101.65824, 30.596344 ], [ -101.657998, 30.600302 ], [ -101.656276, 30.603627 ], [ -101.656261, 30.604563 ], [ -101.658697, 30.606127 ], [ -101.659179, 30.607965 ], [ -101.657939, 30.609986 ], [ -101.657971, 30.611461 ], [ -101.659817, 30.612651 ], [ -101.659612, 30.613425 ], [ -101.656038, 30.615015 ], [ -101.65582, 30.615474 ], [ -101.658628, 30.615712 ], [ -101.658565, 30.61693 ], [ -101.655032, 30.618678 ], [ -101.654242, 30.619416 ], [ -101.65263, 30.619374 ], [ -101.652446, 30.620471 ], [ -101.654234, 30.62298 ], [ -101.657064, 30.623434 ], [ -101.659864, 30.624772 ], [ -101.661178, 30.626218 ], [ -101.663674, 30.626959 ], [ -101.666427, 30.628972 ], [ -101.666682, 30.632345 ], [ -101.669259, 30.633589 ], [ -101.670563, 30.636543 ], [ -101.669744, 30.637812 ], [ -101.673527, 30.639328 ], [ -101.675907, 30.637456 ], [ -101.681424, 30.637174 ], [ -101.684247, 30.637956 ], [ -101.686697, 30.638119 ], [ -101.689683, 30.639047 ], [ -101.690965, 30.640578 ], [ -101.69201, 30.642915 ], [ -101.692655, 30.645687 ], [ -101.696127, 30.647583 ], [ -101.698511, 30.64855 ], [ -101.699895, 30.648431 ], [ -101.702982, 30.646031 ], [ -101.706074, 30.647726 ], [ -101.706776, 30.647732 ], [ -101.70867, 30.649711 ], [ -101.709223, 30.652688 ], [ -101.710905, 30.65299 ], [ -101.711285, 30.654415 ], [ -101.712065, 30.654643 ], [ -101.714003, 30.652459 ], [ -101.717727, 30.651142 ], [ -101.718854, 30.650358 ], [ -101.721153, 30.651011 ], [ -101.722148, 30.649919 ], [ -101.723609, 30.649896 ], [ -101.724304, 30.650974 ], [ -101.72678, 30.651408 ], [ -101.728526, 30.651228 ], [ -101.730989, 30.652219 ], [ -101.732828, 30.652496 ], [ -101.736784, 30.654048 ], [ -101.739153, 30.652401 ], [ -101.744558, 30.652193 ], [ -101.745294, 30.650771 ], [ -101.747283, 30.650491 ], [ -101.749073, 30.650978 ], [ -101.750433, 30.649691 ], [ -101.752326, 30.649695 ], [ -101.753304, 30.650795 ], [ -101.753996, 30.655545 ], [ -101.755659, 30.657134 ], [ -101.759042, 30.657522 ], [ -101.760671, 30.658323 ], [ -101.762083, 30.65817 ], [ -101.761483, 30.655548 ], [ -101.761764, 30.654167 ], [ -101.762852, 30.654016 ], [ -101.763442, 30.654668 ], [ -101.763182, 30.65666 ], [ -101.764227, 30.657441 ], [ -101.765835, 30.655794 ], [ -101.767976, 30.65467 ], [ -101.76842, 30.653077 ], [ -101.769232, 30.65357 ], [ -101.76965, 30.655938 ], [ -101.768987, 30.657812 ], [ -101.77008, 30.659165 ], [ -101.770624, 30.66287 ], [ -101.770385, 30.664768 ], [ -101.772555, 30.668082 ], [ -101.773846, 30.670731 ], [ -101.773205, 30.67342 ], [ -101.774345, 30.67438 ], [ -101.775586, 30.676518 ], [ -101.775928, 30.678013 ], [ -101.775109, 30.67909 ], [ -101.776131, 30.68137 ], [ -101.778365, 30.683483 ], [ -101.779818, 30.685993 ], [ -101.78139, 30.687381 ], [ -101.785562, 30.687739 ], [ -101.788993, 30.690482 ], [ -101.790472, 30.690304 ], [ -101.791725, 30.690914 ], [ -101.793685, 30.690903 ], [ -101.794555, 30.691834 ], [ -101.793052, 30.693711 ], [ -101.7933, 30.69642 ], [ -101.794404, 30.697252 ], [ -101.796471, 30.696096 ], [ -101.798128, 30.696101 ], [ -101.798549, 30.697004 ], [ -101.801567, 30.696666 ], [ -101.80742, 30.699504 ], [ -101.807302, 30.701085 ], [ -101.808072, 30.702488 ], [ -101.809759, 30.702138 ], [ -101.810107, 30.702852 ], [ -101.808664, 30.703831 ], [ -101.808871, 30.707302 ], [ -101.809424, 30.709724 ], [ -101.8084, 30.711126 ], [ -101.808501, 30.712656 ], [ -101.809443, 30.714299 ], [ -101.809544, 30.716528 ], [ -101.808983, 30.718647 ], [ -101.80755, 30.719468 ], [ -101.807682, 30.721075 ], [ -101.808652, 30.721696 ], [ -101.808615, 30.723635 ], [ -101.807952, 30.725266 ], [ -101.809956, 30.727883 ], [ -101.809714, 30.729226 ], [ -101.811906, 30.73264 ], [ -101.813489, 30.73431 ], [ -101.814046, 30.73596 ], [ -101.813532, 30.736969 ], [ -101.815611, 30.740615 ], [ -101.813813, 30.743192 ], [ -101.814229, 30.744723 ], [ -101.814027, 30.747085 ], [ -101.815368, 30.747668 ], [ -101.81622, 30.749329 ], [ -101.815828, 30.752015 ], [ -101.817579, 30.753619 ], [ -101.819294, 30.753881 ], [ -101.820761, 30.755532 ], [ -101.823245, 30.757332 ], [ -101.824949, 30.75708 ], [ -101.829067, 30.755396 ], [ -101.832944, 30.759204 ], [ -101.832941, 30.758126 ], [ -101.831775, 30.757486 ], [ -101.832766, 30.757004 ], [ -101.834528, 30.757949 ], [ -101.836218, 30.760336 ], [ -101.836889, 30.762168 ], [ -101.838411, 30.763056 ], [ -101.838985, 30.763919 ], [ -101.838631, 30.766796 ], [ -101.836351, 30.767955 ], [ -101.836012, 30.770101 ], [ -101.834861, 30.771281 ], [ -101.834749, 30.774048 ], [ -101.836976, 30.779137 ], [ -101.834952, 30.780288 ], [ -101.835925, 30.781715 ], [ -101.838494, 30.78289 ], [ -101.840106, 30.782579 ], [ -101.839894, 30.785281 ], [ -101.837983, 30.785933 ], [ -101.836534, 30.787192 ], [ -101.836789, 30.788821 ], [ -101.835007, 30.78852 ], [ -101.832785, 30.792087 ], [ -101.832625, 30.793064 ], [ -101.834309, 30.794315 ], [ -101.834573, 30.795739 ], [ -101.833608, 30.798017 ], [ -101.831761, 30.795429 ], [ -101.831334, 30.798606 ], [ -101.831469, 30.80173 ], [ -101.83282, 30.804089 ], [ -101.832409, 30.805421 ], [ -101.83331, 30.805936 ], [ -101.832921, 30.808235 ], [ -101.833354, 30.808908 ], [ -101.834271, 30.807752 ], [ -101.835126, 30.808844 ], [ -101.833617, 30.809648 ], [ -101.834103, 30.811165 ], [ -101.835458, 30.811505 ], [ -101.835136, 30.813795 ], [ -101.837515, 30.814383 ], [ -101.837325, 30.816817 ], [ -101.838409, 30.819317 ], [ -101.839819, 30.81948 ], [ -101.839879, 30.821628 ], [ -101.840774, 30.823002 ], [ -101.84222, 30.823006 ], [ -101.841977, 30.824231 ], [ -101.842808, 30.824987 ], [ -101.845254, 30.824806 ], [ -101.846258, 30.825715 ], [ -101.846028, 30.82749 ], [ -101.847209, 30.828414 ], [ -101.847564, 30.831294 ], [ -101.846907, 30.833242 ], [ -101.847496, 30.83411 ], [ -101.846606, 30.836012 ], [ -101.846682, 30.837359 ], [ -101.845264, 30.83991 ], [ -101.845094, 30.841032 ], [ -101.847036, 30.843797 ], [ -101.850256, 30.845488 ], [ -101.851393, 30.847451 ], [ -101.851512, 30.850365 ], [ -101.852663, 30.851289 ], [ -101.851285, 30.855815 ], [ -101.8498, 30.856591 ], [ -101.851599, 30.857787 ], [ -101.855358, 30.862638 ], [ -101.854641, 30.86309 ], [ -101.855907, 30.864577 ], [ -101.855474, 30.865893 ], [ -101.858124, 30.867941 ], [ -101.857954, 30.870237 ], [ -101.860418, 30.872017 ], [ -101.860262, 30.873872 ], [ -101.861722, 30.874198 ], [ -101.864607, 30.876602 ], [ -101.866261, 30.876146 ], [ -101.868244, 30.876315 ], [ -101.868501, 30.878103 ], [ -101.872785, 30.878777 ], [ -101.873148, 30.880325 ], [ -101.876066, 30.880785 ], [ -101.877366, 30.88155 ], [ -101.87855, 30.883444 ], [ -101.880689, 30.883155 ], [ -101.884, 30.884348 ], [ -101.883354, 30.885792 ], [ -101.886701, 30.885133 ], [ -101.888716, 30.885849 ], [ -101.888493, 30.886735 ], [ -101.891095, 30.890162 ], [ -101.889684, 30.893764 ], [ -101.88885, 30.894653 ], [ -101.887974, 30.897016 ], [ -101.884101, 30.900853 ], [ -101.882797, 30.90287 ], [ -101.883157, 30.903626 ], [ -101.879528, 30.906346 ], [ -101.881458, 30.907551 ], [ -101.881199, 30.90855 ], [ -101.879647, 30.908415 ], [ -101.877665, 30.910134 ], [ -101.875793, 30.90959 ], [ -101.874264, 30.91183 ], [ -101.875704, 30.913511 ], [ -101.875703, 30.915132 ], [ -101.877772, 30.917321 ], [ -101.877641, 30.920096 ], [ -101.879481, 30.922115 ], [ -101.883436, 30.925647 ], [ -101.885431, 30.925266 ], [ -101.888047, 30.925938 ], [ -101.888445, 30.927422 ], [ -101.891255, 30.926942 ], [ -101.893342, 30.928816 ], [ -101.89459, 30.929237 ], [ -101.895991, 30.92878 ], [ -101.898501, 30.929434 ], [ -101.901228, 30.927585 ], [ -101.902732, 30.927336 ], [ -101.907888, 30.928006 ], [ -101.90871, 30.929731 ], [ -101.912609, 30.93136 ], [ -101.913877, 30.934377 ], [ -101.915394, 30.933652 ], [ -101.917418, 30.933956 ], [ -101.919419, 30.935145 ], [ -101.918534, 30.938456 ], [ -101.918801, 30.939424 ], [ -101.917756, 30.940776 ], [ -101.91949, 30.944434 ], [ -101.921017, 30.946405 ], [ -101.923835, 30.947982 ], [ -101.926408, 30.948047 ], [ -101.92837, 30.949902 ], [ -101.929744, 30.950335 ], [ -101.931012, 30.949392 ], [ -101.933239, 30.949595 ], [ -101.93476, 30.950591 ], [ -101.936812, 30.950154 ], [ -101.938142, 30.951129 ], [ -101.937579, 30.952124 ], [ -101.935154, 30.953811 ], [ -101.935065, 30.956248 ], [ -101.93618, 30.957762 ], [ -101.939509, 30.957875 ], [ -101.945152, 30.956605 ], [ -101.948475, 30.957209 ], [ -101.950827, 30.956637 ], [ -101.951886, 30.955676 ], [ -101.954067, 30.958731 ], [ -101.954909, 30.960643 ], [ -101.956663, 30.960813 ], [ -101.956274, 30.962291 ], [ -101.956715, 30.963945 ], [ -101.958316, 30.965461 ], [ -101.961123, 30.970709 ], [ -101.963891, 30.971142 ], [ -101.965939, 30.972631 ], [ -101.967171, 30.975185 ], [ -101.970196, 30.976331 ], [ -101.970493, 30.977806 ], [ -101.973479, 30.980369 ], [ -101.975999, 30.980339 ], [ -101.976319, 30.981805 ], [ -101.978857, 30.982552 ], [ -101.981522, 30.986001 ], [ -101.98364, 30.98717 ], [ -101.987713, 30.987197 ], [ -101.988881, 30.988371 ], [ -101.993026, 30.989337 ], [ -101.995078, 30.988188 ], [ -101.996825, 30.987875 ], [ -101.997831, 30.985392 ], [ -101.998882, 30.984869 ], [ -102.000182, 30.985438 ], [ -102.001527, 30.986885 ], [ -102.003129, 30.985366 ], [ -102.004855, 30.985574 ], [ -102.007263, 30.98398 ], [ -102.006336, 30.981244 ], [ -102.01021, 30.979973 ], [ -102.011115, 30.979335 ], [ -102.013157, 30.98085 ], [ -102.013725, 30.982852 ], [ -102.015284, 30.982909 ], [ -102.017482, 30.983864 ], [ -102.017621, 30.985421 ], [ -102.019159, 30.98656 ], [ -102.020987, 30.986533 ], [ -102.022111, 30.987717 ], [ -102.021984, 30.989302 ], [ -102.022748, 30.990216 ], [ -102.024507, 30.990136 ], [ -102.024952, 30.991298 ], [ -102.0262, 30.991586 ], [ -102.027333, 30.992954 ], [ -102.026183, 30.994976 ], [ -102.026459, 30.99666 ], [ -102.02774, 30.998057 ], [ -102.030331, 30.99721 ], [ -102.031282, 30.997462 ], [ -102.031459, 30.999014 ], [ -102.032531, 30.999003 ], [ -102.032599, 30.996864 ], [ -102.033651, 30.996961 ], [ -102.033959, 30.998597 ], [ -102.035282, 30.999538 ], [ -102.036639, 30.998413 ], [ -102.038982, 30.998877 ], [ -102.040067, 30.999617 ], [ -102.041723, 30.998928 ], [ -102.043483, 30.999352 ], [ -102.044714, 31.001759 ], [ -102.046016, 31.001415 ], [ -102.046004, 30.99975 ], [ -102.048776, 31.000382 ], [ -102.047565, 31.001872 ], [ -102.047722, 31.002968 ], [ -102.048878, 31.003604 ], [ -102.051018, 31.002802 ], [ -102.050947, 31.001366 ], [ -102.053094, 31.000893 ], [ -102.053739, 30.999413 ], [ -102.056563, 30.997351 ], [ -102.058116, 30.999062 ], [ -102.062736, 30.995799 ], [ -102.064871, 30.993813 ], [ -102.065794, 30.995372 ], [ -102.068785, 30.995001 ], [ -102.069634, 30.994063 ], [ -102.067007, 30.992913 ], [ -102.073324, 30.989049 ], [ -102.075191, 30.988794 ], [ -102.079144, 30.986933 ], [ -102.081729, 30.986691 ], [ -102.08336, 30.987795 ], [ -102.084149, 30.989358 ], [ -102.085555, 30.98859 ], [ -102.086288, 30.989954 ], [ -102.088449, 30.988696 ], [ -102.089269, 30.990432 ], [ -102.090655, 30.991457 ], [ -102.090811, 30.99265 ], [ -102.093752, 30.994919 ], [ -102.095827, 30.994872 ], [ -102.09716, 30.9956 ], [ -102.099623, 30.994241 ], [ -102.100683, 30.993077 ], [ -102.102759, 30.994799 ], [ -102.105918, 30.993952 ], [ -102.106441, 30.991873 ], [ -102.108187, 30.991413 ], [ -102.1099, 30.990321 ], [ -102.110772, 30.991593 ], [ -102.110625, 30.992673 ], [ -102.114016, 30.991776 ], [ -102.114837, 30.992204 ], [ -102.115311, 30.994255 ], [ -102.116197, 30.994976 ], [ -102.117843, 30.99389 ], [ -102.118855, 30.994409 ], [ -102.118077, 30.996313 ], [ -102.119459, 30.99636 ], [ -102.121025, 30.997382 ], [ -102.121025, 30.998216 ], [ -102.12282, 30.99856 ], [ -102.122839, 30.999538 ], [ -102.125719, 31.000932 ], [ -102.127756, 31.001183 ], [ -102.130484, 30.998588 ], [ -102.13178, 30.998637 ], [ -102.13236, 30.996705 ], [ -102.135119, 30.995554 ], [ -102.137059, 30.995606 ], [ -102.139397, 30.994925 ], [ -102.140435, 30.995991 ], [ -102.143154, 30.996782 ], [ -102.143346, 30.998862 ], [ -102.14528, 30.999149 ], [ -102.144546, 31.000674 ], [ -102.146323, 31.001443 ], [ -102.147521, 31.003037 ], [ -102.149172, 31.002986 ], [ -102.149166, 31.004291 ], [ -102.15193, 31.007302 ], [ -102.152958, 31.006991 ], [ -102.154373, 31.007787 ], [ -102.154876, 31.006806 ], [ -102.156325, 31.007929 ], [ -102.156509, 31.00678 ], [ -102.158595, 31.006652 ], [ -102.159966, 31.00583 ], [ -102.160646, 31.007098 ], [ -102.162142, 31.006773 ], [ -102.163503, 31.005463 ], [ -102.16579, 31.005788 ], [ -102.166356, 31.007101 ], [ -102.167363, 31.007215 ], [ -102.167275, 31.006089 ], [ -102.170389, 31.006077 ], [ -102.170833, 31.007847 ], [ -102.172379, 31.008448 ], [ -102.17315, 31.007719 ], [ -102.171644, 31.007423 ], [ -102.174079, 31.006969 ], [ -102.176418, 31.009011 ], [ -102.176086, 31.011054 ], [ -102.175339, 31.012055 ], [ -102.177038, 31.013705 ], [ -102.176623, 31.014434 ], [ -102.181269, 31.016676 ], [ -102.183836, 31.016401 ], [ -102.185755, 31.01514 ], [ -102.184742, 31.012239 ], [ -102.185492, 31.011942 ], [ -102.184543, 31.010815 ], [ -102.185216, 31.009166 ], [ -102.184997, 31.007329 ], [ -102.185949, 31.006011 ], [ -102.188189, 31.005877 ], [ -102.188259, 31.004445 ], [ -102.189631, 31.003373 ], [ -102.191731, 31.003788 ], [ -102.192868, 31.004271 ], [ -102.192799, 31.006049 ], [ -102.194337, 31.006609 ], [ -102.193402, 31.008377 ], [ -102.193182, 31.010172 ], [ -102.194862, 31.0123 ], [ -102.1944, 31.01346 ], [ -102.196522, 31.014282 ], [ -102.197041, 31.015508 ], [ -102.196317, 31.017099 ], [ -102.198075, 31.017166 ], [ -102.200027, 31.019239 ], [ -102.199829, 31.020433 ], [ -102.201884, 31.021561 ], [ -102.201964, 31.022492 ], [ -102.199333, 31.022348 ], [ -102.199385, 31.023589 ], [ -102.200361, 31.024617 ], [ -102.202805, 31.0255 ], [ -102.20121, 31.026461 ], [ -102.201467, 31.028188 ], [ -102.202651, 31.028939 ], [ -102.20146, 31.03052 ], [ -102.20308, 31.031206 ], [ -102.205585, 31.031152 ], [ -102.206509, 31.032015 ], [ -102.209751, 31.033352 ], [ -102.212738, 31.032644 ], [ -102.214407, 31.031813 ], [ -102.215388, 31.033387 ], [ -102.217845, 31.032245 ], [ -102.21866, 31.033768 ], [ -102.220849, 31.034402 ], [ -102.222005, 31.034204 ], [ -102.222964, 31.032786 ], [ -102.223536, 31.033939 ], [ -102.225677, 31.032859 ], [ -102.22663, 31.034757 ], [ -102.227777, 31.034224 ], [ -102.228609, 31.03519 ], [ -102.232035, 31.035469 ], [ -102.231937, 31.036902 ], [ -102.233341, 31.036628 ], [ -102.234329, 31.037279 ], [ -102.23814, 31.037058 ], [ -102.239568, 31.038342 ], [ -102.238977, 31.039549 ], [ -102.241285, 31.039284 ], [ -102.244644, 31.041344 ], [ -102.246787, 31.04096 ], [ -102.24694, 31.042262 ], [ -102.249207, 31.042078 ], [ -102.249076, 31.040721 ], [ -102.249932, 31.04016 ], [ -102.253235, 31.040336 ], [ -102.253751, 31.040972 ], [ -102.255876, 31.040895 ], [ -102.257862, 31.040163 ], [ -102.258783, 31.038191 ], [ -102.261266, 31.038706 ], [ -102.264433, 31.036251 ], [ -102.265787, 31.036599 ], [ -102.265006, 31.035432 ], [ -102.265961, 31.034274 ], [ -102.268075, 31.034797 ], [ -102.269908, 31.036232 ], [ -102.272058, 31.035739 ], [ -102.273377, 31.034407 ], [ -102.274121, 31.034923 ], [ -102.276415, 31.033586 ], [ -102.279015, 31.032954 ], [ -102.280203, 31.034377 ], [ -102.281442, 31.033898 ], [ -102.28291, 31.034914 ], [ -102.28495, 31.033988 ], [ -102.285148, 31.034996 ], [ -102.286571, 31.036144 ], [ -102.288363, 31.036799 ], [ -102.288937, 31.035768 ], [ -102.292681, 31.036677 ], [ -102.292807, 31.037877 ], [ -102.293831, 31.038129 ], [ -102.293898, 31.039409 ], [ -102.295383, 31.039696 ], [ -102.295535, 31.041056 ], [ -102.297325, 31.040329 ], [ -102.298232, 31.040991 ], [ -102.297288, 31.042106 ], [ -102.299537, 31.042037 ], [ -102.299088, 31.0434 ], [ -102.301754, 31.045094 ], [ -102.301389, 31.046524 ], [ -102.302551, 31.047346 ], [ -102.302715, 31.049753 ], [ -102.30402, 31.049683 ], [ -102.304625, 31.050372 ], [ -102.303733, 31.051757 ], [ -102.305607, 31.051958 ], [ -102.30638, 31.052738 ], [ -102.309217, 31.053016 ], [ -102.30963, 31.054039 ], [ -102.311222, 31.052653 ], [ -102.31192, 31.053742 ], [ -102.313175, 31.052069 ], [ -102.315274, 31.053064 ], [ -102.316807, 31.052232 ], [ -102.31811, 31.053551 ], [ -102.317491, 31.054791 ], [ -102.318814, 31.055209 ], [ -102.31789, 31.056097 ], [ -102.318562, 31.058002 ], [ -102.319969, 31.059609 ], [ -102.318452, 31.06067 ], [ -102.320801, 31.061851 ], [ -102.32084, 31.059749 ], [ -102.3229, 31.061516 ], [ -102.322997, 31.062664 ], [ -102.325056, 31.063219 ], [ -102.325935, 31.062886 ], [ -102.326169, 31.064329 ], [ -102.327578, 31.064523 ], [ -102.327306, 31.066284 ], [ -102.328895, 31.066063 ], [ -102.329717, 31.068255 ], [ -102.330522, 31.068112 ], [ -102.330836, 31.066634 ], [ -102.332329, 31.067112 ], [ -102.33441, 31.066122 ], [ -102.33644, 31.067694 ], [ -102.339612, 31.067621 ], [ -102.342212, 31.069298 ], [ -102.345045, 31.070208 ], [ -102.347368, 31.069855 ], [ -102.349718, 31.070354 ], [ -102.347457, 31.073019 ], [ -102.34817, 31.07409 ], [ -102.34885, 31.072589 ], [ -102.351642, 31.073334 ], [ -102.352072, 31.074931 ], [ -102.354038, 31.073936 ], [ -102.354852, 31.075789 ], [ -102.356405, 31.074445 ], [ -102.357162, 31.076586 ], [ -102.358866, 31.078398 ], [ -102.36034, 31.079204 ], [ -102.362495, 31.079381 ], [ -102.360243, 31.081288 ], [ -102.362488, 31.081955 ], [ -102.363426, 31.082936 ], [ -102.366069, 31.081574 ], [ -102.367371, 31.083889 ], [ -102.369039, 31.083041 ], [ -102.370785, 31.084338 ], [ -102.370932, 31.085099 ], [ -102.373644, 31.085571 ], [ -102.373846, 31.083434 ], [ -102.375258, 31.084326 ], [ -102.375445, 31.085566 ], [ -102.377555, 31.084775 ], [ -102.378123, 31.086171 ], [ -102.380461, 31.085641 ], [ -102.382605, 31.086835 ], [ -102.384033, 31.085473 ], [ -102.385013, 31.085371 ], [ -102.388174, 31.086575 ], [ -102.390534, 31.085451 ], [ -102.388804, 31.087156 ], [ -102.301212, 31.086212 ], [ -102.048242, 31.08316 ], [ -102.009444, 31.082669 ], [ -102.000409, 31.082373 ], [ -101.921246, 31.08158 ], [ -101.919909, 31.081488 ], [ -101.776191, 31.079784 ], [ -101.775808, 31.122899 ], [ -101.775544, 31.125154 ], [ -101.775381, 31.36064 ], [ -101.775654, 31.363379 ], [ -101.775802, 31.651319 ], [ -101.775886, 31.828203 ], [ -101.775878, 31.907452 ], [ -101.776085, 32.086925 ], [ -101.695011, 32.087532 ], [ -101.560618, 32.087136 ], [ -101.542703, 32.087097 ], [ -101.541742, 32.08715 ], [ -101.271795, 32.087197 ], [ -101.271174, 32.087147 ], [ -101.264216, 32.087136 ], [ -101.183997, 32.087208 ], [ -101.138984, 32.087012 ], [ -100.997512, 32.086706 ], [ -100.99439, 32.086865 ], [ -100.973807, 32.086782 ], [ -100.972005, 32.086691 ], [ -100.954494, 32.086645 ], [ -100.95153, 32.086741 ], [ -100.862291, 32.086509 ], [ -100.858628, 32.086689 ], [ -100.821594, 32.08661 ], [ -100.790833, 32.086573 ], [ -100.750385, 32.086255 ], [ -100.73726, 32.085521 ], [ -100.665353, 32.085407 ], [ -100.625382, 32.085388 ], [ -100.618581, 32.084788 ], [ -100.530895, 32.083531 ], [ -100.512466, 32.083307 ], [ -100.444064, 32.082619 ], [ -100.411476, 32.0823 ], [ -100.325082, 32.081414 ], [ -100.31632, 32.081384 ], [ -100.314026, 32.081377 ], [ -100.250373, 32.081592 ], [ -100.235137, 32.082372 ], [ -100.151911, 32.082638 ], [ -99.962669, 32.082068 ], [ -99.91292, 32.081803 ], [ -99.881569, 32.081577 ], [ -99.86265, 32.08152 ], [ -99.713971, 32.082089 ], [ -99.631413, 32.081274 ], [ -99.500348, 32.079874 ], [ -99.499452, 32.080035 ], [ -99.457291, 32.080099 ], [ -99.422906, 32.080154 ], [ -99.406106, 32.080132 ], [ -99.311037, 32.080094 ], [ -99.250342, 32.080065 ], [ -99.246832, 32.079356 ], [ -99.210732, 32.079124 ], [ -99.195871, 32.079235 ], [ -99.155625, 32.079467 ], [ -99.147918, 32.079242 ], [ -99.12534, 32.079187 ], [ -99.120104, 32.079597 ], [ -99.118665, 32.079585 ], [ -99.067885, 32.079194 ], [ -99.054579, 32.079094 ], [ -99.00273, 32.078697 ], [ -99.000392, 32.07868 ], [ -98.996735, 32.07931 ], [ -98.979003, 32.078992 ], [ -98.971432, 32.078857 ], [ -98.963992, 32.078723 ], [ -98.954712, 32.078558 ], [ -98.929383, 32.078106 ], [ -98.924401, 32.078018 ], [ -98.9188, 32.069724 ], [ -98.861361, 31.984853 ], [ -98.84715, 31.964108 ], [ -98.801491, 31.897556 ], [ -98.792619, 31.884675 ], [ -98.788217, 31.878283 ], [ -98.786057, 31.875147 ], [ -98.783377, 31.8704 ], [ -98.750326, 31.821697 ], [ -98.750011, 31.821078 ], [ -98.741179, 31.808085 ], [ -98.72377, 31.782454 ], [ -98.701675, 31.749963 ], [ -98.693122, 31.73706 ], [ -98.683628, 31.723001 ], [ -98.678109, 31.71483 ], [ -98.677702, 31.714227 ], [ -98.669882, 31.702647 ], [ -98.668441, 31.700514 ], [ -98.665255, 31.700951 ], [ -98.658558, 31.701873 ], [ -98.645876, 31.703617 ], [ -98.631409, 31.70563 ], [ -98.630746, 31.705717 ], [ -98.629636, 31.705867 ], [ -98.629282, 31.705914 ], [ -98.625322, 31.706444 ], [ -98.618519, 31.707765 ], [ -98.589161, 31.71175 ], [ -98.521263, 31.720203 ], [ -98.499864, 31.723256 ], [ -98.492802, 31.723608 ], [ -98.463736, 31.683989 ], [ -98.422094, 31.627378 ], [ -98.410582, 31.611362 ], [ -98.383216, 31.572644 ], [ -98.382998, 31.572262 ], [ -98.361216, 31.541998 ], [ -98.345934, 31.520458 ], [ -98.345185, 31.519129 ], [ -98.27107, 31.416398 ], [ -98.266794, 31.410521 ], [ -98.31058, 31.38363 ], [ -98.385824, 31.338221 ], [ -98.389511, 31.335967 ], [ -98.401998, 31.328399 ], [ -98.530176, 31.250166 ], [ -98.530911, 31.249817 ], [ -98.55782, 31.23349 ], [ -98.55801, 31.23334 ], [ -98.562732, 31.230443 ], [ -98.562963, 31.235781 ], [ -98.56355, 31.23785 ], [ -98.565099, 31.241385 ], [ -98.565237, 31.242626 ], [ -98.56843, 31.244808 ], [ -98.57139, 31.248585 ], [ -98.575136, 31.254153 ], [ -98.576174, 31.257981 ], [ -98.578216, 31.260993 ], [ -98.578219, 31.26302 ], [ -98.57981, 31.265386 ], [ -98.5838, 31.266167 ], [ -98.58648, 31.267096 ], [ -98.588543, 31.267592 ], [ -98.592897, 31.265924 ], [ -98.594404, 31.263032 ], [ -98.594642, 31.261145 ], [ -98.593736, 31.258537 ], [ -98.593918, 31.254925 ], [ -98.595651, 31.253059 ], [ -98.597889, 31.25389 ], [ -98.601481, 31.257329 ], [ -98.605903, 31.260534 ], [ -98.607451, 31.261308 ], [ -98.613133, 31.263 ], [ -98.616643, 31.265286 ], [ -98.618481, 31.267013 ], [ -98.619628, 31.267142 ], [ -98.624347, 31.2695 ], [ -98.625628, 31.269798 ], [ -98.628369, 31.274251 ], [ -98.626926, 31.281182 ], [ -98.622135, 31.285088 ], [ -98.619474, 31.284621 ], [ -98.613815, 31.281595 ], [ -98.612011, 31.282207 ], [ -98.604435, 31.284067 ], [ -98.598539, 31.286581 ], [ -98.597843, 31.288809 ], [ -98.598385, 31.291859 ], [ -98.597955, 31.295612 ], [ -98.59736, 31.297078 ], [ -98.59722, 31.301231 ], [ -98.596281, 31.305833 ], [ -98.594372, 31.311486 ], [ -98.590675, 31.314896 ], [ -98.590454, 31.317289 ], [ -98.586656, 31.319429 ], [ -98.585987, 31.321557 ], [ -98.587268, 31.325463 ], [ -98.592306, 31.326945 ], [ -98.594411, 31.326354 ], [ -98.595882, 31.323707 ], [ -98.595229, 31.32281 ], [ -98.59576, 31.320772 ], [ -98.597301, 31.31872 ], [ -98.599418, 31.316625 ], [ -98.603072, 31.313692 ], [ -98.604941, 31.312593 ], [ -98.606849, 31.312149 ], [ -98.620452, 31.310034 ], [ -98.623894, 31.309374 ], [ -98.627426, 31.309488 ], [ -98.630771, 31.310163 ], [ -98.631372, 31.311901 ], [ -98.630926, 31.315345 ], [ -98.629818, 31.316433 ], [ -98.624954, 31.317641 ], [ -98.623205, 31.31867 ], [ -98.622616, 31.320547 ], [ -98.621285, 31.321472 ], [ -98.619295, 31.3215 ], [ -98.618097, 31.322728 ], [ -98.618579, 31.323824 ], [ -98.620324, 31.324895 ], [ -98.622826, 31.325488 ], [ -98.626361, 31.325378 ], [ -98.629946, 31.326021 ], [ -98.631432, 31.325832 ], [ -98.632643, 31.324969 ], [ -98.636186, 31.320518 ], [ -98.639618, 31.317168 ], [ -98.643921, 31.31407 ], [ -98.647633, 31.31486 ], [ -98.649095, 31.317585 ], [ -98.648531, 31.323469 ], [ -98.64809, 31.323985 ], [ -98.644271, 31.325911 ], [ -98.641719, 31.328359 ], [ -98.639722, 31.33187 ], [ -98.639668, 31.33281 ], [ -98.640626, 31.333614 ], [ -98.643453, 31.334534 ], [ -98.644901, 31.335441 ], [ -98.646969, 31.340685 ], [ -98.643813, 31.344239 ], [ -98.641857, 31.345966 ], [ -98.638377, 31.346552 ], [ -98.636786, 31.350804 ], [ -98.636375, 31.352912 ], [ -98.63834, 31.354431 ], [ -98.642821, 31.356553 ], [ -98.644316, 31.358863 ], [ -98.646076, 31.359707 ], [ -98.648653, 31.359658 ], [ -98.64944, 31.358363 ], [ -98.651268, 31.357 ], [ -98.653023, 31.357299 ], [ -98.654614, 31.358493 ], [ -98.654464, 31.360363 ], [ -98.652142, 31.362625 ], [ -98.650356, 31.365175 ], [ -98.650119, 31.366875 ], [ -98.651354, 31.368793 ], [ -98.653977, 31.370088 ], [ -98.657104, 31.368723 ], [ -98.663355, 31.363939 ], [ -98.665569, 31.364204 ], [ -98.667675, 31.363083 ], [ -98.669947, 31.361182 ], [ -98.670349, 31.360186 ], [ -98.669936, 31.357672 ], [ -98.670167, 31.355111 ], [ -98.670865, 31.353886 ], [ -98.6726, 31.352935 ], [ -98.675277, 31.352808 ], [ -98.677132, 31.351898 ], [ -98.67726, 31.350941 ], [ -98.679819, 31.3485 ], [ -98.682773, 31.346157 ], [ -98.690451, 31.343901 ], [ -98.690832, 31.342943 ], [ -98.695351, 31.339963 ], [ -98.698999, 31.338718 ], [ -98.702695, 31.339148 ], [ -98.70498, 31.342724 ], [ -98.706372, 31.346797 ], [ -98.708282, 31.347501 ], [ -98.711383, 31.346768 ], [ -98.712352, 31.347157 ], [ -98.713131, 31.34883 ], [ -98.712542, 31.355562 ], [ -98.710056, 31.356403 ], [ -98.707752, 31.355553 ], [ -98.706161, 31.355912 ], [ -98.704636, 31.357603 ], [ -98.703054, 31.360983 ], [ -98.702599, 31.364212 ], [ -98.702796, 31.36544 ], [ -98.705101, 31.369258 ], [ -98.704129, 31.375776 ], [ -98.704693, 31.377461 ], [ -98.704348, 31.380186 ], [ -98.699516, 31.384792 ], [ -98.697525, 31.385984 ], [ -98.693028, 31.38743 ], [ -98.693029, 31.389975 ], [ -98.694812, 31.391903 ], [ -98.695892, 31.394257 ], [ -98.695247, 31.398846 ], [ -98.695274, 31.404213 ], [ -98.695644, 31.405803 ], [ -98.696634, 31.407287 ], [ -98.698661, 31.407602 ], [ -98.70158, 31.407091 ], [ -98.706427, 31.407559 ], [ -98.708945, 31.406997 ], [ -98.711992, 31.405444 ], [ -98.718125, 31.40403 ], [ -98.719201, 31.40441 ], [ -98.722074, 31.40682 ], [ -98.723839, 31.40727 ], [ -98.727116, 31.409768 ], [ -98.728846, 31.41187 ], [ -98.728738, 31.414411 ], [ -98.726615, 31.414832 ], [ -98.725577, 31.415806 ], [ -98.7252, 31.419432 ], [ -98.724301, 31.422701 ], [ -98.724031, 31.425114 ], [ -98.724493, 31.427432 ], [ -98.728395, 31.429063 ], [ -98.734123, 31.430079 ], [ -98.738114, 31.430362 ], [ -98.742815, 31.428135 ], [ -98.74216, 31.426571 ], [ -98.739612, 31.424312 ], [ -98.737149, 31.420631 ], [ -98.736783, 31.417127 ], [ -98.738572, 31.413768 ], [ -98.738765, 31.411365 ], [ -98.74027, 31.4076 ], [ -98.742271, 31.405273 ], [ -98.7454, 31.403918 ], [ -98.747445, 31.404035 ], [ -98.751101, 31.403606 ], [ -98.753491, 31.402455 ], [ -98.755672, 31.400444 ], [ -98.755911, 31.398997 ], [ -98.755382, 31.395932 ], [ -98.753905, 31.393734 ], [ -98.751716, 31.389089 ], [ -98.751406, 31.387605 ], [ -98.752984, 31.385204 ], [ -98.756957, 31.382234 ], [ -98.759825, 31.37794 ], [ -98.762589, 31.375282 ], [ -98.763724, 31.375216 ], [ -98.767514, 31.375993 ], [ -98.770594, 31.379992 ], [ -98.771696, 31.380794 ], [ -98.773074, 31.380279 ], [ -98.776493, 31.377279 ], [ -98.77878, 31.377672 ], [ -98.779478, 31.379165 ], [ -98.776826, 31.383741 ], [ -98.775625, 31.38759 ], [ -98.775853, 31.391812 ], [ -98.774464, 31.395741 ], [ -98.77466, 31.402943 ], [ -98.773228, 31.406884 ], [ -98.773, 31.410926 ], [ -98.773997, 31.412433 ], [ -98.775969, 31.413564 ], [ -98.777243, 31.414012 ], [ -98.778889, 31.413521 ], [ -98.782326, 31.41103 ], [ -98.787457, 31.407916 ], [ -98.789154, 31.407477 ], [ -98.791473, 31.407886 ], [ -98.79433, 31.409237 ], [ -98.798145, 31.410378 ], [ -98.799405, 31.410601 ], [ -98.801505, 31.409965 ], [ -98.802118, 31.408728 ], [ -98.804993, 31.406939 ], [ -98.808726, 31.405471 ], [ -98.813559, 31.404717 ], [ -98.814243, 31.404972 ], [ -98.816865, 31.406929 ], [ -98.816385, 31.408808 ], [ -98.814558, 31.412198 ], [ -98.814215, 31.413659 ], [ -98.814997, 31.416322 ], [ -98.816021, 31.417075 ], [ -98.818983, 31.416449 ], [ -98.823842, 31.413981 ], [ -98.826983, 31.411601 ], [ -98.829935, 31.410331 ], [ -98.832048, 31.410077 ], [ -98.83452, 31.410436 ], [ -98.837658, 31.410574 ], [ -98.846241, 31.410478 ], [ -98.84712, 31.410676 ], [ -98.84936, 31.412598 ], [ -98.851627, 31.412493 ], [ -98.854292, 31.413425 ], [ -98.8549, 31.414169 ], [ -98.854701, 31.415489 ], [ -98.852544, 31.418776 ], [ -98.852463, 31.420408 ], [ -98.853401, 31.422473 ], [ -98.854906, 31.424462 ], [ -98.856511, 31.428117 ], [ -98.858498, 31.433655 ], [ -98.859294, 31.434958 ], [ -98.865937, 31.440524 ], [ -98.867526, 31.441581 ], [ -98.8725, 31.444299 ], [ -98.875566, 31.444596 ], [ -98.879668, 31.443756 ], [ -98.881752, 31.443789 ], [ -98.885453, 31.442914 ], [ -98.887479, 31.439862 ], [ -98.893511, 31.434653 ], [ -98.895846, 31.433567 ], [ -98.901936, 31.436021 ], [ -98.904868, 31.436168 ], [ -98.908499, 31.434425 ], [ -98.910485, 31.434141 ], [ -98.913351, 31.434313 ], [ -98.914432, 31.435074 ], [ -98.916994, 31.43584 ], [ -98.918852, 31.435833 ], [ -98.921757, 31.434318 ], [ -98.925192, 31.433988 ], [ -98.926766, 31.434808 ], [ -98.929097, 31.435112 ], [ -98.933188, 31.436928 ], [ -98.933821, 31.438543 ], [ -98.935541, 31.446503 ], [ -98.935778, 31.449696 ], [ -98.935172, 31.452899 ], [ -98.93591, 31.455931 ], [ -98.939827, 31.458247 ], [ -98.942737, 31.458629 ], [ -98.94626, 31.458319 ], [ -98.950219, 31.456973 ], [ -98.95141, 31.455649 ], [ -98.95336, 31.454688 ], [ -98.955426, 31.452391 ], [ -98.955253, 31.450258 ], [ -98.953349, 31.4492 ], [ -98.952985, 31.447309 ], [ -98.956761, 31.443978 ], [ -98.960272, 31.440035 ], [ -98.961536, 31.437385 ], [ -98.96367, 31.434894 ], [ -98.964545, 31.434879 ], [ -98.966878, 31.435548 ], [ -98.967602, 31.437887 ], [ -98.966476, 31.441724 ], [ -98.967122, 31.44292 ], [ -98.966857, 31.444321 ], [ -98.964818, 31.444952 ], [ -98.963593, 31.446251 ], [ -98.9642, 31.448523 ], [ -98.964321, 31.452255 ], [ -98.965018, 31.453298 ], [ -98.967853, 31.454191 ], [ -98.972105, 31.454694 ], [ -98.976326, 31.455524 ], [ -98.978228, 31.456253 ], [ -98.983584, 31.459743 ], [ -98.985388, 31.461804 ], [ -98.987464, 31.462669 ], [ -98.990673, 31.464666 ], [ -98.991572, 31.464579 ], [ -98.99452, 31.466001 ], [ -98.995029, 31.466674 ], [ -98.994723, 31.470985 ], [ -98.993153, 31.474083 ], [ -98.991764, 31.474309 ], [ -98.986941, 31.478929 ], [ -98.986828, 31.480031 ], [ -98.987428, 31.482076 ], [ -98.990188, 31.48391 ], [ -98.991608, 31.484071 ], [ -98.99739, 31.48124 ], [ -99.002304, 31.480388 ], [ -99.003435, 31.480873 ], [ -99.006103, 31.480274 ], [ -99.006358, 31.478871 ], [ -99.007585, 31.476756 ], [ -99.009132, 31.472619 ], [ -99.010644, 31.471246 ], [ -99.014428, 31.470263 ], [ -99.019011, 31.469599 ], [ -99.02174, 31.475104 ], [ -99.024336, 31.477035 ], [ -99.025311, 31.478812 ], [ -99.027057, 31.479465 ], [ -99.027745, 31.480484 ], [ -99.029914, 31.482063 ], [ -99.032474, 31.485808 ], [ -99.034306, 31.487528 ], [ -99.037623, 31.489536 ], [ -99.039387, 31.490209 ], [ -99.041741, 31.490302 ], [ -99.04287, 31.488903 ], [ -99.046276, 31.486733 ], [ -99.047255, 31.486601 ], [ -99.049816, 31.485095 ], [ -99.05057, 31.484205 ], [ -99.053121, 31.478468 ], [ -99.05533, 31.474445 ], [ -99.056503, 31.473689 ], [ -99.060026, 31.4728 ], [ -99.06228, 31.470712 ], [ -99.062264, 31.469886 ], [ -99.060605, 31.467501 ], [ -99.060155, 31.464962 ], [ -99.062995, 31.462722 ], [ -99.064212, 31.462383 ], [ -99.06593, 31.46335 ], [ -99.067499, 31.465255 ], [ -99.068866, 31.466059 ], [ -99.072618, 31.467078 ], [ -99.075538, 31.463252 ], [ -99.080319, 31.460506 ], [ -99.083285, 31.458557 ], [ -99.085226, 31.457847 ], [ -99.084821, 31.456513 ], [ -99.085808, 31.455891 ], [ -99.087506, 31.456017 ], [ -99.088356, 31.456944 ], [ -99.086579, 31.458241 ], [ -99.087758, 31.460678 ], [ -99.088568, 31.461229 ], [ -99.090622, 31.460927 ], [ -99.096019, 31.457431 ], [ -99.096947, 31.455555 ], [ -99.096116, 31.452799 ], [ -99.094425, 31.450253 ], [ -99.095564, 31.448469 ], [ -99.097937, 31.448186 ], [ -99.100137, 31.449274 ], [ -99.104531, 31.453658 ], [ -99.107851, 31.454499 ], [ -99.109108, 31.455984 ], [ -99.108009, 31.461954 ], [ -99.107244, 31.463571 ], [ -99.108124, 31.465055 ], [ -99.110384, 31.466511 ], [ -99.11339, 31.46678 ], [ -99.11615, 31.46824 ], [ -99.119382, 31.467713 ], [ -99.120208, 31.466879 ], [ -99.120133, 31.463598 ], [ -99.11883, 31.461147 ], [ -99.119537, 31.460372 ], [ -99.123496, 31.457789 ], [ -99.124012, 31.456604 ], [ -99.125081, 31.456502 ], [ -99.126848, 31.458034 ], [ -99.127603, 31.45957 ], [ -99.133208, 31.464811 ], [ -99.136067, 31.465967 ], [ -99.141313, 31.467169 ], [ -99.14337, 31.46716 ], [ -99.148495, 31.465653 ], [ -99.150868, 31.465686 ], [ -99.153668, 31.467948 ], [ -99.159463, 31.468198 ], [ -99.162124, 31.467848 ], [ -99.165804, 31.466319 ], [ -99.171762, 31.462846 ], [ -99.172091, 31.461758 ], [ -99.174643, 31.458704 ], [ -99.177732, 31.456177 ], [ -99.180706, 31.454959 ], [ -99.18223, 31.455117 ], [ -99.183736, 31.453726 ], [ -99.184441, 31.453936 ], [ -99.184874, 31.454963 ], [ -99.184464, 31.45739 ], [ -99.184629, 31.460417 ], [ -99.186643, 31.46436 ], [ -99.187425, 31.468465 ], [ -99.188558, 31.470337 ], [ -99.194023, 31.473375 ], [ -99.195637, 31.473549 ], [ -99.197543, 31.472269 ], [ -99.201573, 31.467763 ], [ -99.202768, 31.467234 ], [ -99.205767, 31.465879 ], [ -99.209172, 31.465272 ], [ -99.21623, 31.471414 ], [ -99.216565, 31.473248 ], [ -99.21878, 31.475048 ], [ -99.221673, 31.476388 ], [ -99.22864, 31.477627 ], [ -99.232514, 31.477737 ], [ -99.235133, 31.479664 ], [ -99.235071, 31.48177 ], [ -99.238447, 31.483127 ], [ -99.241097, 31.482489 ], [ -99.247184, 31.479712 ], [ -99.251788, 31.476629 ], [ -99.253251, 31.475022 ], [ -99.254765, 31.470312 ], [ -99.256932, 31.467572 ], [ -99.25852, 31.46651 ], [ -99.263596, 31.461405 ], [ -99.268925, 31.458095 ], [ -99.271178, 31.456283 ], [ -99.272381, 31.454557 ], [ -99.271301, 31.452354 ], [ -99.27064, 31.449186 ], [ -99.271492, 31.446789 ], [ -99.276051, 31.44553 ], [ -99.278063, 31.445814 ], [ -99.281971, 31.447431 ], [ -99.285801, 31.446073 ], [ -99.288684, 31.444225 ], [ -99.289807, 31.442898 ], [ -99.289954, 31.441447 ], [ -99.289228, 31.43917 ], [ -99.287885, 31.437213 ], [ -99.28637, 31.432822 ], [ -99.287407, 31.42962 ], [ -99.288647, 31.428715 ], [ -99.293236, 31.429086 ], [ -99.298013, 31.431948 ], [ -99.299626, 31.432485 ], [ -99.302605, 31.432504 ], [ -99.30514, 31.430164 ], [ -99.306796, 31.427496 ], [ -99.30666, 31.425853 ], [ -99.305656, 31.42504 ], [ -99.304038, 31.422101 ], [ -99.304252, 31.42059 ], [ -99.308642, 31.41617 ], [ -99.308231, 31.415206 ], [ -99.311438, 31.411224 ], [ -99.314014, 31.409778 ], [ -99.315712, 31.410283 ], [ -99.318963, 31.414329 ], [ -99.320842, 31.415429 ], [ -99.329566, 31.414812 ], [ -99.334376, 31.416515 ], [ -99.33793, 31.416849 ], [ -99.342063, 31.418835 ], [ -99.34625, 31.421907 ], [ -99.347155, 31.424992 ], [ -99.34312, 31.428567 ], [ -99.341264, 31.431647 ], [ -99.341075, 31.435377 ], [ -99.342392, 31.441253 ], [ -99.343865, 31.443282 ], [ -99.345259, 31.44375 ], [ -99.346422, 31.443109 ], [ -99.348542, 31.439762 ], [ -99.350126, 31.438995 ], [ -99.350244, 31.437739 ], [ -99.354454, 31.432182 ], [ -99.357498, 31.431038 ], [ -99.361323, 31.433094 ], [ -99.362452, 31.434584 ], [ -99.365913, 31.437459 ], [ -99.367029, 31.437872 ], [ -99.380676, 31.440304 ], [ -99.383467, 31.443482 ], [ -99.385614, 31.443741 ], [ -99.388943, 31.442965 ], [ -99.39163, 31.444196 ], [ -99.397549, 31.445514 ], [ -99.399375, 31.445269 ], [ -99.402284, 31.446198 ], [ -99.405654, 31.448782 ], [ -99.404749, 31.450892 ], [ -99.402434, 31.453155 ], [ -99.401931, 31.454592 ], [ -99.399418, 31.455485 ], [ -99.398435, 31.458268 ], [ -99.398793, 31.460083 ], [ -99.400536, 31.460304 ], [ -99.404836, 31.459574 ], [ -99.409843, 31.462006 ], [ -99.411471, 31.460656 ], [ -99.416887, 31.461391 ], [ -99.424033, 31.463891 ], [ -99.427301, 31.465279 ], [ -99.429508, 31.467815 ], [ -99.432936, 31.469502 ], [ -99.434882, 31.470036 ], [ -99.436701, 31.472844 ], [ -99.440824, 31.475009 ], [ -99.444609, 31.474779 ], [ -99.448053, 31.472224 ], [ -99.449239, 31.470252 ], [ -99.449595, 31.469476 ], [ -99.450138, 31.460689 ], [ -99.449803, 31.45766 ], [ -99.448028, 31.453618 ], [ -99.446669, 31.452104 ], [ -99.446342, 31.450493 ], [ -99.444301, 31.449702 ], [ -99.440782, 31.450049 ], [ -99.435596, 31.44963 ], [ -99.434872, 31.448627 ], [ -99.436896, 31.446032 ], [ -99.441174, 31.444323 ], [ -99.444167, 31.443983 ], [ -99.450542, 31.441372 ], [ -99.453342, 31.440509 ], [ -99.454096, 31.439632 ], [ -99.456409, 31.438289 ], [ -99.457633, 31.436266 ], [ -99.4606, 31.434507 ], [ -99.462639, 31.43249 ], [ -99.465438, 31.432755 ], [ -99.46925, 31.430367 ], [ -99.469803, 31.428419 ], [ -99.468302, 31.42522 ], [ -99.470901, 31.421733 ], [ -99.47247, 31.421702 ], [ -99.476543, 31.423782 ], [ -99.478401, 31.426213 ], [ -99.479074, 31.432478 ], [ -99.479885, 31.434178 ], [ -99.480765, 31.4341 ], [ -99.485332, 31.437009 ], [ -99.488036, 31.440849 ], [ -99.493, 31.444513 ], [ -99.495661, 31.444975 ], [ -99.49759, 31.444289 ], [ -99.50499, 31.438258 ], [ -99.505877, 31.436819 ], [ -99.506698, 31.431782 ], [ -99.507966, 31.429127 ], [ -99.508753, 31.425421 ], [ -99.511477, 31.424401 ], [ -99.513678, 31.425495 ], [ -99.514513, 31.426823 ], [ -99.516703, 31.432289 ], [ -99.517636, 31.439434 ], [ -99.519675, 31.446397 ], [ -99.522858, 31.449819 ], [ -99.525246, 31.452975 ], [ -99.525787, 31.455492 ], [ -99.527305, 31.456909 ], [ -99.529716, 31.460574 ], [ -99.53233, 31.466345 ], [ -99.532921, 31.469201 ], [ -99.53381, 31.470476 ], [ -99.534142, 31.472666 ], [ -99.533961, 31.474962 ], [ -99.534618, 31.479793 ], [ -99.535827, 31.482448 ], [ -99.536723, 31.483429 ], [ -99.538812, 31.483272 ], [ -99.544075, 31.483653 ], [ -99.545027, 31.484476 ], [ -99.550411, 31.485622 ], [ -99.552084, 31.486296 ], [ -99.555992, 31.489004 ], [ -99.559395, 31.489359 ], [ -99.561652, 31.490181 ], [ -99.563982, 31.490525 ], [ -99.565455, 31.49212 ], [ -99.568734, 31.49262 ], [ -99.572559, 31.49365 ], [ -99.575909, 31.493312 ], [ -99.580506, 31.491597 ], [ -99.588859, 31.489404 ], [ -99.590678, 31.488674 ], [ -99.591882, 31.489588 ], [ -99.598296, 31.490666 ], [ -99.60185, 31.49195 ], [ -99.602505, 31.392843 ], [ -99.601736, 31.121784 ], [ -99.601894, 31.121647 ], [ -99.603223, 31.087296 ], [ -99.603682, 30.980737 ], [ -99.603627, 30.940726 ], [ -99.484755, 30.940605 ], [ -99.484694, 30.909617 ], [ -99.484699, 30.909603 ], [ -99.484366, 30.823445 ], [ -99.483869, 30.710771 ], [ -99.51413, 30.710769 ], [ -99.617931, 30.711018 ], [ -99.625342, 30.710544 ], [ -99.771199, 30.710793 ], [ -99.860771, 30.710623 ], [ -100.116234, 30.710366 ], [ -100.116533, 30.500522 ], [ -100.116461, 30.290296 ], [ -100.645401, 30.28817 ] ] ] } },
{ "type": "Feature", "properties": { "FederalDivisionName": "San Antonio", "FederalJudicialDistrict": "Western" }, "geometry": { "type": "Polygon", "coordinates": [ [ [ -99.883101, 28.644326 ], [ -99.875286, 28.643934 ], [ -99.845042, 28.643959 ], [ -99.816766, 28.643938 ], [ -99.814529, 28.643902 ], [ -99.797866, 28.643861 ], [ -99.780854, 28.643827 ], [ -99.625323, 28.642952 ], [ -99.623932, 28.642867 ], [ -99.526761, 28.642573 ], [ -99.503898, 28.641281 ], [ -99.493381, 28.641336 ], [ -99.493421, 28.641402 ], [ -99.409021, 28.640566 ], [ -99.409366, 28.703522 ], [ -99.409759, 28.707642 ], [ -99.409684, 28.712098 ], [ -99.40968, 28.716267 ], [ -99.411596, 28.819232 ], [ -99.411735, 28.838022 ], [ -99.411981, 28.883326 ], [ -99.412345, 28.920603 ], [ -99.413383, 29.03308 ], [ -99.41388, 29.091335 ], [ -99.413862, 29.093096 ], [ -99.413443, 29.120599 ], [ -99.413104, 29.125241 ], [ -99.412442, 29.313679 ], [ -99.41236, 29.342601 ], [ -99.41226, 29.344947 ], [ -99.412623, 29.460368 ], [ -99.412378, 29.468121 ], [ -99.412541, 29.472429 ], [ -99.412372, 29.484117 ], [ -99.412906, 29.50023 ], [ -99.412588, 29.503491 ], [ -99.412227, 29.561277 ], [ -99.411817, 29.627514 ], [ -99.4295, 29.62754 ], [ -99.490464, 29.627691 ], [ -99.534606, 29.627497 ], [ -99.60313, 29.627181 ], [ -99.667282, 29.626244 ], [ -99.670042, 29.626205 ], [ -99.745505, 29.625219 ], [ -99.751765, 29.624772 ], [ -99.755369, 29.624763 ], [ -99.787856, 29.624591 ], [ -99.801272, 29.624525 ], [ -99.87534, 29.624377 ], [ -99.880137, 29.624348 ], [ -99.91422, 29.624142 ], [ -100.011625, 29.623499 ], [ -100.014188, 29.623495 ], [ -100.014247, 29.625226 ], [ -100.01323, 29.626541 ], [ -100.010072, 29.62801 ], [ -100.009001, 29.629239 ], [ -100.00738, 29.63228 ], [ -100.00843, 29.633022 ], [ -100.009202, 29.635221 ], [ -100.008436, 29.63706 ], [ -100.010271, 29.63919 ], [ -100.012035, 29.639862 ], [ -100.013616, 29.641111 ], [ -100.01363, 29.642321 ], [ -100.014582, 29.643883 ], [ -100.015932, 29.644543 ], [ -100.017388, 29.646204 ], [ -100.018353, 29.64828 ], [ -100.020108, 29.6503 ], [ -100.021254, 29.652726 ], [ -100.023577, 29.654295 ], [ -100.026234, 29.657134 ], [ -100.026715, 29.658769 ], [ -100.028423, 29.660525 ], [ -100.030303, 29.663256 ], [ -100.030451, 29.665005 ], [ -100.030143, 29.665893 ], [ -100.027975, 29.667509 ], [ -100.021249, 29.669689 ], [ -100.020025, 29.671129 ], [ -100.01903, 29.673417 ], [ -100.017013, 29.676178 ], [ -100.01716, 29.677154 ], [ -100.021786, 29.678603 ], [ -100.025142, 29.681366 ], [ -100.025186, 29.683428 ], [ -100.028122, 29.683182 ], [ -100.030718, 29.686293 ], [ -100.030407, 29.688584 ], [ -100.032234, 29.689008 ], [ -100.035755, 29.68919 ], [ -100.039, 29.689917 ], [ -100.040776, 29.692937 ], [ -100.044014, 29.693301 ], [ -100.045791, 29.694924 ], [ -100.045677, 29.697823 ], [ -100.047573, 29.702367 ], [ -100.047384, 29.704325 ], [ -100.046268, 29.706487 ], [ -100.04996, 29.708182 ], [ -100.052097, 29.709645 ], [ -100.053508, 29.708908 ], [ -100.055298, 29.708842 ], [ -100.057365, 29.709959 ], [ -100.060339, 29.709552 ], [ -100.063741, 29.71106 ], [ -100.039529, 29.718717 ], [ -100.038252, 29.720521 ], [ -100.037589, 29.72116 ], [ -100.033498, 29.721266 ], [ -100.030416, 29.721051 ], [ -100.02637, 29.723184 ], [ -100.025764, 29.724367 ], [ -100.026393, 29.726969 ], [ -100.024717, 29.728333 ], [ -100.024937, 29.729763 ], [ -100.027924, 29.731157 ], [ -100.029152, 29.733581 ], [ -100.029605, 29.73647 ], [ -100.029188, 29.738599 ], [ -100.028063, 29.741285 ], [ -100.025544, 29.742405 ], [ -100.024296, 29.742465 ], [ -100.022272, 29.743906 ], [ -100.021997, 29.745766 ], [ -100.024552, 29.748378 ], [ -100.025292, 29.751197 ], [ -100.0241, 29.75327 ], [ -100.02582, 29.757991 ], [ -100.028322, 29.758431 ], [ -100.029904, 29.761463 ], [ -100.029411, 29.763702 ], [ -100.030804, 29.766739 ], [ -100.030639, 29.767698 ], [ -100.031584, 29.770952 ], [ -100.032923, 29.771557 ], [ -100.035138, 29.77351 ], [ -100.036281, 29.775937 ], [ -100.036084, 29.778902 ], [ -100.031562, 29.781091 ], [ -100.029317, 29.783059 ], [ -100.028496, 29.785067 ], [ -100.029391, 29.786921 ], [ -100.02869, 29.789385 ], [ -100.026912, 29.79004 ], [ -100.024812, 29.789995 ], [ -100.02227, 29.790852 ], [ -100.020819, 29.792062 ], [ -100.01834, 29.791737 ], [ -100.013291, 29.794339 ], [ -100.013457, 29.795624 ], [ -100.013469, 29.796301 ], [ -100.015946, 29.800422 ], [ -100.01553, 29.801219 ], [ -100.016172, 29.802881 ], [ -100.016474, 29.805885 ], [ -100.017287, 29.807442 ], [ -100.016788, 29.809455 ], [ -100.017075, 29.812007 ], [ -100.019018, 29.815314 ], [ -100.020286, 29.815727 ], [ -100.022558, 29.81514 ], [ -100.023648, 29.815975 ], [ -100.023692, 29.817285 ], [ -100.025589, 29.820905 ], [ -100.025765, 29.822555 ], [ -100.027266, 29.82436 ], [ -100.026483, 29.826587 ], [ -100.025542, 29.829063 ], [ -100.026759, 29.830488 ], [ -100.027907, 29.83276 ], [ -100.027761, 29.834157 ], [ -100.028487, 29.83545 ], [ -100.03014, 29.835709 ], [ -100.031458, 29.836985 ], [ -100.031947, 29.839217 ], [ -100.031402, 29.841004 ], [ -100.033532, 29.84252 ], [ -100.034827, 29.844065 ], [ -100.034238, 29.846249 ], [ -100.033298, 29.846453 ], [ -100.03088, 29.848273 ], [ -100.026167, 29.848437 ], [ -100.024032, 29.849204 ], [ -100.023427, 29.85172 ], [ -100.022165, 29.854074 ], [ -100.022599, 29.85639 ], [ -100.022086, 29.859872 ], [ -100.022211, 29.86216 ], [ -100.02004, 29.86364 ], [ -100.019414, 29.865411 ], [ -100.019811, 29.867342 ], [ -100.019556, 29.869589 ], [ -100.021722, 29.872915 ], [ -100.022832, 29.873074 ], [ -100.023871, 29.874423 ], [ -100.023902, 29.875917 ], [ -100.022894, 29.878376 ], [ -100.022972, 29.881572 ], [ -100.023615, 29.882777 ], [ -100.020647, 29.885103 ], [ -100.019579, 29.888282 ], [ -100.016788, 29.891147 ], [ -100.010303, 29.893796 ], [ -100.009412, 29.894505 ], [ -100.009015, 29.897121 ], [ -100.002302, 29.896828 ], [ -100.000349, 29.915405 ], [ -100.000349, 29.919694 ], [ -99.989672, 30.025747 ], [ -99.973046, 30.024591 ], [ -99.968043, 30.077907 ], [ -99.967626, 30.082356 ], [ -99.943779, 30.080568 ], [ -99.928354, 30.079411 ], [ -99.917482, 30.078597 ], [ -99.918029, 30.073637 ], [ -99.757621, 30.074132 ], [ -99.754142, 30.290698 ], [ -99.597285, 30.289247 ], [ -99.476678, 30.288188 ], [ -99.420271, 30.287692 ], [ -99.301718, 30.286653 ], [ -99.301952, 30.28107 ], [ -99.301656, 30.227924 ], [ -99.301425, 30.187937 ], [ -99.301012, 30.135947 ], [ -99.300988, 30.134298 ], [ -99.214513, 30.135067 ], [ -99.187187, 30.135372 ], [ -99.155645, 30.135725 ], [ -99.125445, 30.136061 ], [ -99.064964, 30.136736 ], [ -98.979419, 30.137726 ], [ -98.958694, 30.137969 ], [ -98.920147, 30.13829 ], [ -98.90678, 30.138312 ], [ -98.772046, 30.13798 ], [ -98.75031, 30.138188 ], [ -98.749684, 30.138523 ], [ -98.73003, 30.138589 ], [ -98.667658, 30.138799 ], [ -98.656658, 30.138837 ], [ -98.625306, 30.138945 ], [ -98.624601, 30.138886 ], [ -98.587897, 30.138954 ], [ -98.553768, 30.099106 ], [ -98.544942, 30.089001 ], [ -98.532351, 30.073812 ], [ -98.52965, 30.07128 ], [ -98.438585, 29.966242 ], [ -98.414018, 29.937557 ], [ -98.411638, 29.939622 ], [ -98.41034, 29.940752 ], [ -98.410135, 29.940923 ], [ -98.408388, 29.942402 ], [ -98.324933, 30.014194 ], [ -98.298118, 30.037505 ], [ -98.2976, 30.037994 ], [ -98.254522, 30.007635 ], [ -98.253898, 30.007115 ], [ -98.246305, 30.001774 ], [ -98.224261, 29.986049 ], [ -98.203141, 29.97099 ], [ -98.198953, 29.967995 ], [ -98.198395, 29.967524 ], [ -98.196608, 29.96631 ], [ -98.188144, 29.960341 ], [ -98.151587, 29.934318 ], [ -98.12127, 29.912844 ], [ -98.071531, 29.877729 ], [ -98.030523, 29.848539 ], [ -98.018682, 29.812253 ], [ -98.018657, 29.812175 ], [ -98.01518, 29.801485 ], [ -98.015044, 29.801057 ], [ -98.012943, 29.794735 ], [ -97.999271, 29.752444 ], [ -97.961814, 29.789027 ], [ -97.944572, 29.805869 ], [ -97.944443, 29.806993 ], [ -97.943564, 29.806914 ], [ -97.932916, 29.81482 ], [ -97.930509, 29.816604 ], [ -97.928116, 29.818403 ], [ -97.919255, 29.825138 ], [ -97.905297, 29.835573 ], [ -97.905173, 29.835664 ], [ -97.875259, 29.858208 ], [ -97.875228, 29.858136 ], [ -97.873044, 29.855939 ], [ -97.872196, 29.852519 ], [ -97.867493, 29.851723 ], [ -97.867167, 29.854535 ], [ -97.863718, 29.856279 ], [ -97.861442, 29.855003 ], [ -97.860939, 29.853719 ], [ -97.856203, 29.848884 ], [ -97.855533, 29.843913 ], [ -97.853701, 29.843119 ], [ -97.848635, 29.843348 ], [ -97.846645, 29.841671 ], [ -97.846104, 29.839904 ], [ -97.84484, 29.839111 ], [ -97.844253, 29.836444 ], [ -97.843898, 29.832841 ], [ -97.842349, 29.832131 ], [ -97.84131, 29.83192 ], [ -97.840744, 29.829983 ], [ -97.839334, 29.828807 ], [ -97.837614, 29.828497 ], [ -97.836691, 29.82691 ], [ -97.837141, 29.824984 ], [ -97.838342, 29.825417 ], [ -97.841549, 29.824941 ], [ -97.842704, 29.824015 ], [ -97.842202, 29.821656 ], [ -97.839747, 29.820402 ], [ -97.84075, 29.815758 ], [ -97.842283, 29.81316 ], [ -97.845221, 29.811115 ], [ -97.846362, 29.808648 ], [ -97.845413, 29.807355 ], [ -97.844842, 29.808455 ], [ -97.842414, 29.808303 ], [ -97.842007, 29.806242 ], [ -97.842254, 29.802311 ], [ -97.843181, 29.801216 ], [ -97.842351, 29.799224 ], [ -97.839808, 29.797808 ], [ -97.838504, 29.797606 ], [ -97.837997, 29.79596 ], [ -97.83686, 29.795179 ], [ -97.834393, 29.794648 ], [ -97.833524, 29.795009 ], [ -97.830265, 29.795533 ], [ -97.829484, 29.793502 ], [ -97.830043, 29.789983 ], [ -97.831349, 29.787916 ], [ -97.832374, 29.784496 ], [ -97.831398, 29.783013 ], [ -97.830501, 29.781859 ], [ -97.830146, 29.780874 ], [ -97.829259, 29.779597 ], [ -97.827653, 29.779247 ], [ -97.828902, 29.780538 ], [ -97.828535, 29.781426 ], [ -97.825102, 29.781007 ], [ -97.824086, 29.781662 ], [ -97.826317, 29.783359 ], [ -97.826233, 29.784527 ], [ -97.823274, 29.785492 ], [ -97.822654, 29.784629 ], [ -97.823997, 29.783537 ], [ -97.821837, 29.782721 ], [ -97.821379, 29.785672 ], [ -97.819566, 29.78943 ], [ -97.817138, 29.790383 ], [ -97.815393, 29.788208 ], [ -97.815121, 29.787499 ], [ -97.814724, 29.785542 ], [ -97.814341, 29.784747 ], [ -97.811953, 29.783469 ], [ -97.815102, 29.780726 ], [ -97.812931, 29.778319 ], [ -97.811371, 29.780295 ], [ -97.808214, 29.779639 ], [ -97.806253, 29.777746 ], [ -97.80565, 29.777058 ], [ -97.806462, 29.775338 ], [ -97.805234, 29.773444 ], [ -97.805892, 29.773066 ], [ -97.807969, 29.774642 ], [ -97.811171, 29.774501 ], [ -97.807056, 29.768987 ], [ -97.804898, 29.767238 ], [ -97.802115, 29.766584 ], [ -97.801214, 29.767025 ], [ -97.800194, 29.765932 ], [ -97.799745, 29.763216 ], [ -97.800872, 29.759167 ], [ -97.802978, 29.758651 ], [ -97.80382, 29.757432 ], [ -97.80302, 29.756366 ], [ -97.803979, 29.754914 ], [ -97.803416, 29.753651 ], [ -97.801361, 29.754194 ], [ -97.800848, 29.75293 ], [ -97.799678, 29.752301 ], [ -97.795925, 29.752333 ], [ -97.793971, 29.752943 ], [ -97.792916, 29.754192 ], [ -97.793271, 29.757861 ], [ -97.792683, 29.759393 ], [ -97.790921, 29.75959 ], [ -97.78638, 29.760959 ], [ -97.781616, 29.759719 ], [ -97.780917, 29.759258 ], [ -97.780503, 29.758245 ], [ -97.781724, 29.757831 ], [ -97.780383, 29.756795 ], [ -97.780228, 29.754759 ], [ -97.781237, 29.752709 ], [ -97.779464, 29.748209 ], [ -97.781127, 29.748619 ], [ -97.78204, 29.747699 ], [ -97.77772, 29.747112 ], [ -97.775123, 29.7444 ], [ -97.774002, 29.743938 ], [ -97.774364, 29.742157 ], [ -97.768764, 29.74173 ], [ -97.768234, 29.74108 ], [ -97.769976, 29.739508 ], [ -97.770699, 29.737819 ], [ -97.770212, 29.735177 ], [ -97.771274, 29.732839 ], [ -97.772325, 29.733973 ], [ -97.771582, 29.733032 ], [ -97.763739, 29.727899 ], [ -97.761873, 29.728389 ], [ -97.760691, 29.727763 ], [ -97.760808, 29.725405 ], [ -97.758601, 29.725047 ], [ -97.763536, 29.721766 ], [ -97.766466, 29.721759 ], [ -97.768333, 29.720267 ], [ -97.768459, 29.719103 ], [ -97.765661, 29.717128 ], [ -97.763364, 29.713042 ], [ -97.758689, 29.714889 ], [ -97.758627, 29.715735 ], [ -97.756548, 29.717825 ], [ -97.75294, 29.716626 ], [ -97.7519, 29.71586 ], [ -97.749984, 29.714631 ], [ -97.74772, 29.714398 ], [ -97.74665, 29.712556 ], [ -97.749654, 29.711422 ], [ -97.746091, 29.711298 ], [ -97.744933, 29.71269 ], [ -97.744108, 29.711887 ], [ -97.738369, 29.712905 ], [ -97.73677, 29.711046 ], [ -97.735942, 29.705629 ], [ -97.736996, 29.701954 ], [ -97.743347, 29.698841 ], [ -97.743629, 29.697496 ], [ -97.742698, 29.69667 ], [ -97.740339, 29.696784 ], [ -97.737992, 29.696254 ], [ -97.735409, 29.693618 ], [ -97.73572, 29.691198 ], [ -97.734592, 29.691075 ], [ -97.733415, 29.690541 ], [ -97.731985, 29.690127 ], [ -97.727576, 29.687892 ], [ -97.725625, 29.685672 ], [ -97.722104, 29.68552 ], [ -97.72145, 29.684163 ], [ -97.722852, 29.682557 ], [ -97.721852, 29.682088 ], [ -97.71764, 29.684115 ], [ -97.716759, 29.683742 ], [ -97.717737, 29.682614 ], [ -97.717215, 29.681797 ], [ -97.715574, 29.682105 ], [ -97.711705, 29.6815 ], [ -97.708451, 29.683733 ], [ -97.706378, 29.682712 ], [ -97.704558, 29.682615 ], [ -97.703855, 29.681267 ], [ -97.705641, 29.680218 ], [ -97.704784, 29.679112 ], [ -97.705862, 29.67715 ], [ -97.705317, 29.675889 ], [ -97.706075, 29.67455 ], [ -97.703849, 29.674249 ], [ -97.703299, 29.673072 ], [ -97.703421, 29.670482 ], [ -97.702197, 29.670099 ], [ -97.702229, 29.668592 ], [ -97.700536, 29.668413 ], [ -97.699477, 29.667424 ], [ -97.698511, 29.666988 ], [ -97.697325, 29.667923 ], [ -97.698284, 29.669249 ], [ -97.690701, 29.673096 ], [ -97.691617, 29.672366 ], [ -97.689791, 29.671823 ], [ -97.688301, 29.672589 ], [ -97.686128, 29.669503 ], [ -97.685188, 29.667446 ], [ -97.685326, 29.666261 ], [ -97.686587, 29.667295 ], [ -97.68723, 29.666673 ], [ -97.685813, 29.665667 ], [ -97.683864, 29.666057 ], [ -97.683594, 29.66717 ], [ -97.682072, 29.665919 ], [ -97.683823, 29.664269 ], [ -97.680498, 29.663623 ], [ -97.678484, 29.664469 ], [ -97.678368, 29.666761 ], [ -97.676575, 29.667099 ], [ -97.677592, 29.668775 ], [ -97.675933, 29.668134 ], [ -97.673878, 29.668222 ], [ -97.675135, 29.666085 ], [ -97.673466, 29.663197 ], [ -97.67117, 29.664116 ], [ -97.670864, 29.667063 ], [ -97.669162, 29.66753 ], [ -97.66591, 29.666905 ], [ -97.665209, 29.668043 ], [ -97.665002, 29.668801 ], [ -97.663366, 29.666983 ], [ -97.661045, 29.668513 ], [ -97.65939, 29.666539 ], [ -97.65865, 29.663249 ], [ -97.656462, 29.662863 ], [ -97.656849, 29.664672 ], [ -97.654005, 29.666991 ], [ -97.652612, 29.667843 ], [ -97.652236, 29.666957 ], [ -97.651902, 29.666575 ], [ -97.650073, 29.665021 ], [ -97.648983, 29.662221 ], [ -97.647785, 29.662127 ], [ -97.647921, 29.658079 ], [ -97.648672, 29.656964 ], [ -97.649648, 29.657437 ], [ -97.649106, 29.659303 ], [ -97.650141, 29.661323 ], [ -97.652225, 29.66182 ], [ -97.653627, 29.659899 ], [ -97.653219, 29.658824 ], [ -97.654344, 29.658035 ], [ -97.653559, 29.656183 ], [ -97.651895, 29.655245 ], [ -97.651654, 29.653965 ], [ -97.65035, 29.655268 ], [ -97.64771, 29.654188 ], [ -97.642885, 29.654609 ], [ -97.641661, 29.652136 ], [ -97.640492, 29.651883 ], [ -97.638997, 29.653265 ], [ -97.63794, 29.653291 ], [ -97.637444, 29.654674 ], [ -97.635627, 29.655229 ], [ -97.635269, 29.653717 ], [ -97.63102, 29.653472 ], [ -97.631432, 29.650606 ], [ -97.633176, 29.649863 ], [ -97.632965, 29.648884 ], [ -97.633879, 29.647507 ], [ -97.631707, 29.646614 ], [ -97.630369, 29.64682 ], [ -97.631131, 29.645606 ], [ -97.629951, 29.644413 ], [ -97.630188, 29.643199 ], [ -97.629429, 29.639783 ], [ -97.627676, 29.640225 ], [ -97.628168, 29.642304 ], [ -97.624692, 29.642993 ], [ -97.62199, 29.642948 ], [ -97.621229, 29.644026 ], [ -97.617477, 29.645105 ], [ -97.617161, 29.64318 ], [ -97.616242, 29.641117 ], [ -97.61674, 29.639421 ], [ -97.618077, 29.637931 ], [ -97.617894, 29.63688 ], [ -97.618836, 29.635547 ], [ -97.618456, 29.633809 ], [ -97.617497, 29.633553 ], [ -97.615969, 29.634898 ], [ -97.611885, 29.636879 ], [ -97.609104, 29.636994 ], [ -97.607492, 29.635401 ], [ -97.60585, 29.635093 ], [ -97.604644, 29.63648 ], [ -97.606368, 29.640434 ], [ -97.603731, 29.641786 ], [ -97.602272, 29.63954 ], [ -97.60003, 29.637613 ], [ -97.600368, 29.635713 ], [ -97.598629, 29.635155 ], [ -97.598583, 29.633651 ], [ -97.599947, 29.632367 ], [ -97.599632, 29.631176 ], [ -97.597695, 29.630745 ], [ -97.595145, 29.632185 ], [ -97.511442, 29.678372 ], [ -97.451439, 29.711354 ], [ -97.409777, 29.734258 ], [ -97.317893, 29.784658 ], [ -97.272686, 29.750229 ], [ -97.270441, 29.748965 ], [ -97.179139, 29.679924 ], [ -97.13625, 29.647665 ], [ -97.133444, 29.645806 ], [ -97.130517, 29.643296 ], [ -97.143262, 29.628089 ], [ -97.142643, 29.628101 ], [ -97.148402, 29.624138 ], [ -97.197872, 29.585472 ], [ -97.204087, 29.580613 ], [ -97.203744, 29.559316 ], [ -97.202635, 29.519381 ], [ -97.202595, 29.517846 ], [ -97.202331, 29.507527 ], [ -97.204794, 29.500238 ], [ -97.211244, 29.478298 ], [ -97.229184, 29.419242 ], [ -97.239601, 29.385512 ], [ -97.240108, 29.384488 ], [ -97.253742, 29.374662 ], [ -97.289155, 29.34871 ], [ -97.33368, 29.316167 ], [ -97.379051, 29.282973 ], [ -97.444486, 29.235217 ], [ -97.450564, 29.230813 ], [ -97.556513, 29.152313 ], [ -97.600988, 29.118938 ], [ -97.603331, 29.11738 ], [ -97.613132, 29.109765 ], [ -97.624957, 29.100801 ], [ -97.630208, 29.098363 ], [ -97.655712, 29.079511 ], [ -97.725691, 29.028271 ], [ -97.745589, 29.013546 ], [ -97.751977, 29.009365 ], [ -97.75511, 29.007113 ], [ -97.754691, 29.006789 ], [ -97.740474, 28.991377 ], [ -97.612614, 28.854296 ], [ -97.598366, 28.838909 ], [ -97.597906, 28.838538 ], [ -97.574639, 28.8133 ], [ -97.606673, 28.790497 ], [ -97.653782, 28.756962 ], [ -97.77853, 28.668027 ], [ -97.780362, 28.669823 ], [ -97.783626, 28.670663 ], [ -97.784679, 28.671007 ], [ -97.784971, 28.672811 ], [ -97.786974, 28.673972 ], [ -97.788002, 28.675832 ], [ -97.789899, 28.675596 ], [ -97.791889, 28.67695 ], [ -97.793654, 28.675927 ], [ -97.795231, 28.673398 ], [ -97.822964, 28.670563 ], [ -97.825312, 28.670341 ], [ -97.826399, 28.672797 ], [ -97.825563, 28.67348 ], [ -97.826611, 28.675372 ], [ -97.829188, 28.677661 ], [ -97.830891, 28.6776 ], [ -97.831328, 28.676026 ], [ -97.832457, 28.675498 ], [ -97.834228, 28.675773 ], [ -97.833929, 28.677214 ], [ -97.835233, 28.678215 ], [ -97.835415, 28.680152 ], [ -97.837435, 28.680577 ], [ -97.838715, 28.679645 ], [ -97.839751, 28.681274 ], [ -97.840824, 28.680509 ], [ -97.842377, 28.681631 ], [ -97.84355, 28.681509 ], [ -97.846059, 28.683049 ], [ -97.850869, 28.683813 ], [ -97.852517, 28.684979 ], [ -97.85475, 28.685308 ], [ -97.856884, 28.684257 ], [ -97.858368, 28.684344 ], [ -97.863367, 28.686774 ], [ -97.865789, 28.688842 ], [ -97.867798, 28.689639 ], [ -97.870674, 28.689517 ], [ -97.872827, 28.690275 ], [ -97.87357, 28.691227 ], [ -97.875792, 28.691428 ], [ -97.877401, 28.693178 ], [ -97.879391, 28.693718 ], [ -97.879009, 28.695578 ], [ -97.881854, 28.696542 ], [ -97.883677, 28.695453 ], [ -97.884655, 28.698529 ], [ -97.886052, 28.698023 ], [ -97.889278, 28.699923 ], [ -97.89193, 28.699307 ], [ -97.89334, 28.699968 ], [ -97.892926, 28.70192 ], [ -97.891815, 28.703097 ], [ -97.893043, 28.704621 ], [ -97.89509, 28.703984 ], [ -97.897773, 28.705664 ], [ -97.898128, 28.708112 ], [ -97.900317, 28.711161 ], [ -97.902196, 28.71301 ], [ -97.904174, 28.712845 ], [ -97.904842, 28.713467 ], [ -97.907107, 28.713303 ], [ -97.909397, 28.714508 ], [ -97.910863, 28.716401 ], [ -97.915106, 28.719648 ], [ -97.916972, 28.718322 ], [ -97.918139, 28.719156 ], [ -97.9251, 28.716707 ], [ -97.925399, 28.716575 ], [ -97.99885, 28.692205 ], [ -98.005252, 28.690239 ], [ -98.032514, 28.718287 ], [ -98.052747, 28.73913 ], [ -98.074352, 28.761812 ], [ -98.098315, 28.786949 ], [ -98.112128, 28.776879 ], [ -98.123754, 28.767478 ], [ -98.125284, 28.766523 ], [ -98.14773, 28.75026 ], [ -98.148889, 28.749648 ], [ -98.201842, 28.710743 ], [ -98.259051, 28.668613 ], [ -98.308147, 28.632498 ], [ -98.335031, 28.612658 ], [ -98.335047, 28.648275 ], [ -98.392164, 28.648172 ], [ -98.610824, 28.64834 ], [ -98.620859, 28.648352 ], [ -98.776383, 28.647632 ], [ -98.800848, 28.647306 ], [ -98.800841, 28.647487 ], [ -99.053798, 28.645155 ], [ -99.117349, 28.644611 ], [ -99.161249, 28.644185 ], [ -99.161901, 28.64422 ], [ -99.177155, 28.644168 ], [ -99.179068, 28.644122 ], [ -99.205866, 28.644111 ], [ -99.213682, 28.643888 ], [ -99.214562, 28.644065 ], [ -99.395736, 28.640784 ], [ -99.395707, 28.625258 ], [ -99.396086, 28.592636 ], [ -99.395944, 28.500263 ], [ -99.396681, 28.500268 ], [ -99.395926, 28.426299 ], [ -99.39463, 28.349818 ], [ -99.394177, 28.204627 ], [ -99.874736, 28.199818 ], [ -99.875329, 28.200068 ], [ -99.99159, 28.198816 ], [ -100.113719, 28.197819 ], [ -100.11402, 28.489864 ], [ -100.114269, 28.629686 ], [ -100.114336, 28.648122 ], [ -100.003333, 28.647317 ], [ -99.913051, 28.646756 ], [ -99.883101, 28.644326 ] ] ] } },
{ "type": "Feature", "properties": { "FederalDivisionName": "Sherman", "FederalJudicialDistrict": "Eastern" }, "geometry": { "type": "Polygon", "coordinates": [ [ [ -95.862773, 33.129663 ], [ -95.862513, 33.154173 ], [ -95.862261, 33.178651 ], [ -95.861778, 33.21933 ], [ -95.86168, 33.228116 ], [ -95.861387, 33.272771 ], [ -95.861364, 33.278621 ], [ -95.860164, 33.333332 ], [ -95.85968, 33.353217 ], [ -95.859281, 33.358511 ], [ -95.859224, 33.364447 ], [ -95.859115, 33.377901 ], [ -95.858723, 33.40953 ], [ -95.938938, 33.399033 ], [ -95.939327, 33.398981 ], [ -95.991954, 33.392066 ], [ -96.008178, 33.390042 ], [ -96.01208, 33.389552 ], [ -96.061982, 33.382922 ], [ -96.068764, 33.382019 ], [ -96.157309, 33.370233 ], [ -96.166123, 33.369073 ], [ -96.206245, 33.363785 ], [ -96.228406, 33.360867 ], [ -96.25188, 33.357566 ], [ -96.295413, 33.351936 ], [ -96.295352, 33.31331 ], [ -96.295314, 33.294452 ], [ -96.295312, 33.293442 ], [ -96.295306, 33.292121 ], [ -96.295276, 33.285418 ], [ -96.295248, 33.269923 ], [ -96.29507, 33.244486 ], [ -96.295298, 33.242865 ], [ -96.295223, 33.210317 ], [ -96.295228, 33.210206 ], [ -96.295233, 33.210069 ], [ -96.295291, 33.208301 ], [ -96.295466, 33.191091 ], [ -96.295478, 33.187525 ], [ -96.295766, 33.156617 ], [ -96.295814, 33.154108 ], [ -96.295917, 33.140335 ], [ -96.296157, 33.100481 ], [ -96.296183, 33.0974 ], [ -96.296199, 33.075403 ], [ -96.296449, 33.064832 ], [ -96.296453, 33.061668 ], [ -96.296718, 33.02669 ], [ -96.296759, 33.011935 ], [ -96.29674, 33.004829 ], [ -96.296976, 32.995821 ], [ -96.297012, 32.989224 ], [ -96.297027, 32.98871 ], [ -96.297227, 32.981752 ], [ -96.303215, 32.981552 ], [ -96.322149, 32.981667 ], [ -96.322703, 32.981842 ], [ -96.323077, 32.98149 ], [ -96.323513, 32.981668 ], [ -96.341873, 32.98196 ], [ -96.357471, 32.98203 ], [ -96.361592, 32.982049 ], [ -96.370728, 32.982084 ], [ -96.385468, 32.982156 ], [ -96.389042, 32.982173 ], [ -96.396982, 32.981916 ], [ -96.398079, 32.981915 ], [ -96.398734, 32.981914 ], [ -96.406031, 32.98191 ], [ -96.408618, 32.981932 ], [ -96.409474, 32.981941 ], [ -96.413341, 32.981955 ], [ -96.413342, 32.982206 ], [ -96.419114, 32.982252 ], [ -96.419145, 32.981994 ], [ -96.432282, 32.982119 ], [ -96.43305, 32.982118 ], [ -96.437988, 32.982104 ], [ -96.443949, 32.98236 ], [ -96.46371, 32.982439 ], [ -96.466739, 32.982467 ], [ -96.489673, 32.982685 ], [ -96.491399, 32.982692 ], [ -96.506044, 32.982816 ], [ -96.50712, 32.982826 ], [ -96.508495, 32.982843 ], [ -96.513775, 32.982986 ], [ -96.513777, 32.982852 ], [ -96.517011, 32.982862 ], [ -96.51707, 32.982882 ], [ -96.521534, 32.982938 ], [ -96.521535, 32.982912 ], [ -96.521563, 32.982938 ], [ -96.521991, 32.982946 ], [ -96.527975, 32.983034 ], [ -96.535348, 32.983147 ], [ -96.535667, 32.983152 ], [ -96.53894, 32.983203 ], [ -96.549829, 32.983368 ], [ -96.558786, 32.983501 ], [ -96.559263, 32.983508 ], [ -96.575049, 32.983744 ], [ -96.583452, 32.983859 ], [ -96.583796, 32.983867 ], [ -96.595999, 32.984051 ], [ -96.608887, 32.984242 ], [ -96.613367, 32.984309 ], [ -96.621047, 32.984412 ], [ -96.622962, 32.98444 ], [ -96.623501, 32.98445 ], [ -96.628165, 32.984516 ], [ -96.629198, 32.984531 ], [ -96.640872, 32.984699 ], [ -96.647763, 32.984796 ], [ -96.66518, 32.985044 ], [ -96.666184, 32.985056 ], [ -96.666652, 32.985063 ], [ -96.669424, 32.985103 ], [ -96.672163, 32.985141 ], [ -96.675703, 32.985191 ], [ -96.678746, 32.985234 ], [ -96.682292, 32.985285 ], [ -96.682469, 32.985286 ], [ -96.699609, 32.98538 ], [ -96.699773, 32.985377 ], [ -96.711259, 32.985685 ], [ -96.711528, 32.985689 ], [ -96.717047, 32.985765 ], [ -96.719152, 32.985792 ], [ -96.728059, 32.985913 ], [ -96.73798, 32.986045 ], [ -96.743561, 32.986123 ], [ -96.748426, 32.986189 ], [ -96.756464, 32.986298 ], [ -96.768095, 32.986452 ], [ -96.768247, 32.986454 ], [ -96.77474, 32.986537 ], [ -96.778675, 32.986588 ], [ -96.784005, 32.986659 ], [ -96.793816, 32.986791 ], [ -96.80343, 32.986914 ], [ -96.805644, 32.986943 ], [ -96.806762, 32.986957 ], [ -96.813355, 32.987041 ], [ -96.822603, 32.98716 ], [ -96.828519, 32.987236 ], [ -96.830012, 32.987255 ], [ -96.838955, 32.98737 ], [ -96.842198, 32.987411 ], [ -96.844122, 32.987435 ], [ -96.850295, 32.987514 ], [ -96.854693, 32.98757 ], [ -96.854871, 32.987573 ], [ -96.855621, 32.987581 ], [ -96.865951, 32.987709 ], [ -96.868428, 32.987739 ], [ -96.875295, 32.98783 ], [ -96.879454, 32.98788 ], [ -96.890617, 32.988023 ], [ -96.900646, 32.98816 ], [ -96.909997, 32.988346 ], [ -96.927223, 32.988541 ], [ -96.939472, 32.988822 ], [ -96.939882, 32.988822 ], [ -96.9415, 32.988788 ], [ -96.942445, 32.9888 ], [ -96.957708, 32.989001 ], [ -96.958665, 32.989013 ], [ -96.966672, 32.989084 ], [ -96.973588, 32.989145 ], [ -96.973793, 32.989148 ], [ -96.975615, 32.989118 ], [ -96.980069, 32.989203 ], [ -96.990214, 32.989287 ], [ -96.993111, 32.989319 ], [ -96.993401, 32.98932 ], [ -97.010873, 32.989429 ], [ -97.019567, 32.989524 ], [ -97.020777, 32.989542 ], [ -97.021779, 32.989549 ], [ -97.025168, 32.989581 ], [ -97.028339, 32.989614 ], [ -97.031007, 32.989691 ], [ -97.045477, 32.989792 ], [ -97.0618, 32.989904 ], [ -97.071136, 32.989965 ], [ -97.076604, 32.990001 ], [ -97.08645, 32.990061 ], [ -97.088162, 32.990073 ], [ -97.108161, 32.990197 ], [ -97.124143, 32.990296 ], [ -97.130244, 32.990335 ], [ -97.13758, 32.990377 ], [ -97.167259, 32.990564 ], [ -97.169189, 32.990576 ], [ -97.18381, 32.990667 ], [ -97.184356, 32.99067 ], [ -97.185457, 32.990677 ], [ -97.210339, 32.990815 ], [ -97.228762, 32.990919 ], [ -97.234529, 32.990949 ], [ -97.23525, 32.990954 ], [ -97.254164, 32.991052 ], [ -97.259912, 32.991082 ], [ -97.262795, 32.991096 ], [ -97.288777, 32.991232 ], [ -97.291142, 32.991243 ], [ -97.291165, 32.991243 ], [ -97.294743, 32.991262 ], [ -97.299329, 32.991282 ], [ -97.299651, 32.991282 ], [ -97.321019, 32.991388 ], [ -97.327048, 32.991415 ], [ -97.327762, 32.991418 ], [ -97.371853, 32.991615 ], [ -97.397051, 32.991723 ], [ -97.397209, 32.991724 ], [ -97.398459, 32.991732 ], [ -97.398265, 32.999963 ], [ -97.397919, 33.013242 ], [ -97.397155, 33.036517 ], [ -97.396223, 33.066681 ], [ -97.395783, 33.080372 ], [ -97.395612, 33.086202 ], [ -97.395594, 33.086818 ], [ -97.395479, 33.090945 ], [ -97.395238, 33.098275 ], [ -97.394972, 33.105706 ], [ -97.394735, 33.11299 ], [ -97.394514, 33.120707 ], [ -97.394207, 33.13177 ], [ -97.393997, 33.139 ], [ -97.393859, 33.143767 ], [ -97.393595, 33.153224 ], [ -97.391927, 33.207746 ], [ -97.391644, 33.21732 ], [ -97.391606, 33.218935 ], [ -97.390937, 33.242039 ], [ -97.390828, 33.245787 ], [ -97.390819, 33.246106 ], [ -97.389971, 33.260514 ], [ -97.389096, 33.277537 ], [ -97.388271, 33.294984 ], [ -97.388064, 33.307752 ], [ -97.386073, 33.35366 ], [ -97.385666, 33.362896 ], [ -97.385786, 33.364797 ], [ -97.384617, 33.396273 ], [ -97.384304, 33.404206 ], [ -97.383919, 33.404823 ], [ -97.383095, 33.43045 ], [ -97.383015, 33.43289 ], [ -97.480043, 33.433632 ], [ -97.481162, 33.433766 ], [ -97.487065, 33.433681 ], [ -97.486972, 33.448187 ], [ -97.486905, 33.458766 ], [ -97.486442, 33.541818 ], [ -97.486276, 33.556803 ], [ -97.486138, 33.569368 ], [ -97.4854, 33.648943 ], [ -97.485046, 33.698185 ], [ -97.484037243770004, 33.9157618691195 ], [ -97.461128731008898, 33.904323832551597 ], [ -97.460376, 33.903948 ], [ -97.458069, 33.901635 ], [ -97.450954, 33.891398 ], [ -97.451469, 33.87093 ], [ -97.457617, 33.855126 ], [ -97.461486, 33.84956 ], [ -97.462857, 33.841772 ], [ -97.459068, 33.834581 ], [ -97.453057, 33.828536 ], [ -97.444193, 33.823773 ], [ -97.426493, 33.819398 ], [ -97.410387, 33.818845 ], [ -97.403328578773298, 33.818959794064199 ], [ -97.372941, 33.819454 ], [ -97.365507, 33.823763 ], [ -97.358513, 33.830018 ], [ -97.348338, 33.843876 ], [ -97.339202, 33.862063 ], [ -97.335915, 33.879168 ], [ -97.332457, 33.884253 ], [ -97.325812, 33.883888 ], [ -97.32345, 33.87846 ], [ -97.333382, 33.864148 ], [ -97.334616, 33.857231 ], [ -97.329819874972401, 33.855766988334501 ], [ -97.328729, 33.855434 ], [ -97.323947, 33.858986 ], [ -97.318243, 33.865121 ], [ -97.315035584309001, 33.866685347914 ], [ -97.314413, 33.866989 ], [ -97.309946, 33.874449 ], [ -97.309846, 33.883003 ], [ -97.310143, 33.888532 ], [ -97.305565, 33.886435 ], [ -97.294227, 33.876412 ], [ -97.285983, 33.868526 ], [ -97.279108, 33.864555 ], [ -97.275348, 33.863225 ], [ -97.275607, 33.858168 ], [ -97.270314, 33.858221 ], [ -97.265087, 33.862413 ], [ -97.256625, 33.863286 ], [ -97.254235, 33.865323 ], [ -97.249209, 33.875101 ], [ -97.24618, 33.900344 ], [ -97.244946, 33.903092 ], [ -97.243983023281999, 33.904166660422902 ], [ -97.242092, 33.906277 ], [ -97.226522, 33.914642 ], [ -97.210921, 33.916064 ], [ -97.206141, 33.91428 ], [ -97.189853154197905, 33.903585760963502 ], [ -97.185458, 33.9007 ], [ -97.1814903420956, 33.8959728706173 ], [ -97.180845, 33.895204 ], [ -97.179609, 33.89225 ], [ -97.172547864264104, 33.867803129519601 ], [ -97.166629, 33.847311 ], [ -97.166824, 33.840395 ], [ -97.171627, 33.835335 ], [ -97.18137, 33.831375 ], [ -97.186254, 33.830894 ], [ -97.19369, 33.831307 ], [ -97.1997, 33.827322 ], [ -97.203514, 33.821825 ], [ -97.204939, 33.815229 ], [ -97.205705, 33.802908 ], [ -97.200492, 33.793198 ], [ -97.190809, 33.781772 ], [ -97.187724, 33.769831 ], [ -97.192817, 33.761169 ], [ -97.185325, 33.755503 ], [ -97.181843, 33.75587 ], [ -97.172192, 33.737545 ], [ -97.163149, 33.729322 ], [ -97.162810327388598, 33.729117531072198 ], [ -97.155066, 33.724442 ], [ -97.149394, 33.721967 ], [ -97.13753, 33.718664 ], [ -97.126102, 33.716941 ], [ -97.121102, 33.717174 ], [ -97.113265, 33.718804 ], [ -97.108936, 33.720294 ], [ -97.104525, 33.722608 ], [ -97.100449429366606, 33.725483735024298 ], [ -97.097154, 33.727809 ], [ -97.094085, 33.730992 ], [ -97.091072, 33.735115 ], [ -97.086195, 33.743933 ], [ -97.085963596814196, 33.745352539916098 ], [ -97.084693, 33.753147 ], [ -97.084613, 33.759993 ], [ -97.085218, 33.765512 ], [ -97.087852, 33.774099 ], [ -97.093917, 33.789052 ], [ -97.095236, 33.794136 ], [ -97.094771, 33.798532 ], [ -97.092112, 33.804097 ], [ -97.087999, 33.808747 ], [ -97.07859, 33.812756 ], [ -97.067977, 33.814476 ], [ -97.062632, 33.816079 ], [ -97.054926, 33.816412 ], [ -97.052694587657697, 33.816755598006701 ], [ -97.048146, 33.817456 ], [ -97.049316, 33.829794 ], [ -97.053024, 33.833884 ], [ -97.058343, 33.836764 ], [ -97.069486, 33.839412 ], [ -97.08345, 33.840456 ], [ -97.087731, 33.841956 ], [ -97.090479, 33.844841 ], [ -97.089464, 33.849847 ], [ -97.087247, 33.853448 ], [ -97.086719524122202, 33.853684515719202 ], [ -97.075621, 33.858661 ], [ -97.068071, 33.860465 ], [ -97.059826, 33.858404 ], [ -97.055838, 33.855741 ], [ -97.050952, 33.846568 ], [ -97.046126, 33.83956 ], [ -97.041245, 33.837761 ], [ -97.038858, 33.838264 ], [ -97.029048652947395, 33.842833624071901 ], [ -97.021438, 33.846379 ], [ -97.009856, 33.859762 ], [ -96.997088, 33.871017 ], [ -96.991897642823005, 33.879622262158797 ], [ -96.988043, 33.886013 ], [ -96.983835, 33.890949 ], [ -96.984939, 33.904866 ], [ -96.988745, 33.918468 ], [ -96.993997, 33.928979 ], [ -96.995023, 33.932035 ], [ -96.996183, 33.941728 ], [ -96.995368, 33.947302 ], [ -96.994288, 33.949206 ], [ -96.990835, 33.952701 ], [ -96.987892, 33.954671 ], [ -96.981337, 33.956378 ], [ -96.979415, 33.956178 ], [ -96.979347, 33.95513 ], [ -96.980676, 33.951814 ], [ -96.981031, 33.94916 ], [ -96.979818, 33.941588 ], [ -96.976955, 33.937453 ], [ -96.973807, 33.935697 ], [ -96.972542, 33.935795 ], [ -96.952313, 33.944582 ], [ -96.944611, 33.949217 ], [ -96.9347906714179, 33.954358787058403 ], [ -96.932252, 33.955688 ], [ -96.924268, 33.959159 ], [ -96.922114, 33.959579 ], [ -96.918618, 33.958926 ], [ -96.9163, 33.957798 ], [ -96.911336, 33.95396 ], [ -96.910084156179494, 33.9527125942178 ], [ -96.907387, 33.950025 ], [ -96.905253, 33.947219 ], [ -96.902434, 33.942018 ], [ -96.899442, 33.933728 ], [ -96.896469, 33.913318 ], [ -96.897194, 33.902954 ], [ -96.895728, 33.896414 ], [ -96.892686357509703, 33.889623039274198 ], [ -96.88301, 33.868019 ], [ -96.875281, 33.860505 ], [ -96.866438, 33.853149 ], [ -96.85609, 33.84749 ], [ -96.850593, 33.847211 ], [ -96.845896, 33.848975 ], [ -96.841592, 33.852894 ], [ -96.840819, 33.863645 ], [ -96.839778, 33.868396 ], [ -96.837413, 33.871349 ], [ -96.833891748554905, 33.8736844418831 ], [ -96.832157, 33.874835 ], [ -96.812778, 33.872646 ], [ -96.798389029450306, 33.869721855082297 ], [ -96.794276, 33.868886 ], [ -96.788892438372798, 33.866215921061197 ], [ -96.786859368545393, 33.865207581730601 ], [ -96.783485, 33.863534 ], [ -96.780569, 33.860098 ], [ -96.779588, 33.857939 ], [ -96.777202, 33.848162 ], [ -96.776766, 33.841976 ], [ -96.771615929457298, 33.831527868381698 ], [ -96.770676, 33.829621 ], [ -96.769378, 33.827477 ], [ -96.767935966158504, 33.826550666456903 ], [ -96.766235, 33.825458 ], [ -96.761588, 33.824406 ], [ -96.754041, 33.824658 ], [ -96.746038, 33.825699 ], [ -96.712422, 33.831633 ], [ -96.708134, 33.83306 ], [ -96.704457, 33.835021 ], [ -96.702201164109397, 33.836881845170403 ], [ -96.699574, 33.839049 ], [ -96.693102950708294, 33.8470119086141 ], [ -96.691914005345097, 33.848474957780901 ], [ -96.690708, 33.849959 ], [ -96.688191, 33.854613 ], [ -96.684727, 33.862905 ], [ -96.682209, 33.873876 ], [ -96.682103, 33.876645 ], [ -96.683089771088802, 33.882134956417602 ], [ -96.683464, 33.884217 ], [ -96.680947, 33.896204 ], [ -96.678298655814302, 33.902265003977497 ], [ -96.675306, 33.909114 ], [ -96.673449, 33.912278 ], [ -96.670618, 33.914914 ], [ -96.667187, 33.91694 ], [ -96.66441, 33.917267 ], [ -96.659896, 33.916666 ], [ -96.645951221608996, 33.907246278436403 ], [ -96.64405, 33.905962 ], [ -96.639463654016694, 33.902492532788003 ], [ -96.630117, 33.895422 ], [ -96.628294, 33.894477 ], [ -96.6262173962632, 33.894502842357902 ], [ -96.607562, 33.894735 ], [ -96.592948, 33.895616 ], [ -96.588518915748494, 33.8948810582175 ], [ -96.587934, 33.894784 ], [ -96.585452, 33.891281 ], [ -96.58536, 33.888948 ], [ -96.5873434435115, 33.884582379487597 ], [ -96.587494, 33.884251 ], [ -96.590112, 33.880665 ], [ -96.597348, 33.875101 ], [ -96.601686, 33.872823 ], [ -96.61197, 33.869016 ], [ -96.614678363659095, 33.866500240949897 ], [ -96.625399, 33.856542 ], [ -96.628969, 33.852407 ], [ -96.629747, 33.850866 ], [ -96.630022, 33.847541 ], [ -96.62929, 33.845488 ], [ -96.623155, 33.841483 ], [ -96.601258, 33.834327 ], [ -96.592926, 33.830916 ], [ -96.587067, 33.828009 ], [ -96.572937, 33.819098 ], [ -96.566298, 33.818511 ], [ -96.551223, 33.819129 ], [ -96.544036513404194, 33.820646312454798 ], [ -96.532865, 33.823005 ], [ -96.532225678842906, 33.822850407883202 ], [ -96.532092113683404, 33.822818110937398 ], [ -96.529234, 33.822127 ], [ -96.526655, 33.820891 ], [ -96.523863, 33.818114 ], [ -96.519911, 33.811347 ], [ -96.516584, 33.803168 ], [ -96.515959, 33.798934 ], [ -96.515945094033597, 33.795638285954603 ], [ -96.515932437172907, 33.7926386099697 ], [ -96.515914863040805, 33.788473540662302 ], [ -96.515912, 33.787795 ], [ -96.511914, 33.781478 ], [ -96.502286, 33.77346 ], [ -96.500268, 33.772583 ], [ -96.48606, 33.77301 ], [ -96.473092, 33.775445 ], [ -96.467872, 33.775795 ], [ -96.459154, 33.775232 ], [ -96.457113372647896, 33.775797042677098 ], [ -96.456254, 33.776035 ], [ -96.45051, 33.780588 ], [ -96.448670661463296, 33.780918558609201 ], [ -96.448045, 33.781031 ], [ -96.441206, 33.780327 ], [ -96.436714, 33.779329 ], [ -96.430214, 33.778654 ], [ -96.422643, 33.776041 ], [ -96.419961, 33.773034 ], [ -96.419205722102006, 33.771775938107403 ], [ -96.417562, 33.769038 ], [ -96.416146, 33.766099 ], [ -96.413408, 33.757714 ], [ -96.411873085408203, 33.7556871295874 ], [ -96.408469, 33.751192 ], [ -96.403507, 33.746289 ], [ -96.384116, 33.730141 ], [ -96.379403992276906, 33.7258163072446 ], [ -96.36959, 33.716809 ], [ -96.366945, 33.711222 ], [ -96.363253, 33.70105 ], [ -96.363135, 33.694215 ], [ -96.362198, 33.691818 ], [ -96.355946, 33.687155 ], [ -96.348306, 33.686379 ], [ -96.342665, 33.686975 ], [ -96.338013, 33.688728 ], [ -96.334932, 33.69208 ], [ -96.331874, 33.693449 ], [ -96.321103, 33.6951 ], [ -96.31876, 33.696753 ], [ -96.316925, 33.698997 ], [ -96.309964, 33.710489 ], [ -96.308340337899395, 33.715754122100201 ], [ -96.307840939177694, 33.7173735447901 ], [ -96.307035, 33.719987 ], [ -96.306596, 33.726786 ], [ -96.307389, 33.735005 ], [ -96.3061, 33.741002 ], [ -96.303009, 33.750878 ], [ -96.301706, 33.753756 ], [ -96.29653, 33.765789 ], [ -96.293708, 33.769409 ], [ -96.288254, 33.771221 ], [ -96.277847, 33.770477 ], [ -96.269896, 33.768405 ], [ -96.267876, 33.76777 ], [ -96.263593, 33.767467 ], [ -96.257511, 33.763948 ], [ -96.255565, 33.762079 ], [ -96.248232, 33.758986 ], [ -96.229023, 33.748021 ], [ -96.220521, 33.74739 ], [ -96.1999, 33.752117 ], [ -96.196380324258897, 33.753239941653298 ], [ -96.196374909533702, 33.753241669204598 ], [ -96.186554, 33.756375 ], [ -96.186257450331894, 33.7565196268717 ], [ -96.178059, 33.760518 ], [ -96.174633, 33.763699 ], [ -96.169452, 33.770131 ], [ -96.162757, 33.788769 ], [ -96.161249, 33.795715 ], [ -96.161114, 33.805767 ], [ -96.159182, 33.810184 ], [ -96.156355, 33.813349 ], [ -96.161939, 33.81317 ], [ -96.166991, 33.811103 ], [ -96.168829, 33.807658 ], [ -96.169748, 33.804902 ], [ -96.168829, 33.802605 ], [ -96.170373, 33.799382 ], [ -96.17515, 33.801951 ], [ -96.17734, 33.805117 ], [ -96.178964, 33.810553 ], [ -96.17589, 33.814627 ], [ -96.164808, 33.817797 ], [ -96.156656, 33.818223 ], [ -96.150765, 33.816987 ], [ -96.148792, 33.819197 ], [ -96.15163, 33.831946 ], [ -96.150147, 33.835856 ], [ -96.14807, 33.837799 ], [ -96.138905, 33.839159 ], [ -96.122951, 33.839964 ], [ -96.118169, 33.837884 ], [ -96.109993, 33.832396 ], [ -96.104075, 33.83073 ], [ -96.09936, 33.83047 ], [ -96.097448, 33.832725 ], [ -96.097638, 33.837935 ], [ -96.099153, 33.842409 ], [ -96.100785, 33.84423 ], [ -96.101349, 33.845721 ], [ -96.101473, 33.846709 ], [ -96.100185074656096, 33.8478885078258 ], [ -96.100095, 33.847971 ], [ -96.095121094766398, 33.847548174647201 ], [ -96.084626, 33.846656 ], [ -96.063924, 33.841523 ], [ -96.059203260359297, 33.839725856412798 ], [ -96.055358, 33.838262 ], [ -96.048834, 33.836468 ], [ -96.037191, 33.841245 ], [ -96.031372, 33.847249 ], [ -96.031158, 33.852584 ], [ -96.029438, 33.856348 ], [ -96.02694, 33.856803 ], [ -96.023907, 33.857067 ], [ -96.021168, 33.855471 ], [ -96.019542, 33.853497 ], [ -96.021783, 33.846927 ], [ -96.023241, 33.842479 ], [ -96.02139, 33.841039 ], [ -96.019599, 33.840566 ], [ -96.005296, 33.845505 ], [ -96.00163, 33.8477 ], [ -95.998351, 33.851049 ], [ -95.997709, 33.852182 ], [ -95.995857, 33.855693 ], [ -95.995191, 33.858135 ], [ -95.994525, 33.861465 ], [ -95.998077, 33.861687 ], [ -96.001336, 33.863496 ], [ -96.002962, 33.866794 ], [ -96.00444, 33.869742 ], [ -96.003406, 33.872344 ], [ -96.001186, 33.872344 ], [ -95.998617, 33.87223 ], [ -95.989191, 33.86859 ], [ -95.984254, 33.864403 ], [ -95.983735, 33.861687 ], [ -95.983957, 33.858579 ], [ -95.985511, 33.855693 ], [ -95.984280783948606, 33.852730897917702 ], [ -95.984253, 33.852664 ], [ -95.972156, 33.856371 ], [ -95.952652, 33.858357 ], [ -95.944284, 33.859811 ], [ -95.941267, 33.861619 ], [ -95.936631, 33.870615 ], [ -95.935325, 33.875099 ], [ -95.933558, 33.879449 ], [ -95.932448, 33.883223 ], [ -95.931980494072903, 33.883510758237797 ], [ -95.929561, 33.885 ], [ -95.925787, 33.885 ], [ -95.922712, 33.883758 ], [ -95.918583, 33.880838 ], [ -95.905828, 33.874053 ], [ -95.894556, 33.86741 ], [ -95.886688, 33.864814 ], [ -95.883542, 33.862715 ], [ -95.881292, 33.860627 ], [ -95.8749, 33.855915 ], [ -95.866907, 33.851474 ], [ -95.860912, 33.84992 ], [ -95.858808, 33.850668 ], [ -95.855521, 33.849258 ], [ -95.849367, 33.842593 ], [ -95.846378177736497, 33.840039745675497 ], [ -95.845243, 33.83907 ], [ -95.840012, 33.836486 ], [ -95.837516, 33.83564 ], [ -95.831948, 33.835161 ], [ -95.828245, 33.836054 ], [ -95.822787, 33.838756 ], [ -95.820784, 33.840564 ], [ -95.819358, 33.842785 ], [ -95.818976, 33.844456 ], [ -95.819525, 33.848439 ], [ -95.820677, 33.850751 ], [ -95.821666, 33.855443 ], [ -95.821666, 33.856633 ], [ -95.817618, 33.859023 ], [ -95.805149, 33.861304 ], [ -95.800842, 33.861212 ], [ -95.789867, 33.857686 ], [ -95.787891, 33.856336 ], [ -95.782395, 33.85105 ], [ -95.779884, 33.851331 ], [ -95.775902, 33.847311 ], [ -95.770556, 33.845269 ], [ -95.763586, 33.846824 ], [ -95.757465, 33.850039 ], [ -95.75373, 33.853179 ], [ -95.751746, 33.855557 ], [ -95.75129, 33.858881 ], [ -95.751644, 33.8611 ], [ -95.75321, 33.863656 ], [ -95.756796, 33.868228 ], [ -95.761449035939805, 33.873184617670397 ], [ -95.762559, 33.874367 ], [ -95.761916, 33.883402 ], [ -95.756367, 33.892625 ], [ -95.745905, 33.896323 ], [ -95.73769, 33.896545 ], [ -95.732961, 33.895879 ], [ -95.729075703309306, 33.894006100996897 ], [ -95.728449, 33.893704 ], [ -95.718308, 33.889662 ], [ -95.714089, 33.885888 ], [ -95.710537, 33.885 ], [ -95.697882, 33.88611 ], [ -95.684831, 33.890232 ], [ -95.676925, 33.897237 ], [ -95.669978, 33.905844 ], [ -95.665466, 33.908978 ], [ -95.660138, 33.910088 ], [ -95.656364, 33.910088 ], [ -95.651701, 33.9092 ], [ -95.649703, 33.907424 ], [ -95.645262, 33.906536 ], [ -95.640156, 33.904982 ], [ -95.635938, 33.905204 ], [ -95.632163, 33.904982 ], [ -95.629055, 33.90587 ], [ -95.626835, 33.907868 ], [ -95.625947, 33.91031 ], [ -95.625058, 33.913196 ], [ -95.622394, 33.918303 ], [ -95.619286, 33.922743 ], [ -95.616422, 33.927406 ], [ -95.611981, 33.928738 ], [ -95.608207, 33.928738 ], [ -95.603767, 33.929182 ], [ -95.600695, 33.931268 ], [ -95.59866, 33.934066 ], [ -95.598524, 33.938103 ], [ -95.597047778323798, 33.941239376450703 ], [ -95.596662, 33.942059 ], [ -95.593827, 33.943031 ], [ -95.589557, 33.941615 ], [ -95.586449, 33.939395 ], [ -95.584369, 33.936311 ], [ -95.580898, 33.933844 ], [ -95.578012, 33.933178 ], [ -95.573766, 33.933525 ], [ -95.569353, 33.933178 ], [ -95.563803, 33.932956 ], [ -95.561007, 33.931552 ], [ -95.557364, 33.930514 ], [ -95.554478, 33.928072 ], [ -95.553146, 33.925408 ], [ -95.55248, 33.922965 ], [ -95.55248, 33.919857 ], [ -95.550481, 33.915195 ], [ -95.548483, 33.908534 ], [ -95.548039, 33.901207 ], [ -95.548483, 33.896767 ], [ -95.550925, 33.892992 ], [ -95.550259, 33.88833 ], [ -95.548325, 33.882744 ], [ -95.545197, 33.880294 ], [ -95.53979, 33.879904 ], [ -95.533283, 33.881162 ], [ -95.525322, 33.885487 ], [ -95.521334098780102, 33.888442539445698 ], [ -95.520138, 33.889329 ], [ -95.514955, 33.894735 ], [ -95.512732, 33.896392 ], [ -95.510739, 33.897877 ], [ -95.507556, 33.897216 ], [ -95.505189, 33.894991 ], [ -95.504944, 33.889143 ], [ -95.504523, 33.883668 ], [ -95.505633, 33.877229 ], [ -95.502635433439394, 33.874989604374797 ], [ -95.502582505273296, 33.874950063266702 ], [ -95.502304, 33.874742 ], [ -95.497418, 33.874343 ], [ -95.492028, 33.874822 ], [ -95.484541, 33.875897 ], [ -95.478102, 33.878561 ], [ -95.472552, 33.880337 ], [ -95.469265, 33.882511 ], [ -95.467609, 33.884635 ], [ -95.466113, 33.886554 ], [ -95.463785, 33.887232 ], [ -95.461673, 33.886998 ], [ -95.459452, 33.886332 ], [ -95.459452, 33.884112 ], [ -95.461229, 33.882557 ], [ -95.464115, 33.876119 ], [ -95.464211, 33.873372 ], [ -95.462339, 33.871678 ], [ -95.458564, 33.871678 ], [ -95.453458, 33.870346 ], [ -95.440928, 33.866429 ], [ -95.427313, 33.870446 ], [ -95.402055, 33.864188 ], [ -95.392804, 33.867108 ], [ -95.384639, 33.868425 ], [ -95.375233, 33.868243 ], [ -95.369628, 33.866844 ], [ -95.365639592379495, 33.866696488932 ], [ -95.362517, 33.866581 ], [ -95.356541, 33.869382 ], [ -95.343423, 33.872542 ], [ -95.334854, 33.876831 ], [ -95.331967, 33.879749 ], [ -95.331938008190505, 33.879828724036301 ], [ -95.32986, 33.885543 ], [ -95.326436, 33.88607 ], [ -95.322222, 33.884753 ], [ -95.314428, 33.881632 ], [ -95.310898, 33.877642 ], [ -95.310405619391105, 33.877368530190402 ], [ -95.310555, 33.864127 ], [ -95.310878, 33.789066 ], [ -95.310893, 33.781354 ], [ -95.311035, 33.7501 ], [ -95.31068, 33.743232 ], [ -95.310819, 33.739087 ], [ -95.310689, 33.719518 ], [ -95.310573, 33.696943 ], [ -95.310673, 33.663154 ], [ -95.310385, 33.637098 ], [ -95.310565, 33.608422 ], [ -95.31049, 33.600972 ], [ -95.310361, 33.551074 ], [ -95.310535, 33.53179 ], [ -95.310278, 33.52122 ], [ -95.310271, 33.520826 ], [ -95.309878, 33.500106 ], [ -95.309285, 33.495112 ], [ -95.308637, 33.380662 ], [ -95.308073, 33.38075 ], [ -95.30664, 33.378027 ], [ -95.30792, 33.377622 ], [ -95.308593, 33.37719 ], [ -95.308291, 33.329759 ], [ -95.308219, 33.322156 ], [ -95.307925, 33.302031 ], [ -95.307716, 33.300334 ], [ -95.307884, 33.255938 ], [ -95.307894, 33.204807 ], [ -95.307895, 33.204521 ], [ -95.308061, 33.185923 ], [ -95.307984, 33.166321 ], [ -95.308072, 33.078206 ], [ -95.308204, 33.066644 ], [ -95.308344, 33.050296 ], [ -95.30839, 33.041772 ], [ -95.308455, 33.024549 ], [ -95.308718, 32.994562 ], [ -95.308957, 32.962572 ], [ -95.323185, 32.962452 ], [ -95.388979, 32.962113 ], [ -95.397889, 32.962108 ], [ -95.417576, 32.961866 ], [ -95.427096, 32.961893 ], [ -95.469998, 32.961672 ], [ -95.509755, 32.961446 ], [ -95.515196, 32.961394 ], [ -95.520591, 32.96136 ], [ -95.522469, 32.961439 ], [ -95.563263, 32.9611 ], [ -95.58106, 32.960988 ], [ -95.625357, 32.960653 ], [ -95.665389, 32.960434 ], [ -95.667704, 32.978333 ], [ -95.667728, 32.979554 ], [ -95.683141, 32.979629 ], [ -95.712186, 32.979543 ], [ -95.721338, 32.979771 ], [ -95.747988, 32.980072 ], [ -95.750239, 32.980227 ], [ -95.778729, 32.979828 ], [ -95.799171, 32.97965 ], [ -95.817072, 32.979581 ], [ -95.862521, 32.979571 ], [ -95.863129, 32.999712 ], [ -95.863326, 33.049892 ], [ -95.863021, 33.065092 ], [ -95.862775, 33.129455 ], [ -95.862773, 33.129663 ] ] ] } },
{ "type": "Feature", "properties": { "FederalDivisionName": "Texarkana", "FederalJudicialDistrict": "Eastern" }, "geometry": { "type": "Polygon", "coordinates": [ [ [ -95.30839, 33.041772 ], [ -95.308344, 33.050296 ], [ -95.308204, 33.066644 ], [ -95.308072, 33.078206 ], [ -95.307984, 33.166321 ], [ -95.308061, 33.185923 ], [ -95.307895, 33.204521 ], [ -95.307894, 33.204807 ], [ -95.307884, 33.255938 ], [ -95.307716, 33.300334 ], [ -95.307925, 33.302031 ], [ -95.308219, 33.322156 ], [ -95.308291, 33.329759 ], [ -95.308593, 33.37719 ], [ -95.30792, 33.377622 ], [ -95.30664, 33.378027 ], [ -95.308073, 33.38075 ], [ -95.308637, 33.380662 ], [ -95.309285, 33.495112 ], [ -95.309878, 33.500106 ], [ -95.310271, 33.520826 ], [ -95.310278, 33.52122 ], [ -95.310535, 33.53179 ], [ -95.310361, 33.551074 ], [ -95.31049, 33.600972 ], [ -95.310565, 33.608422 ], [ -95.310385, 33.637098 ], [ -95.310673, 33.663154 ], [ -95.310573, 33.696943 ], [ -95.310689, 33.719518 ], [ -95.310819, 33.739087 ], [ -95.31068, 33.743232 ], [ -95.311035, 33.7501 ], [ -95.310893, 33.781354 ], [ -95.310878, 33.789066 ], [ -95.310555, 33.864127 ], [ -95.310405619391105, 33.877368530190402 ], [ -95.30579, 33.874805 ], [ -95.289302, 33.873103 ], [ -95.280922, 33.875403 ], [ -95.278767, 33.877906 ], [ -95.278318, 33.881677 ], [ -95.27794, 33.887508 ], [ -95.280351, 33.896751 ], [ -95.284298, 33.899238 ], [ -95.285591, 33.903357 ], [ -95.282981, 33.907402 ], [ -95.278577, 33.910191 ], [ -95.270674, 33.91151 ], [ -95.266126, 33.909773 ], [ -95.265227, 33.905566 ], [ -95.265891, 33.895378 ], [ -95.264019, 33.889757 ], [ -95.260595, 33.88765 ], [ -95.252694, 33.894234 ], [ -95.249743, 33.902755 ], [ -95.248273, 33.92019 ], [ -95.250171, 33.938497 ], [ -95.245847, 33.943747 ], [ -95.239748, 33.947543 ], [ -95.235707, 33.948259 ], [ -95.232879, 33.949736 ], [ -95.231644, 33.953294 ], [ -95.230377, 33.955768 ], [ -95.230637, 33.959799 ], [ -95.229521, 33.960451 ], [ -95.227574, 33.960798 ], [ -95.226393, 33.961954 ], [ -95.22401, 33.962161 ], [ -95.220488, 33.961997 ], [ -95.217633, 33.962646 ], [ -95.214137, 33.962142 ], [ -95.211908, 33.961241 ], [ -95.206882, 33.959088 ], [ -95.202615, 33.956907 ], [ -95.19935, 33.953973 ], [ -95.197029, 33.953105 ], [ -95.189758, 33.951361 ], [ -95.184968, 33.949529 ], [ -95.182232, 33.948941 ], [ -95.179686, 33.948688 ], [ -95.174794, 33.947457 ], [ -95.171154, 33.946506 ], [ -95.167527, 33.944738 ], [ -95.163392, 33.940857 ], [ -95.158296, 33.937526 ], [ -95.155886470440905, 33.936892754136402 ], [ -95.154978, 33.936654 ], [ -95.147909, 33.935566 ], [ -95.140069, 33.934782 ], [ -95.135953, 33.93537 ], [ -95.131056, 33.936925 ], [ -95.1247, 33.934675 ], [ -95.121184, 33.931307 ], [ -95.120862, 33.928118 ], [ -95.122795, 33.924696 ], [ -95.12733, 33.920278 ], [ -95.131642, 33.916027 ], [ -95.131249, 33.912243 ], [ -95.126442, 33.90708 ], [ -95.122038, 33.904795 ], [ -95.117138, 33.903619 ], [ -95.112575, 33.904603 ], [ -95.104789, 33.909595 ], [ -95.092668, 33.912831 ], [ -95.089111, 33.914203 ], [ -95.085975, 33.916946 ], [ -95.083819, 33.921062 ], [ -95.082387, 33.921758 ], [ -95.07795, 33.918696 ], [ -95.076372, 33.915378 ], [ -95.078528, 33.910283 ], [ -95.080488, 33.907735 ], [ -95.086759, 33.903815 ], [ -95.091636, 33.902104 ], [ -95.096755, 33.899699 ], [ -95.100168, 33.896101 ], [ -95.098911, 33.89088 ], [ -95.095833, 33.88843 ], [ -95.095580016421096, 33.8880245743835 ], [ -95.093815, 33.885196 ], [ -95.089607, 33.880857 ], [ -95.082408, 33.879882 ], [ -95.080586, 33.882256 ], [ -95.079834, 33.887479 ], [ -95.079369, 33.894626 ], [ -95.078822, 33.903031 ], [ -95.077058, 33.906559 ], [ -95.075098, 33.908911 ], [ -95.074902, 33.910479 ], [ -95.074052, 33.915349 ], [ -95.068729, 33.917601 ], [ -95.06569, 33.915966 ], [ -95.063248, 33.913262 ], [ -95.063338, 33.910871 ], [ -95.064261144014296, 33.910096773221298 ], [ -95.065923, 33.908703 ], [ -95.070498, 33.908402 ], [ -95.072158, 33.905579 ], [ -95.072413, 33.902699 ], [ -95.070198, 33.902443 ], [ -95.065581, 33.903559 ], [ -95.062554, 33.903031 ], [ -95.060105, 33.901873 ], [ -95.058243, 33.887548 ], [ -95.050572, 33.877497 ], [ -95.050821, 33.86944 ], [ -95.049423, 33.864813 ], [ -95.046568, 33.862565 ], [ -95.037207, 33.86025 ], [ -95.031441261579999, 33.859847880717901 ], [ -95.023944, 33.859325 ], [ -95.01728, 33.857953 ], [ -95.012353, 33.858012 ], [ -95.007873, 33.859521 ], [ -95.004737, 33.861677 ], [ -95.001993, 33.863049 ], [ -95.000223, 33.862505 ], [ -94.997485, 33.860501 ], [ -94.995524, 33.857438 ], [ -94.992671, 33.852455 ], [ -94.988487, 33.851 ], [ -94.983303, 33.851354 ], [ -94.98165, 33.852284 ], [ -94.976208, 33.859847 ], [ -94.973411, 33.861731 ], [ -94.971435, 33.862123 ], [ -94.968895, 33.860916 ], [ -94.968472793363503, 33.859161743360197 ], [ -94.965888, 33.848422 ], [ -94.964401, 33.837021 ], [ -94.957676, 33.835004 ], [ -94.949481, 33.833534 ], [ -94.943831, 33.8293 ], [ -94.953518, 33.816475 ], [ -94.947874, 33.808356 ], [ -94.939992, 33.805679 ], [ -94.929211, 33.807754 ], [ -94.925215, 33.808678 ], [ -94.923071, 33.811357 ], [ -94.923099, 33.815456 ], [ -94.924411, 33.81886 ], [ -94.926287, 33.822612 ], [ -94.926822, 33.826631 ], [ -94.926072, 33.828533 ], [ -94.921999, 33.828775 ], [ -94.918599, 33.82682 ], [ -94.914764, 33.824487 ], [ -94.912085, 33.820468 ], [ -94.910882, 33.815915 ], [ -94.910209, 33.812429 ], [ -94.912621, 33.808678 ], [ -94.917029, 33.808321 ], [ -94.91863, 33.802944 ], [ -94.921667, 33.795919 ], [ -94.921955, 33.791599 ], [ -94.921786533070104, 33.791405679162601 ], [ -94.917522, 33.786512 ], [ -94.914496, 33.78215 ], [ -94.911427, 33.778383 ], [ -94.906243, 33.77819 ], [ -94.904172, 33.777198 ], [ -94.904198, 33.773249 ], [ -94.897718, 33.768839 ], [ -94.887748, 33.769016 ], [ -94.883847, 33.763243 ], [ -94.877814562670196, 33.758446953543299 ], [ -94.876504, 33.757405 ], [ -94.8748, 33.757894 ], [ -94.873944, 33.76057 ], [ -94.874571, 33.762857 ], [ -94.87493, 33.767432 ], [ -94.873837, 33.770315 ], [ -94.871274, 33.770323 ], [ -94.868144, 33.768874 ], [ -94.866064, 33.766156 ], [ -94.866736, 33.76183 ], [ -94.86914, 33.759045 ], [ -94.875376, 33.75492 ], [ -94.87708, 33.75222 ], [ -94.874668, 33.749164 ], [ -94.8693, 33.745871 ], [ -94.860687, 33.741945 ], [ -94.849296, 33.739585 ], [ -94.842574, 33.739445 ], [ -94.830717, 33.7405 ], [ -94.828037, 33.73916 ], [ -94.828321, 33.734947 ], [ -94.822473, 33.732716 ], [ -94.820089, 33.734826 ], [ -94.823042, 33.747525 ], [ -94.830844, 33.758079 ], [ -94.83009, 33.763661 ], [ -94.825294, 33.768525 ], [ -94.821783, 33.768752 ], [ -94.818574, 33.767704 ], [ -94.816158, 33.763403 ], [ -94.816663, 33.755265 ], [ -94.814282, 33.7519 ], [ -94.812155, 33.750936 ], [ -94.812912, 33.745447 ], [ -94.816208, 33.741931 ], [ -94.816065, 33.739215 ], [ -94.811101, 33.734825 ], [ -94.802252, 33.732788 ], [ -94.795844, 33.737588 ], [ -94.786762, 33.741532 ], [ -94.780966, 33.744804 ], [ -94.778202, 33.749739 ], [ -94.777841, 33.753006 ], [ -94.776017446164502, 33.756198781544001 ], [ -94.774923, 33.758115 ], [ -94.770499, 33.760942 ], [ -94.76444, 33.760178 ], [ -94.760058, 33.758291 ], [ -94.757205, 33.754818 ], [ -94.757813, 33.750109 ], [ -94.761751, 33.746795 ], [ -94.769435, 33.746265 ], [ -94.773819, 33.746512 ], [ -94.777393, 33.745196 ], [ -94.788251, 33.735316 ], [ -94.782636, 33.730247 ], [ -94.773126, 33.727187 ], [ -94.760604, 33.727054 ], [ -94.754736403852107, 33.733042577511704 ], [ -94.754396, 33.73339 ], [ -94.752512, 33.734468 ], [ -94.751371, 33.733727 ], [ -94.747998, 33.725539 ], [ -94.748236, 33.724712 ], [ -94.757313, 33.718168 ], [ -94.757611, 33.717164 ], [ -94.755905, 33.715073 ], [ -94.752129, 33.713835 ], [ -94.747149, 33.715293 ], [ -94.745108, 33.717908 ], [ -94.744805, 33.722189 ], [ -94.743976, 33.725001 ], [ -94.741775, 33.72687 ], [ -94.738251, 33.727168 ], [ -94.735178, 33.726616 ], [ -94.73263, 33.723917 ], [ -94.732786, 33.720035 ], [ -94.738572, 33.714501 ], [ -94.747564, 33.711682 ], [ -94.75327, 33.710277 ], [ -94.753801, 33.707729 ], [ -94.752023, 33.704939 ], [ -94.746096, 33.702768220185298 ], [ -94.741877, 33.701223 ], [ -94.735856, 33.691625 ], [ -94.725593, 33.690459 ], [ -94.720742, 33.689056 ], [ -94.719814, 33.689739 ], [ -94.716594, 33.695164 ], [ -94.717788, 33.701846 ], [ -94.721447, 33.704559 ], [ -94.72695, 33.705247 ], [ -94.731306, 33.707081 ], [ -94.73309, 33.710147 ], [ -94.734831, 33.713924 ], [ -94.732309, 33.715987 ], [ -94.727867, 33.715565 ], [ -94.711359, 33.708916 ], [ -94.706024, 33.706293 ], [ -94.701729, 33.703413 ], [ -94.701055, 33.700053 ], [ -94.702187, 33.697452 ], [ -94.706336, 33.696726 ], [ -94.712845, 33.697551 ], [ -94.713935, 33.696835 ], [ -94.714344, 33.694074 ], [ -94.717344, 33.688994 ], [ -94.716188, 33.687902 ], [ -94.712067, 33.687935 ], [ -94.705449, 33.688038 ], [ -94.684792, 33.684353 ], [ -94.677883, 33.687822 ], [ -94.671773, 33.693307 ], [ -94.667852, 33.694607 ], [ -94.661701, 33.693136 ], [ -94.652995, 33.687224 ], [ -94.650961, 33.686558 ], [ -94.649007, 33.68735 ], [ -94.647241, 33.692654 ], [ -94.648641, 33.697988 ], [ -94.647389, 33.70112 ], [ -94.644322, 33.701666 ], [ -94.639003, 33.697681 ], [ -94.638646, 33.695804 ], [ -94.643132, 33.690323 ], [ -94.64547, 33.685344 ], [ -94.648902, 33.684024 ], [ -94.648478, 33.682125 ], [ -94.645579, 33.6755 ], [ -94.645535, 33.673531 ], [ -94.651296, 33.670419 ], [ -94.653996, 33.671147 ], [ -94.657916, 33.674186 ], [ -94.661806, 33.675133 ], [ -94.668848, 33.671878 ], [ -94.671048, 33.668388 ], [ -94.669311, 33.664362 ], [ -94.663195, 33.661084 ], [ -94.655891, 33.660166 ], [ -94.637996, 33.664578 ], [ -94.635573, 33.667527 ], [ -94.630919, 33.673442 ], [ -94.63045, 33.677123 ], [ -94.628191, 33.681073 ], [ -94.622379, 33.682428 ], [ -94.617625, 33.681242 ], [ -94.613317, 33.67567 ], [ -94.612830252676503, 33.674001108709703 ], [ -94.611712, 33.670167 ], [ -94.607683, 33.665569 ], [ -94.602999, 33.663059 ], [ -94.59797, 33.663381 ], [ -94.59312, 33.665429 ], [ -94.591435, 33.668914 ], [ -94.591953, 33.672863 ], [ -94.590027, 33.67585 ], [ -94.59314, 33.683236 ], [ -94.590544, 33.686222 ], [ -94.587072, 33.68582 ], [ -94.582997, 33.681167 ], [ -94.580292, 33.678819 ], [ -94.579864, 33.666167 ], [ -94.577876, 33.665682 ], [ -94.569065, 33.668562 ], [ -94.562166, 33.668965 ], [ -94.560339, 33.666591 ], [ -94.563251, 33.662684 ], [ -94.57557, 33.659409 ], [ -94.586986, 33.65018 ], [ -94.59083, 33.645563 ], [ -94.588632, 33.644183 ], [ -94.583273, 33.643793 ], [ -94.577838, 33.645557 ], [ -94.570566, 33.652226 ], [ -94.560198, 33.656967 ], [ -94.549636, 33.660676 ], [ -94.546366, 33.659161 ], [ -94.543332, 33.655686 ], [ -94.542593, 33.651411 ], [ -94.545436, 33.646228 ], [ -94.559042, 33.641971 ], [ -94.568386, 33.637203 ], [ -94.570447, 33.629947 ], [ -94.569523, 33.627832 ], [ -94.564076, 33.626265 ], [ -94.555747, 33.62709 ], [ -94.551405, 33.628491 ], [ -94.541095, 33.636529 ], [ -94.534818, 33.639277 ], [ -94.527491, 33.641344 ], [ -94.521837, 33.640728 ], [ -94.519133, 33.638298 ], [ -94.518932, 33.637164 ], [ -94.524573, 33.632609 ], [ -94.531992, 33.627833 ], [ -94.535065, 33.625115 ], [ -94.535169, 33.621919 ], [ -94.531871, 33.618648 ], [ -94.527376, 33.615833 ], [ -94.523004, 33.616077 ], [ -94.519838, 33.618077 ], [ -94.518057, 33.622978 ], [ -94.520245, 33.629805 ], [ -94.51726, 33.632729 ], [ -94.511514, 33.623105 ], [ -94.504615, 33.620682 ], [ -94.497801, 33.624013 ], [ -94.491503, 33.625115 ], [ -94.487514, 33.628939 ], [ -94.488434, 33.632367 ], [ -94.491109, 33.636233 ], [ -94.485875, 33.637867 ], [ -94.481313, 33.638819 ], [ -94.476415, 33.638947 ], [ -94.466075, 33.636262 ], [ -94.464186, 33.637655 ], [ -94.461453, 33.643616 ], [ -94.459198, 33.645146 ], [ -94.45482, 33.644903 ], [ -94.448637, 33.642766 ], [ -94.446871, 33.640178 ], [ -94.447514, 33.636255 ], [ -94.448451, 33.634497 ], [ -94.458817, 33.632444 ], [ -94.462736, 33.63091 ], [ -94.461129, 33.625415 ], [ -94.460286, 33.624421 ], [ -94.455255, 33.622917 ], [ -94.452711, 33.622621 ], [ -94.452325, 33.618817 ], [ -94.452961, 33.616986 ], [ -94.454769, 33.615156 ], [ -94.462336, 33.610567 ], [ -94.469451, 33.607316 ], [ -94.472166, 33.604199 ], [ -94.471974, 33.602665 ], [ -94.471152, 33.601588 ], [ -94.468086, 33.599436 ], [ -94.459131468383205, 33.598376431919498 ], [ -94.458232, 33.59827 ], [ -94.453996, 33.592223 ], [ -94.451622, 33.591361 ], [ -94.449112, 33.590894 ], [ -94.442364, 33.591243 ], [ -94.441537, 33.591502 ], [ -94.439518, 33.594154 ], [ -94.430039, 33.591124 ], [ -94.427578, 33.589319 ], [ -94.425982, 33.586425 ], [ -94.413155, 33.569368 ], [ -94.412531021053397, 33.568936945156302 ], [ -94.412175, 33.568691 ], [ -94.408901, 33.568197 ], [ -94.403342, 33.568424 ], [ -94.397342, 33.571608 ], [ -94.385927, 33.581888 ], [ -94.382887, 33.583268 ], [ -94.379649, 33.580607 ], [ -94.378076, 33.577019 ], [ -94.37776, 33.574609 ], [ -94.378561, 33.571329 ], [ -94.380091, 33.568943 ], [ -94.382534, 33.567057 ], [ -94.388052, 33.565511 ], [ -94.392357, 33.565287 ], [ -94.394372, 33.565644 ], [ -94.397688, 33.564903 ], [ -94.400736, 33.562532 ], [ -94.401616, 33.559378 ], [ -94.399941, 33.557102 ], [ -94.39723, 33.553786 ], [ -94.392573, 33.551142 ], [ -94.389515, 33.546778 ], [ -94.386086, 33.544923 ], [ -94.381667, 33.544035 ], [ -94.373393, 33.544471 ], [ -94.371598, 33.545001 ], [ -94.363297, 33.544957 ], [ -94.361351, 33.544613 ], [ -94.35897, 33.54323 ], [ -94.3579185104131, 33.543212620006798 ], [ -94.355945, 33.54318 ], [ -94.348945, 33.548359 ], [ -94.347383, 33.551078 ], [ -94.34729, 33.552197 ], [ -94.352653, 33.560611 ], [ -94.352433, 33.562172 ], [ -94.345513, 33.567313 ], [ -94.344023, 33.567824 ], [ -94.340577, 33.567878 ], [ -94.338422, 33.567082 ], [ -94.33494, 33.563592 ], [ -94.33438, 33.562536 ], [ -94.333895, 33.557461 ], [ -94.333870633081801, 33.557387230211603 ], [ -94.333203, 33.555366 ], [ -94.331833, 33.553348 ], [ -94.33059, 33.552692 ], [ -94.327683217363202, 33.551493633767201 ], [ -94.32366, 33.549835 ], [ -94.319492, 33.548864 ], [ -94.309582, 33.551673 ], [ -94.308445868234003, 33.553085284852799 ], [ -94.30641, 33.555616 ], [ -94.306215, 33.557676 ], [ -94.307181, 33.559797 ], [ -94.303577, 33.56828 ], [ -94.301023, 33.573022 ], [ -94.298392, 33.576218 ], [ -94.293258, 33.580419 ], [ -94.289129, 33.582144 ], [ -94.287025, 33.58241 ], [ -94.283582, 33.581891 ], [ -94.282648, 33.580978 ], [ -94.280849, 33.577187 ], [ -94.280605, 33.574908 ], [ -94.282172, 33.572989 ], [ -94.290372, 33.567905 ], [ -94.291687, 33.563481 ], [ -94.290901, 33.558872 ], [ -94.28944, 33.557635 ], [ -94.287572, 33.557178 ], [ -94.27909, 33.557026 ], [ -94.275601, 33.557964 ], [ -94.274473, 33.558652 ], [ -94.271998, 33.561518 ], [ -94.270979, 33.563221 ], [ -94.270853, 33.564783 ], [ -94.265669, 33.573589 ], [ -94.262755, 33.577354 ], [ -94.257801, 33.582508 ], [ -94.252656, 33.586144 ], [ -94.245932, 33.589114 ], [ -94.242777, 33.589709 ], [ -94.240179, 33.589536 ], [ -94.236972, 33.587411 ], [ -94.236363, 33.585992 ], [ -94.236836, 33.580914 ], [ -94.237975, 33.577757 ], [ -94.238868, 33.576722 ], [ -94.244366, 33.573549 ], [ -94.251108, 33.56528 ], [ -94.252331, 33.561855 ], [ -94.252283, 33.560445 ], [ -94.251569, 33.558188 ], [ -94.250197, 33.556765 ], [ -94.237904, 33.552675 ], [ -94.233357835162494, 33.552234637168397 ], [ -94.231844, 33.552088 ], [ -94.226392, 33.552912 ], [ -94.222921, 33.554088 ], [ -94.219221, 33.556096 ], [ -94.215808170390005, 33.560372214134802 ], [ -94.213604, 33.563134 ], [ -94.212537286277197, 33.563863094775797 ], [ -94.208078, 33.566911 ], [ -94.205634, 33.567229 ], [ -94.203594, 33.566546 ], [ -94.201237, 33.557826 ], [ -94.199486, 33.556085 ], [ -94.197817, 33.555238 ], [ -94.196395, 33.555123 ], [ -94.193248, 33.556154 ], [ -94.191333, 33.557666 ], [ -94.189884, 33.562454 ], [ -94.192483, 33.570425 ], [ -94.194399, 33.573678 ], [ -94.196367, 33.57478 ], [ -94.201106, 33.575851 ], [ -94.204265, 33.575005 ], [ -94.207405, 33.574353 ], [ -94.209665, 33.57351 ], [ -94.211329, 33.573774 ], [ -94.216141, 33.576392 ], [ -94.217408, 33.57926 ], [ -94.217198, 33.580737 ], [ -94.214431, 33.583187 ], [ -94.212997, 33.583487 ], [ -94.210967, 33.583143 ], [ -94.205788, 33.58138 ], [ -94.203588, 33.580816 ], [ -94.199752, 33.581098 ], [ -94.196536, 33.581719 ], [ -94.194465, 33.582886 ], [ -94.190891, 33.587474 ], [ -94.187123060581996, 33.591366133465897 ], [ -94.183913, 33.594682 ], [ -94.18088, 33.592612 ], [ -94.176327, 33.591077 ], [ -94.162266, 33.588906 ], [ -94.162265526062299, 33.588905626133602 ], [ -94.161082, 33.587972 ], [ -94.16201, 33.580877 ], [ -94.161277, 33.579271 ], [ -94.156782, 33.575749 ], [ -94.152626, 33.575923 ], [ -94.148732, 33.580197 ], [ -94.146048, 33.581975 ], [ -94.144383, 33.582098 ], [ -94.14216, 33.58139 ], [ -94.141852, 33.57959 ], [ -94.143024, 33.577725 ], [ -94.145669, 33.5756 ], [ -94.149506, 33.573602 ], [ -94.151257, 33.571793 ], [ -94.151755, 33.569476 ], [ -94.151456, 33.568387 ], [ -94.14852, 33.565678 ], [ -94.145239, 33.564987 ], [ -94.143402, 33.565505 ], [ -94.136864, 33.571 ], [ -94.136046, 33.571388 ], [ -94.135142, 33.571033 ], [ -94.134308, 33.569209 ], [ -94.133048, 33.557953 ], [ -94.131382, 33.552934 ], [ -94.128658, 33.550952 ], [ -94.126898, 33.550647 ], [ -94.123898, 33.5521 ], [ -94.122879, 33.553112 ], [ -94.120719, 33.560555 ], [ -94.120355, 33.5655 ], [ -94.119902, 33.566999 ], [ -94.112843, 33.566991 ], [ -94.103176, 33.57035 ], [ -94.100107, 33.572568 ], [ -94.09744, 33.573719 ], [ -94.088943, 33.575322 ], [ -94.082641, 33.575492 ], [ -94.07267, 33.572234 ], [ -94.072231, 33.572605 ], [ -94.072032, 33.573523 ], [ -94.072032, 33.574162 ], [ -94.071713, 33.574601 ], [ -94.071353, 33.57484 ], [ -94.070395, 33.574561 ], [ -94.069517, 33.574162 ], [ -94.068559, 33.573563 ], [ -94.06828, 33.571967 ], [ -94.067801, 33.570131 ], [ -94.066846, 33.568909 ], [ -94.066180732519399, 33.568896562858498 ], [ -94.061283, 33.568805 ], [ -94.056598, 33.567825 ], [ -94.056096, 33.567252 ], [ -94.055663, 33.561887 ], [ -94.056442, 33.560998 ], [ -94.05985, 33.559249 ], [ -94.06118, 33.559159 ], [ -94.066685, 33.560954 ], [ -94.067985, 33.560961 ], [ -94.07172, 33.559682 ], [ -94.073744, 33.558285 ], [ -94.073826, 33.555834 ], [ -94.072156, 33.553864 ], [ -94.069092, 33.553406 ], [ -94.06548, 33.550909 ], [ -94.061896, 33.549764 ], [ -94.056096, 33.550726 ], [ -94.051882, 33.552585 ], [ -94.050212, 33.551083 ], [ -94.04604, 33.551321 ], [ -94.044973225181394, 33.551704874181802 ], [ -94.04345, 33.552253 ], [ -94.043432140528296, 33.551580834430403 ], [ -94.043428, 33.551425 ], [ -94.043375, 33.542315 ], [ -94.043285028020506, 33.530201723327103 ], [ -94.043200723856799, 33.518851526687797 ], [ -94.043016546622695, 33.494055031088898 ], [ -94.043015186021506, 33.493871848078498 ], [ -94.043009, 33.493039 ], [ -94.043245453938297, 33.491279607547703 ], [ -94.043279, 33.49103 ], [ -94.043272105629697, 33.489461265593903 ], [ -94.043188223036495, 33.470374749372901 ], [ -94.043188213895505, 33.470372669445297 ], [ -94.043188, 33.470324 ], [ -94.043119153550805, 33.458447987515598 ], [ -94.043091363180395, 33.453654148619201 ], [ -94.043087143678406, 33.452926284520899 ], [ -94.043061016172501, 33.448419289761297 ], [ -94.0430587781985, 33.448033239246797 ], [ -94.0430452274651, 33.445695737733899 ], [ -94.043011087449301, 33.439806585000298 ], [ -94.043002811734397, 33.438379024179397 ], [ -94.042988, 33.435824 ], [ -94.042988, 33.43459 ], [ -94.042988, 33.431024 ], [ -94.042963866391503, 33.4284436154677 ], [ -94.042887, 33.420225 ], [ -94.042889196849302, 33.419662434535702 ], [ -94.042914789322495, 33.413108757164402 ], [ -94.0429439102506, 33.405651519024197 ], [ -94.042944156935107, 33.405588348468598 ], [ -94.042965744087695, 33.400060346856399 ], [ -94.043013589159699, 33.387808261503601 ], [ -94.043042109787294, 33.380504747300002 ], [ -94.043053, 33.377716 ], [ -94.042869, 33.37117 ], [ -94.043128, 33.358757 ], [ -94.043127639220302, 33.358717609960003 ], [ -94.043073488417704, 33.352805407577499 ], [ -94.043067, 33.352097 ], [ -94.043067, 33.349796 ], [ -94.043067, 33.347351 ], [ -94.043067, 33.343799521348302 ], [ -94.043067, 33.339573 ], [ -94.043067, 33.330498 ], [ -94.042990021000193, 33.271243165049398 ], [ -94.04653, 33.272654 ], [ -94.04685, 33.274248 ], [ -94.050329, 33.276283 ], [ -94.050588, 33.277291 ], [ -94.049017, 33.278276 ], [ -94.049017, 33.27987 ], [ -94.050192, 33.281509 ], [ -94.050787, 33.284042 ], [ -94.051565, 33.284829 ], [ -94.054586, 33.285103 ], [ -94.055563, 33.286355 ], [ -94.053991, 33.287087 ], [ -94.051107, 33.286904 ], [ -94.051046, 33.287965 ], [ -94.054113, 33.291215 ], [ -94.05596, 33.291596 ], [ -94.058646, 33.292924 ], [ -94.059363, 33.294137 ], [ -94.058188, 33.294854 ], [ -94.055349, 33.293259 ], [ -94.054052, 33.294023 ], [ -94.054388, 33.295243 ], [ -94.056144, 33.298036 ], [ -94.057395, 33.298318 ], [ -94.059028, 33.297058 ], [ -94.060477, 33.297784 ], [ -94.061591, 33.299867 ], [ -94.063559, 33.297845 ], [ -94.065192, 33.297829 ], [ -94.067939, 33.299751 ], [ -94.070365, 33.300697 ], [ -94.071418, 33.300385 ], [ -94.07154, 33.299087 ], [ -94.067283, 33.296388 ], [ -94.0671, 33.294694 ], [ -94.068854, 33.294739 ], [ -94.070563, 33.296128 ], [ -94.072928, 33.295899 ], [ -94.072333, 33.293199 ], [ -94.07331, 33.292046 ], [ -94.075873, 33.294587 ], [ -94.077903, 33.297776 ], [ -94.080848, 33.299264 ], [ -94.081702, 33.29815 ], [ -94.080649, 33.296777 ], [ -94.081565, 33.294038 ], [ -94.083732, 33.293084 ], [ -94.084983, 33.294632 ], [ -94.088982, 33.296128 ], [ -94.088646, 33.297387 ], [ -94.085442, 33.297784 ], [ -94.084389, 33.301476 ], [ -94.082161, 33.302735 ], [ -94.082619, 33.304558 ], [ -94.084129, 33.304322 ], [ -94.084785, 33.302003 ], [ -94.087074, 33.302346 ], [ -94.088127, 33.304605 ], [ -94.090752, 33.305267 ], [ -94.09127, 33.303903 ], [ -94.089958, 33.30124 ], [ -94.090553, 33.299591 ], [ -94.092903, 33.298364 ], [ -94.09481, 33.299706 ], [ -94.098015, 33.306046 ], [ -94.099525, 33.305748 ], [ -94.100182, 33.303552 ], [ -94.099525, 33.30211 ], [ -94.097694, 33.300683 ], [ -94.098412, 33.298585 ], [ -94.10038, 33.297891 ], [ -94.102531, 33.301965 ], [ -94.103783, 33.303589 ], [ -94.103325, 33.305861 ], [ -94.108438, 33.308104 ], [ -94.11007, 33.309424 ], [ -94.111199, 33.30912 ], [ -94.111383, 33.307564 ], [ -94.107841, 33.303558 ], [ -94.109413, 33.302269 ], [ -94.111062, 33.304367 ], [ -94.112039, 33.304871 ], [ -94.115914, 33.305145 ], [ -94.115899, 33.303168 ], [ -94.114663, 33.29969 ], [ -94.112358, 33.298485 ], [ -94.113472, 33.296388 ], [ -94.113472, 33.294564 ], [ -94.114525, 33.294052 ], [ -94.116235, 33.294457 ], [ -94.117547, 33.296937 ], [ -94.115701, 33.299728 ], [ -94.116815, 33.300452 ], [ -94.123773, 33.298698 ], [ -94.124612, 33.29818 ], [ -94.124291, 33.29676 ], [ -94.122125, 33.295273 ], [ -94.119119, 33.295105 ], [ -94.118264, 33.294128 ], [ -94.120492, 33.292465 ], [ -94.12507, 33.292909 ], [ -94.130474, 33.292608 ], [ -94.133077, 33.293264 ], [ -94.139314, 33.293773 ], [ -94.14035, 33.294376 ], [ -94.143763, 33.298564 ], [ -94.144869, 33.30096 ], [ -94.148639, 33.301754 ], [ -94.151362, 33.304378 ], [ -94.151764, 33.304558 ], [ -94.1542, 33.305435 ], [ -94.155314, 33.307364 ], [ -94.15925, 33.30809 ], [ -94.161417, 33.309029 ], [ -94.163721, 33.312012 ], [ -94.166347, 33.311241 ], [ -94.167857, 33.309257 ], [ -94.16917, 33.306389 ], [ -94.171733, 33.303841 ], [ -94.172908, 33.301475 ], [ -94.174083, 33.301246 ], [ -94.175136, 33.302193 ], [ -94.174876, 33.304298 ], [ -94.177562, 33.305099 ], [ -94.17921, 33.304459 ], [ -94.180919, 33.305672 ], [ -94.18249, 33.305168 ], [ -94.182628, 33.303848 ], [ -94.184398, 33.305061 ], [ -94.186946, 33.305495 ], [ -94.186885, 33.304176 ], [ -94.185573, 33.302422 ], [ -94.187877, 33.301537 ], [ -94.191676, 33.303856 ], [ -94.191218, 33.302788 ], [ -94.193446, 33.301422 ], [ -94.193446, 33.300528 ], [ -94.191081, 33.298706 ], [ -94.190883, 33.298042 ], [ -94.192531, 33.297722 ], [ -94.19601, 33.298561 ], [ -94.198833, 33.298423 ], [ -94.199351, 33.299103 ], [ -94.199031, 33.301079 ], [ -94.20277, 33.300659 ], [ -94.203701, 33.299492 ], [ -94.203228, 33.298102 ], [ -94.2048, 33.296883 ], [ -94.20657, 33.297728 ], [ -94.210587, 33.297017 ], [ -94.213665, 33.296059 ], [ -94.216091, 33.296844 ], [ -94.218517, 33.296936 ], [ -94.217526, 33.292427 ], [ -94.218578, 33.291702 ], [ -94.217861, 33.290152 ], [ -94.218578, 33.288444 ], [ -94.217724, 33.287415 ], [ -94.215099, 33.286803 ], [ -94.215756, 33.284805 ], [ -94.217724, 33.284636 ], [ -94.218899, 33.285645 ], [ -94.219235, 33.287292 ], [ -94.220745, 33.287415 ], [ -94.22041, 33.285697 ], [ -94.222515, 33.284309 ], [ -94.225201, 33.281837 ], [ -94.223293, 33.27758 ], [ -94.227108, 33.277092 ], [ -94.228283, 33.277572 ], [ -94.229138, 33.279297 ], [ -94.230312, 33.279525 ], [ -94.232357, 33.278084 ], [ -94.23222, 33.276587 ], [ -94.233334, 33.276199 ], [ -94.237591, 33.276306 ], [ -94.238644, 33.275978 ], [ -94.240353, 33.27404 ], [ -94.240017, 33.273384 ], [ -94.237179, 33.273086 ], [ -94.234997, 33.273338 ], [ -94.235043, 33.271628 ], [ -94.232739, 33.269913 ], [ -94.234646, 33.266098 ], [ -94.23666, 33.263618 ], [ -94.236996, 33.261856 ], [ -94.239086, 33.259574 ], [ -94.239163, 33.25827 ], [ -94.237454, 33.258713 ], [ -94.234768, 33.258536 ], [ -94.233196, 33.257225 ], [ -94.234173, 33.256659 ], [ -94.236736, 33.25788 ], [ -94.237652, 33.256957 ], [ -94.236065, 33.255958 ], [ -94.237255, 33.255074 ], [ -94.236996, 33.254181 ], [ -94.234509, 33.253242 ], [ -94.232662, 33.254416 ], [ -94.231747, 33.253532 ], [ -94.23312, 33.251717 ], [ -94.231945, 33.251266 ], [ -94.231603, 33.249936 ], [ -94.229775, 33.248227 ], [ -94.229672, 33.24731 ], [ -94.23156, 33.247135 ], [ -94.232597, 33.248223 ], [ -94.233134, 33.246654 ], [ -94.234527, 33.246662 ], [ -94.23495, 33.244819 ], [ -94.232528, 33.244737 ], [ -94.229621, 33.243777 ], [ -94.229365, 33.243028 ], [ -94.231743, 33.240857 ], [ -94.234383, 33.241422 ], [ -94.236368, 33.24053 ], [ -94.237789, 33.240645 ], [ -94.238883, 33.242328 ], [ -94.240598, 33.24299 ], [ -94.243659, 33.24263 ], [ -94.246757, 33.24268 ], [ -94.250549, 33.241867 ], [ -94.250653, 33.243302 ], [ -94.253971, 33.242956 ], [ -94.255587, 33.242261 ], [ -94.257512, 33.239908 ], [ -94.2585, 33.237167 ], [ -94.259313, 33.237046 ], [ -94.258948, 33.238802 ], [ -94.260516, 33.239191 ], [ -94.260839, 33.240513 ], [ -94.259356, 33.242303 ], [ -94.262091, 33.24203 ], [ -94.264033, 33.240434 ], [ -94.265066, 33.240378 ], [ -94.265428, 33.24154 ], [ -94.263658, 33.242491 ], [ -94.263771, 33.24483 ], [ -94.264355, 33.245347 ], [ -94.265885, 33.245339 ], [ -94.267015, 33.24371 ], [ -94.267837, 33.243968 ], [ -94.267663, 33.245856 ], [ -94.270033, 33.247284 ], [ -94.270665, 33.246679 ], [ -94.269308, 33.245671 ], [ -94.269778, 33.244453 ], [ -94.271852, 33.244614 ], [ -94.272819, 33.243589 ], [ -94.275563, 33.244438 ], [ -94.2756, 33.245897 ], [ -94.274308, 33.246906 ], [ -94.274556, 33.248244 ], [ -94.276172, 33.248544 ], [ -94.277415, 33.247842 ], [ -94.276594, 33.246018 ], [ -94.278001, 33.24439 ], [ -94.280687, 33.245632 ], [ -94.279959, 33.247487 ], [ -94.278324, 33.248002 ], [ -94.277825, 33.249229 ], [ -94.279011, 33.249834 ], [ -94.283234, 33.250543 ], [ -94.284443, 33.249391 ], [ -94.285542, 33.249609 ], [ -94.287135, 33.251132 ], [ -94.287625, 33.250414 ], [ -94.290516, 33.248883 ], [ -94.294557, 33.251261 ], [ -94.294247, 33.253059 ], [ -94.294763, 33.254098 ], [ -94.297685, 33.255631 ], [ -94.299038, 33.25517 ], [ -94.298992, 33.253977 ], [ -94.297459, 33.253252 ], [ -94.297211, 33.252042 ], [ -94.298929, 33.250825 ], [ -94.307002, 33.250371 ], [ -94.312033, 33.248793 ], [ -94.314031, 33.249809 ], [ -94.319072, 33.250625 ], [ -94.321918, 33.252988 ], [ -94.32397, 33.252874 ], [ -94.325339, 33.253985 ], [ -94.32458, 33.255381 ], [ -94.325624, 33.256712 ], [ -94.327045, 33.254986 ], [ -94.330018, 33.253694 ], [ -94.330996, 33.254194 ], [ -94.331957, 33.256134 ], [ -94.332827, 33.254145 ], [ -94.334273, 33.255249 ], [ -94.336748, 33.254861 ], [ -94.339567, 33.253673 ], [ -94.341195, 33.255575 ], [ -94.342749, 33.254955 ], [ -94.343308, 33.252737 ], [ -94.344673, 33.252723 ], [ -94.345662, 33.253605 ], [ -94.34656, 33.255561 ], [ -94.347952, 33.255902 ], [ -94.349597, 33.254869 ], [ -94.352244, 33.256647 ], [ -94.350973, 33.258161 ], [ -94.352831, 33.259428 ], [ -94.353237, 33.261293 ], [ -94.354447, 33.261705 ], [ -94.354761, 33.260544 ], [ -94.357502, 33.259043 ], [ -94.358547, 33.258986 ], [ -94.359534, 33.25996 ], [ -94.358996, 33.261186 ], [ -94.35703, 33.262147 ], [ -94.357096, 33.263154 ], [ -94.360901, 33.264918 ], [ -94.363376, 33.263965 ], [ -94.363531, 33.262352 ], [ -94.36242, 33.260353 ], [ -94.364194, 33.259796 ], [ -94.364136, 33.261054 ], [ -94.366349, 33.262866 ], [ -94.367184, 33.26256 ], [ -94.368643, 33.260269 ], [ -94.368673, 33.258011 ], [ -94.370476, 33.25705 ], [ -94.370714, 33.259718 ], [ -94.372794, 33.260177 ], [ -94.374023, 33.258781 ], [ -94.377312, 33.258483 ], [ -94.379063, 33.257598 ], [ -94.379409, 33.255651 ], [ -94.395144, 33.261718 ], [ -94.396434, 33.262497 ], [ -94.396245, 33.264831 ], [ -94.400259, 33.265326 ], [ -94.400984, 33.266446 ], [ -94.399673, 33.268977 ], [ -94.397543, 33.26896 ], [ -94.397753, 33.270606 ], [ -94.402577, 33.26972 ], [ -94.403233, 33.270797 ], [ -94.404694, 33.271196 ], [ -94.411294, 33.27084 ], [ -94.410019, 33.272985 ], [ -94.410388, 33.273783 ], [ -94.413533, 33.273304 ], [ -94.412822, 33.274904 ], [ -94.413953, 33.276515 ], [ -94.412943, 33.278011 ], [ -94.413203, 33.279877 ], [ -94.41494, 33.283552 ], [ -94.415739, 33.284017 ], [ -94.420885, 33.284264 ], [ -94.426264, 33.285052 ], [ -94.428915, 33.285471 ], [ -94.431886, 33.282868 ], [ -94.433612, 33.28266 ], [ -94.433597, 33.285066 ], [ -94.432414, 33.286355 ], [ -94.434291, 33.287509 ], [ -94.43722, 33.286054 ], [ -94.437825, 33.284348 ], [ -94.436295, 33.281858 ], [ -94.438478, 33.281052 ], [ -94.4392, 33.282275 ], [ -94.439998, 33.283299 ], [ -94.440956, 33.283085 ], [ -94.441322, 33.281492 ], [ -94.444228, 33.281247 ], [ -94.448222, 33.283292 ], [ -94.451986, 33.283493 ], [ -94.453789, 33.284844 ], [ -94.453984, 33.287095 ], [ -94.455299, 33.287123 ], [ -94.45759, 33.285007 ], [ -94.458957, 33.285623 ], [ -94.459082, 33.289118 ], [ -94.460774, 33.289523 ], [ -94.462009, 33.287363 ], [ -94.463592, 33.287276 ], [ -94.463927, 33.288767 ], [ -94.462833, 33.290331 ], [ -94.465615, 33.293501 ], [ -94.468442, 33.294313 ], [ -94.469735, 33.293864 ], [ -94.470906, 33.292195 ], [ -94.471325, 33.290038 ], [ -94.472247, 33.288541 ], [ -94.473464, 33.288238 ], [ -94.474587, 33.289879 ], [ -94.476869, 33.289394 ], [ -94.479896, 33.289931 ], [ -94.480109, 33.288614 ], [ -94.478754, 33.286844 ], [ -94.482279, 33.284157 ], [ -94.483849, 33.284958 ], [ -94.482719, 33.287013 ], [ -94.48523, 33.287939 ], [ -94.48892, 33.284065 ], [ -94.488814, 33.282427 ], [ -94.486303, 33.281331 ], [ -94.486661, 33.280296 ], [ -94.491811, 33.27979 ], [ -94.4957, 33.284747 ], [ -94.496671, 33.284985 ], [ -94.496457, 33.281563 ], [ -94.498328, 33.281466 ], [ -94.498874, 33.28282 ], [ -94.5002, 33.283336 ], [ -94.503971, 33.282781 ], [ -94.504177, 33.283946 ], [ -94.505376, 33.284405 ], [ -94.506931, 33.284039 ], [ -94.506141, 33.28191 ], [ -94.507014, 33.281314 ], [ -94.508541, 33.282826 ], [ -94.510068, 33.281774 ], [ -94.513478, 33.282691 ], [ -94.51495, 33.282738 ], [ -94.515578, 33.281753 ], [ -94.513697, 33.280149 ], [ -94.514516, 33.279027 ], [ -94.516288, 33.280172 ], [ -94.51656, 33.281433 ], [ -94.517868, 33.282096 ], [ -94.519233, 33.280723 ], [ -94.519288, 33.279006 ], [ -94.517543, 33.278225 ], [ -94.516971, 33.277012 ], [ -94.518499, 33.274241 ], [ -94.520299, 33.275387 ], [ -94.51918, 33.277172 ], [ -94.522616, 33.276578 ], [ -94.524117, 33.273853 ], [ -94.526626, 33.270968 ], [ -94.528863, 33.26909 ], [ -94.529954, 33.26735 ], [ -94.531372, 33.267442 ], [ -94.534154, 33.266205 ], [ -94.535108, 33.266755 ], [ -94.534698, 33.269664 ], [ -94.537534, 33.269184 ], [ -94.539415, 33.269619 ], [ -94.54146, 33.268634 ], [ -94.539443, 33.267902 ], [ -94.539198, 33.265703 ], [ -94.540016, 33.264649 ], [ -94.541188, 33.264741 ], [ -94.542442, 33.266596 ], [ -94.54356, 33.265154 ], [ -94.54506, 33.265543 ], [ -94.545877, 33.26836 ], [ -94.548767, 33.267535 ], [ -94.549258, 33.265566 ], [ -94.55114, 33.26568 ], [ -94.553131, 33.267192 ], [ -94.554221, 33.269092 ], [ -94.556893, 33.267215 ], [ -94.555721, 33.266092 ], [ -94.557984, 33.263299 ], [ -94.558311, 33.261466 ], [ -94.559347, 33.261054 ], [ -94.562565, 33.262152 ], [ -94.565018, 33.265177 ], [ -94.566381, 33.263253 ], [ -94.568972, 33.264328 ], [ -94.570962, 33.260893 ], [ -94.569925, 33.258992 ], [ -94.570007, 33.257664 ], [ -94.571779, 33.257686 ], [ -94.573306, 33.257022 ], [ -94.569789, 33.254593 ], [ -94.56968, 33.253884 ], [ -94.57077, 33.253174 ], [ -94.572406, 33.253334 ], [ -94.573005, 33.252074 ], [ -94.571969, 33.250653 ], [ -94.572463, 33.249826 ], [ -94.574711, 33.250121 ], [ -94.575867, 33.251547 ], [ -94.57693, 33.250929 ], [ -94.578294, 33.251478 ], [ -94.579438, 33.251066 ], [ -94.578406, 33.247717 ], [ -94.583967, 33.249342 ], [ -94.586039, 33.249722 ], [ -94.586444, 33.250743 ], [ -94.584945, 33.252119 ], [ -94.585573, 33.253493 ], [ -94.587862, 33.251339 ], [ -94.588734, 33.251522 ], [ -94.58789, 33.253194 ], [ -94.588299, 33.254294 ], [ -94.589827, 33.255302 ], [ -94.593043, 33.255118 ], [ -94.59318, 33.255713 ], [ -94.591354, 33.256332 ], [ -94.589773, 33.258737 ], [ -94.590455, 33.259424 ], [ -94.598143, 33.258392 ], [ -94.604085, 33.257222 ], [ -94.605121, 33.256603 ], [ -94.605147, 33.253923 ], [ -94.606509, 33.253211 ], [ -94.608009, 33.254174 ], [ -94.609508, 33.253601 ], [ -94.608826, 33.25179 ], [ -94.607108, 33.250599 ], [ -94.605418, 33.250473 ], [ -94.605012, 33.249176 ], [ -94.608009, 33.247479 ], [ -94.610626, 33.248027 ], [ -94.61319, 33.249218 ], [ -94.614743, 33.248942 ], [ -94.617168, 33.247086 ], [ -94.618461, 33.246828 ], [ -94.619568, 33.249513 ], [ -94.623423, 33.251807 ], [ -94.625204, 33.251841 ], [ -94.626725, 33.250638 ], [ -94.62847, 33.250593 ], [ -94.630296, 33.252194 ], [ -94.634839, 33.251351 ], [ -94.635963, 33.252401 ], [ -94.64136, 33.253597 ], [ -94.641523, 33.256737 ], [ -94.643212, 33.258043 ], [ -94.645421, 33.257447 ], [ -94.649101, 33.25871 ], [ -94.649726, 33.259604 ], [ -94.648582, 33.260268 ], [ -94.650162, 33.262905 ], [ -94.649561, 33.265149 ], [ -94.651443, 33.265379 ], [ -94.650134, 33.267577 ], [ -94.650706, 33.268653 ], [ -94.65226, 33.268861 ], [ -94.652751, 33.268265 ], [ -94.654031, 33.271289 ], [ -94.65354, 33.272526 ], [ -94.654521, 33.274701 ], [ -94.65253, 33.274701 ], [ -94.652448, 33.275709 ], [ -94.654847, 33.276328 ], [ -94.658337, 33.276397 ], [ -94.659428, 33.275388 ], [ -94.662264, 33.277679 ], [ -94.659809, 33.280589 ], [ -94.661036, 33.280566 ], [ -94.660463, 33.282444 ], [ -94.663707, 33.283796 ], [ -94.666598, 33.283247 ], [ -94.668779, 33.284141 ], [ -94.669652, 33.285171 ], [ -94.672271, 33.284805 ], [ -94.675134, 33.286248 ], [ -94.674752, 33.287416 ], [ -94.673143, 33.287416 ], [ -94.672352, 33.28973 ], [ -94.67497, 33.28918 ], [ -94.675869, 33.290715 ], [ -94.673633, 33.292616 ], [ -94.675733, 33.293418 ], [ -94.676769, 33.29486 ], [ -94.67876, 33.293624 ], [ -94.677778, 33.291677 ], [ -94.678542, 33.290624 ], [ -94.68056, 33.292845 ], [ -94.68206, 33.293692 ], [ -94.684514, 33.293762 ], [ -94.686314, 33.292777 ], [ -94.687214, 33.293464 ], [ -94.687951, 33.296028 ], [ -94.690542, 33.300311 ], [ -94.690406, 33.302945 ], [ -94.691333, 33.304778 ], [ -94.691306, 33.307823 ], [ -94.690051, 33.309496 ], [ -94.690571, 33.310847 ], [ -94.692262, 33.312405 ], [ -94.693762, 33.311328 ], [ -94.695208, 33.307159 ], [ -94.696408, 33.307411 ], [ -94.697963, 33.309266 ], [ -94.698727, 33.311487 ], [ -94.702082, 33.311396 ], [ -94.701318, 33.313114 ], [ -94.701483, 33.31545 ], [ -94.702792, 33.315815 ], [ -94.704047, 33.314923 ], [ -94.702874, 33.313983 ], [ -94.703501, 33.313114 ], [ -94.706501, 33.311991 ], [ -94.710593, 33.311715 ], [ -94.709747, 33.310271 ], [ -94.710783, 33.308531 ], [ -94.714793, 33.311897 ], [ -94.717385, 33.311667 ], [ -94.718011, 33.310248 ], [ -94.716729, 33.308484 ], [ -94.717656, 33.307156 ], [ -94.719184, 33.30798 ], [ -94.719974, 33.306537 ], [ -94.721175, 33.308529 ], [ -94.723084, 33.308826 ], [ -94.722865, 33.307085 ], [ -94.726221, 33.30729 ], [ -94.727813, 33.308888 ], [ -94.73031, 33.308814 ], [ -94.732055, 33.311475 ], [ -94.732168, 33.314397 ], [ -94.731295, 33.316304 ], [ -94.732097, 33.317359 ], [ -94.734822, 33.316513 ], [ -94.73754, 33.316708 ], [ -94.737746, 33.31747 ], [ -94.735012, 33.318437 ], [ -94.736746, 33.31917 ], [ -94.736449, 33.321163 ], [ -94.737598, 33.322491 ], [ -94.736892, 33.324119 ], [ -94.738775, 33.323659 ], [ -94.740032, 33.324233 ], [ -94.739544, 33.326821 ], [ -94.742573, 33.327965 ], [ -94.745631, 33.329932 ], [ -94.746925, 33.328938 ], [ -94.749476, 33.327046 ], [ -94.749837, 33.323633 ], [ -94.752339, 33.321919 ], [ -94.752422, 33.319398 ], [ -94.754251, 33.31798 ], [ -94.756242, 33.317615 ], [ -94.758751, 33.3186 ], [ -94.761398, 33.317365 ], [ -94.761888, 33.31915 ], [ -94.760087, 33.3208 ], [ -94.760959, 33.321922 ], [ -94.763959, 33.322885 ], [ -94.76527, 33.320847 ], [ -94.767015, 33.322062 ], [ -94.769171, 33.320528 ], [ -94.770126, 33.321032 ], [ -94.772936, 33.320048 ], [ -94.772936, 33.318857 ], [ -94.774655, 33.318285 ], [ -94.778174, 33.319615 ], [ -94.781693, 33.318905 ], [ -94.781311, 33.320165 ], [ -94.779455, 33.320714 ], [ -94.777546, 33.320027 ], [ -94.776045, 33.321011 ], [ -94.776481, 33.322065 ], [ -94.778036, 33.322546 ], [ -94.782456, 33.322477 ], [ -94.78401, 33.323829 ], [ -94.781717, 33.327607 ], [ -94.779699, 33.327675 ], [ -94.778907, 33.329279 ], [ -94.779998, 33.331043 ], [ -94.777214, 33.331637 ], [ -94.777078, 33.332966 ], [ -94.778987, 33.333011 ], [ -94.780898, 33.334983 ], [ -94.780215, 33.336379 ], [ -94.781688, 33.337913 ], [ -94.782289, 33.335051 ], [ -94.783462, 33.335327 ], [ -94.784444, 33.337457 ], [ -94.786054, 33.337617 ], [ -94.788346, 33.33677 ], [ -94.789409, 33.33842 ], [ -94.787308, 33.338876 ], [ -94.788126, 33.341282 ], [ -94.786918, 33.34218 ], [ -94.782809, 33.342015 ], [ -94.781867, 33.344261 ], [ -94.783611, 33.34422 ], [ -94.784881, 33.343162 ], [ -94.786188, 33.344443 ], [ -94.784878, 33.345312 ], [ -94.785205, 33.349092 ], [ -94.786815, 33.349252 ], [ -94.788016, 33.346069 ], [ -94.790418, 33.344946 ], [ -94.790991, 33.345748 ], [ -94.789981, 33.347237 ], [ -94.790663, 33.348681 ], [ -94.792218, 33.348795 ], [ -94.79653, 33.347903 ], [ -94.797566, 33.348613 ], [ -94.795465, 33.352414 ], [ -94.794619, 33.352964 ], [ -94.791753, 33.352277 ], [ -94.791289, 33.352826 ], [ -94.791043, 33.355322 ], [ -94.792653, 33.356696 ], [ -94.794345, 33.355849 ], [ -94.794837, 33.353856 ], [ -94.79672, 33.354566 ], [ -94.797675, 33.356375 ], [ -94.794945, 33.357658 ], [ -94.79489, 33.360086 ], [ -94.795927, 33.361552 ], [ -94.797401, 33.361024 ], [ -94.800131, 33.361873 ], [ -94.799558, 33.363132 ], [ -94.800813, 33.365354 ], [ -94.802779, 33.364849 ], [ -94.805644, 33.364873 ], [ -94.805644, 33.365651 ], [ -94.807528, 33.365972 ], [ -94.808428, 33.365606 ], [ -94.808783, 33.363636 ], [ -94.809952, 33.301029 ], [ -94.810269, 33.28289 ], [ -94.810359, 33.27901 ], [ -94.810429, 33.275683 ], [ -94.810445, 33.272171 ], [ -94.810752, 33.269391 ], [ -94.812615, 33.210445 ], [ -94.813197, 33.187483 ], [ -94.814078, 33.152791 ], [ -94.814502, 33.136215 ], [ -94.814786, 33.125278 ], [ -94.815206, 33.12229 ], [ -94.816276, 33.094074 ], [ -94.816844, 33.076009 ], [ -94.817709, 33.037202 ], [ -94.819828, 32.982886 ], [ -94.821202, 32.982453 ], [ -94.825488, 32.985635 ], [ -94.826844, 32.983826 ], [ -94.828403, 32.983271 ], [ -94.82912, 32.984529 ], [ -94.828005, 32.985777 ], [ -94.829917, 32.986711 ], [ -94.830322, 32.989201 ], [ -94.830771, 32.987975 ], [ -94.832872, 32.987326 ], [ -94.833446, 32.989069 ], [ -94.835109, 32.989525 ], [ -94.83464, 32.990755 ], [ -94.835964, 32.9908 ], [ -94.836278, 32.991959 ], [ -94.83832, 32.993163 ], [ -94.840728, 32.993876 ], [ -94.841478, 32.995647 ], [ -94.842665, 32.996768 ], [ -94.843657, 32.995976 ], [ -94.8459, 32.995545 ], [ -94.848256, 32.99676 ], [ -94.849353, 32.999332 ], [ -94.850814, 32.999733 ], [ -94.853237, 33.001511 ], [ -94.854106, 33.003642 ], [ -94.855867, 33.003433 ], [ -94.857047, 33.001702 ], [ -94.858254, 33.002245 ], [ -94.856689, 33.003619 ], [ -94.858835, 33.00341 ], [ -94.859945, 33.003905 ], [ -94.85992, 33.005862 ], [ -94.862509, 33.005905 ], [ -94.861871, 33.00718 ], [ -94.860794, 33.006554 ], [ -94.859895, 33.007978 ], [ -94.858968, 33.008181 ], [ -94.859675, 33.011314 ], [ -94.857946, 33.011557 ], [ -94.859049, 33.013343 ], [ -94.861098, 33.014029 ], [ -94.863786, 33.013472 ], [ -94.864374, 33.014951 ], [ -94.869939, 33.013817 ], [ -94.87022, 33.014636 ], [ -94.872255, 33.014013 ], [ -94.872712, 33.014937 ], [ -94.875896, 33.015692 ], [ -94.876691, 33.017331 ], [ -94.876423, 33.018338 ], [ -94.87667, 33.019337 ], [ -94.879899, 33.020124 ], [ -94.881544, 33.020142 ], [ -94.883037, 33.021714 ], [ -94.886886, 33.023244 ], [ -94.88823, 33.023266 ], [ -94.888575, 33.024498 ], [ -94.890343, 33.025114 ], [ -94.890753, 33.02646 ], [ -94.889428, 33.026553 ], [ -94.889427, 33.029511 ], [ -94.888722, 33.030506 ], [ -94.893759, 33.030749 ], [ -94.89366, 33.033338 ], [ -94.894907, 33.032597 ], [ -94.896133, 33.034131 ], [ -94.895551, 33.03584 ], [ -94.897411, 33.035747 ], [ -94.897763, 33.036737 ], [ -94.900869, 33.037639 ], [ -94.900503, 33.040277 ], [ -94.901123, 33.039788 ], [ -94.901905, 33.041597 ], [ -94.905449, 33.042476 ], [ -94.905507, 33.044334 ], [ -94.906303, 33.043467 ], [ -94.906995, 33.044676 ], [ -94.907706, 33.043956 ], [ -94.908567, 33.045209 ], [ -94.910793, 33.045924 ], [ -94.912301, 33.044507 ], [ -94.914441, 33.044496 ], [ -94.916921, 33.045349 ], [ -94.917887, 33.046194 ], [ -94.916457, 33.048037 ], [ -94.919081, 33.048119 ], [ -94.919994, 33.050576 ], [ -94.921469, 33.050725 ], [ -94.921143, 33.052737 ], [ -94.922024, 33.053913 ], [ -94.921371, 33.055216 ], [ -94.924412, 33.056815 ], [ -94.922304, 33.057442 ], [ -94.923459, 33.058646 ], [ -94.92451, 33.058624 ], [ -94.922767, 33.062306 ], [ -94.924483, 33.06185 ], [ -94.926063, 33.062285 ], [ -94.926383, 33.063829 ], [ -94.924281, 33.06617 ], [ -94.923902, 33.067341 ], [ -94.925815, 33.066583 ], [ -94.927015, 33.070579 ], [ -94.929059, 33.070639 ], [ -94.930188, 33.069744 ], [ -94.930489, 33.070864 ], [ -94.933779, 33.071596 ], [ -94.933276, 33.072646 ], [ -94.934725, 33.072657 ], [ -94.935874, 33.073926 ], [ -94.938094, 33.073645 ], [ -94.939152, 33.074514 ], [ -94.940588, 33.074509 ], [ -94.94098, 33.073036 ], [ -94.945295, 33.074998 ], [ -94.945817, 33.073437 ], [ -94.947482, 33.074641 ], [ -94.948004, 33.073948 ], [ -94.950146, 33.073596 ], [ -94.950629, 33.074497 ], [ -94.954598, 33.073876 ], [ -94.954781, 33.073002 ], [ -94.957412, 33.073666 ], [ -94.959474, 33.072297 ], [ -94.960487, 33.073 ], [ -94.962119, 33.073231 ], [ -94.967361, 33.072735 ], [ -94.969097, 33.073135 ], [ -94.970351, 33.0733 ], [ -94.972276, 33.071925 ], [ -94.972733, 33.072733 ], [ -94.97481, 33.07282 ], [ -94.977154, 33.074061 ], [ -94.977357, 33.075342 ], [ -94.979414, 33.077343 ], [ -94.980968, 33.077348 ], [ -94.982508, 33.076154 ], [ -94.985746, 33.076109 ], [ -94.987429, 33.073371 ], [ -94.989093, 33.072809 ], [ -94.991248, 33.073886 ], [ -94.994851, 33.072977 ], [ -94.994323, 33.073835 ], [ -94.995668, 33.074439 ], [ -94.998633, 33.074613 ], [ -94.998882, 33.076394 ], [ -95.002753, 33.074962 ], [ -95.003828, 33.073532 ], [ -95.003166, 33.072405 ], [ -95.007223, 33.071149 ], [ -95.006527, 33.072847 ], [ -95.007678, 33.072499 ], [ -95.010167, 33.073154 ], [ -95.010044, 33.074984 ], [ -95.011292, 33.074542 ], [ -95.011393, 33.075719 ], [ -95.014465, 33.075725 ], [ -95.015488, 33.074747 ], [ -95.01827, 33.075742 ], [ -95.021388, 33.074745 ], [ -95.025611, 33.074325 ], [ -95.025744, 33.0732 ], [ -95.030058, 33.073043 ], [ -95.030475, 33.07144 ], [ -95.031178, 33.072994 ], [ -95.03182, 33.0719 ], [ -95.034822, 33.07096 ], [ -95.037152, 33.072305 ], [ -95.036819, 33.071044 ], [ -95.039303, 33.070318 ], [ -95.040269, 33.072294 ], [ -95.039917, 33.070041 ], [ -95.043543, 33.069814 ], [ -95.043914, 33.067999 ], [ -95.047039, 33.067221 ], [ -95.047898, 33.066283 ], [ -95.046328, 33.064433 ], [ -95.047716, 33.064352 ], [ -95.04637, 33.063069 ], [ -95.048351, 33.061863 ], [ -95.048561, 33.062905 ], [ -95.050485, 33.062708 ], [ -95.050378, 33.061812 ], [ -95.052632, 33.062052 ], [ -95.054424, 33.061611 ], [ -95.055404, 33.060052 ], [ -95.054171, 33.057978 ], [ -95.055626, 33.057761 ], [ -95.055799, 33.056649 ], [ -95.057959, 33.057727 ], [ -95.058078, 33.055259 ], [ -95.059389, 33.056106 ], [ -95.060703, 33.054622 ], [ -95.064262, 33.054378 ], [ -95.065626, 33.054685 ], [ -95.067452, 33.053688 ], [ -95.069776, 33.054744 ], [ -95.072587, 33.05359 ], [ -95.07445, 33.053683 ], [ -95.078394, 33.052076 ], [ -95.079028, 33.050365 ], [ -95.079439, 33.047483 ], [ -95.082053, 33.045966 ], [ -95.084022, 33.04593 ], [ -95.085249, 33.043791 ], [ -95.09086, 33.04234 ], [ -95.090757, 33.041051 ], [ -95.093493, 33.038731 ], [ -95.094577, 33.037565 ], [ -95.096977, 33.038172 ], [ -95.09659, 33.036959 ], [ -95.098926, 33.037132 ], [ -95.100269, 33.035908 ], [ -95.100301, 33.034553 ], [ -95.10152, 33.035578 ], [ -95.103228, 33.034773 ], [ -95.103043, 33.032956 ], [ -95.105238, 33.03342 ], [ -95.104969, 33.032466 ], [ -95.107535, 33.033006 ], [ -95.10833, 33.031664 ], [ -95.109276, 33.032871 ], [ -95.109588, 33.031073 ], [ -95.110405, 33.031757 ], [ -95.112614, 33.031568 ], [ -95.113617, 33.030509 ], [ -95.115009, 33.031953 ], [ -95.113252, 33.031838 ], [ -95.113063, 33.032635 ], [ -95.11477, 33.033138 ], [ -95.115039, 33.034076 ], [ -95.118656, 33.034743 ], [ -95.120935, 33.034239 ], [ -95.122222, 33.035756 ], [ -95.125217, 33.035362 ], [ -95.12613, 33.034581 ], [ -95.128934, 33.033772 ], [ -95.130336, 33.032162 ], [ -95.129154, 33.031362 ], [ -95.131884, 33.029809 ], [ -95.133943, 33.031321 ], [ -95.137213, 33.030938 ], [ -95.137355, 33.029086 ], [ -95.138714, 33.026226 ], [ -95.141115, 33.025835 ], [ -95.141054, 33.02431 ], [ -95.142623, 33.023862 ], [ -95.1457, 33.021456 ], [ -95.147452, 33.020871 ], [ -95.148078, 33.019582 ], [ -95.147365, 33.018701 ], [ -95.148953, 33.015875 ], [ -95.149976, 33.015659 ], [ -95.152206, 33.01345 ], [ -95.15365, 33.012448 ], [ -95.154411, 33.007866 ], [ -95.153158, 33.008311 ], [ -95.151695, 33.006054 ], [ -95.152138, 33.002735 ], [ -95.154135, 33.002889 ], [ -95.156263, 33.001409 ], [ -95.156103, 33.000763 ], [ -95.157527, 32.99775 ], [ -95.158636, 32.997267 ], [ -95.157613, 32.994695 ], [ -95.158871, 32.995486 ], [ -95.159654, 32.9947 ], [ -95.161435, 32.994717 ], [ -95.162681, 32.9927 ], [ -95.161853, 32.992063 ], [ -95.161371, 32.989589 ], [ -95.163588, 32.988507 ], [ -95.161834, 32.986483 ], [ -95.162585, 32.984977 ], [ -95.163967, 32.984758 ], [ -95.162005, 32.982956 ], [ -95.16254, 32.98019 ], [ -95.164438, 32.978499 ], [ -95.163936, 32.977058 ], [ -95.164895, 32.97685 ], [ -95.165038, 32.975322 ], [ -95.167373, 32.974784 ], [ -95.167738, 32.973674 ], [ -95.169466, 32.972624 ], [ -95.171748, 32.972513 ], [ -95.172648, 32.969437 ], [ -95.173933, 32.969184 ], [ -95.173561, 32.967425 ], [ -95.175178, 32.966617 ], [ -95.175837, 32.965325 ], [ -95.174246, 32.963666 ], [ -95.17259, 32.963292 ], [ -95.172947, 32.961829 ], [ -95.184049, 32.961931 ], [ -95.231193, 32.962196 ], [ -95.271942, 32.96237 ], [ -95.276347, 32.962398 ], [ -95.288268, 32.962452 ], [ -95.301241, 32.962587 ], [ -95.308957, 32.962572 ], [ -95.308718, 32.994562 ], [ -95.308455, 33.024549 ], [ -95.30839, 33.041772 ] ] ] } },
{ "type": "Feature", "properties": { "FederalDivisionName": "Tyler", "FederalJudicialDistrict": "Eastern" }, "geometry": { "type": "Polygon", "coordinates": [ [ [ -94.579201, 32.394925 ], [ -94.573922, 32.397023 ], [ -94.569759, 32.398364 ], [ -94.565036, 32.399264 ], [ -94.5626, 32.40099 ], [ -94.559195, 32.405084 ], [ -94.555726, 32.4075 ], [ -94.554417, 32.407625 ], [ -94.550548, 32.406833 ], [ -94.550143, 32.405653 ], [ -94.551044, 32.403707 ], [ -94.549139, 32.402798 ], [ -94.546395, 32.403098 ], [ -94.544619, 32.402498 ], [ -94.543242, 32.401344 ], [ -94.542146, 32.399446 ], [ -94.540587, 32.399388 ], [ -94.536489, 32.400873 ], [ -94.532682, 32.403325 ], [ -94.531211, 32.403421 ], [ -94.529199, 32.402729 ], [ -94.525994, 32.402323 ], [ -94.525805, 32.400957 ], [ -94.527535, 32.400561 ], [ -94.527315, 32.399348 ], [ -94.524943, 32.398457 ], [ -94.525343, 32.397048 ], [ -94.526959, 32.397348 ], [ -94.52787, 32.396176 ], [ -94.527205, 32.393321 ], [ -94.525546, 32.392499 ], [ -94.523813, 32.393341 ], [ -94.523946, 32.394871 ], [ -94.522832, 32.395317 ], [ -94.520786, 32.394235 ], [ -94.521287, 32.392244 ], [ -94.520097, 32.39043 ], [ -94.517869, 32.390457 ], [ -94.51726, 32.389555 ], [ -94.518038, 32.388124 ], [ -94.517011, 32.387562 ], [ -94.514159, 32.387508 ], [ -94.512985, 32.39025 ], [ -94.510204, 32.391142 ], [ -94.508581, 32.391063 ], [ -94.508812, 32.389112 ], [ -94.50724, 32.388723 ], [ -94.506307, 32.390757 ], [ -94.507252, 32.391946 ], [ -94.507153, 32.394553 ], [ -94.503344, 32.3959 ], [ -94.501694, 32.397915 ], [ -94.499876, 32.397805 ], [ -94.498493, 32.396722 ], [ -94.498474, 32.394665 ], [ -94.495234, 32.395193 ], [ -94.491818, 32.394137 ], [ -94.489651, 32.392492 ], [ -94.487059, 32.391526 ], [ -94.483772, 32.389566 ], [ -94.481398, 32.389657 ], [ -94.479877, 32.390598 ], [ -94.478403, 32.38889 ], [ -94.478766, 32.386981 ], [ -94.478072, 32.385368 ], [ -94.47561, 32.384352 ], [ -94.475338, 32.382041 ], [ -94.473901, 32.380177 ], [ -94.475199, 32.379844 ], [ -94.476631, 32.381423 ], [ -94.477544, 32.380252 ], [ -94.477288, 32.378886 ], [ -94.472976, 32.378179 ], [ -94.470743, 32.378429 ], [ -94.466763, 32.377196 ], [ -94.464068, 32.376851 ], [ -94.463968, 32.375364 ], [ -94.462845, 32.372217 ], [ -94.45943, 32.371493 ], [ -94.457537, 32.369608 ], [ -94.456049, 32.369252 ], [ -94.452758, 32.369972 ], [ -94.448568, 32.372177 ], [ -94.446421, 32.371887 ], [ -94.44588, 32.369602 ], [ -94.447028, 32.368298 ], [ -94.44646, 32.366969 ], [ -94.44189, 32.365127 ], [ -94.441145, 32.364474 ], [ -94.440545, 32.3621 ], [ -94.438397, 32.361559 ], [ -94.43695, 32.361518 ], [ -94.432302, 32.362617 ], [ -94.429381, 32.36264 ], [ -94.428125, 32.36393 ], [ -94.428048, 32.366984 ], [ -94.427306, 32.367613 ], [ -94.421993, 32.369542 ], [ -94.421322, 32.368626 ], [ -94.421815, 32.367146 ], [ -94.420788, 32.365482 ], [ -94.419489, 32.364813 ], [ -94.417334, 32.364712 ], [ -94.416334, 32.366124 ], [ -94.417202, 32.367955 ], [ -94.416586, 32.36859 ], [ -94.414077, 32.367923 ], [ -94.409125, 32.36738 ], [ -94.409138, 32.368779 ], [ -94.411692, 32.369786 ], [ -94.411374, 32.371265 ], [ -94.409213, 32.371167 ], [ -94.408212, 32.369354 ], [ -94.404019, 32.369839 ], [ -94.401007, 32.368567 ], [ -94.399977, 32.366631 ], [ -94.397284, 32.366515 ], [ -94.395623, 32.368471 ], [ -94.394571, 32.368756 ], [ -94.392011, 32.367946 ], [ -94.389417, 32.367775 ], [ -94.389986, 32.366437 ], [ -94.388487, 32.364982 ], [ -94.385839, 32.3672 ], [ -94.384578, 32.366803 ], [ -94.382707, 32.365847 ], [ -94.383572, 32.363563 ], [ -94.382824, 32.359082 ], [ -94.38305, 32.356257 ], [ -94.382666, 32.354875 ], [ -94.380919, 32.352436 ], [ -94.380737, 32.350219 ], [ -94.379686, 32.348002 ], [ -94.38218, 32.348324 ], [ -94.383553, 32.347328 ], [ -94.382909, 32.345733 ], [ -94.38217, 32.344908 ], [ -94.380132, 32.344674 ], [ -94.378831, 32.342375 ], [ -94.375004, 32.342047 ], [ -94.372119, 32.341088 ], [ -94.371554, 32.341788 ], [ -94.372721, 32.344952 ], [ -94.371912, 32.345999 ], [ -94.369484, 32.346535 ], [ -94.367808, 32.346302 ], [ -94.366738, 32.345363 ], [ -94.366298, 32.342204 ], [ -94.364387, 32.341174 ], [ -94.361728, 32.340542 ], [ -94.360843, 32.339374 ], [ -94.360897, 32.336942 ], [ -94.359726, 32.335508 ], [ -94.357133, 32.334776 ], [ -94.355734, 32.331705 ], [ -94.356527, 32.329303 ], [ -94.353936, 32.328968 ], [ -94.35064, 32.326583 ], [ -94.349149, 32.32753 ], [ -94.350121, 32.32957 ], [ -94.348693, 32.332323 ], [ -94.347499, 32.332088 ], [ -94.347563, 32.330682 ], [ -94.277189, 32.344938 ], [ -94.245623, 32.351193 ], [ -94.224999, 32.355347 ], [ -94.188519, 32.36277 ], [ -94.104269, 32.379865 ], [ -94.086522, 32.383452 ], [ -94.042901, 32.392283 ], [ -94.042763340526193, 32.373378763124499 ], [ -94.042763, 32.373332 ], [ -94.042739, 32.363559 ], [ -94.042738007214695, 32.348028032660899 ], [ -94.042735733808698, 32.3124632472285 ], [ -94.042733739652604, 32.281267001614701 ], [ -94.042733, 32.269696 ], [ -94.042732, 32.26962 ], [ -94.042671315178595, 32.224995850032499 ], [ -94.042671313979497, 32.2249949682951 ], [ -94.042662, 32.218146 ], [ -94.042620640051695, 32.196064957593002 ], [ -94.042566, 32.166894 ], [ -94.042539, 32.166826 ], [ -94.042591, 32.158097 ], [ -94.0426809089344, 32.137976379458102 ], [ -94.042681, 32.137956 ], [ -94.042752, 32.125163 ], [ -94.042337, 32.119914 ], [ -94.0427, 32.056012 ], [ -94.042709784771802, 32.028249177862797 ], [ -94.042719997885399, 31.9992709999993 ], [ -94.04272, 31.999265 ], [ -94.041833, 31.992402 ], [ -94.038412, 31.992437 ], [ -94.034255, 31.995289 ], [ -94.029283, 31.995865 ], [ -94.025194, 31.99444 ], [ -94.023212, 31.991891 ], [ -94.019814, 31.991042 ], [ -94.017265, 31.989343 ], [ -94.017265, 31.984812 ], [ -94.017246737205497, 31.984726730603601 ], [ -94.016416, 31.980848 ], [ -94.015420380704199, 31.980158829131799 ], [ -94.01563, 31.979856 ], [ -94.062749, 31.979226 ], [ -94.120057, 31.978913 ], [ -94.125193, 31.978612 ], [ -94.14488, 31.978395 ], [ -94.153826, 31.978296 ], [ -94.193734, 31.97786 ], [ -94.228716, 31.977476 ], [ -94.234402, 31.977579 ], [ -94.291653, 31.976334 ], [ -94.294243, 31.976471 ], [ -94.317585, 31.976356 ], [ -94.328053, 31.976012 ], [ -94.331615, 31.975979 ], [ -94.342715, 31.975872 ], [ -94.346443, 31.975903 ], [ -94.388751, 31.97541 ], [ -94.492049, 31.974052 ], [ -94.492569, 31.974073 ], [ -94.511431, 31.973984 ], [ -94.511471, 31.926245 ], [ -94.511315, 31.924129 ], [ -94.509265, 31.922189 ], [ -94.508134, 31.922503 ], [ -94.506525, 31.921932 ], [ -94.507206, 31.920918 ], [ -94.50563, 31.9214 ], [ -94.504466, 31.920436 ], [ -94.504482, 31.918685 ], [ -94.50327, 31.917069 ], [ -94.503932, 31.915988 ], [ -94.502614, 31.914371 ], [ -94.501878, 31.915905 ], [ -94.50146, 31.91458 ], [ -94.498437, 31.915011 ], [ -94.499558, 31.913785 ], [ -94.498358, 31.912653 ], [ -94.497327, 31.912802 ], [ -94.496314, 31.911757 ], [ -94.493928, 31.910879 ], [ -94.49184, 31.910962 ], [ -94.490704, 31.90944 ], [ -94.491883, 31.908284 ], [ -94.491547, 31.907223 ], [ -94.489909, 31.905586 ], [ -94.488685, 31.906081 ], [ -94.486969, 31.903426 ], [ -94.485326, 31.904163 ], [ -94.484011, 31.903773 ], [ -94.483132, 31.902305 ], [ -94.480709, 31.902113 ], [ -94.482242, 31.900787 ], [ -94.481416, 31.899254 ], [ -94.481615, 31.898115 ], [ -94.479598, 31.898396 ], [ -94.478934, 31.897291 ], [ -94.479132, 31.895422 ], [ -94.480113, 31.896153 ], [ -94.480377, 31.895185 ], [ -94.480131, 31.893574 ], [ -94.479042, 31.893338 ], [ -94.479183, 31.891897 ], [ -94.478171, 31.89087 ], [ -94.477488, 31.891722 ], [ -94.475605, 31.889457 ], [ -94.476242, 31.888027 ], [ -94.477583, 31.887219 ], [ -94.477518, 31.886245 ], [ -94.476906, 31.887026 ], [ -94.474566, 31.884943 ], [ -94.474295, 31.883493 ], [ -94.473103, 31.883751 ], [ -94.474147, 31.882509 ], [ -94.472149, 31.882421 ], [ -94.470009, 31.88163 ], [ -94.469615, 31.879293 ], [ -94.46678, 31.878991 ], [ -94.466019, 31.878051 ], [ -94.465516, 31.875896 ], [ -94.463779, 31.874151 ], [ -94.463482, 31.87303 ], [ -94.461974, 31.871386 ], [ -94.462624, 31.869428 ], [ -94.460748, 31.866976 ], [ -94.461734, 31.866052 ], [ -94.460078, 31.86492 ], [ -94.461076, 31.864392 ], [ -94.460934, 31.863298 ], [ -94.459588, 31.863782 ], [ -94.460399, 31.862611 ], [ -94.460231, 31.860587 ], [ -94.463606, 31.859049 ], [ -94.46258, 31.858805 ], [ -94.464259, 31.858302 ], [ -94.463759, 31.856474 ], [ -94.461592, 31.854765 ], [ -94.461605, 31.853389 ], [ -94.460593, 31.853749 ], [ -94.460241, 31.852383 ], [ -94.458715, 31.853186 ], [ -94.457134, 31.852178 ], [ -94.456595, 31.849721 ], [ -94.45283, 31.848102 ], [ -94.453096, 31.846179 ], [ -94.452513, 31.844113 ], [ -94.496028, 31.844009 ], [ -94.5, 31.84416 ], [ -94.509744, 31.844116 ], [ -94.559557, 31.844027 ], [ -94.581301, 31.84398 ], [ -94.61024, 31.843913 ], [ -94.642555, 31.843821 ], [ -94.643341, 31.843864 ], [ -94.678473, 31.843776 ], [ -94.681192, 31.843943 ], [ -94.724764, 31.843828 ], [ -94.769573, 31.843897 ], [ -94.800274, 31.843974 ], [ -94.824774, 31.844156 ], [ -94.867195, 31.844524 ], [ -94.874745, 31.84459 ], [ -94.89868, 31.845198 ], [ -94.937532, 31.845555 ], [ -94.937057, 31.844506 ], [ -94.938048, 31.843901 ], [ -94.936529, 31.843588 ], [ -94.937076, 31.841427 ], [ -94.935389, 31.842406 ], [ -94.936728, 31.840608 ], [ -94.935685, 31.837838 ], [ -94.937688, 31.839179 ], [ -94.935685, 31.835831 ], [ -94.936947, 31.83577 ], [ -94.934616, 31.834748 ], [ -94.93591, 31.831482 ], [ -94.940218, 31.828263 ], [ -94.940983, 31.82691 ], [ -94.941886, 31.828944 ], [ -94.9432, 31.827325 ], [ -94.94483, 31.827231 ], [ -94.94535, 31.825305 ], [ -94.946492, 31.826823 ], [ -94.948366, 31.826117 ], [ -94.948359, 31.82539 ], [ -94.945859, 31.824903 ], [ -94.946561, 31.823638 ], [ -94.945344, 31.823097 ], [ -94.943623, 31.820838 ], [ -94.943745, 31.820053 ], [ -94.94229, 31.818332 ], [ -94.942786, 31.817122 ], [ -94.944357, 31.816589 ], [ -94.944408, 31.814637 ], [ -94.945786, 31.81423 ], [ -94.945489, 31.81306 ], [ -94.947131, 31.810849 ], [ -94.946352, 31.808738 ], [ -94.946564, 31.80732 ], [ -94.949036, 31.807639 ], [ -94.949834, 31.806836 ], [ -94.951321, 31.80771 ], [ -94.95174, 31.806863 ], [ -94.954256, 31.805524 ], [ -94.95369, 31.803894 ], [ -94.952383, 31.8039 ], [ -94.952479, 31.802432 ], [ -94.953451, 31.801888 ], [ -94.951957, 31.800772 ], [ -94.955195, 31.800678 ], [ -94.954526, 31.79954 ], [ -94.953277, 31.799595 ], [ -94.954995, 31.798099 ], [ -94.954068, 31.796863 ], [ -94.956211, 31.796214 ], [ -94.960485, 31.79557 ], [ -94.960409, 31.797175 ], [ -94.964592, 31.796206 ], [ -94.966099, 31.796734 ], [ -94.968773, 31.79511 ], [ -94.970644, 31.796663 ], [ -94.971303, 31.795498 ], [ -94.972268, 31.796125 ], [ -94.972232, 31.794721 ], [ -94.973507, 31.79563 ], [ -94.975088, 31.793918 ], [ -94.975372, 31.794964 ], [ -94.976331, 31.793938 ], [ -94.978134, 31.793514 ], [ -94.977182, 31.791312 ], [ -94.977359, 31.790377 ], [ -94.975895, 31.787771 ], [ -94.976322, 31.786484 ], [ -94.974659, 31.785732 ], [ -94.974847, 31.783685 ], [ -94.974029, 31.783497 ], [ -94.974678, 31.7819 ], [ -94.971831, 31.782399 ], [ -94.971679, 31.781272 ], [ -94.969837, 31.781753 ], [ -94.967176, 31.781159 ], [ -94.964794, 31.7801 ], [ -94.962638, 31.780662 ], [ -94.961258, 31.77929 ], [ -94.96206, 31.778178 ], [ -94.959105, 31.778981 ], [ -94.957636, 31.777717 ], [ -94.955289, 31.773346 ], [ -94.951876, 31.769469 ], [ -94.951008, 31.769088 ], [ -94.951573, 31.772558 ], [ -94.948838, 31.774403 ], [ -94.946871, 31.771744 ], [ -94.944201, 31.773623 ], [ -94.942272, 31.772217 ], [ -94.938627, 31.772227 ], [ -94.937629, 31.771346 ], [ -94.937438, 31.769582 ], [ -94.935357, 31.768331 ], [ -94.933498, 31.768147 ], [ -94.933136, 31.766533 ], [ -94.931285, 31.766942 ], [ -94.929228, 31.766354 ], [ -94.92785, 31.762521 ], [ -94.926266, 31.761858 ], [ -94.926078, 31.760342 ], [ -94.926987, 31.758739 ], [ -94.928888, 31.758343 ], [ -94.928478, 31.75665 ], [ -94.930431, 31.755048 ], [ -94.933367, 31.754743 ], [ -94.934573, 31.756293 ], [ -94.936334, 31.755013 ], [ -94.93754, 31.756706 ], [ -94.939646, 31.755466 ], [ -94.939215, 31.754391 ], [ -94.94247, 31.753333 ], [ -94.943153, 31.754708 ], [ -94.943804, 31.752378 ], [ -94.948402, 31.752541 ], [ -94.950203, 31.753848 ], [ -94.952005, 31.753496 ], [ -94.955208, 31.75483 ], [ -94.958764, 31.753236 ], [ -94.959557, 31.754108 ], [ -94.960433, 31.753085 ], [ -94.964363, 31.754974 ], [ -94.967268, 31.753816 ], [ -94.966439, 31.751687 ], [ -94.966865, 31.749684 ], [ -94.968341, 31.748306 ], [ -94.970386, 31.742654 ], [ -94.97009, 31.740252 ], [ -94.97184, 31.739957 ], [ -94.972669, 31.738996 ], [ -94.972615, 31.737423 ], [ -94.970251, 31.737753 ], [ -94.969148, 31.736436 ], [ -94.967443, 31.73668 ], [ -94.966797, 31.734909 ], [ -94.96601, 31.734847 ], [ -94.965091, 31.736498 ], [ -94.962404, 31.733718 ], [ -94.958344, 31.7241 ], [ -94.956926, 31.724299 ], [ -94.954379, 31.723181 ], [ -94.955246, 31.721248 ], [ -94.957148, 31.719894 ], [ -94.958622, 31.71808 ], [ -94.958999, 31.716264 ], [ -94.961063, 31.71547 ], [ -94.962698, 31.715832 ], [ -94.962868, 31.713648 ], [ -94.960784, 31.712401 ], [ -94.959727, 31.709192 ], [ -94.9617, 31.704984 ], [ -94.961454, 31.704135 ], [ -94.963581, 31.704929 ], [ -94.964069, 31.703956 ], [ -94.963125, 31.701723 ], [ -94.960208, 31.699155 ], [ -94.960359, 31.698422 ], [ -94.963765, 31.698747 ], [ -94.964477, 31.697643 ], [ -94.965946, 31.697758 ], [ -94.965164, 31.696362 ], [ -94.965223, 31.693885 ], [ -94.963474, 31.691697 ], [ -94.963024, 31.690459 ], [ -94.961584, 31.689464 ], [ -94.959668, 31.685963 ], [ -94.958552, 31.685456 ], [ -94.957253, 31.686925 ], [ -94.956155, 31.68428 ], [ -94.9553, 31.680977 ], [ -94.951901, 31.681823 ], [ -94.952768, 31.680293 ], [ -94.950675, 31.679663 ], [ -94.953548, 31.677379 ], [ -94.952637, 31.676571 ], [ -94.954022, 31.676555 ], [ -94.952861, 31.67289 ], [ -94.955587, 31.672212 ], [ -94.957072, 31.670301 ], [ -94.956271, 31.669157 ], [ -94.954214, 31.66888 ], [ -94.954459, 31.669885 ], [ -94.952362, 31.671126 ], [ -94.951546, 31.669194 ], [ -94.952413, 31.66738 ], [ -94.95133, 31.666787 ], [ -94.951592, 31.665202 ], [ -94.950828, 31.663617 ], [ -94.951056, 31.661861 ], [ -94.952218, 31.659617 ], [ -94.951074, 31.659368 ], [ -94.950987, 31.65812 ], [ -94.949973, 31.65714 ], [ -94.94857, 31.657413 ], [ -94.948444, 31.655384 ], [ -94.949984, 31.655577 ], [ -94.949893, 31.654597 ], [ -94.948612, 31.654639 ], [ -94.94869, 31.653066 ], [ -94.95109, 31.651693 ], [ -94.952495, 31.651566 ], [ -94.951212, 31.650526 ], [ -94.948998, 31.649618 ], [ -94.949062, 31.648578 ], [ -94.950161, 31.648194 ], [ -94.949843, 31.646931 ], [ -94.952073, 31.646936 ], [ -94.951933, 31.645044 ], [ -94.950976, 31.645729 ], [ -94.951292, 31.642723 ], [ -94.952644, 31.642398 ], [ -94.951969, 31.641351 ], [ -94.954031, 31.639574 ], [ -94.952948, 31.639076 ], [ -94.950813, 31.640101 ], [ -94.950261, 31.637984 ], [ -94.949269, 31.637426 ], [ -94.949669, 31.63649 ], [ -94.947778, 31.636303 ], [ -94.947098, 31.638019 ], [ -94.945939, 31.637377 ], [ -94.941768, 31.638449 ], [ -94.941687, 31.636406 ], [ -94.940982, 31.633961 ], [ -94.94186, 31.633337 ], [ -94.941664, 31.631881 ], [ -94.940516, 31.63004 ], [ -94.9397, 31.630949 ], [ -94.939538, 31.629706 ], [ -94.941976, 31.629274 ], [ -94.941415, 31.627032 ], [ -94.940527, 31.626585 ], [ -94.938774, 31.62431 ], [ -94.936827, 31.622906 ], [ -94.935878, 31.621184 ], [ -94.934672, 31.620804 ], [ -94.933467, 31.621817 ], [ -94.932999, 31.619643 ], [ -94.934292, 31.618872 ], [ -94.932536, 31.617743 ], [ -94.931597, 31.618557 ], [ -94.931275, 31.616712 ], [ -94.93189, 31.615675 ], [ -94.930445, 31.61349 ], [ -94.929293, 31.613087 ], [ -94.930587, 31.612115 ], [ -94.928011, 31.610251 ], [ -94.926244, 31.609984 ], [ -94.926626, 31.607877 ], [ -94.925186, 31.606001 ], [ -94.925063, 31.60401 ], [ -94.92645, 31.602224 ], [ -94.927631, 31.602823 ], [ -94.927894, 31.601087 ], [ -94.927056, 31.60049 ], [ -94.926717, 31.598683 ], [ -94.927991, 31.598313 ], [ -94.926472, 31.598286 ], [ -94.925827, 31.596275 ], [ -94.926419, 31.593596 ], [ -94.925962, 31.592698 ], [ -94.924488, 31.592432 ], [ -94.924867, 31.59034 ], [ -94.921146, 31.588564 ], [ -94.919277, 31.586972 ], [ -94.922272, 31.584134 ], [ -94.924758, 31.582986 ], [ -94.923297, 31.581923 ], [ -94.923945, 31.579201 ], [ -94.921517, 31.577583 ], [ -94.920716, 31.576178 ], [ -94.920791, 31.574392 ], [ -94.919141, 31.572632 ], [ -94.917689, 31.571979 ], [ -94.915079, 31.569627 ], [ -94.913809, 31.569202 ], [ -94.912305, 31.569027 ], [ -94.9099, 31.569544 ], [ -94.907282, 31.570676 ], [ -94.904557, 31.573041 ], [ -94.902123, 31.5743 ], [ -94.897656, 31.575327 ], [ -94.894705, 31.576682 ], [ -94.893378, 31.57786 ], [ -94.891827, 31.578001 ], [ -94.891503, 31.577384 ], [ -94.890498, 31.572948 ], [ -94.890777, 31.569232 ], [ -94.889591, 31.566254 ], [ -94.891562, 31.562353 ], [ -94.894272, 31.559987 ], [ -94.89503, 31.558875 ], [ -94.896567, 31.554961 ], [ -94.898716, 31.555631 ], [ -94.900524, 31.552458 ], [ -94.899121, 31.551907 ], [ -94.89803, 31.553112 ], [ -94.897201, 31.552813 ], [ -94.89592, 31.550566 ], [ -94.89634, 31.549504 ], [ -94.893585, 31.550011 ], [ -94.893149, 31.549068 ], [ -94.895846, 31.546716 ], [ -94.896138, 31.545739 ], [ -94.893737, 31.542774 ], [ -94.894002, 31.541226 ], [ -94.891855, 31.542135 ], [ -94.89018, 31.542293 ], [ -94.890503, 31.541105 ], [ -94.886451, 31.542343 ], [ -94.885582, 31.541143 ], [ -94.884366, 31.540894 ], [ -94.885067, 31.540083 ], [ -94.884232, 31.538027 ], [ -94.885949, 31.537186 ], [ -94.883797, 31.537028 ], [ -94.883005, 31.536068 ], [ -94.884758, 31.535989 ], [ -94.885465, 31.534971 ], [ -94.882415, 31.532993 ], [ -94.882482, 31.531927 ], [ -94.88399, 31.532488 ], [ -94.884561, 31.531489 ], [ -94.883969, 31.529693 ], [ -94.88298, 31.529336 ], [ -94.881526, 31.529973 ], [ -94.879798, 31.529669 ], [ -94.880669, 31.52846 ], [ -94.876442, 31.528648 ], [ -94.875673, 31.527581 ], [ -94.874302, 31.528311 ], [ -94.874507, 31.526821 ], [ -94.87309, 31.52674 ], [ -94.872554, 31.529056 ], [ -94.869868, 31.528941 ], [ -94.869724, 31.527902 ], [ -94.870138, 31.526696 ], [ -94.865857, 31.526916 ], [ -94.903467, 31.499178 ], [ -94.92687, 31.482018 ], [ -94.95601, 31.460612 ], [ -95.003035, 31.426222 ], [ -95.003345, 31.42571 ], [ -95.003255, 31.427356 ], [ -95.003989, 31.428581 ], [ -95.006677, 31.429783 ], [ -95.007667, 31.431242 ], [ -95.007082, 31.432922 ], [ -95.011417, 31.434567 ], [ -95.012077, 31.435596 ], [ -95.011278, 31.437768 ], [ -95.008662, 31.439087 ], [ -95.00538, 31.439723 ], [ -95.004871, 31.441595 ], [ -95.006239, 31.441835 ], [ -95.006271, 31.442786 ], [ -95.007741, 31.44319 ], [ -95.0075, 31.444676 ], [ -95.010019, 31.444635 ], [ -95.012369, 31.444032 ], [ -95.016533, 31.445721 ], [ -95.017046, 31.444735 ], [ -95.02134, 31.443814 ], [ -95.022772, 31.442765 ], [ -95.024475, 31.442693 ], [ -95.028784, 31.443935 ], [ -95.031864, 31.445617 ], [ -95.032449, 31.444822 ], [ -95.030983, 31.443714 ], [ -95.031964, 31.44323 ], [ -95.035135, 31.443417 ], [ -95.034483, 31.444831 ], [ -95.039664, 31.446662 ], [ -95.044193, 31.444965 ], [ -95.045224, 31.445086 ], [ -95.044737, 31.446345 ], [ -95.048525, 31.449061 ], [ -95.048498, 31.450978 ], [ -95.051678, 31.453057 ], [ -95.051199, 31.456838 ], [ -95.05242, 31.459142 ], [ -95.055883, 31.460543 ], [ -95.054832, 31.461495 ], [ -95.055377, 31.462282 ], [ -95.058154, 31.463233 ], [ -95.058378, 31.46396 ], [ -95.057024, 31.464632 ], [ -95.060348, 31.46791 ], [ -95.062344, 31.46765 ], [ -95.062183, 31.469311 ], [ -95.065402, 31.471518 ], [ -95.06887, 31.470443 ], [ -95.068427, 31.469362 ], [ -95.066589, 31.470328 ], [ -95.06739, 31.466101 ], [ -95.069891, 31.465406 ], [ -95.071915, 31.463601 ], [ -95.073565, 31.463802 ], [ -95.074132, 31.466794 ], [ -95.078473, 31.467442 ], [ -95.079896, 31.469473 ], [ -95.080766, 31.469885 ], [ -95.081435, 31.468162 ], [ -95.08817, 31.46601 ], [ -95.091297, 31.467043 ], [ -95.092216, 31.46928 ], [ -95.094638, 31.468152 ], [ -95.098777, 31.468712 ], [ -95.100323, 31.468196 ], [ -95.100118, 31.469036 ], [ -95.101382, 31.469887 ], [ -95.100522, 31.472042 ], [ -95.098164, 31.473453 ], [ -95.097215, 31.475169 ], [ -95.097772, 31.47643 ], [ -95.098826, 31.476711 ], [ -95.098423, 31.47475 ], [ -95.101712, 31.473856 ], [ -95.102608, 31.474087 ], [ -95.103541, 31.474733 ], [ -95.103104, 31.47867 ], [ -95.104622, 31.479994 ], [ -95.106991, 31.480949 ], [ -95.106205, 31.482886 ], [ -95.109343, 31.483086 ], [ -95.111118, 31.483962 ], [ -95.110199, 31.485019 ], [ -95.109107, 31.485706 ], [ -95.109741, 31.488853 ], [ -95.107641, 31.489678 ], [ -95.10561, 31.491252 ], [ -95.10466, 31.49312 ], [ -95.105573, 31.494668 ], [ -95.103342, 31.494933 ], [ -95.103009, 31.49374 ], [ -95.101583, 31.494387 ], [ -95.101403, 31.495843 ], [ -95.099257, 31.494855 ], [ -95.098942, 31.493488 ], [ -95.098046, 31.493495 ], [ -95.097786, 31.498447 ], [ -95.096133, 31.497774 ], [ -95.094423, 31.49873 ], [ -95.0959, 31.499177 ], [ -95.095101, 31.500074 ], [ -95.095646, 31.501437 ], [ -95.093804, 31.502935 ], [ -95.094563, 31.504085 ], [ -95.096731, 31.503707 ], [ -95.09844, 31.504854 ], [ -95.097598, 31.506138 ], [ -95.100566, 31.508415 ], [ -95.100467, 31.510602 ], [ -95.099752, 31.510645 ], [ -95.098078, 31.509046 ], [ -95.096696, 31.509266 ], [ -95.096805, 31.510681 ], [ -95.09896, 31.511192 ], [ -95.099971, 31.512325 ], [ -95.098951, 31.513943 ], [ -95.099236, 31.516587 ], [ -95.099966, 31.518869 ], [ -95.101036, 31.519474 ], [ -95.103196, 31.521878 ], [ -95.103487, 31.523442 ], [ -95.104409, 31.522881 ], [ -95.105788, 31.52416 ], [ -95.107777, 31.522908 ], [ -95.110129, 31.524288 ], [ -95.108079, 31.526105 ], [ -95.109748, 31.527767 ], [ -95.114175, 31.529384 ], [ -95.115194, 31.53051 ], [ -95.120387, 31.532711 ], [ -95.120297, 31.534613 ], [ -95.122723, 31.534623 ], [ -95.123514, 31.533562 ], [ -95.123, 31.531137 ], [ -95.125428, 31.53284 ], [ -95.12626, 31.535172 ], [ -95.125338, 31.537248 ], [ -95.126646, 31.538363 ], [ -95.127384, 31.538056 ], [ -95.12926, 31.538349 ], [ -95.134996, 31.540392 ], [ -95.138661, 31.540227 ], [ -95.141189, 31.539614 ], [ -95.143445, 31.539641 ], [ -95.146137, 31.542888 ], [ -95.144239, 31.541935 ], [ -95.14317, 31.544037 ], [ -95.144309, 31.546677 ], [ -95.147048, 31.550285 ], [ -95.147309, 31.553754 ], [ -95.146088, 31.555641 ], [ -95.141825, 31.557851 ], [ -95.141355, 31.559129 ], [ -95.139723, 31.560867 ], [ -95.139727, 31.563031 ], [ -95.142905, 31.564688 ], [ -95.143576, 31.562902 ], [ -95.145185, 31.563121 ], [ -95.146228, 31.563972 ], [ -95.147426, 31.563174 ], [ -95.150912, 31.565668 ], [ -95.150564, 31.566996 ], [ -95.149195, 31.568949 ], [ -95.149737, 31.569568 ], [ -95.152936, 31.570199 ], [ -95.154728, 31.571118 ], [ -95.156732, 31.570832 ], [ -95.156315, 31.57196 ], [ -95.157467, 31.572335 ], [ -95.158242, 31.571564 ], [ -95.16025, 31.573046 ], [ -95.161757, 31.57346 ], [ -95.161634, 31.574903 ], [ -95.162217, 31.577676 ], [ -95.164797, 31.579089 ], [ -95.170223, 31.580678 ], [ -95.170905, 31.581689 ], [ -95.168996, 31.582342 ], [ -95.168784, 31.583755 ], [ -95.170255, 31.583094 ], [ -95.171913, 31.584878 ], [ -95.173534, 31.585116 ], [ -95.176359, 31.584826 ], [ -95.179431, 31.580406 ], [ -95.180554, 31.580604 ], [ -95.184877, 31.578181 ], [ -95.185908, 31.57894 ], [ -95.190023, 31.578002 ], [ -95.192722, 31.576059 ], [ -95.193092, 31.574751 ], [ -95.192573, 31.573297 ], [ -95.193374, 31.573283 ], [ -95.194684, 31.574688 ], [ -95.198676, 31.573914 ], [ -95.19724, 31.572963 ], [ -95.197545, 31.571567 ], [ -95.200659, 31.572073 ], [ -95.202716, 31.573393 ], [ -95.204275, 31.572842 ], [ -95.208518, 31.570185 ], [ -95.209524, 31.570782 ], [ -95.208283, 31.571852 ], [ -95.208776, 31.573054 ], [ -95.209842, 31.572168 ], [ -95.211274, 31.572035 ], [ -95.211641, 31.573275 ], [ -95.213949, 31.572729 ], [ -95.218356, 31.57343 ], [ -95.219458, 31.574513 ], [ -95.220378, 31.574172 ], [ -95.221632, 31.575866 ], [ -95.225113, 31.576691 ], [ -95.226544, 31.577407 ], [ -95.228398, 31.576363 ], [ -95.230088, 31.577327 ], [ -95.231601, 31.577048 ], [ -95.22994, 31.575523 ], [ -95.228169, 31.574722 ], [ -95.230187, 31.573495 ], [ -95.231621, 31.573903 ], [ -95.233142, 31.574834 ], [ -95.236087, 31.575325 ], [ -95.239814, 31.576705 ], [ -95.240799, 31.576435 ], [ -95.24101, 31.57466 ], [ -95.24662, 31.575375 ], [ -95.250001, 31.575355 ], [ -95.251204, 31.576265 ], [ -95.252702, 31.57617 ], [ -95.255023, 31.574789 ], [ -95.256415, 31.576159 ], [ -95.260257, 31.577104 ], [ -95.260737, 31.579431 ], [ -95.262162, 31.581217 ], [ -95.263709, 31.58155 ], [ -95.264881, 31.583907 ], [ -95.26669, 31.584034 ], [ -95.268118, 31.586649 ], [ -95.269301, 31.587537 ], [ -95.268962, 31.588397 ], [ -95.269973, 31.591453 ], [ -95.272155, 31.590347 ], [ -95.273998, 31.591442 ], [ -95.273203, 31.592886 ], [ -95.365632, 31.581188 ], [ -95.375224, 31.579561 ], [ -95.452319, 31.570136 ], [ -95.493001, 31.564927 ], [ -95.493171, 31.564905 ], [ -95.500228, 31.563514 ], [ -95.564093, 31.554195 ], [ -95.565536, 31.554125 ], [ -95.61221, 31.547668 ], [ -95.614806, 31.547177 ], [ -95.651764, 31.541791 ], [ -95.647696, 31.528704 ], [ -95.647171, 31.527014 ], [ -95.739279, 31.504056 ], [ -95.737216, 31.505321 ], [ -95.733877, 31.508376 ], [ -95.733829, 31.509161 ], [ -95.73581, 31.514144 ], [ -95.737034, 31.518534 ], [ -95.739421, 31.520233 ], [ -95.741139, 31.522474 ], [ -95.747048, 31.52437 ], [ -95.747114, 31.527607 ], [ -95.748249, 31.528708 ], [ -95.751732, 31.529398 ], [ -95.756495, 31.531052 ], [ -95.758711, 31.533217 ], [ -95.75863, 31.534098 ], [ -95.756731, 31.536571 ], [ -95.754665, 31.537986 ], [ -95.75271, 31.538732 ], [ -95.750875, 31.540734 ], [ -95.751358, 31.54276 ], [ -95.753766, 31.544773 ], [ -95.754132, 31.546048 ], [ -95.752466, 31.550739 ], [ -95.75171, 31.551552 ], [ -95.748251, 31.552545 ], [ -95.746465, 31.55343 ], [ -95.742871, 31.554156 ], [ -95.7384, 31.552853 ], [ -95.73475, 31.551191 ], [ -95.731652, 31.551105 ], [ -95.729137, 31.551578 ], [ -95.72595, 31.555037 ], [ -95.72434, 31.555737 ], [ -95.722353, 31.555538 ], [ -95.718512, 31.553659 ], [ -95.715875, 31.553824 ], [ -95.715464, 31.555 ], [ -95.717215, 31.558645 ], [ -95.717361, 31.561996 ], [ -95.717038, 31.567765 ], [ -95.718795, 31.568712 ], [ -95.721306, 31.56894 ], [ -95.722248, 31.569714 ], [ -95.721744, 31.570398 ], [ -95.719506, 31.570748 ], [ -95.717991, 31.571934 ], [ -95.718233, 31.573215 ], [ -95.719493, 31.574532 ], [ -95.721322, 31.577847 ], [ -95.724694, 31.579773 ], [ -95.726806, 31.581523 ], [ -95.729423, 31.583133 ], [ -95.729038, 31.584237 ], [ -95.725154, 31.58476 ], [ -95.721855, 31.586281 ], [ -95.720689, 31.588384 ], [ -95.720257, 31.591978 ], [ -95.719024, 31.593417 ], [ -95.71587, 31.594067 ], [ -95.716581, 31.595826 ], [ -95.716084, 31.598786 ], [ -95.714003, 31.601775 ], [ -95.711185, 31.603903 ], [ -95.712363, 31.607618 ], [ -95.711953, 31.610421 ], [ -95.710035, 31.614694 ], [ -95.710112, 31.615587 ], [ -95.713426, 31.621664 ], [ -95.717355, 31.627206 ], [ -95.71746, 31.630053 ], [ -95.718468, 31.632402 ], [ -95.723079, 31.63726 ], [ -95.723648, 31.637972 ], [ -95.727241, 31.643788 ], [ -95.728605, 31.645272 ], [ -95.730706, 31.646713 ], [ -95.732759, 31.648823 ], [ -95.735253, 31.653426 ], [ -95.736026, 31.653956 ], [ -95.739373, 31.653827 ], [ -95.74173, 31.652108 ], [ -95.74468, 31.651833 ], [ -95.749039, 31.649894 ], [ -95.752204, 31.649492 ], [ -95.753488, 31.64896 ], [ -95.756137, 31.646498 ], [ -95.756833, 31.645402 ], [ -95.757268, 31.643548 ], [ -95.754181, 31.639417 ], [ -95.752875, 31.635298 ], [ -95.752783, 31.633727 ], [ -95.753327, 31.630432 ], [ -95.753174, 31.629223 ], [ -95.751467, 31.626107 ], [ -95.750783, 31.62379 ], [ -95.748864, 31.620806 ], [ -95.748669, 31.617709 ], [ -95.752334, 31.615146 ], [ -95.753344, 31.61375 ], [ -95.753439, 31.612506 ], [ -95.752557, 31.61005 ], [ -95.753381, 31.606833 ], [ -95.758041, 31.604691 ], [ -95.760752, 31.604012 ], [ -95.761274, 31.602516 ], [ -95.760961, 31.60008 ], [ -95.764483, 31.599445 ], [ -95.767234, 31.597581 ], [ -95.768443, 31.597409 ], [ -95.77198, 31.598621 ], [ -95.777586, 31.602257 ], [ -95.779978, 31.604337 ], [ -95.782577, 31.607467 ], [ -95.785155, 31.611442 ], [ -95.786305, 31.617128 ], [ -95.7873, 31.618385 ], [ -95.788971, 31.622188 ], [ -95.788167, 31.626173 ], [ -95.79017, 31.627723 ], [ -95.793782, 31.628167 ], [ -95.795636, 31.62893 ], [ -95.796653, 31.631059 ], [ -95.796733, 31.632132 ], [ -95.795103, 31.638252 ], [ -95.792327, 31.64314 ], [ -95.789737, 31.646212 ], [ -95.789679, 31.648776 ], [ -95.790625, 31.653016 ], [ -95.791665, 31.654136 ], [ -95.794081, 31.66031 ], [ -95.793723, 31.661033 ], [ -95.790683, 31.663068 ], [ -95.790263, 31.66399 ], [ -95.790665, 31.667342 ], [ -95.79009, 31.670143 ], [ -95.788981, 31.671916 ], [ -95.784353, 31.675894 ], [ -95.782216, 31.678975 ], [ -95.780164, 31.68281 ], [ -95.779678, 31.684579 ], [ -95.780888, 31.685368 ], [ -95.787903, 31.687313 ], [ -95.788427, 31.688667 ], [ -95.787127, 31.691537 ], [ -95.787553, 31.692596 ], [ -95.788749, 31.692317 ], [ -95.79078, 31.689453 ], [ -95.791354, 31.685635 ], [ -95.792614, 31.681856 ], [ -95.794369, 31.679977 ], [ -95.794999, 31.678093 ], [ -95.794815, 31.676164 ], [ -95.795439, 31.674935 ], [ -95.800316, 31.675132 ], [ -95.802063, 31.674376 ], [ -95.804622, 31.671369 ], [ -95.805732, 31.671075 ], [ -95.809, 31.672108 ], [ -95.810561, 31.673461 ], [ -95.816465, 31.681272 ], [ -95.817307, 31.683106 ], [ -95.819889, 31.686668 ], [ -95.821283, 31.686967 ], [ -95.823067, 31.686525 ], [ -95.824287, 31.686866 ], [ -95.827123, 31.689754 ], [ -95.829638, 31.69187 ], [ -95.831204, 31.693723 ], [ -95.833102, 31.694907 ], [ -95.835324, 31.695597 ], [ -95.84553, 31.696049 ], [ -95.850497, 31.697865 ], [ -95.852779, 31.697805 ], [ -95.85516, 31.696471 ], [ -95.857538, 31.69295 ], [ -95.858822, 31.690108 ], [ -95.860954, 31.687746 ], [ -95.862206, 31.687465 ], [ -95.863701, 31.690671 ], [ -95.865395, 31.692007 ], [ -95.872512, 31.693008 ], [ -95.875347, 31.694822 ], [ -95.877027, 31.69864 ], [ -95.879401, 31.699356 ], [ -95.880632, 31.700369 ], [ -95.88044, 31.70335 ], [ -95.879423, 31.703517 ], [ -95.877032, 31.702378 ], [ -95.87485, 31.702949 ], [ -95.875784, 31.705138 ], [ -95.87751, 31.707127 ], [ -95.87769, 31.708634 ], [ -95.875667, 31.711731 ], [ -95.876092, 31.715252 ], [ -95.875933, 31.717219 ], [ -95.875016, 31.719028 ], [ -95.871336, 31.719869 ], [ -95.869681, 31.719648 ], [ -95.867137, 31.718189 ], [ -95.86661, 31.719099 ], [ -95.867023, 31.719962 ], [ -95.866629, 31.722764 ], [ -95.86882, 31.724652 ], [ -95.86874, 31.725745 ], [ -95.866985, 31.727432 ], [ -95.867028, 31.728634 ], [ -95.868864, 31.732011 ], [ -95.869715, 31.736641 ], [ -95.870508, 31.739508 ], [ -95.871446, 31.739583 ], [ -95.875039, 31.738411 ], [ -95.875134, 31.736107 ], [ -95.876287, 31.733333 ], [ -95.87714, 31.732568 ], [ -95.879526, 31.733003 ], [ -95.881151, 31.735847 ], [ -95.880889, 31.738703 ], [ -95.88028, 31.740454 ], [ -95.875617, 31.743415 ], [ -95.873078, 31.743897 ], [ -95.868825, 31.741444 ], [ -95.867285, 31.741501 ], [ -95.866646, 31.742614 ], [ -95.867755, 31.745093 ], [ -95.868833, 31.74599 ], [ -95.871666, 31.745297 ], [ -95.873245, 31.747082 ], [ -95.873362, 31.75029 ], [ -95.873848, 31.753497 ], [ -95.874718, 31.754673 ], [ -95.875937, 31.755503 ], [ -95.878697, 31.756392 ], [ -95.882735, 31.756438 ], [ -95.886343, 31.757772 ], [ -95.889509, 31.756466 ], [ -95.891058, 31.756708 ], [ -95.892776, 31.758416 ], [ -95.895147, 31.75844 ], [ -95.897824, 31.756138 ], [ -95.898529, 31.753155 ], [ -95.900079, 31.752132 ], [ -95.901568, 31.75327 ], [ -95.901928, 31.754841 ], [ -95.900498, 31.757995 ], [ -95.901776, 31.760485 ], [ -95.9031, 31.761369 ], [ -95.902935, 31.762535 ], [ -95.899477, 31.761337 ], [ -95.898033, 31.76246 ], [ -95.896544, 31.765261 ], [ -95.896687, 31.766105 ], [ -95.897965, 31.766963 ], [ -95.902178, 31.767592 ], [ -95.903924, 31.767399 ], [ -95.90693, 31.765861 ], [ -95.908587, 31.76566 ], [ -95.911495, 31.766351 ], [ -95.914343, 31.765564 ], [ -95.91589, 31.765882 ], [ -95.918531, 31.767158 ], [ -95.919741, 31.768391 ], [ -95.921018, 31.768202 ], [ -95.921268, 31.767015 ], [ -95.924241, 31.76585 ], [ -95.925777, 31.766638 ], [ -95.930431, 31.772335 ], [ -95.930766, 31.774264 ], [ -95.932335, 31.773999 ], [ -95.932937, 31.770823 ], [ -95.933846, 31.769809 ], [ -95.935849, 31.770042 ], [ -95.937036, 31.771683 ], [ -95.938127, 31.774159 ], [ -95.938991, 31.774664 ], [ -95.942023, 31.775113 ], [ -95.948698, 31.775094 ], [ -95.952224, 31.775678 ], [ -95.953019, 31.776284 ], [ -95.953197, 31.779755 ], [ -95.954301, 31.781251 ], [ -95.955705, 31.78182 ], [ -95.959317, 31.782072 ], [ -95.960463, 31.782592 ], [ -95.961006, 31.784064 ], [ -95.960703, 31.78709 ], [ -95.961963, 31.788973 ], [ -95.963066, 31.789426 ], [ -95.96739, 31.788102 ], [ -95.969418, 31.788095 ], [ -95.972715, 31.788729 ], [ -95.975318, 31.787783 ], [ -95.977994, 31.784395 ], [ -95.979537, 31.784084 ], [ -95.980568, 31.784561 ], [ -95.983574, 31.788002 ], [ -95.983449, 31.789979 ], [ -95.981718, 31.792628 ], [ -95.979617, 31.794439 ], [ -95.978528, 31.796098 ], [ -95.976181, 31.802196 ], [ -95.976181, 31.803977 ], [ -95.975398, 31.807546 ], [ -95.974955, 31.811945 ], [ -95.976798, 31.814568 ], [ -95.976152, 31.81651 ], [ -95.973232, 31.819136 ], [ -95.97376, 31.820641 ], [ -95.976424, 31.821611 ], [ -95.977578, 31.824203 ], [ -95.977972, 31.827163 ], [ -95.97791, 31.833241 ], [ -95.978493, 31.834259 ], [ -95.984395, 31.836867 ], [ -95.985637, 31.83885 ], [ -95.98801, 31.840327 ], [ -95.990116, 31.83963 ], [ -95.992023, 31.839617 ], [ -95.993222, 31.840652 ], [ -95.994543, 31.843359 ], [ -95.993565, 31.84586 ], [ -95.990868, 31.848507 ], [ -95.988192, 31.855762 ], [ -95.987619, 31.858784 ], [ -95.986275, 31.860174 ], [ -95.982376, 31.861815 ], [ -95.980083, 31.862398 ], [ -95.977899, 31.868746 ], [ -95.976665, 31.870734 ], [ -95.97436, 31.872091 ], [ -95.972169, 31.871797 ], [ -95.969729, 31.870648 ], [ -95.96832, 31.87087 ], [ -95.968119, 31.87246 ], [ -95.970056, 31.874897 ], [ -95.969759, 31.876739 ], [ -95.97029, 31.877187 ], [ -95.974597, 31.877192 ], [ -95.977263, 31.877542 ], [ -95.97953, 31.876782 ], [ -95.981965, 31.875305 ], [ -95.987318, 31.873117 ], [ -95.988442, 31.873667 ], [ -95.989259, 31.875966 ], [ -95.991374, 31.875878 ], [ -95.991579, 31.874079 ], [ -95.988805, 31.872237 ], [ -95.989117, 31.868676 ], [ -95.989899, 31.868082 ], [ -95.991391, 31.868749 ], [ -95.992579, 31.868348 ], [ -95.992924, 31.866778 ], [ -95.994127, 31.866258 ], [ -95.997506, 31.868062 ], [ -96.000236, 31.868121 ], [ -96.001267, 31.869281 ], [ -96.001033, 31.872336 ], [ -96.003283, 31.871996 ], [ -96.004831, 31.872639 ], [ -96.0051, 31.875141 ], [ -96.003972, 31.876949 ], [ -96.006654, 31.881021 ], [ -96.007907, 31.881136 ], [ -96.009372, 31.879266 ], [ -96.013534, 31.875458 ], [ -96.018597, 31.871972 ], [ -96.019929, 31.871645 ], [ -96.024265, 31.87312 ], [ -96.027622, 31.877875 ], [ -96.027607, 31.881215 ], [ -96.026584, 31.883189 ], [ -96.026716, 31.886172 ], [ -96.025486, 31.889215 ], [ -96.025004, 31.892016 ], [ -96.023311, 31.896186 ], [ -96.021571, 31.898068 ], [ -96.019472, 31.903771 ], [ -96.018358, 31.903885 ], [ -96.01664, 31.902741 ], [ -96.015759, 31.903263 ], [ -96.01589, 31.905144 ], [ -96.014667, 31.906663 ], [ -96.013579, 31.911114 ], [ -96.011816, 31.911389 ], [ -96.010098, 31.908739 ], [ -96.009282, 31.90608 ], [ -96.008332, 31.905262 ], [ -96.00718, 31.906176 ], [ -96.007322, 31.908064 ], [ -96.006533, 31.908533 ], [ -96.004614, 31.907734 ], [ -96.002919, 31.906242 ], [ -96.001341, 31.90717 ], [ -96.002616, 31.911435 ], [ -96.002669, 31.912795 ], [ -96.004806, 31.916358 ], [ -96.004264, 31.919055 ], [ -96.005218, 31.919087 ], [ -96.006569, 31.917729 ], [ -96.008329, 31.91852 ], [ -96.00617, 31.924292 ], [ -96.006536, 31.925068 ], [ -96.00998, 31.928412 ], [ -96.013442, 31.929918 ], [ -96.012702, 31.931317 ], [ -96.010407, 31.933639 ], [ -96.01131, 31.934529 ], [ -96.016401, 31.934718 ], [ -96.019763, 31.936902 ], [ -96.020889, 31.938224 ], [ -96.019923, 31.940163 ], [ -96.017888, 31.941169 ], [ -96.015118, 31.944612 ], [ -96.014512, 31.9461 ], [ -96.015944, 31.948467 ], [ -96.019272, 31.949091 ], [ -96.020709, 31.950569 ], [ -96.020463, 31.952473 ], [ -96.019358, 31.95414 ], [ -96.019754, 31.955211 ], [ -96.02193, 31.957299 ], [ -96.025342, 31.95732 ], [ -96.028975, 31.957916 ], [ -96.030014, 31.957321 ], [ -96.029318, 31.955925 ], [ -96.029812, 31.954779 ], [ -96.033335, 31.952884 ], [ -96.034896, 31.952563 ], [ -96.040837, 31.952134 ], [ -96.040674, 31.950808 ], [ -96.039046, 31.950497 ], [ -96.037652, 31.949505 ], [ -96.037751, 31.948391 ], [ -96.040529, 31.946453 ], [ -96.041451, 31.944927 ], [ -96.042532, 31.945317 ], [ -96.043751, 31.949502 ], [ -96.044799, 31.950967 ], [ -96.04734, 31.951747 ], [ -96.050197, 31.949143 ], [ -96.053354, 31.947823 ], [ -96.054688, 31.948225 ], [ -96.056853, 31.953021 ], [ -96.058735, 31.953992 ], [ -96.061559, 31.954823 ], [ -96.062172, 31.95634 ], [ -96.061883, 31.959552 ], [ -96.06046, 31.960547 ], [ -96.058358, 31.959765 ], [ -96.057211, 31.96022 ], [ -96.057131, 31.962139 ], [ -96.055892, 31.96365 ], [ -96.052478, 31.964028 ], [ -96.051254, 31.963597 ], [ -96.050394, 31.961161 ], [ -96.047614, 31.960065 ], [ -96.044976, 31.959752 ], [ -96.043816, 31.960289 ], [ -96.042914, 31.962793 ], [ -96.044175, 31.964125 ], [ -96.046584, 31.965207 ], [ -96.047295, 31.966013 ], [ -96.046794, 31.967884 ], [ -96.04575, 31.968858 ], [ -96.046441, 31.970182 ], [ -96.049436, 31.969474 ], [ -96.051256, 31.969513 ], [ -96.054124, 31.970519 ], [ -96.055583, 31.972045 ], [ -96.055627, 31.973023 ], [ -96.054405, 31.974501 ], [ -96.054733, 31.975328 ], [ -96.057985, 31.97482 ], [ -96.061314, 31.975379 ], [ -96.061735, 31.977784 ], [ -96.063641, 31.979135 ], [ -96.064804, 31.980664 ], [ -96.063048, 31.982008 ], [ -96.061849, 31.985159 ], [ -96.060785, 31.986929 ], [ -96.059715, 31.987422 ], [ -96.057627, 31.98671 ], [ -96.056498, 31.987766 ], [ -96.056726, 31.990869 ], [ -96.053785, 31.993021 ], [ -96.051554, 31.995826 ], [ -96.048953, 31.997591 ], [ -96.049209, 31.998563 ], [ -96.051208, 32.000764 ], [ -96.052668, 32.004055 ], [ -96.052786, 32.005895 ], [ -96.053215, 32.009384 ], [ -96.05478, 32.012526 ], [ -96.055573, 32.014606 ], [ -96.05407, 32.015816 ], [ -96.05251, 32.015501 ], [ -96.051062, 32.016038 ], [ -96.050758, 32.01678 ], [ -96.05284, 32.018605 ], [ -96.05626, 32.019759 ], [ -96.057606, 32.020625 ], [ -96.05876, 32.022655 ], [ -96.061579, 32.024996 ], [ -96.063156, 32.027539 ], [ -96.06353, 32.029192 ], [ -96.06219, 32.031397 ], [ -96.063448, 32.03292 ], [ -96.063941, 32.034476 ], [ -96.065416, 32.03571 ], [ -96.066462, 32.037757 ], [ -96.065588, 32.042379 ], [ -96.064647, 32.044444 ], [ -96.065004, 32.046342 ], [ -96.066102, 32.047893 ], [ -96.06575, 32.049571 ], [ -96.064003, 32.051081 ], [ -96.064288, 32.052354 ], [ -96.065987, 32.055146 ], [ -96.066808, 32.05844 ], [ -96.066545, 32.060041 ], [ -96.062372, 32.061916 ], [ -96.062449, 32.062939 ], [ -96.064655, 32.065412 ], [ -96.068602, 32.066399 ], [ -96.068816, 32.067379 ], [ -96.0668, 32.071421 ], [ -96.069237, 32.072947 ], [ -96.070245, 32.074763 ], [ -96.069534, 32.0765 ], [ -96.06664, 32.077297 ], [ -96.065059, 32.076538 ], [ -96.06338, 32.07667 ], [ -96.062524, 32.077754 ], [ -96.063021, 32.08086 ], [ -96.064523, 32.08251 ], [ -96.06601, 32.085812 ], [ -96.067209, 32.085986 ], [ -96.069346, 32.085346 ], [ -96.072126, 32.083878 ], [ -96.07774, 32.082839 ], [ -96.081578, 32.081479 ], [ -96.084851, 32.081362 ], [ -96.085992, 32.081736 ], [ -96.092134, 32.081895 ], [ -96.09537, 32.080684 ], [ -96.098505, 32.08168 ], [ -96.099464, 32.081277 ], [ -96.100285, 32.077772 ], [ -96.101092, 32.07716 ], [ -96.105364, 32.075337 ], [ -96.108199, 32.076037 ], [ -96.109205, 32.077111 ], [ -96.108063, 32.081212 ], [ -96.108004, 32.083602 ], [ -96.108757, 32.085504 ], [ -96.111735, 32.090527 ], [ -96.114382, 32.091046 ], [ -96.116241, 32.093521 ], [ -96.117827, 32.094977 ], [ -96.117965, 32.098197 ], [ -96.117438, 32.099294 ], [ -96.117196, 32.104053 ], [ -96.116066, 32.106963 ], [ -96.11153, 32.115803 ], [ -96.113114, 32.117474 ], [ -96.114342, 32.120119 ], [ -96.114147, 32.124315 ], [ -96.114699, 32.126487 ], [ -96.113786, 32.128778 ], [ -96.111564, 32.131976 ], [ -96.10881, 32.133872 ], [ -96.105977, 32.135242 ], [ -96.104105, 32.138477 ], [ -96.102421, 32.142269 ], [ -96.102712, 32.145086 ], [ -96.102549, 32.148134 ], [ -96.102974, 32.150554 ], [ -96.104429, 32.152656 ], [ -96.107413, 32.153828 ], [ -96.110505, 32.155844 ], [ -96.112675, 32.156784 ], [ -96.112857, 32.160321 ], [ -96.11366, 32.160901 ], [ -96.115693, 32.160915 ], [ -96.117734, 32.1599 ], [ -96.119099, 32.157864 ], [ -96.120556, 32.156743 ], [ -96.122781, 32.156025 ], [ -96.125954, 32.154657 ], [ -96.128111, 32.154326 ], [ -96.13098, 32.152954 ], [ -96.135872, 32.152758 ], [ -96.138914, 32.151377 ], [ -96.140792, 32.153347 ], [ -96.144135, 32.152572 ], [ -96.145345, 32.152814 ], [ -96.14955, 32.155914 ], [ -96.152209, 32.158416 ], [ -96.153415, 32.158295 ], [ -96.156706, 32.156526 ], [ -96.159006, 32.154902 ], [ -96.161081, 32.156039 ], [ -96.163059, 32.155982 ], [ -96.166611, 32.158043 ], [ -96.166975, 32.158672 ], [ -96.165407, 32.162571 ], [ -96.166455, 32.166102 ], [ -96.16842, 32.166475 ], [ -96.171489, 32.168551 ], [ -96.174448, 32.167921 ], [ -96.17584, 32.168241 ], [ -96.175368, 32.169268 ], [ -96.173218, 32.170045 ], [ -96.173169, 32.17156 ], [ -96.175317, 32.173372 ], [ -96.175325, 32.175885 ], [ -96.175939, 32.177384 ], [ -96.176839, 32.178997 ], [ -96.176477, 32.181379 ], [ -96.171666, 32.185291 ], [ -96.169727, 32.184753 ], [ -96.168197, 32.183178 ], [ -96.166497, 32.183086 ], [ -96.166173, 32.18452 ], [ -96.168158, 32.185746 ], [ -96.168252, 32.186906 ], [ -96.167327, 32.187583 ], [ -96.164167, 32.187775 ], [ -96.164936, 32.188832 ], [ -96.163374, 32.190535 ], [ -96.16023, 32.190052 ], [ -96.157907, 32.191334 ], [ -96.156105, 32.194357 ], [ -96.155969, 32.195592 ], [ -96.157279, 32.197656 ], [ -96.156139, 32.19885 ], [ -96.155642, 32.200444 ], [ -96.156315, 32.201032 ], [ -96.159951, 32.200567 ], [ -96.160933, 32.201767 ], [ -96.160392, 32.20438 ], [ -96.157895, 32.205756 ], [ -96.156011, 32.205708 ], [ -96.152241, 32.206424 ], [ -96.150517, 32.206256 ], [ -96.14739, 32.207338 ], [ -96.14621, 32.211249 ], [ -96.146799, 32.211937 ], [ -96.150479, 32.214127 ], [ -96.15186, 32.213715 ], [ -96.155392, 32.21497 ], [ -96.162177, 32.211685 ], [ -96.164109, 32.211392 ], [ -96.167332, 32.20984 ], [ -96.170894, 32.206981 ], [ -96.17534, 32.20636 ], [ -96.175035, 32.20456 ], [ -96.175848, 32.203939 ], [ -96.179349, 32.203553 ], [ -96.18141, 32.204562 ], [ -96.183368, 32.201761 ], [ -96.186147, 32.202962 ], [ -96.189536, 32.202316 ], [ -96.193685, 32.204221 ], [ -96.196965, 32.206942 ], [ -96.197202, 32.209274 ], [ -96.196348, 32.21026 ], [ -96.194214, 32.211207 ], [ -96.196449, 32.212962 ], [ -96.196096, 32.213974 ], [ -96.194155, 32.215481 ], [ -96.193977, 32.216409 ], [ -96.195159, 32.217709 ], [ -96.195947, 32.219538 ], [ -96.197414, 32.219984 ], [ -96.197769, 32.217633 ], [ -96.197263, 32.215981 ], [ -96.198155, 32.214799 ], [ -96.20032, 32.214311 ], [ -96.202945, 32.214371 ], [ -96.204163, 32.215936 ], [ -96.203935, 32.217499 ], [ -96.204655, 32.218217 ], [ -96.209099, 32.218653 ], [ -96.20989, 32.220172 ], [ -96.208179, 32.221456 ], [ -96.208629, 32.223508 ], [ -96.211104, 32.226435 ], [ -96.214894, 32.224002 ], [ -96.216279, 32.225095 ], [ -96.215705, 32.227062 ], [ -96.217149, 32.233353 ], [ -96.218379, 32.233833 ], [ -96.22032, 32.232954 ], [ -96.221995, 32.233508 ], [ -96.222574, 32.234492 ], [ -96.224236, 32.235166 ], [ -96.2278, 32.235573 ], [ -96.229373, 32.236182 ], [ -96.229815, 32.237394 ], [ -96.232214, 32.24089 ], [ -96.235891, 32.241906 ], [ -96.236135, 32.242944 ], [ -96.233193, 32.243396 ], [ -96.233197, 32.245204 ], [ -96.234517, 32.247401 ], [ -96.233967, 32.250009 ], [ -96.235083, 32.250896 ], [ -96.236582, 32.250901 ], [ -96.238039, 32.250143 ], [ -96.240153, 32.250659 ], [ -96.243126, 32.250285 ], [ -96.246616, 32.25045 ], [ -96.248927, 32.251041 ], [ -96.254399, 32.250582 ], [ -96.255314, 32.249234 ], [ -96.252044, 32.248569 ], [ -96.251034, 32.247078 ], [ -96.25655, 32.245061 ], [ -96.257758, 32.24575 ], [ -96.257391, 32.247408 ], [ -96.259589, 32.24985 ], [ -96.259487, 32.251088 ], [ -96.260529, 32.251313 ], [ -96.260853, 32.249739 ], [ -96.262248, 32.249739 ], [ -96.264676, 32.252216 ], [ -96.266714, 32.255859 ], [ -96.267044, 32.258649 ], [ -96.268671, 32.258961 ], [ -96.272605, 32.255601 ], [ -96.272213, 32.252833 ], [ -96.273668, 32.252617 ], [ -96.27664, 32.255787 ], [ -96.277734, 32.260646 ], [ -96.278898, 32.260355 ], [ -96.282151, 32.258265 ], [ -96.282295, 32.257045 ], [ -96.280369, 32.25513 ], [ -96.281547, 32.253909 ], [ -96.28507, 32.254592 ], [ -96.285895, 32.25598 ], [ -96.285646, 32.259666 ], [ -96.284595, 32.263643 ], [ -96.284881, 32.265829 ], [ -96.28561, 32.266895 ], [ -96.288597, 32.267223 ], [ -96.28989, 32.268142 ], [ -96.289359, 32.270444 ], [ -96.287632, 32.271575 ], [ -96.285529, 32.271428 ], [ -96.284731, 32.271911 ], [ -96.283853, 32.274479 ], [ -96.284013, 32.279225 ], [ -96.28519, 32.280402 ], [ -96.287126, 32.285483 ], [ -96.288199, 32.287105 ], [ -96.290902, 32.289169 ], [ -96.293299, 32.289527 ], [ -96.293651, 32.290409 ], [ -96.291781, 32.291334 ], [ -96.28955, 32.29181 ], [ -96.288882, 32.293212 ], [ -96.292936, 32.293716 ], [ -96.295947, 32.293377 ], [ -96.297456, 32.293292 ], [ -96.300485, 32.294372 ], [ -96.300048, 32.295404 ], [ -96.297573, 32.296503 ], [ -96.296572, 32.298154 ], [ -96.29868, 32.301156 ], [ -96.300416, 32.301354 ], [ -96.301909, 32.297697 ], [ -96.303033, 32.297366 ], [ -96.304294, 32.297991 ], [ -96.304816, 32.299837 ], [ -96.30426, 32.302038 ], [ -96.306448, 32.301513 ], [ -96.307494, 32.300527 ], [ -96.307191, 32.298789 ], [ -96.308046, 32.298488 ], [ -96.310108, 32.298299 ], [ -96.311345, 32.298859 ], [ -96.309661, 32.299935 ], [ -96.312635, 32.30313 ], [ -96.314065, 32.302543 ], [ -96.315162, 32.300297 ], [ -96.317433, 32.300985 ], [ -96.315839, 32.302539 ], [ -96.320046, 32.303975 ], [ -96.323116, 32.306204 ], [ -96.324404, 32.306121 ], [ -96.323279, 32.304232 ], [ -96.324398, 32.303131 ], [ -96.328212, 32.302995 ], [ -96.330988, 32.303481 ], [ -96.336632, 32.30566 ], [ -96.339016, 32.305973 ], [ -96.339532, 32.308569 ], [ -96.342357, 32.307689 ], [ -96.34539, 32.309039 ], [ -96.343742, 32.310499 ], [ -96.345317, 32.312767 ], [ -96.348828, 32.313351 ], [ -96.349846, 32.312561 ], [ -96.353071, 32.311657 ], [ -96.356036, 32.314987 ], [ -96.359331, 32.316654 ], [ -96.364369, 32.316417 ], [ -96.367216, 32.317717 ], [ -96.374721, 32.324884 ], [ -96.381298, 32.327513 ], [ -96.38291, 32.328929 ], [ -96.385201, 32.331959 ], [ -96.38821, 32.332718 ], [ -96.390805, 32.33386 ], [ -96.394234, 32.332684 ], [ -96.396563, 32.33083 ], [ -96.400411, 32.328803 ], [ -96.403368, 32.328668 ], [ -96.404928, 32.327786 ], [ -96.406948, 32.32788 ], [ -96.408118, 32.328502 ], [ -96.410886, 32.331911 ], [ -96.412136, 32.332735 ], [ -96.415677, 32.33305 ], [ -96.416442, 32.335017 ], [ -96.417533, 32.335536 ], [ -96.420389, 32.33484 ], [ -96.420013, 32.33261 ], [ -96.42164, 32.332322 ], [ -96.423259, 32.333239 ], [ -96.423764, 32.335319 ], [ -96.425216, 32.336172 ], [ -96.426273, 32.336011 ], [ -96.426226, 32.334423 ], [ -96.427772, 32.333742 ], [ -96.429131, 32.332237 ], [ -96.430226, 32.332211 ], [ -96.431045, 32.333383 ], [ -96.431399, 32.337229 ], [ -96.430279, 32.33844 ], [ -96.430525, 32.339365 ], [ -96.432871, 32.339259 ], [ -96.433833, 32.340739 ], [ -96.436919, 32.34136 ], [ -96.437108, 32.342399 ], [ -96.436293, 32.345413 ], [ -96.43733, 32.345886 ], [ -96.439307, 32.345478 ], [ -96.440752, 32.343777 ], [ -96.44177, 32.344349 ], [ -96.440946, 32.34596 ], [ -96.443784, 32.346336 ], [ -96.447128, 32.345753 ], [ -96.449104, 32.344497 ], [ -96.450997, 32.344409 ], [ -96.452043, 32.345375 ], [ -96.45202, 32.347639 ], [ -96.453882, 32.348844 ], [ -96.454555, 32.35232 ], [ -96.453082, 32.352849 ], [ -96.450527, 32.350937 ], [ -96.449312, 32.350957 ], [ -96.449264, 32.353009 ], [ -96.448437, 32.354495 ], [ -96.450469, 32.354783 ], [ -96.453664, 32.357182 ], [ -96.452372, 32.358659 ], [ -96.450802, 32.35855 ], [ -96.330324, 32.358849 ], [ -96.249701, 32.358716 ], [ -96.249739, 32.354993 ], [ -96.2409, 32.354858 ], [ -96.2394, 32.354849 ], [ -96.239274, 32.354848 ], [ -96.238909, 32.354912 ], [ -96.231509, 32.354709 ], [ -96.215014, 32.35503 ], [ -96.20745, 32.355079 ], [ -96.196928, 32.35481 ], [ -96.195748, 32.35532 ], [ -96.195616, 32.358197 ], [ -96.167668, 32.357996 ], [ -96.155313, 32.357905 ], [ -96.150546, 32.357849 ], [ -96.144858, 32.357827 ], [ -96.115223, 32.357572 ], [ -96.105405, 32.357545 ], [ -96.10389, 32.357543 ], [ -96.097943, 32.35749 ], [ -96.092769, 32.357551 ], [ -96.087552, 32.357549 ], [ -96.085701, 32.357549 ], [ -96.085377, 32.357563 ], [ -96.075899, 32.357505 ], [ -96.075871, 32.364161 ], [ -96.075852, 32.368684 ], [ -96.075852, 32.368874 ], [ -96.075797, 32.38109 ], [ -96.075802, 32.386201 ], [ -96.075803, 32.386854 ], [ -96.075807, 32.391256 ], [ -96.075807, 32.391433 ], [ -96.075807, 32.39158 ], [ -96.075809, 32.39373 ], [ -96.075856, 32.432769 ], [ -96.075912, 32.4797 ], [ -96.075965, 32.500089 ], [ -96.075537, 32.506887 ], [ -96.075708, 32.547542 ], [ -96.075729, 32.548585 ], [ -96.075799, 32.563623 ], [ -96.075808, 32.565672 ], [ -96.075905, 32.590984 ], [ -96.075921, 32.650658 ], [ -96.076172, 32.712802 ], [ -96.076425, 32.770049 ], [ -96.076504, 32.794773 ], [ -96.076619, 32.823653 ], [ -96.07662, 32.837024 ], [ -96.076801, 32.838489 ], [ -96.028939, 32.838167 ], [ -95.978877, 32.837729 ], [ -95.977795, 32.837606 ], [ -95.934433, 32.837217 ], [ -95.935328, 32.838047 ], [ -95.934939, 32.840339 ], [ -95.937301, 32.841064 ], [ -95.938102, 32.842968 ], [ -95.939815, 32.841431 ], [ -95.9415, 32.84131 ], [ -95.941225, 32.842714 ], [ -95.943081, 32.84134 ], [ -95.943653, 32.842542 ], [ -95.942997, 32.843826 ], [ -95.944074, 32.845188 ], [ -95.947301, 32.844797 ], [ -95.946814, 32.843266 ], [ -95.949032, 32.842416 ], [ -95.95012, 32.845246 ], [ -95.951453, 32.84485 ], [ -95.952587, 32.845987 ], [ -95.955939, 32.844942 ], [ -95.956777, 32.845207 ], [ -95.957892, 32.846044 ], [ -95.958674, 32.848216 ], [ -95.958486, 32.850451 ], [ -95.961248, 32.851425 ], [ -95.961735, 32.852707 ], [ -95.96385, 32.854101 ], [ -95.966298, 32.854155 ], [ -95.968642, 32.856032 ], [ -95.968025, 32.857808 ], [ -95.970977, 32.858491 ], [ -95.971103, 32.860571 ], [ -95.974181, 32.861722 ], [ -95.974772, 32.862761 ], [ -95.978089, 32.865018 ], [ -95.980396, 32.867379 ], [ -95.980112, 32.868671 ], [ -95.982284, 32.869515 ], [ -95.984859, 32.87228 ], [ -95.9866, 32.873064 ], [ -95.986282, 32.875121 ], [ -95.987259, 32.876415 ], [ -95.986106, 32.877511 ], [ -95.98664, 32.879621 ], [ -95.986073, 32.880436 ], [ -95.9828, 32.881808 ], [ -95.983335, 32.884542 ], [ -95.982932, 32.885427 ], [ -95.979739, 32.886491 ], [ -95.978133, 32.886237 ], [ -95.977365, 32.887521 ], [ -95.976813, 32.889694 ], [ -95.97737, 32.891029 ], [ -95.976427, 32.89159 ], [ -95.977501, 32.892473 ], [ -95.977372, 32.893783 ], [ -95.97452, 32.895289 ], [ -95.974561, 32.897607 ], [ -95.973494, 32.897652 ], [ -95.972662, 32.899092 ], [ -95.973744, 32.899863 ], [ -95.972119, 32.900731 ], [ -95.972534, 32.902081 ], [ -95.970436, 32.907908 ], [ -95.968411, 32.913556 ], [ -95.968131, 32.914655 ], [ -95.968057, 32.914946 ], [ -95.967347, 32.917058 ], [ -95.966078, 32.920725 ], [ -95.9453, 32.979877 ], [ -95.94019, 32.980006 ], [ -95.925181, 32.979805 ], [ -95.92355, 32.979796 ], [ -95.898203, 32.979796 ], [ -95.896895, 32.979594 ], [ -95.871835, 32.979382 ], [ -95.862521, 32.979571 ], [ -95.817072, 32.979581 ], [ -95.799171, 32.97965 ], [ -95.778729, 32.979828 ], [ -95.750239, 32.980227 ], [ -95.747988, 32.980072 ], [ -95.721338, 32.979771 ], [ -95.712186, 32.979543 ], [ -95.683141, 32.979629 ], [ -95.667728, 32.979554 ], [ -95.667704, 32.978333 ], [ -95.665389, 32.960434 ], [ -95.625357, 32.960653 ], [ -95.58106, 32.960988 ], [ -95.563263, 32.9611 ], [ -95.522469, 32.961439 ], [ -95.520591, 32.96136 ], [ -95.515196, 32.961394 ], [ -95.509755, 32.961446 ], [ -95.469998, 32.961672 ], [ -95.427096, 32.961893 ], [ -95.417576, 32.961866 ], [ -95.397889, 32.962108 ], [ -95.388979, 32.962113 ], [ -95.323185, 32.962452 ], [ -95.308957, 32.962572 ], [ -95.301241, 32.962587 ], [ -95.288268, 32.962452 ], [ -95.276347, 32.962398 ], [ -95.271942, 32.96237 ], [ -95.231193, 32.962196 ], [ -95.184049, 32.961931 ], [ -95.172947, 32.961829 ], [ -95.17259, 32.963292 ], [ -95.174246, 32.963666 ], [ -95.175837, 32.965325 ], [ -95.175178, 32.966617 ], [ -95.173561, 32.967425 ], [ -95.173933, 32.969184 ], [ -95.172648, 32.969437 ], [ -95.171748, 32.972513 ], [ -95.169466, 32.972624 ], [ -95.167738, 32.973674 ], [ -95.167373, 32.974784 ], [ -95.165038, 32.975322 ], [ -95.164895, 32.97685 ], [ -95.163936, 32.977058 ], [ -95.164438, 32.978499 ], [ -95.16254, 32.98019 ], [ -95.162005, 32.982956 ], [ -95.163967, 32.984758 ], [ -95.162585, 32.984977 ], [ -95.161834, 32.986483 ], [ -95.163588, 32.988507 ], [ -95.161371, 32.989589 ], [ -95.161853, 32.992063 ], [ -95.162681, 32.9927 ], [ -95.161435, 32.994717 ], [ -95.159654, 32.9947 ], [ -95.158871, 32.995486 ], [ -95.157613, 32.994695 ], [ -95.158636, 32.997267 ], [ -95.157527, 32.99775 ], [ -95.156103, 33.000763 ], [ -95.156263, 33.001409 ], [ -95.154135, 33.002889 ], [ -95.152138, 33.002735 ], [ -95.151695, 33.006054 ], [ -95.153158, 33.008311 ], [ -95.154411, 33.007866 ], [ -95.15365, 33.012448 ], [ -95.152206, 33.01345 ], [ -95.150535, 33.011412 ], [ -95.149962, 33.005998 ], [ -95.150309, 33.000121 ], [ -95.152248, 32.990285 ], [ -95.152188, 32.974817 ], [ -95.152201, 32.953201 ], [ -95.152586, 32.949289 ], [ -95.152301, 32.948216 ], [ -95.152297, 32.941335 ], [ -95.152266, 32.922713 ], [ -95.15255, 32.916359 ], [ -95.152103, 32.907884 ], [ -95.15211, 32.902641 ], [ -95.152117, 32.897036 ], [ -95.152118, 32.896414 ], [ -95.152107, 32.891251 ], [ -95.152282, 32.865211 ], [ -95.152237, 32.849292 ], [ -95.152265, 32.813325 ], [ -95.152436, 32.780191 ], [ -95.152451, 32.759591 ], [ -95.152527, 32.728664 ], [ -95.152611, 32.703097 ], [ -95.15263, 32.69959 ], [ -95.15265, 32.696032 ], [ -95.15274, 32.660949 ], [ -95.152879, 32.625593 ], [ -95.152964, 32.607121 ], [ -95.15341, 32.570115 ], [ -95.150507, 32.572116 ], [ -95.150769, 32.570197 ], [ -95.148413, 32.568748 ], [ -95.145888, 32.569741 ], [ -95.144291, 32.567031 ], [ -95.144309, 32.5638 ], [ -95.142603, 32.561906 ], [ -95.140693, 32.559677 ], [ -95.141469, 32.555177 ], [ -95.140665, 32.551101 ], [ -95.139766, 32.549973 ], [ -95.135434, 32.548014 ], [ -95.131344, 32.548972 ], [ -95.126058, 32.549128 ], [ -95.122633, 32.549815 ], [ -95.121432, 32.549109 ], [ -95.121946, 32.546809 ], [ -95.120002, 32.542994 ], [ -95.118786, 32.542496 ], [ -95.117559, 32.542811 ], [ -95.117048, 32.544556 ], [ -95.114687, 32.545319 ], [ -95.113067, 32.548219 ], [ -95.114133, 32.549107 ], [ -95.112711, 32.550919 ], [ -95.110815, 32.551769 ], [ -95.109334, 32.551803 ], [ -95.103272, 32.55106 ], [ -95.099015, 32.552399 ], [ -95.098949, 32.549979 ], [ -95.097559, 32.549658 ], [ -95.096479, 32.550443 ], [ -95.097507, 32.553573 ], [ -95.098746, 32.555523 ], [ -95.097977, 32.556078 ], [ -95.095577, 32.555169 ], [ -95.094386, 32.557372 ], [ -95.093259, 32.557682 ], [ -95.09011, 32.557172 ], [ -95.087063, 32.556068 ], [ -95.085054, 32.55784 ], [ -95.084515, 32.557437 ], [ -95.085968, 32.554626 ], [ -95.085742, 32.553413 ], [ -95.08442, 32.552981 ], [ -95.082677, 32.553904 ], [ -95.08149, 32.555869 ], [ -95.079116, 32.556119 ], [ -95.078983, 32.553111 ], [ -95.080107, 32.551053 ], [ -95.083552, 32.546447 ], [ -95.083871, 32.542541 ], [ -95.083043, 32.541705 ], [ -95.07994, 32.541293 ], [ -95.076242, 32.539337 ], [ -95.07579, 32.537222 ], [ -95.074901, 32.537111 ], [ -95.072427, 32.538518 ], [ -95.072326, 32.540422 ], [ -95.0714, 32.541134 ], [ -95.068841, 32.538671 ], [ -95.065935, 32.537692 ], [ -95.063305, 32.538128 ], [ -95.061265, 32.538029 ], [ -95.058772, 32.538707 ], [ -95.056437, 32.540522 ], [ -95.054971, 32.540215 ], [ -95.054201, 32.538683 ], [ -95.050738, 32.538203 ], [ -95.047836, 32.539169 ], [ -95.047465, 32.540369 ], [ -95.046144, 32.540824 ], [ -95.044855, 32.542237 ], [ -95.043525, 32.541088 ], [ -95.044514, 32.539851 ], [ -95.046264, 32.539246 ], [ -95.044939, 32.538162 ], [ -95.043316, 32.535764 ], [ -95.04327, 32.532469 ], [ -95.04076, 32.532285 ], [ -95.038064, 32.533073 ], [ -95.031484, 32.535482 ], [ -95.029025, 32.536164 ], [ -95.027242, 32.536123 ], [ -95.024817, 32.537 ], [ -95.024172, 32.538321 ], [ -95.027224, 32.539724 ], [ -95.028061, 32.540685 ], [ -95.027081, 32.542961 ], [ -95.026597, 32.545819 ], [ -95.025871, 32.546819 ], [ -95.02417, 32.547421 ], [ -95.020974, 32.546726 ], [ -95.019451, 32.543414 ], [ -95.018664, 32.542986 ], [ -95.01544, 32.543143 ], [ -95.017069, 32.53954 ], [ -95.017119, 32.537799 ], [ -95.015396, 32.533161 ], [ -95.015439, 32.53228 ], [ -95.017395, 32.526947 ], [ -95.018259, 32.525801 ], [ -95.022478, 32.522109 ], [ -95.020694, 32.520314 ], [ -95.017471, 32.518395 ], [ -95.014209, 32.51708 ], [ -95.011602, 32.516477 ], [ -95.008686, 32.516813 ], [ -95.006361, 32.519674 ], [ -95.004776, 32.52091 ], [ -94.998538, 32.521915 ], [ -94.997778, 32.523032 ], [ -94.993959, 32.526584 ], [ -94.99182, 32.52961 ], [ -94.990013, 32.534262 ], [ -94.988337, 32.536758 ], [ -94.986935, 32.537246 ], [ -94.986585, 32.537324 ], [ -94.981934, 32.537618 ], [ -94.974487, 32.536042 ], [ -94.973363, 32.537649 ], [ -94.972708, 32.537759 ], [ -94.972207, 32.537429 ], [ -94.971523, 32.537697 ], [ -94.95985, 32.542158 ], [ -94.959401, 32.542312 ], [ -94.959097, 32.542415 ], [ -94.951262, 32.545102 ], [ -94.946148, 32.547179 ], [ -94.922514, 32.555256 ], [ -94.914954, 32.557833 ], [ -94.904728, 32.561225 ], [ -94.902055, 32.561226 ], [ -94.902044, 32.562102 ], [ -94.901105, 32.562409 ], [ -94.895466, 32.564645 ], [ -94.894719, 32.564912 ], [ -94.889611, 32.566743 ], [ -94.879138, 32.570099 ], [ -94.877823, 32.570831 ], [ -94.876745, 32.57103 ], [ -94.876346, 32.571008 ], [ -94.872944, 32.572099 ], [ -94.868099, 32.574081 ], [ -94.867352, 32.574337 ], [ -94.866675, 32.574572 ], [ -94.862896, 32.575868 ], [ -94.862434, 32.576104 ], [ -94.859859, 32.57692 ], [ -94.859417, 32.577072 ], [ -94.856101, 32.578477 ], [ -94.854965, 32.578958 ], [ -94.848939, 32.58106 ], [ -94.84762, 32.581519 ], [ -94.840858, 32.583852 ], [ -94.829709, 32.58773 ], [ -94.828319, 32.588172 ], [ -94.828221, 32.588203 ], [ -94.828037, 32.588259 ], [ -94.820013, 32.59088 ], [ -94.818752, 32.59227 ], [ -94.817288, 32.593894 ], [ -94.802642, 32.610324 ], [ -94.774927, 32.641394 ], [ -94.773477, 32.643863 ], [ -94.766387, 32.650962 ], [ -94.758502, 32.659793 ], [ -94.75507, 32.660732 ], [ -94.753004, 32.660708 ], [ -94.75167, 32.662556 ], [ -94.749589, 32.660705 ], [ -94.747372, 32.660426 ], [ -94.747488, 32.662922 ], [ -94.746713, 32.664791 ], [ -94.747077, 32.666215 ], [ -94.745629, 32.667507 ], [ -94.744336, 32.666053 ], [ -94.741298, 32.664523 ], [ -94.736905, 32.663482 ], [ -94.735538, 32.660331 ], [ -94.734213, 32.661333 ], [ -94.731956, 32.657964 ], [ -94.729311, 32.658548 ], [ -94.727919, 32.65542 ], [ -94.724975, 32.654575 ], [ -94.723851, 32.65457 ], [ -94.722129, 32.655817 ], [ -94.719562, 32.654411 ], [ -94.718133, 32.656104 ], [ -94.716053, 32.655886 ], [ -94.715878, 32.656947 ], [ -94.714007, 32.656616 ], [ -94.714403, 32.657579 ], [ -94.712018, 32.65804 ], [ -94.711407, 32.656799 ], [ -94.710706, 32.657959 ], [ -94.708466, 32.656998 ], [ -94.708671, 32.655678 ], [ -94.706351, 32.656025 ], [ -94.70372, 32.657828 ], [ -94.702673, 32.656405 ], [ -94.703128, 32.654041 ], [ -94.70179, 32.652209 ], [ -94.70183, 32.607808 ], [ -94.701852, 32.58458 ], [ -94.701918, 32.538431 ], [ -94.702004, 32.532029 ], [ -94.701996, 32.530262 ], [ -94.701987, 32.528379 ], [ -94.702003, 32.517727 ], [ -94.701942, 32.503918 ], [ -94.701958, 32.49134 ], [ -94.701972, 32.481011 ], [ -94.702097, 32.472168 ], [ -94.701971, 32.467694 ], [ -94.70215, 32.456126 ], [ -94.702195, 32.452408 ], [ -94.701986, 32.421782 ], [ -94.700565, 32.423475 ], [ -94.692944, 32.427442 ], [ -94.691674, 32.427243 ], [ -94.690389, 32.425801 ], [ -94.689197, 32.42582 ], [ -94.686597, 32.426968 ], [ -94.684295, 32.427161 ], [ -94.680483, 32.4248 ], [ -94.676589, 32.42438 ], [ -94.67192, 32.42182 ], [ -94.671847, 32.420998 ], [ -94.67289, 32.420059 ], [ -94.67597, 32.41872 ], [ -94.674718, 32.417304 ], [ -94.673505, 32.417359 ], [ -94.672337, 32.418682 ], [ -94.672143, 32.417875 ], [ -94.673789, 32.416307 ], [ -94.673942, 32.413509 ], [ -94.671813, 32.41199 ], [ -94.670719, 32.411813 ], [ -94.669109, 32.413072 ], [ -94.667923, 32.412741 ], [ -94.669179, 32.409912 ], [ -94.668961, 32.408979 ], [ -94.667441, 32.40908 ], [ -94.666733, 32.410035 ], [ -94.664679, 32.410781 ], [ -94.660584, 32.410456 ], [ -94.658333, 32.408946 ], [ -94.657975, 32.407431 ], [ -94.656496, 32.406142 ], [ -94.654148, 32.40567 ], [ -94.653585, 32.402701 ], [ -94.648669, 32.401169 ], [ -94.645865, 32.399506 ], [ -94.641305, 32.398104 ], [ -94.636652, 32.397835 ], [ -94.632202, 32.398644 ], [ -94.629375, 32.398762 ], [ -94.625093, 32.398391 ], [ -94.620843, 32.398535 ], [ -94.617317, 32.397556 ], [ -94.608256, 32.397846 ], [ -94.604144, 32.399391 ], [ -94.599837, 32.399836 ], [ -94.597801, 32.399205 ], [ -94.5966, 32.398363 ], [ -94.594628, 32.395873 ], [ -94.591119, 32.392215 ], [ -94.589385, 32.391442 ], [ -94.588653, 32.391381 ], [ -94.586342, 32.391951 ], [ -94.579219, 32.394916 ], [ -94.579201, 32.394925 ] ] ] } },
{ "type": "Feature", "properties": { "FederalDivisionName": "Victoria", "FederalJudicialDistrict": "Southern" }, "geometry": { "type": "MultiPolygon", "coordinates": [ [ [ [ -96.797586, 28.269007 ], [ -96.794734, 28.264297 ], [ -96.789257, 28.258599 ], [ -96.788079, 28.255504 ], [ -96.787181, 28.251526 ], [ -96.786296, 28.248595 ], [ -96.785821, 28.245559 ], [ -96.784276, 28.243675 ], [ -96.779998, 28.244512 ], [ -96.776789, 28.244826 ], [ -96.780711, 28.240534 ], [ -96.784437, 28.2377 ], [ -96.783325, 28.232682 ], [ -96.785226, 28.22954 ], [ -96.789267, 28.227342 ], [ -96.795803, 28.224096 ], [ -96.800913, 28.222211 ], [ -96.804479, 28.223153 ], [ -96.809352703572799, 28.2205944147045 ], [ -96.798718112219902, 28.275947999820801 ], [ -96.798418, 28.275601 ], [ -96.797586, 28.269007 ] ] ], [ [ [ -97.494181, 28.227825 ], [ -97.479076, 28.248476 ], [ -97.47809, 28.250285 ], [ -97.408493, 28.344114 ], [ -97.395705, 28.3615 ], [ -97.38065, 28.381777 ], [ -97.375579, 28.388684 ], [ -97.376737, 28.390075 ], [ -97.380587, 28.390792 ], [ -97.383953, 28.389677 ], [ -97.385869, 28.389793 ], [ -97.388394, 28.391208 ], [ -97.389258, 28.39298 ], [ -97.38805, 28.395697 ], [ -97.389772, 28.397078 ], [ -97.392604, 28.3961 ], [ -97.393961, 28.393493 ], [ -97.395778, 28.392261 ], [ -97.399373, 28.392191 ], [ -97.40137, 28.393836 ], [ -97.401717, 28.395674 ], [ -97.401399, 28.397918 ], [ -97.400222, 28.400998 ], [ -97.397882, 28.403038 ], [ -97.39805, 28.404078 ], [ -97.400463, 28.405696 ], [ -97.406231, 28.405879 ], [ -97.408228, 28.406529 ], [ -97.410237, 28.40802 ], [ -97.41728, 28.405942 ], [ -97.419048, 28.404369 ], [ -97.420547, 28.404182 ], [ -97.424286, 28.407593 ], [ -97.426874, 28.411681 ], [ -97.429271, 28.413018 ], [ -97.431104, 28.413029 ], [ -97.434645, 28.410631 ], [ -97.439237, 28.409338 ], [ -97.441061, 28.409353 ], [ -97.442957, 28.408573 ], [ -97.444581, 28.403022 ], [ -97.445359, 28.402692 ], [ -97.447238, 28.403248 ], [ -97.448078, 28.40453 ], [ -97.448551, 28.406889 ], [ -97.449428, 28.408331 ], [ -97.451158, 28.409486 ], [ -97.452203, 28.409497 ], [ -97.45397, 28.408061 ], [ -97.456726, 28.407362 ], [ -97.459265, 28.407499 ], [ -97.461324, 28.408637 ], [ -97.464224, 28.411283 ], [ -97.464922, 28.41559 ], [ -97.465563, 28.416773 ], [ -97.468134, 28.417564 ], [ -97.469932, 28.418692 ], [ -97.470225, 28.419534 ], [ -97.469118, 28.422114 ], [ -97.470239, 28.425106 ], [ -97.474253, 28.42642 ], [ -97.478561, 28.431007 ], [ -97.4805, 28.433889 ], [ -97.481585, 28.434631 ], [ -97.48521, 28.436391 ], [ -97.489473, 28.437148 ], [ -97.491814, 28.438451 ], [ -97.494011, 28.438846 ], [ -97.498038, 28.438256 ], [ -97.499749, 28.437513 ], [ -97.502049, 28.437813 ], [ -97.503941, 28.437099 ], [ -97.505299, 28.434586 ], [ -97.508219, 28.4327 ], [ -97.510472, 28.432178 ], [ -97.513696, 28.432587 ], [ -97.516353, 28.431878 ], [ -97.517853, 28.431972 ], [ -97.520292, 28.433508 ], [ -97.521199, 28.437634 ], [ -97.523879, 28.440738 ], [ -97.523064, 28.442773 ], [ -97.520599, 28.444081 ], [ -97.520418, 28.446007 ], [ -97.521886, 28.446876 ], [ -97.525508, 28.44735 ], [ -97.529194, 28.446394 ], [ -97.531907, 28.446301 ], [ -97.533818, 28.447798 ], [ -97.53535, 28.448105 ], [ -97.538337, 28.446154 ], [ -97.541829, 28.446689 ], [ -97.544654, 28.449929 ], [ -97.546571, 28.450254 ], [ -97.548027, 28.451316 ], [ -97.551369, 28.450441 ], [ -97.552683, 28.451812 ], [ -97.553916, 28.455278 ], [ -97.553685, 28.458452 ], [ -97.554624, 28.462925 ], [ -97.553858, 28.465565 ], [ -97.551692, 28.46754 ], [ -97.551392, 28.468475 ], [ -97.551597, 28.472117 ], [ -97.553172, 28.473696 ], [ -97.552817, 28.475391 ], [ -97.551709, 28.476859 ], [ -97.552349, 28.481866 ], [ -97.553962, 28.484055 ], [ -97.55512, 28.484903 ], [ -97.553999, 28.486872 ], [ -97.553943, 28.488324 ], [ -97.554882, 28.490706 ], [ -97.554733, 28.49223 ], [ -97.55259, 28.494326 ], [ -97.552516, 28.494964 ], [ -97.554085, 28.497555 ], [ -97.554165, 28.499354 ], [ -97.553608, 28.500894 ], [ -97.553932, 28.502864 ], [ -97.556105, 28.503986 ], [ -97.557487, 28.508398 ], [ -97.558608, 28.514241 ], [ -97.560066, 28.51374 ], [ -97.561585, 28.515534 ], [ -97.563024, 28.516408 ], [ -97.565509, 28.515077 ], [ -97.568953, 28.515402 ], [ -97.569203, 28.516848 ], [ -97.571539, 28.519533 ], [ -97.573613, 28.520903 ], [ -97.577058, 28.522547 ], [ -97.582446, 28.522238 ], [ -97.584134, 28.522535 ], [ -97.58627, 28.524372 ], [ -97.590755, 28.523909 ], [ -97.59506, 28.52508 ], [ -97.599525, 28.523627 ], [ -97.601494, 28.523423 ], [ -97.60477, 28.52422 ], [ -97.60588, 28.526354 ], [ -97.607438, 28.5267 ], [ -97.608422, 28.526188 ], [ -97.608626, 28.523487 ], [ -97.610401, 28.523233 ], [ -97.612601, 28.525053 ], [ -97.616283, 28.526631 ], [ -97.617673, 28.528225 ], [ -97.619796, 28.527152 ], [ -97.623081, 28.529588 ], [ -97.623189, 28.528012 ], [ -97.62654, 28.528265 ], [ -97.627413, 28.527236 ], [ -97.630191, 28.527056 ], [ -97.633886, 28.524802 ], [ -97.637001, 28.524996 ], [ -97.638814, 28.523434 ], [ -97.640147, 28.524359 ], [ -97.642452, 28.524304 ], [ -97.642869, 28.523683 ], [ -97.641861, 28.522109 ], [ -97.644889, 28.520812 ], [ -97.646595, 28.520928 ], [ -97.649896, 28.523135 ], [ -97.652188, 28.52362 ], [ -97.654081, 28.525304 ], [ -97.653919, 28.527323 ], [ -97.654859, 28.52833 ], [ -97.65603, 28.528478 ], [ -97.659213, 28.527329 ], [ -97.662552, 28.527935 ], [ -97.668139, 28.53045 ], [ -97.668575, 28.534439 ], [ -97.669397, 28.53533 ], [ -97.671608, 28.535776 ], [ -97.679533, 28.535177 ], [ -97.680423, 28.536382 ], [ -97.683071, 28.536399 ], [ -97.684772, 28.537197 ], [ -97.684928, 28.539276 ], [ -97.686105, 28.540024 ], [ -97.691793, 28.541075 ], [ -97.693506, 28.542071 ], [ -97.696572, 28.541537 ], [ -97.698441, 28.545267 ], [ -97.698802, 28.547768 ], [ -97.699986, 28.548612 ], [ -97.701027, 28.550614 ], [ -97.698815, 28.550846 ], [ -97.698971, 28.552078 ], [ -97.700292, 28.554851 ], [ -97.702299, 28.555802 ], [ -97.703365, 28.557904 ], [ -97.701626, 28.560413 ], [ -97.704998, 28.561122 ], [ -97.703521, 28.563125 ], [ -97.704475, 28.566348 ], [ -97.705933, 28.567465 ], [ -97.706164, 28.5696 ], [ -97.707903, 28.568301 ], [ -97.709018, 28.56862 ], [ -97.709156, 28.572053 ], [ -97.70829, 28.573329 ], [ -97.708365, 28.574776 ], [ -97.710004, 28.574803 ], [ -97.712653, 28.576283 ], [ -97.711631, 28.578038 ], [ -97.712517, 28.580118 ], [ -97.71243, 28.582351 ], [ -97.714007, 28.583886 ], [ -97.713048, 28.586406 ], [ -97.714027, 28.587726 ], [ -97.715978, 28.588941 ], [ -97.716452, 28.591208 ], [ -97.719021, 28.592693 ], [ -97.719688, 28.594063 ], [ -97.721745, 28.595806 ], [ -97.719894, 28.596973 ], [ -97.720781, 28.601132 ], [ -97.723811, 28.604003 ], [ -97.72499, 28.604547 ], [ -97.726873, 28.607424 ], [ -97.727129, 28.608662 ], [ -97.728882, 28.610493 ], [ -97.729606, 28.612584 ], [ -97.72856, 28.616804 ], [ -97.728336, 28.620908 ], [ -97.729378, 28.622982 ], [ -97.730975, 28.622734 ], [ -97.731935, 28.623515 ], [ -97.731406, 28.625 ], [ -97.732214, 28.625996 ], [ -97.731158, 28.62663 ], [ -97.731603, 28.628063 ], [ -97.736571, 28.63026 ], [ -97.737915, 28.630346 ], [ -97.738945, 28.63264 ], [ -97.739899, 28.632628 ], [ -97.742357, 28.635675 ], [ -97.744659, 28.636939 ], [ -97.746592, 28.636564 ], [ -97.750483, 28.639235 ], [ -97.751953, 28.641887 ], [ -97.753368, 28.642641 ], [ -97.753779, 28.644199 ], [ -97.752455, 28.647625 ], [ -97.753575, 28.651901 ], [ -97.754593, 28.654165 ], [ -97.7554, 28.655037 ], [ -97.758518, 28.655974 ], [ -97.759921, 28.65796 ], [ -97.762553, 28.657928 ], [ -97.763351, 28.658539 ], [ -97.762302, 28.659947 ], [ -97.765532, 28.661726 ], [ -97.766641, 28.664807 ], [ -97.769866, 28.664599 ], [ -97.772004, 28.668324 ], [ -97.773377, 28.667851 ], [ -97.773875, 28.669018 ], [ -97.778336, 28.667649 ], [ -97.77853, 28.668027 ], [ -97.653782, 28.756962 ], [ -97.606673, 28.790497 ], [ -97.574639, 28.8133 ], [ -97.597906, 28.838538 ], [ -97.598366, 28.838909 ], [ -97.612614, 28.854296 ], [ -97.740474, 28.991377 ], [ -97.754691, 29.006789 ], [ -97.75511, 29.007113 ], [ -97.751977, 29.009365 ], [ -97.745589, 29.013546 ], [ -97.725691, 29.028271 ], [ -97.655712, 29.079511 ], [ -97.630208, 29.098363 ], [ -97.624957, 29.100801 ], [ -97.613132, 29.109765 ], [ -97.603331, 29.11738 ], [ -97.600988, 29.118938 ], [ -97.556513, 29.152313 ], [ -97.450564, 29.230813 ], [ -97.444486, 29.235217 ], [ -97.379051, 29.282973 ], [ -97.33368, 29.316167 ], [ -97.289155, 29.34871 ], [ -97.253742, 29.374662 ], [ -97.240108, 29.384488 ], [ -97.239601, 29.385512 ], [ -97.229184, 29.419242 ], [ -97.211244, 29.478298 ], [ -97.204794, 29.500238 ], [ -97.202331, 29.507527 ], [ -97.202595, 29.517846 ], [ -97.202635, 29.519381 ], [ -97.203744, 29.559316 ], [ -97.204087, 29.580613 ], [ -97.197872, 29.585472 ], [ -97.148402, 29.624138 ], [ -97.142643, 29.628101 ], [ -97.130431, 29.628322 ], [ -97.125264, 29.628424 ], [ -97.12209, 29.628387 ], [ -97.04525, 29.629722 ], [ -97.039475, 29.630026 ], [ -97.02106, 29.630153 ], [ -96.995126, 29.631081 ], [ -96.993244, 29.631024 ], [ -96.963634, 29.631506 ], [ -96.927117, 29.631955 ], [ -96.926987, 29.63168 ], [ -96.905413, 29.632198 ], [ -96.874222, 29.632706 ], [ -96.864996, 29.632706 ], [ -96.865566, 29.630153 ], [ -96.86289, 29.629742 ], [ -96.863085, 29.628334 ], [ -96.859075, 29.626725 ], [ -96.859144, 29.624376 ], [ -96.857136, 29.62321 ], [ -96.854581, 29.623024 ], [ -96.850987, 29.621513 ], [ -96.848029, 29.620969 ], [ -96.847242, 29.620172 ], [ -96.848953, 29.618918 ], [ -96.847348, 29.61706 ], [ -96.844497, 29.616889 ], [ -96.842861, 29.616082 ], [ -96.843131, 29.61485 ], [ -96.842338, 29.612826 ], [ -96.843564, 29.611056 ], [ -96.84428, 29.609041 ], [ -96.841261, 29.607647 ], [ -96.840354, 29.605227 ], [ -96.837931, 29.603793 ], [ -96.837566, 29.60029 ], [ -96.836873, 29.598569 ], [ -96.836112, 29.598487 ], [ -96.833324, 29.595903 ], [ -96.833362, 29.595298 ], [ -96.835765, 29.592773 ], [ -96.836311, 29.588556 ], [ -96.838947, 29.586163 ], [ -96.839287, 29.585245 ], [ -96.838745, 29.583046 ], [ -96.83653, 29.580907 ], [ -96.834794, 29.579934 ], [ -96.832812, 29.576863 ], [ -96.793132, 29.577378 ], [ -96.792988, 29.577228 ], [ -96.761287, 29.544276 ], [ -96.757798, 29.54065 ], [ -96.706877, 29.487566 ], [ -96.706155, 29.486696 ], [ -96.703613, 29.483805 ], [ -96.688914, 29.467968 ], [ -96.687582, 29.466496 ], [ -96.560555, 29.335439 ], [ -96.573182, 29.326144 ], [ -96.658466, 29.263876 ], [ -96.643316, 29.25025 ], [ -96.640315, 29.247804 ], [ -96.634506, 29.242625 ], [ -96.633831, 29.242023 ], [ -96.625251, 29.234372 ], [ -96.61337, 29.225583 ], [ -96.568496, 29.186852 ], [ -96.546354, 29.167733 ], [ -96.541186, 29.16325 ], [ -96.531837, 29.155159 ], [ -96.448495, 29.083387 ], [ -96.429938, 29.067353 ], [ -96.331515, 28.982818 ], [ -96.330511, 28.981826 ], [ -96.309178, 28.963291 ], [ -96.31006, 28.941035 ], [ -96.310623, 28.930112 ], [ -96.310686, 28.922589 ], [ -96.315301, 28.829111 ], [ -96.317336, 28.790066 ], [ -96.31815, 28.776352 ], [ -96.323522, 28.675597 ], [ -96.322731, 28.642944 ], [ -96.352288, 28.509531 ], [ -96.361009, 28.470727 ], [ -96.364588, 28.454239 ], [ -96.367547, 28.440465 ], [ -96.378326524119402, 28.390777479321599 ], [ -96.38224, 28.387946 ], [ -96.390376, 28.381815 ], [ -96.389663, 28.379305 ], [ -96.389421, 28.37507 ], [ -96.390732, 28.372718 ], [ -96.400477, 28.357137 ], [ -96.407197, 28.348733 ], [ -96.412837, 28.342808 ], [ -96.426503, 28.330779 ], [ -96.442849, 28.317666 ], [ -96.45228, 28.312505 ], [ -96.46795, 28.305705 ], [ -96.492356, 28.296103 ], [ -96.519391, 28.284023 ], [ -96.542877, 28.272719 ], [ -96.560568, 28.264033 ], [ -96.582986, 28.251832 ], [ -96.604777, 28.238953 ], [ -96.63201, 28.222821 ], [ -96.65636, 28.207433 ], [ -96.672214, 28.197012 ], [ -96.693307, 28.182978 ], [ -96.724596, 28.161123 ], [ -96.752181, 28.141105 ], [ -96.787021, 28.11449 ], [ -96.812889, 28.094381 ], [ -96.851367, 28.062368 ], [ -96.853053963155901, 28.060847271843301 ], [ -96.853988, 28.063105 ], [ -96.853688, 28.063904 ], [ -96.849713, 28.066905 ], [ -96.847129, 28.070604 ], [ -96.846903, 28.074545 ], [ -96.846044, 28.076095 ], [ -96.845627, 28.079595 ], [ -96.844083, 28.084351 ], [ -96.842277, 28.08789 ], [ -96.840098, 28.09061 ], [ -96.837646, 28.094673 ], [ -96.838021, 28.096954 ], [ -96.837736, 28.099491 ], [ -96.834182, 28.103307 ], [ -96.830861, 28.108 ], [ -96.830200830653098, 28.110881644063699 ], [ -96.829378, 28.110586 ], [ -96.825585, 28.112161 ], [ -96.823112, 28.11531 ], [ -96.820888, 28.116142 ], [ -96.810943, 28.123354 ], [ -96.809367, 28.126543 ], [ -96.810747, 28.131804 ], [ -96.810463, 28.133 ], [ -96.80531, 28.134426 ], [ -96.803171, 28.135579 ], [ -96.801983, 28.140818 ], [ -96.802937, 28.14434 ], [ -96.805572, 28.144508 ], [ -96.808519, 28.144696 ], [ -96.81149, 28.143229 ], [ -96.815887, 28.141552 ], [ -96.818264, 28.143753 ], [ -96.819334, 28.143333 ], [ -96.81969, 28.144696 ], [ -96.818502, 28.145534 ], [ -96.818264, 28.148049 ], [ -96.817551, 28.150459 ], [ -96.818026, 28.152659 ], [ -96.8166, 28.154545 ], [ -96.816719, 28.158527 ], [ -96.818858, 28.160203 ], [ -96.820330552428501, 28.163417128858399 ], [ -96.819460459077305, 28.168071581853798 ], [ -96.818739, 28.167956 ], [ -96.817194, 28.17068 ], [ -96.816957, 28.17508 ], [ -96.815174, 28.175604 ], [ -96.812322, 28.174975 ], [ -96.805667, 28.178327 ], [ -96.801745, 28.182203 ], [ -96.798418, 28.185555 ], [ -96.794139, 28.188069 ], [ -96.790574, 28.188907 ], [ -96.786415, 28.189745 ], [ -96.77141, 28.188154 ], [ -96.7463, 28.188645 ], [ -96.735394, 28.190094 ], [ -96.732249, 28.186928 ], [ -96.720379, 28.186001 ], [ -96.717321, 28.188586 ], [ -96.717049, 28.191029 ], [ -96.716223, 28.193168 ], [ -96.708219, 28.19661 ], [ -96.702185, 28.197503 ], [ -96.697641, 28.202209 ], [ -96.697047, 28.20378 ], [ -96.699662, 28.205351 ], [ -96.701444, 28.209854 ], [ -96.702752, 28.214567 ], [ -96.702633, 28.215509 ], [ -96.696097, 28.216975 ], [ -96.689917, 28.218022 ], [ -96.681955, 28.22085 ], [ -96.673992, 28.224619 ], [ -96.666862, 28.22598 ], [ -96.662703, 28.22598 ], [ -96.659375, 28.227446 ], [ -96.658187, 28.229331 ], [ -96.660445, 28.231006 ], [ -96.662703, 28.232367 ], [ -96.659409, 28.237825 ], [ -96.657495, 28.238154 ], [ -96.65632, 28.236932 ], [ -96.655843, 28.235062 ], [ -96.654434, 28.23497 ], [ -96.653161, 28.235757 ], [ -96.652493, 28.237999 ], [ -96.653498, 28.240235 ], [ -96.653117, 28.242467 ], [ -96.650318, 28.243189 ], [ -96.649436, 28.244635 ], [ -96.65025, 28.246127 ], [ -96.649536, 28.248158 ], [ -96.650005, 28.250243 ], [ -96.648475, 28.25204 ], [ -96.635933, 28.259267 ], [ -96.629071, 28.261994 ], [ -96.616247, 28.262923 ], [ -96.615731, 28.264888 ], [ -96.618475, 28.266997 ], [ -96.623459, 28.266392 ], [ -96.624665, 28.266626 ], [ -96.625031, 28.268009 ], [ -96.624583, 28.269024 ], [ -96.614341, 28.271335 ], [ -96.612511, 28.273088 ], [ -96.606892, 28.27522 ], [ -96.606527, 28.277226 ], [ -96.604118, 28.277609 ], [ -96.602214, 28.27653 ], [ -96.595946, 28.277305 ], [ -96.593107, 28.280629 ], [ -96.592979, 28.282904 ], [ -96.595028, 28.283707 ], [ -96.60354, 28.282144 ], [ -96.609472, 28.27974 ], [ -96.611232, 28.28013 ], [ -96.61127, 28.281422 ], [ -96.606372, 28.284224 ], [ -96.604828, 28.287008 ], [ -96.603639, 28.292554 ], [ -96.601993, 28.293217 ], [ -96.599004, 28.293287 ], [ -96.591161, 28.297577 ], [ -96.582129, 28.301553 ], [ -96.575593, 28.300821 ], [ -96.571434, 28.301972 ], [ -96.567987, 28.301344 ], [ -96.558599, 28.301658 ], [ -96.553845, 28.302704 ], [ -96.549686, 28.303855 ], [ -96.547428, 28.305425 ], [ -96.54517, 28.312121 ], [ -96.541486, 28.31641 ], [ -96.533999, 28.3207 ], [ -96.525205, 28.323001 ], [ -96.505121, 28.326349 ], [ -96.482541, 28.330114 ], [ -96.467924, 28.332939 ], [ -96.450336, 28.33775 ], [ -96.440591, 28.34298 ], [ -96.441066, 28.34936 ], [ -96.441779, 28.352289 ], [ -96.433698, 28.363688 ], [ -96.438689, 28.368812 ], [ -96.444869, 28.370276 ], [ -96.465145, 28.366744 ], [ -96.47137, 28.365152 ], [ -96.471252, 28.367557 ], [ -96.468518, 28.37174 ], [ -96.461388, 28.37519 ], [ -96.452831, 28.380209 ], [ -96.450217, 28.388469 ], [ -96.447484, 28.392337 ], [ -96.437382, 28.396728 ], [ -96.427994, 28.400805 ], [ -96.420626, 28.404359 ], [ -96.419794, 28.40645 ], [ -96.416348, 28.413871 ], [ -96.420032, 28.416902 ], [ -96.42942, 28.41732 ], [ -96.441898, 28.418156 ], [ -96.45295, 28.418679 ], [ -96.460912, 28.414289 ], [ -96.466023, 28.409899 ], [ -96.479214, 28.402791 ], [ -96.511538, 28.383346 ], [ -96.523422, 28.378118 ], [ -96.534712, 28.374145 ], [ -96.550042, 28.369335 ], [ -96.557767, 28.366197 ], [ -96.573097, 28.358773 ], [ -96.581416, 28.353335 ], [ -96.5851, 28.350824 ], [ -96.601619, 28.337018 ], [ -96.620633, 28.31913 ], [ -96.625149, 28.316201 ], [ -96.623604, 28.313585 ], [ -96.621346, 28.310656 ], [ -96.618613, 28.309819 ], [ -96.616949, 28.307831 ], [ -96.61683, 28.306052 ], [ -96.618898, 28.304734 ], [ -96.620396, 28.30396 ], [ -96.624674, 28.303541 ], [ -96.626813, 28.305111 ], [ -96.625506, 28.309819 ], [ -96.626456, 28.312853 ], [ -96.632398, 28.318712 ], [ -96.651769, 28.317666 ], [ -96.656761, 28.31777 ], [ -96.664485, 28.315573 ], [ -96.663918, 28.310377 ], [ -96.665198, 28.30961 ], [ -96.684355, 28.314464 ], [ -96.685401, 28.315782 ], [ -96.685044, 28.317875 ], [ -96.687897, 28.328127 ], [ -96.699899, 28.342144 ], [ -96.705247, 28.348811 ], [ -96.706911, 28.354694 ], [ -96.706911, 28.356786 ], [ -96.704415, 28.356263 ], [ -96.702794, 28.357629 ], [ -96.700731, 28.360551 ], [ -96.700612, 28.36306 ], [ -96.699305, 28.370171 ], [ -96.699424, 28.380836 ], [ -96.700494, 28.382614 ], [ -96.701682, 28.384496 ], [ -96.705841, 28.387946 ], [ -96.709609, 28.388773 ], [ -96.709902, 28.389925 ], [ -96.706298, 28.392815 ], [ -96.705469, 28.395755 ], [ -96.705245, 28.400561 ], [ -96.706194, 28.403006 ], [ -96.706171, 28.404596 ], [ -96.708342339770894, 28.4065563824715 ], [ -96.708456, 28.406659 ], [ -96.712394, 28.408092 ], [ -96.725379240413801, 28.4092278646709 ], [ -96.727027, 28.409372 ], [ -96.727659381314794, 28.409088277577499 ], [ -96.729559, 28.408236 ], [ -96.732212409849396, 28.408710539293001 ], [ -96.73472, 28.409159 ], [ -96.740386, 28.410394 ], [ -96.742591, 28.41204 ], [ -96.744636, 28.411918 ], [ -96.745612, 28.41089 ], [ -96.746248, 28.40944 ], [ -96.747911, 28.409481 ], [ -96.748505, 28.412721 ], [ -96.752546, 28.421187 ], [ -96.752783, 28.433415 ], [ -96.753972, 28.436759 ], [ -96.758844, 28.441253 ], [ -96.776195, 28.450761 ], [ -96.783682, 28.455463 ], [ -96.792951, 28.465806 ], [ -96.793545, 28.468314 ], [ -96.793189, 28.476149 ], [ -96.79307, 28.480432 ], [ -96.795803, 28.480223 ], [ -96.799963, 28.481894 ], [ -96.805192, 28.479805 ], [ -96.815055, 28.475209 ], [ -96.823136, 28.470299 ], [ -96.827415, 28.46612 ], [ -96.826702, 28.461732 ], [ -96.828722, 28.459956 ], [ -96.82682, 28.458598 ], [ -96.825751, 28.45703 ], [ -96.823018, 28.45703 ], [ -96.820047, 28.459016 ], [ -96.81835, 28.459258 ], [ -96.816838, 28.457971 ], [ -96.815531, 28.456821 ], [ -96.81256, 28.457239 ], [ -96.810658, 28.455672 ], [ -96.8084, 28.455568 ], [ -96.807687, 28.456821 ], [ -96.805905, 28.457344 ], [ -96.804716, 28.458598 ], [ -96.801626, 28.459225 ], [ -96.800319, 28.461836 ], [ -96.796516, 28.460269 ], [ -96.793545, 28.458389 ], [ -96.792357, 28.456821 ], [ -96.790574, 28.452538 ], [ -96.785108, 28.448254 ], [ -96.784203276890807, 28.446822325152802 ], [ -96.781542, 28.442611 ], [ -96.779284, 28.438536 ], [ -96.779141174792201, 28.438387025761799 ], [ -96.774174, 28.433206 ], [ -96.773078373510799, 28.431744104876 ], [ -96.770728, 28.428608 ], [ -96.766331, 28.427458 ], [ -96.764638, 28.425502 ], [ -96.766989000205797, 28.420443993764898 ], [ -96.767055, 28.420302 ], [ -96.766999495259398, 28.4201581691167 ], [ -96.765856, 28.417195 ], [ -96.764786, 28.412826 ], [ -96.768352, 28.410389 ], [ -96.772867, 28.408331 ], [ -96.775985, 28.405809 ], [ -96.77869, 28.404463 ], [ -96.780948, 28.401118 ], [ -96.783444, 28.401327 ], [ -96.786771, 28.402164 ], [ -96.802696, 28.413348 ], [ -96.806855, 28.418156 ], [ -96.812485, 28.420329 ], [ -96.818739, 28.426518 ], [ -96.8248, 28.429235 ], [ -96.826939, 28.429339 ], [ -96.829316, 28.428399 ], [ -96.83811, 28.432788 ], [ -96.847499, 28.429339 ], [ -96.851183, 28.425891 ], [ -96.850351, 28.424323 ], [ -96.851064, 28.423591 ], [ -96.853916, 28.423173 ], [ -96.857125, 28.419411 ], [ -96.859145, 28.415857 ], [ -96.85962, 28.413348 ], [ -96.857956, 28.412408 ], [ -96.857719, 28.411153 ], [ -96.857838, 28.408645 ], [ -96.855699, 28.406972 ], [ -96.851064, 28.40415 ], [ -96.84631, 28.400073 ], [ -96.844875481526699, 28.398277298558298 ], [ -96.841890077616398, 28.3945402298448 ], [ -96.84013, 28.392337 ], [ -96.837546, 28.391586 ], [ -96.837873, 28.389619 ], [ -96.835852, 28.387737 ], [ -96.828841, 28.38115 ], [ -96.825989, 28.37885 ], [ -96.824087, 28.379059 ], [ -96.821473, 28.375922 ], [ -96.815768, 28.372472 ], [ -96.811965, 28.371321 ], [ -96.806261, 28.367557 ], [ -96.799131, 28.364838 ], [ -96.7945, 28.364634 ], [ -96.794368, 28.3621 ], [ -96.791881, 28.360341 ], [ -96.791525, 28.357518 ], [ -96.793831, 28.35183 ], [ -96.794971, 28.348105 ], [ -96.794696077197003, 28.347914885013001 ], [ -96.793308, 28.346955 ], [ -96.792713, 28.345804 ], [ -96.793046602935803, 28.345668615507599 ], [ -96.793585157705195, 28.345450056387602 ], [ -96.794258, 28.345177 ], [ -96.794734, 28.34298 ], [ -96.793051, 28.340355 ], [ -96.792399861540602, 28.336457874559301 ], [ -96.790099, 28.322687 ], [ -96.790534646413505, 28.319233011803199 ], [ -96.791467, 28.319027 ], [ -96.867144, 28.308307 ], [ -96.86882, 28.308234 ], [ -96.91989, 28.300848 ], [ -97.083376, 28.278186 ], [ -97.123072, 28.272817 ], [ -97.12396, 28.27231 ], [ -97.124252, 28.271435 ], [ -97.122642, 28.270298 ], [ -97.120915, 28.26988 ], [ -97.121473, 28.267619 ], [ -97.12085, 28.264193 ], [ -97.118985, 28.263071 ], [ -97.117474, 28.260041 ], [ -97.11756, 28.259128 ], [ -97.119354, 28.256322 ], [ -97.120739, 28.255837 ], [ -97.123802, 28.256232 ], [ -97.125, 28.255249 ], [ -97.125604, 28.253709 ], [ -97.125337, 28.253263 ], [ -97.121495, 28.252267 ], [ -97.118514, 28.249842 ], [ -97.118171, 28.247081 ], [ -97.1175, 28.246608 ], [ -97.112885, 28.246357 ], [ -97.112077, 28.245197 ], [ -97.112703, 28.243343 ], [ -97.112169, 28.242166 ], [ -97.108932, 28.240594 ], [ -97.108447, 28.239653 ], [ -97.108589, 28.237255 ], [ -97.107744, 28.236463 ], [ -97.10439, 28.236101 ], [ -97.10398, 28.234049 ], [ -97.103184, 28.232993 ], [ -97.101427, 28.234023 ], [ -97.097865, 28.232045 ], [ -97.097991, 28.230663 ], [ -97.099345, 28.229302 ], [ -97.102469, 28.227634 ], [ -97.102162, 28.22649 ], [ -97.098045, 28.225659 ], [ -97.09258, 28.223809 ], [ -97.087958, 28.220689 ], [ -97.084335, 28.220924 ], [ -97.079157, 28.219809 ], [ -97.076052, 28.219781 ], [ -97.073834, 28.218596 ], [ -97.07315, 28.216811 ], [ -97.071879, 28.216562 ], [ -97.070829, 28.214498 ], [ -97.069868, 28.214117 ], [ -97.065035, 28.214545 ], [ -97.064564, 28.212759 ], [ -97.065148, 28.211064 ], [ -97.063789, 28.207945 ], [ -97.062281, 28.206478 ], [ -97.059821, 28.205673 ], [ -97.056301, 28.205246 ], [ -97.054242, 28.203845 ], [ -97.053678, 28.204883 ], [ -97.05106, 28.205401 ], [ -97.049332, 28.206832 ], [ -97.047501, 28.206004 ], [ -97.046944, 28.206957 ], [ -97.048078, 28.207633 ], [ -97.045847, 28.208061 ], [ -97.044247, 28.207426 ], [ -97.0432, 28.209 ], [ -97.039147, 28.207275 ], [ -97.03857, 28.206258 ], [ -97.03912, 28.204129 ], [ -97.037422, 28.201296 ], [ -97.028507, 28.203225 ], [ -97.017543356203305, 28.2028650363719 ], [ -97.019464, 28.201761 ], [ -97.026032, 28.193568 ], [ -97.031941, 28.188712 ], [ -97.046472, 28.184979 ], [ -97.07535, 28.174609 ], [ -97.085927, 28.169685 ], [ -97.095078, 28.165704 ], [ -97.11326, 28.156484 ], [ -97.127996, 28.146006 ], [ -97.138454, 28.143386 ], [ -97.145941, 28.14108 ], [ -97.148321289848994, 28.139764293440699 ], [ -97.153903, 28.136679 ], [ -97.164124, 28.127247 ], [ -97.168034, 28.130385 ], [ -97.169185, 28.130512 ], [ -97.175664, 28.122872 ], [ -97.17594, 28.11978 ], [ -97.185752, 28.114041 ], [ -97.187267296047494, 28.112879265086001 ], [ -97.198468, 28.104292 ], [ -97.199355385853806, 28.103586445165501 ], [ -97.206810977406306, 28.097658551858402 ], [ -97.206906, 28.097583 ], [ -97.212254, 28.092236 ], [ -97.21772, 28.085946 ], [ -97.22081, 28.079026 ], [ -97.22283, 28.077348 ], [ -97.2225895207619, 28.076959034107599 ], [ -97.221038486474598, 28.074450295970301 ], [ -97.234426, 28.062458 ], [ -97.240219, 28.061538 ], [ -97.250269, 28.068513 ], [ -97.257204, 28.072391 ], [ -97.257525, 28.073279 ], [ -97.260818, 28.075759 ], [ -97.2617, 28.077301 ], [ -97.263176, 28.081631 ], [ -97.260595, 28.083839 ], [ -97.26083, 28.086032 ], [ -97.261521, 28.08722 ], [ -97.262794, 28.087323 ], [ -97.264272, 28.088884 ], [ -97.269686, 28.089566 ], [ -97.273683, 28.090345 ], [ -97.278141, 28.090426 ], [ -97.282414, 28.090129 ], [ -97.283984, 28.091331 ], [ -97.284271, 28.092858 ], [ -97.284467, 28.100061 ], [ -97.285334, 28.101633 ], [ -97.286747, 28.107657 ], [ -97.287259, 28.110734 ], [ -97.288863, 28.113675 ], [ -97.291783, 28.115433 ], [ -97.29387, 28.11533 ], [ -97.294912, 28.114541 ], [ -97.295608, 28.112873 ], [ -97.294845, 28.109 ], [ -97.294967, 28.107278 ], [ -97.295681, 28.106074 ], [ -97.298869, 28.104401 ], [ -97.30134, 28.103829 ], [ -97.303816, 28.104005 ], [ -97.307294, 28.105764 ], [ -97.310121, 28.107841 ], [ -97.312742, 28.108947 ], [ -97.316044, 28.109352 ], [ -97.317525, 28.110991 ], [ -97.318153, 28.112909 ], [ -97.316954, 28.11575 ], [ -97.315556, 28.116349 ], [ -97.311774, 28.115313 ], [ -97.310275, 28.11603 ], [ -97.309205, 28.117557 ], [ -97.309037, 28.120017 ], [ -97.311188, 28.123959 ], [ -97.313066, 28.130265 ], [ -97.315819, 28.135807 ], [ -97.317803, 28.137495 ], [ -97.319515, 28.137333 ], [ -97.324503, 28.1356 ], [ -97.326855, 28.1342 ], [ -97.327503, 28.133117 ], [ -97.326707, 28.131886 ], [ -97.324639, 28.131754 ], [ -97.320579, 28.13361 ], [ -97.318829, 28.133482 ], [ -97.317664, 28.131872 ], [ -97.317575, 28.129092 ], [ -97.319199, 28.125958 ], [ -97.321638, 28.123113 ], [ -97.325274, 28.119519 ], [ -97.327183, 28.11874 ], [ -97.329719, 28.118855 ], [ -97.330681, 28.119898 ], [ -97.329777, 28.121507 ], [ -97.324918, 28.124181 ], [ -97.324708, 28.126003 ], [ -97.326159, 28.127012 ], [ -97.333397, 28.128603 ], [ -97.337441, 28.129768 ], [ -97.340108, 28.131973 ], [ -97.341518, 28.132171 ], [ -97.34326, 28.13019 ], [ -97.343327, 28.126935 ], [ -97.343902, 28.120633 ], [ -97.345424, 28.118371 ], [ -97.346432, 28.118778 ], [ -97.350204, 28.123055 ], [ -97.351825, 28.123502 ], [ -97.355886, 28.123142 ], [ -97.357801, 28.123807 ], [ -97.361655, 28.126375 ], [ -97.367109, 28.128597 ], [ -97.369617, 28.130257 ], [ -97.374728, 28.13429 ], [ -97.376974, 28.138472 ], [ -97.378614, 28.139002 ], [ -97.379803, 28.137386 ], [ -97.38065, 28.130949 ], [ -97.381879, 28.126462 ], [ -97.382777, 28.125165 ], [ -97.384469, 28.124109 ], [ -97.385722, 28.123925 ], [ -97.386931, 28.124906 ], [ -97.387573, 28.12823 ], [ -97.390018, 28.129809 ], [ -97.39355, 28.13027 ], [ -97.395879, 28.130004 ], [ -97.398922, 28.130288 ], [ -97.402613, 28.130993 ], [ -97.403842, 28.130129 ], [ -97.404311, 28.126926 ], [ -97.405625, 28.124614 ], [ -97.405447, 28.123483 ], [ -97.403814, 28.121996 ], [ -97.401984, 28.121009 ], [ -97.398081, 28.120289 ], [ -97.396225, 28.118841 ], [ -97.397281, 28.118156 ], [ -97.399799, 28.119953 ], [ -97.400919, 28.119506 ], [ -97.401178, 28.118081 ], [ -97.400476, 28.11435 ], [ -97.400646, 28.112525 ], [ -97.401852, 28.110699 ], [ -97.403932, 28.109003 ], [ -97.405578, 28.110074 ], [ -97.405163, 28.113098 ], [ -97.405244, 28.116212 ], [ -97.404795, 28.117973 ], [ -97.405384, 28.119216 ], [ -97.407384, 28.119382 ], [ -97.410969, 28.120609 ], [ -97.418142, 28.122136 ], [ -97.420136, 28.121569 ], [ -97.421275, 28.120476 ], [ -97.42249, 28.117922 ], [ -97.426733, 28.117259 ], [ -97.427266, 28.11874 ], [ -97.426948, 28.120881 ], [ -97.427083, 28.124333 ], [ -97.427998, 28.128111 ], [ -97.428839, 28.128501 ], [ -97.432292, 28.128424 ], [ -97.434704, 28.129095 ], [ -97.435277, 28.129908 ], [ -97.434419, 28.130577 ], [ -97.429712, 28.131356 ], [ -97.427915, 28.133337 ], [ -97.423548, 28.13501 ], [ -97.423802, 28.138235 ], [ -97.422141, 28.141749 ], [ -97.422259, 28.142305 ], [ -97.4242, 28.142592 ], [ -97.42506, 28.141434 ], [ -97.427739, 28.13952 ], [ -97.430683, 28.139227 ], [ -97.43411, 28.137971 ], [ -97.438847, 28.13897 ], [ -97.44062, 28.136425 ], [ -97.440492, 28.133475 ], [ -97.44092, 28.132116 ], [ -97.442795, 28.131907 ], [ -97.444644, 28.132809 ], [ -97.44645, 28.132793 ], [ -97.447598, 28.133475 ], [ -97.447604, 28.135516 ], [ -97.447027, 28.137172 ], [ -97.444502, 28.140643 ], [ -97.4421, 28.142673 ], [ -97.442808, 28.146871 ], [ -97.44264, 28.148147 ], [ -97.440946, 28.151074 ], [ -97.44192, 28.153522 ], [ -97.443112, 28.154473 ], [ -97.445371, 28.152823 ], [ -97.445793, 28.149973 ], [ -97.447761, 28.148174 ], [ -97.450138, 28.147767 ], [ -97.45187, 28.149016 ], [ -97.452503, 28.151755 ], [ -97.45349, 28.154066 ], [ -97.457339, 28.154868 ], [ -97.458208, 28.155831 ], [ -97.455918, 28.159726 ], [ -97.456291, 28.160535 ], [ -97.459549, 28.160045 ], [ -97.463528, 28.157602 ], [ -97.468115, 28.15584 ], [ -97.46881, 28.154745 ], [ -97.470076, 28.154387 ], [ -97.471882, 28.155003 ], [ -97.472807, 28.156021 ], [ -97.474223, 28.158298 ], [ -97.475393, 28.16452 ], [ -97.474947, 28.16842 ], [ -97.473744, 28.172987 ], [ -97.473485, 28.177542 ], [ -97.474137, 28.178758 ], [ -97.475528, 28.179296 ], [ -97.477421, 28.178779 ], [ -97.478569, 28.177128 ], [ -97.479319, 28.173624 ], [ -97.481174, 28.169827 ], [ -97.482384, 28.168616 ], [ -97.485041, 28.168049 ], [ -97.489039, 28.167959 ], [ -97.495091, 28.1659 ], [ -97.499838, 28.162877 ], [ -97.508464, 28.159093 ], [ -97.509724, 28.158175 ], [ -97.511998, 28.155359 ], [ -97.514922, 28.153291 ], [ -97.517902, 28.152605 ], [ -97.521211, 28.151341 ], [ -97.522576, 28.151688 ], [ -97.523879, 28.153129 ], [ -97.524666, 28.156194 ], [ -97.526447, 28.159539 ], [ -97.527415, 28.160568 ], [ -97.530797, 28.162258 ], [ -97.533324, 28.162374 ], [ -97.538153, 28.163278 ], [ -97.541071, 28.164669 ], [ -97.540851, 28.164963 ], [ -97.500271, 28.220079 ], [ -97.498197, 28.221965 ], [ -97.494181, 28.227825 ] ] ] ] } },
{ "type": "Feature", "properties": { "FederalDivisionName": "Waco", "FederalJudicialDistrict": "Western" }, "geometry": { "type": "Polygon", "coordinates": [ [ [ -97.92537, 31.09644 ], [ -97.92636, 31.097883 ], [ -97.928044, 31.10037 ], [ -97.92855, 31.10114 ], [ -97.928672, 31.101276 ], [ -97.935207, 31.110688 ], [ -97.950099, 31.132284 ], [ -97.967993, 31.15777 ], [ -98.005351, 31.212246 ], [ -98.014284, 31.224906 ], [ -98.050744, 31.277265 ], [ -98.054547, 31.282789 ], [ -98.076758, 31.314555 ], [ -98.076817, 31.314655 ], [ -98.180006, 31.463717 ], [ -98.230778, 31.43776 ], [ -98.231056, 31.437619 ], [ -98.249659, 31.428109 ], [ -98.253255, 31.425789 ], [ -98.27107, 31.416398 ], [ -98.345185, 31.519129 ], [ -98.345934, 31.520458 ], [ -98.361216, 31.541998 ], [ -98.382998, 31.572262 ], [ -98.383216, 31.572644 ], [ -98.410582, 31.611362 ], [ -98.422094, 31.627378 ], [ -98.463736, 31.683989 ], [ -98.447266, 31.692529 ], [ -98.326071, 31.754515 ], [ -98.29874, 31.768772 ], [ -98.240064, 31.798947 ], [ -98.156568, 31.841713 ], [ -98.162264, 31.850037 ], [ -98.180297, 31.876388 ], [ -98.191438, 31.8927 ], [ -98.208386, 31.917511 ], [ -98.043958, 31.999064 ], [ -98.042239, 31.999915 ], [ -98.041413, 32.000147 ], [ -98.039953, 32.00085 ], [ -98.039789, 32.000929 ], [ -98.019053, 32.011116 ], [ -98.005462, 32.017897 ], [ -98.000683, 32.020279 ], [ -97.99191, 32.024679 ], [ -97.864864, 32.087328 ], [ -97.864997, 32.087628 ], [ -97.888254, 32.12854 ], [ -97.889133, 32.130273 ], [ -97.889535, 32.131067 ], [ -97.904938, 32.158473 ], [ -97.91235, 32.171644 ], [ -97.940474, 32.221738 ], [ -97.945625, 32.233468 ], [ -97.880054, 32.266635 ], [ -97.868907, 32.272506 ], [ -97.862991, 32.275392 ], [ -97.858177, 32.278159 ], [ -97.8356, 32.289631 ], [ -97.819135, 32.297956 ], [ -97.806822, 32.304223 ], [ -97.796191, 32.309643 ], [ -97.787773, 32.313932 ], [ -97.78276, 32.316493 ], [ -97.743724, 32.316936 ], [ -97.728901, 32.317138 ], [ -97.708015, 32.317349 ], [ -97.707796, 32.317352 ], [ -97.685596, 32.317735 ], [ -97.684491, 32.317749 ], [ -97.61572, 32.318617 ], [ -97.615558, 32.281415 ], [ -97.61533, 32.2501 ], [ -97.615087, 32.203491 ], [ -97.609508, 32.204164 ], [ -97.605624, 32.204155 ], [ -97.59984, 32.204201 ], [ -97.59826, 32.20393 ], [ -97.595152, 32.202341 ], [ -97.59262, 32.19998 ], [ -97.590189, 32.19511 ], [ -97.589759, 32.193161 ], [ -97.58989, 32.18848 ], [ -97.5909, 32.18615 ], [ -97.59223, 32.1848 ], [ -97.596544, 32.182472 ], [ -97.599208, 32.18147 ], [ -97.60158, 32.17991 ], [ -97.60257, 32.17763 ], [ -97.60168, 32.17567 ], [ -97.597723, 32.174137 ], [ -97.595939, 32.173966 ], [ -97.592931, 32.174374 ], [ -97.591185, 32.175092 ], [ -97.585488, 32.178092 ], [ -97.578628, 32.180771 ], [ -97.575947, 32.181024 ], [ -97.573395, 32.180315 ], [ -97.570421, 32.178551 ], [ -97.56917, 32.177562 ], [ -97.567691, 32.175012 ], [ -97.567479, 32.172686 ], [ -97.56808, 32.167801 ], [ -97.567383, 32.165341 ], [ -97.5648, 32.162778 ], [ -97.564644, 32.161676 ], [ -97.56496, 32.160559 ], [ -97.569681, 32.155745 ], [ -97.570682, 32.153858 ], [ -97.569677, 32.151285 ], [ -97.568318, 32.150244 ], [ -97.566588, 32.149931 ], [ -97.558473, 32.149221 ], [ -97.55455, 32.149569 ], [ -97.552025, 32.148742 ], [ -97.54957, 32.147457 ], [ -97.541499, 32.142492 ], [ -97.537699, 32.140499 ], [ -97.521813, 32.13476 ], [ -97.515719, 32.133765 ], [ -97.512488, 32.134219 ], [ -97.509633, 32.136139 ], [ -97.508158, 32.138438 ], [ -97.508311, 32.140604 ], [ -97.511001, 32.143856 ], [ -97.512196, 32.146667 ], [ -97.513456, 32.15258 ], [ -97.513768, 32.155614 ], [ -97.513068, 32.159467 ], [ -97.512139, 32.161415 ], [ -97.510495, 32.162783 ], [ -97.508545, 32.163393 ], [ -97.502986, 32.162768 ], [ -97.49448, 32.164628 ], [ -97.49277, 32.165707 ], [ -97.489008, 32.169943 ], [ -97.486632, 32.171543 ], [ -97.483387, 32.172432 ], [ -97.476086, 32.17346 ], [ -97.471811, 32.17552 ], [ -97.475985, 32.181679 ], [ -97.383653, 32.202342 ], [ -97.377978, 32.203609 ], [ -97.365493, 32.206321 ], [ -97.357401, 32.208061 ], [ -97.30251, 32.219876 ], [ -97.279189, 32.224897 ], [ -97.274398, 32.22593 ], [ -97.270479, 32.226774 ], [ -97.243201, 32.232657 ], [ -97.182242, 32.245815 ], [ -97.181851, 32.245899 ], [ -97.160772, 32.250427 ], [ -97.151434, 32.251883 ], [ -97.147433, 32.252257 ], [ -97.133407, 32.254699 ], [ -97.08705, 32.265255 ], [ -97.087043, 32.266824 ], [ -97.056379, 32.222012 ], [ -97.050794, 32.213673 ], [ -97.0139, 32.158965 ], [ -96.998989, 32.136866 ], [ -96.962626, 32.083931 ], [ -96.962166, 32.083433 ], [ -96.95602, 32.074459 ], [ -96.941846, 32.053821 ], [ -96.940656, 32.052087 ], [ -96.930318, 32.057178 ], [ -96.896209, 32.073977 ], [ -96.862751, 32.024375 ], [ -96.853118, 32.010046 ], [ -96.849974, 32.005384 ], [ -96.838465, 31.988328 ], [ -96.833288, 31.980849 ], [ -96.830525, 31.976849 ], [ -96.828244, 31.973545 ], [ -96.828158, 31.973421 ], [ -96.826679, 31.971247 ], [ -96.811718, 31.949636 ], [ -96.808055, 31.94415 ], [ -96.79918, 31.931363 ], [ -96.796353, 31.927216 ], [ -96.794978, 31.925118 ], [ -96.791801, 31.920209 ], [ -96.788507, 31.915943 ], [ -96.738111, 31.842588 ], [ -96.720278, 31.816585 ], [ -96.719114, 31.814887 ], [ -96.712331, 31.814323 ], [ -96.576072, 31.803046 ], [ -96.554122, 31.80122 ], [ -96.539356, 31.800009 ], [ -96.500261, 31.796698 ], [ -96.496713, 31.796191 ], [ -96.495293, 31.79691 ], [ -96.455171, 31.816697 ], [ -96.454908, 31.816828 ], [ -96.454629, 31.816965 ], [ -96.377915, 31.854857 ], [ -96.351257, 31.868174 ], [ -96.343493, 31.872071 ], [ -96.340177, 31.873736 ], [ -96.339683, 31.873983 ], [ -96.339492, 31.874072 ], [ -96.337171, 31.875162 ], [ -96.335699, 31.875965 ], [ -96.333058, 31.877243 ], [ -96.322849, 31.882226 ], [ -96.302738, 31.892076 ], [ -96.302146, 31.892304 ], [ -96.248657, 31.918424 ], [ -96.153581, 31.96475 ], [ -96.120491, 31.980805 ], [ -96.05478, 32.012526 ], [ -96.053215, 32.009384 ], [ -96.052786, 32.005895 ], [ -96.052668, 32.004055 ], [ -96.051208, 32.000764 ], [ -96.049209, 31.998563 ], [ -96.048953, 31.997591 ], [ -96.051554, 31.995826 ], [ -96.053785, 31.993021 ], [ -96.056726, 31.990869 ], [ -96.056498, 31.987766 ], [ -96.057627, 31.98671 ], [ -96.059715, 31.987422 ], [ -96.060785, 31.986929 ], [ -96.061849, 31.985159 ], [ -96.063048, 31.982008 ], [ -96.064804, 31.980664 ], [ -96.063641, 31.979135 ], [ -96.061735, 31.977784 ], [ -96.061314, 31.975379 ], [ -96.057985, 31.97482 ], [ -96.054733, 31.975328 ], [ -96.054405, 31.974501 ], [ -96.055627, 31.973023 ], [ -96.055583, 31.972045 ], [ -96.054124, 31.970519 ], [ -96.051256, 31.969513 ], [ -96.049436, 31.969474 ], [ -96.046441, 31.970182 ], [ -96.04575, 31.968858 ], [ -96.046794, 31.967884 ], [ -96.047295, 31.966013 ], [ -96.046584, 31.965207 ], [ -96.044175, 31.964125 ], [ -96.042914, 31.962793 ], [ -96.043816, 31.960289 ], [ -96.044976, 31.959752 ], [ -96.047614, 31.960065 ], [ -96.050394, 31.961161 ], [ -96.051254, 31.963597 ], [ -96.052478, 31.964028 ], [ -96.055892, 31.96365 ], [ -96.057131, 31.962139 ], [ -96.057211, 31.96022 ], [ -96.058358, 31.959765 ], [ -96.06046, 31.960547 ], [ -96.061883, 31.959552 ], [ -96.062172, 31.95634 ], [ -96.061559, 31.954823 ], [ -96.058735, 31.953992 ], [ -96.056853, 31.953021 ], [ -96.054688, 31.948225 ], [ -96.053354, 31.947823 ], [ -96.050197, 31.949143 ], [ -96.04734, 31.951747 ], [ -96.044799, 31.950967 ], [ -96.043751, 31.949502 ], [ -96.042532, 31.945317 ], [ -96.041451, 31.944927 ], [ -96.040529, 31.946453 ], [ -96.037751, 31.948391 ], [ -96.037652, 31.949505 ], [ -96.039046, 31.950497 ], [ -96.040674, 31.950808 ], [ -96.040837, 31.952134 ], [ -96.034896, 31.952563 ], [ -96.033335, 31.952884 ], [ -96.029812, 31.954779 ], [ -96.029318, 31.955925 ], [ -96.030014, 31.957321 ], [ -96.028975, 31.957916 ], [ -96.025342, 31.95732 ], [ -96.02193, 31.957299 ], [ -96.019754, 31.955211 ], [ -96.019358, 31.95414 ], [ -96.020463, 31.952473 ], [ -96.020709, 31.950569 ], [ -96.019272, 31.949091 ], [ -96.015944, 31.948467 ], [ -96.014512, 31.9461 ], [ -96.015118, 31.944612 ], [ -96.017888, 31.941169 ], [ -96.019923, 31.940163 ], [ -96.020889, 31.938224 ], [ -96.019763, 31.936902 ], [ -96.016401, 31.934718 ], [ -96.01131, 31.934529 ], [ -96.010407, 31.933639 ], [ -96.012702, 31.931317 ], [ -96.013442, 31.929918 ], [ -96.00998, 31.928412 ], [ -96.006536, 31.925068 ], [ -96.00617, 31.924292 ], [ -96.008329, 31.91852 ], [ -96.006569, 31.917729 ], [ -96.005218, 31.919087 ], [ -96.004264, 31.919055 ], [ -96.004806, 31.916358 ], [ -96.002669, 31.912795 ], [ -96.002616, 31.911435 ], [ -96.001341, 31.90717 ], [ -96.002919, 31.906242 ], [ -96.004614, 31.907734 ], [ -96.006533, 31.908533 ], [ -96.007322, 31.908064 ], [ -96.00718, 31.906176 ], [ -96.008332, 31.905262 ], [ -96.009282, 31.90608 ], [ -96.010098, 31.908739 ], [ -96.011816, 31.911389 ], [ -96.013579, 31.911114 ], [ -96.014667, 31.906663 ], [ -96.01589, 31.905144 ], [ -96.015759, 31.903263 ], [ -96.01664, 31.902741 ], [ -96.018358, 31.903885 ], [ -96.019472, 31.903771 ], [ -96.021571, 31.898068 ], [ -96.023311, 31.896186 ], [ -96.025004, 31.892016 ], [ -96.025486, 31.889215 ], [ -96.026716, 31.886172 ], [ -96.026584, 31.883189 ], [ -96.027607, 31.881215 ], [ -96.027622, 31.877875 ], [ -96.024265, 31.87312 ], [ -96.019929, 31.871645 ], [ -96.018597, 31.871972 ], [ -96.013534, 31.875458 ], [ -96.009372, 31.879266 ], [ -96.007907, 31.881136 ], [ -96.006654, 31.881021 ], [ -96.003972, 31.876949 ], [ -96.0051, 31.875141 ], [ -96.004831, 31.872639 ], [ -96.003283, 31.871996 ], [ -96.001033, 31.872336 ], [ -96.001267, 31.869281 ], [ -96.000236, 31.868121 ], [ -95.997506, 31.868062 ], [ -95.994127, 31.866258 ], [ -95.992924, 31.866778 ], [ -95.992579, 31.868348 ], [ -95.991391, 31.868749 ], [ -95.989899, 31.868082 ], [ -95.989117, 31.868676 ], [ -95.988805, 31.872237 ], [ -95.991579, 31.874079 ], [ -95.991374, 31.875878 ], [ -95.989259, 31.875966 ], [ -95.988442, 31.873667 ], [ -95.987318, 31.873117 ], [ -95.981965, 31.875305 ], [ -95.97953, 31.876782 ], [ -95.977263, 31.877542 ], [ -95.974597, 31.877192 ], [ -95.97029, 31.877187 ], [ -95.969759, 31.876739 ], [ -95.970056, 31.874897 ], [ -95.968119, 31.87246 ], [ -95.96832, 31.87087 ], [ -95.969729, 31.870648 ], [ -95.972169, 31.871797 ], [ -95.97436, 31.872091 ], [ -95.976665, 31.870734 ], [ -95.977899, 31.868746 ], [ -95.980083, 31.862398 ], [ -95.982376, 31.861815 ], [ -95.986275, 31.860174 ], [ -95.987619, 31.858784 ], [ -95.988192, 31.855762 ], [ -95.990868, 31.848507 ], [ -95.993565, 31.84586 ], [ -95.994543, 31.843359 ], [ -95.993222, 31.840652 ], [ -95.992023, 31.839617 ], [ -95.990116, 31.83963 ], [ -95.98801, 31.840327 ], [ -95.985637, 31.83885 ], [ -95.984395, 31.836867 ], [ -95.978493, 31.834259 ], [ -95.97791, 31.833241 ], [ -95.977972, 31.827163 ], [ -95.977578, 31.824203 ], [ -95.976424, 31.821611 ], [ -95.97376, 31.820641 ], [ -95.973232, 31.819136 ], [ -95.976152, 31.81651 ], [ -95.976798, 31.814568 ], [ -95.974955, 31.811945 ], [ -95.975398, 31.807546 ], [ -95.976181, 31.803977 ], [ -95.976181, 31.802196 ], [ -95.978528, 31.796098 ], [ -95.979617, 31.794439 ], [ -95.981718, 31.792628 ], [ -95.983449, 31.789979 ], [ -95.983574, 31.788002 ], [ -95.980568, 31.784561 ], [ -95.979537, 31.784084 ], [ -95.977994, 31.784395 ], [ -95.975318, 31.787783 ], [ -95.972715, 31.788729 ], [ -95.969418, 31.788095 ], [ -95.96739, 31.788102 ], [ -95.963066, 31.789426 ], [ -95.961963, 31.788973 ], [ -95.960703, 31.78709 ], [ -95.961006, 31.784064 ], [ -95.960463, 31.782592 ], [ -95.959317, 31.782072 ], [ -95.955705, 31.78182 ], [ -95.954301, 31.781251 ], [ -95.953197, 31.779755 ], [ -95.953019, 31.776284 ], [ -95.952224, 31.775678 ], [ -95.948698, 31.775094 ], [ -95.942023, 31.775113 ], [ -95.938991, 31.774664 ], [ -95.938127, 31.774159 ], [ -95.937036, 31.771683 ], [ -95.935849, 31.770042 ], [ -95.933846, 31.769809 ], [ -95.932937, 31.770823 ], [ -95.932335, 31.773999 ], [ -95.930766, 31.774264 ], [ -95.930431, 31.772335 ], [ -95.925777, 31.766638 ], [ -95.924241, 31.76585 ], [ -95.921268, 31.767015 ], [ -95.921018, 31.768202 ], [ -95.919741, 31.768391 ], [ -95.918531, 31.767158 ], [ -95.91589, 31.765882 ], [ -95.914343, 31.765564 ], [ -95.911495, 31.766351 ], [ -95.908587, 31.76566 ], [ -95.90693, 31.765861 ], [ -95.903924, 31.767399 ], [ -95.902178, 31.767592 ], [ -95.897965, 31.766963 ], [ -95.896687, 31.766105 ], [ -95.896544, 31.765261 ], [ -95.898033, 31.76246 ], [ -95.899477, 31.761337 ], [ -95.902935, 31.762535 ], [ -95.9031, 31.761369 ], [ -95.901776, 31.760485 ], [ -95.900498, 31.757995 ], [ -95.901928, 31.754841 ], [ -95.901568, 31.75327 ], [ -95.900079, 31.752132 ], [ -95.898529, 31.753155 ], [ -95.897824, 31.756138 ], [ -95.895147, 31.75844 ], [ -95.892776, 31.758416 ], [ -95.891058, 31.756708 ], [ -95.889509, 31.756466 ], [ -95.886343, 31.757772 ], [ -95.882735, 31.756438 ], [ -95.878697, 31.756392 ], [ -95.875937, 31.755503 ], [ -95.874718, 31.754673 ], [ -95.873848, 31.753497 ], [ -95.873362, 31.75029 ], [ -95.873245, 31.747082 ], [ -95.871666, 31.745297 ], [ -95.868833, 31.74599 ], [ -95.867755, 31.745093 ], [ -95.866646, 31.742614 ], [ -95.867285, 31.741501 ], [ -95.868825, 31.741444 ], [ -95.873078, 31.743897 ], [ -95.875617, 31.743415 ], [ -95.88028, 31.740454 ], [ -95.880889, 31.738703 ], [ -95.881151, 31.735847 ], [ -95.879526, 31.733003 ], [ -95.87714, 31.732568 ], [ -95.876287, 31.733333 ], [ -95.875134, 31.736107 ], [ -95.875039, 31.738411 ], [ -95.871446, 31.739583 ], [ -95.870508, 31.739508 ], [ -95.869715, 31.736641 ], [ -95.868864, 31.732011 ], [ -95.867028, 31.728634 ], [ -95.866985, 31.727432 ], [ -95.86874, 31.725745 ], [ -95.86882, 31.724652 ], [ -95.866629, 31.722764 ], [ -95.867023, 31.719962 ], [ -95.86661, 31.719099 ], [ -95.867137, 31.718189 ], [ -95.869681, 31.719648 ], [ -95.871336, 31.719869 ], [ -95.875016, 31.719028 ], [ -95.875933, 31.717219 ], [ -95.876092, 31.715252 ], [ -95.875667, 31.711731 ], [ -95.87769, 31.708634 ], [ -95.87751, 31.707127 ], [ -95.875784, 31.705138 ], [ -95.87485, 31.702949 ], [ -95.877032, 31.702378 ], [ -95.879423, 31.703517 ], [ -95.88044, 31.70335 ], [ -95.880632, 31.700369 ], [ -95.879401, 31.699356 ], [ -95.877027, 31.69864 ], [ -95.875347, 31.694822 ], [ -95.872512, 31.693008 ], [ -95.865395, 31.692007 ], [ -95.863701, 31.690671 ], [ -95.862206, 31.687465 ], [ -95.860954, 31.687746 ], [ -95.858822, 31.690108 ], [ -95.857538, 31.69295 ], [ -95.85516, 31.696471 ], [ -95.852779, 31.697805 ], [ -95.850497, 31.697865 ], [ -95.84553, 31.696049 ], [ -95.835324, 31.695597 ], [ -95.833102, 31.694907 ], [ -95.831204, 31.693723 ], [ -95.829638, 31.69187 ], [ -95.827123, 31.689754 ], [ -95.824287, 31.686866 ], [ -95.823067, 31.686525 ], [ -95.821283, 31.686967 ], [ -95.819889, 31.686668 ], [ -95.817307, 31.683106 ], [ -95.816465, 31.681272 ], [ -95.810561, 31.673461 ], [ -95.809, 31.672108 ], [ -95.805732, 31.671075 ], [ -95.804622, 31.671369 ], [ -95.802063, 31.674376 ], [ -95.800316, 31.675132 ], [ -95.795439, 31.674935 ], [ -95.794815, 31.676164 ], [ -95.794999, 31.678093 ], [ -95.794369, 31.679977 ], [ -95.792614, 31.681856 ], [ -95.791354, 31.685635 ], [ -95.79078, 31.689453 ], [ -95.788749, 31.692317 ], [ -95.787553, 31.692596 ], [ -95.787127, 31.691537 ], [ -95.788427, 31.688667 ], [ -95.787903, 31.687313 ], [ -95.780888, 31.685368 ], [ -95.779678, 31.684579 ], [ -95.780164, 31.68281 ], [ -95.782216, 31.678975 ], [ -95.784353, 31.675894 ], [ -95.788981, 31.671916 ], [ -95.79009, 31.670143 ], [ -95.790665, 31.667342 ], [ -95.790263, 31.66399 ], [ -95.790683, 31.663068 ], [ -95.793723, 31.661033 ], [ -95.794081, 31.66031 ], [ -95.791665, 31.654136 ], [ -95.790625, 31.653016 ], [ -95.789679, 31.648776 ], [ -95.789737, 31.646212 ], [ -95.792327, 31.64314 ], [ -95.795103, 31.638252 ], [ -95.796733, 31.632132 ], [ -95.796653, 31.631059 ], [ -95.795636, 31.62893 ], [ -95.793782, 31.628167 ], [ -95.79017, 31.627723 ], [ -95.788167, 31.626173 ], [ -95.788971, 31.622188 ], [ -95.7873, 31.618385 ], [ -95.786305, 31.617128 ], [ -95.785155, 31.611442 ], [ -95.782577, 31.607467 ], [ -95.779978, 31.604337 ], [ -95.777586, 31.602257 ], [ -95.77198, 31.598621 ], [ -95.768443, 31.597409 ], [ -95.767234, 31.597581 ], [ -95.764483, 31.599445 ], [ -95.760961, 31.60008 ], [ -95.761274, 31.602516 ], [ -95.760752, 31.604012 ], [ -95.758041, 31.604691 ], [ -95.753381, 31.606833 ], [ -95.752557, 31.61005 ], [ -95.753439, 31.612506 ], [ -95.753344, 31.61375 ], [ -95.752334, 31.615146 ], [ -95.748669, 31.617709 ], [ -95.748864, 31.620806 ], [ -95.750783, 31.62379 ], [ -95.751467, 31.626107 ], [ -95.753174, 31.629223 ], [ -95.753327, 31.630432 ], [ -95.752783, 31.633727 ], [ -95.752875, 31.635298 ], [ -95.754181, 31.639417 ], [ -95.757268, 31.643548 ], [ -95.756833, 31.645402 ], [ -95.756137, 31.646498 ], [ -95.753488, 31.64896 ], [ -95.752204, 31.649492 ], [ -95.749039, 31.649894 ], [ -95.74468, 31.651833 ], [ -95.74173, 31.652108 ], [ -95.739373, 31.653827 ], [ -95.736026, 31.653956 ], [ -95.735253, 31.653426 ], [ -95.732759, 31.648823 ], [ -95.730706, 31.646713 ], [ -95.728605, 31.645272 ], [ -95.727241, 31.643788 ], [ -95.723648, 31.637972 ], [ -95.723079, 31.63726 ], [ -95.718468, 31.632402 ], [ -95.71746, 31.630053 ], [ -95.717355, 31.627206 ], [ -95.713426, 31.621664 ], [ -95.710112, 31.615587 ], [ -95.710035, 31.614694 ], [ -95.711953, 31.610421 ], [ -95.712363, 31.607618 ], [ -95.711185, 31.603903 ], [ -95.714003, 31.601775 ], [ -95.716084, 31.598786 ], [ -95.716581, 31.595826 ], [ -95.71587, 31.594067 ], [ -95.719024, 31.593417 ], [ -95.720257, 31.591978 ], [ -95.720689, 31.588384 ], [ -95.721855, 31.586281 ], [ -95.725154, 31.58476 ], [ -95.729038, 31.584237 ], [ -95.729423, 31.583133 ], [ -95.726806, 31.581523 ], [ -95.724694, 31.579773 ], [ -95.721322, 31.577847 ], [ -95.719493, 31.574532 ], [ -95.718233, 31.573215 ], [ -95.717991, 31.571934 ], [ -95.719506, 31.570748 ], [ -95.721744, 31.570398 ], [ -95.722248, 31.569714 ], [ -95.721306, 31.56894 ], [ -95.718795, 31.568712 ], [ -95.717038, 31.567765 ], [ -95.717361, 31.561996 ], [ -95.717215, 31.558645 ], [ -95.715464, 31.555 ], [ -95.715875, 31.553824 ], [ -95.718512, 31.553659 ], [ -95.722353, 31.555538 ], [ -95.72434, 31.555737 ], [ -95.72595, 31.555037 ], [ -95.729137, 31.551578 ], [ -95.731652, 31.551105 ], [ -95.73475, 31.551191 ], [ -95.7384, 31.552853 ], [ -95.742871, 31.554156 ], [ -95.746465, 31.55343 ], [ -95.748251, 31.552545 ], [ -95.75171, 31.551552 ], [ -95.752466, 31.550739 ], [ -95.754132, 31.546048 ], [ -95.753766, 31.544773 ], [ -95.751358, 31.54276 ], [ -95.750875, 31.540734 ], [ -95.75271, 31.538732 ], [ -95.754665, 31.537986 ], [ -95.756731, 31.536571 ], [ -95.75863, 31.534098 ], [ -95.758711, 31.533217 ], [ -95.756495, 31.531052 ], [ -95.751732, 31.529398 ], [ -95.748249, 31.528708 ], [ -95.747114, 31.527607 ], [ -95.747048, 31.52437 ], [ -95.741139, 31.522474 ], [ -95.739421, 31.520233 ], [ -95.737034, 31.518534 ], [ -95.73581, 31.514144 ], [ -95.733829, 31.509161 ], [ -95.733877, 31.508376 ], [ -95.737216, 31.505321 ], [ -95.739279, 31.504056 ], [ -95.741903, 31.50212 ], [ -95.743198, 31.500618 ], [ -95.743499, 31.499183 ], [ -95.741991, 31.497253 ], [ -95.740575, 31.496312 ], [ -95.740796, 31.495226 ], [ -95.743904, 31.493814 ], [ -95.745022, 31.492364 ], [ -95.745017, 31.490975 ], [ -95.744631, 31.48999 ], [ -95.741854, 31.486549 ], [ -95.738772, 31.485082 ], [ -95.737056, 31.485051 ], [ -95.735398, 31.485804 ], [ -95.732042, 31.489483 ], [ -95.729854, 31.48963 ], [ -95.72763, 31.484602 ], [ -95.726928, 31.482121 ], [ -95.724789, 31.479923 ], [ -95.722775, 31.477295 ], [ -95.721842, 31.472754 ], [ -95.722035, 31.471435 ], [ -95.722805, 31.47064 ], [ -95.726831, 31.470135 ], [ -95.728439, 31.471102 ], [ -95.73068, 31.473242 ], [ -95.733525, 31.474338 ], [ -95.7358, 31.47409 ], [ -95.73921, 31.472181 ], [ -95.741192, 31.468542 ], [ -95.742612, 31.46733 ], [ -95.745463, 31.466403 ], [ -95.746891, 31.463785 ], [ -95.74709, 31.459516 ], [ -95.746837, 31.45817 ], [ -95.744982, 31.457612 ], [ -95.741728, 31.459969 ], [ -95.740017, 31.460014 ], [ -95.73794, 31.459045 ], [ -95.736093, 31.459163 ], [ -95.731821, 31.460901 ], [ -95.725558, 31.462302 ], [ -95.720781, 31.46248 ], [ -95.719173, 31.46194 ], [ -95.716075, 31.460096 ], [ -95.712117, 31.455783 ], [ -95.711092, 31.454133 ], [ -95.71088, 31.451602 ], [ -95.711175, 31.4467 ], [ -95.712873, 31.440942 ], [ -95.712121, 31.438073 ], [ -95.710765, 31.43472 ], [ -95.710803, 31.431079 ], [ -95.711569, 31.427598 ], [ -95.711677, 31.423594 ], [ -95.710369, 31.418904 ], [ -95.708237, 31.415729 ], [ -95.706139, 31.411949 ], [ -95.704936, 31.410943 ], [ -95.699419, 31.408349 ], [ -95.698322, 31.406335 ], [ -95.700579, 31.404523 ], [ -95.701971, 31.402297 ], [ -95.701287, 31.396151 ], [ -95.700552, 31.393402 ], [ -95.698739, 31.392323 ], [ -95.694077, 31.392322 ], [ -95.69283, 31.391494 ], [ -95.692807, 31.390146 ], [ -95.693768, 31.387123 ], [ -95.692987, 31.386128 ], [ -95.690847, 31.384951 ], [ -95.690654, 31.384005 ], [ -95.691594, 31.380887 ], [ -95.689852, 31.378609 ], [ -95.690372, 31.377432 ], [ -95.69178, 31.376488 ], [ -95.691444, 31.374676 ], [ -95.687888, 31.372998 ], [ -95.684362, 31.372063 ], [ -95.681954, 31.36889 ], [ -95.680345, 31.368359 ], [ -95.677376, 31.368691 ], [ -95.675228, 31.368115 ], [ -95.674926, 31.365762 ], [ -95.665683, 31.366373 ], [ -95.664218, 31.364305 ], [ -95.664061, 31.360772 ], [ -95.663073, 31.359418 ], [ -95.661409, 31.358322 ], [ -95.661611, 31.357259 ], [ -95.666176, 31.357182 ], [ -95.671574, 31.35649 ], [ -95.672623, 31.356104 ], [ -95.673363, 31.354638 ], [ -95.673938, 31.350911 ], [ -95.675219, 31.349182 ], [ -95.677128, 31.347909 ], [ -95.677291, 31.346549 ], [ -95.674241, 31.344824 ], [ -95.669183, 31.344631 ], [ -95.664656, 31.345228 ], [ -95.659812, 31.345378 ], [ -95.657514, 31.34348 ], [ -95.657692, 31.339719 ], [ -95.656813, 31.335719 ], [ -95.655722, 31.331619 ], [ -95.655545, 31.32964 ], [ -95.656125, 31.322183 ], [ -95.657202, 31.317999 ], [ -95.659416, 31.315909 ], [ -95.660787, 31.315947 ], [ -95.661252, 31.317006 ], [ -95.661058, 31.31951 ], [ -95.662672, 31.321 ], [ -95.665075, 31.320348 ], [ -95.666651, 31.31938 ], [ -95.670536, 31.318578 ], [ -95.67168, 31.317204 ], [ -95.671787, 31.316026 ], [ -95.669622, 31.312944 ], [ -95.668578, 31.308515 ], [ -95.671402, 31.304327 ], [ -95.67323, 31.302378 ], [ -95.675382, 31.301959 ], [ -95.677492, 31.30285 ], [ -95.679106, 31.302108 ], [ -95.678297, 31.300468 ], [ -95.675416, 31.29986 ], [ -95.673224, 31.298863 ], [ -95.671033, 31.296236 ], [ -95.671403, 31.29556 ], [ -95.675844, 31.293543 ], [ -95.680026, 31.290623 ], [ -95.681413, 31.288509 ], [ -95.682981, 31.288917 ], [ -95.688072, 31.293395 ], [ -95.689407, 31.296013 ], [ -95.690753, 31.297388 ], [ -95.692845, 31.297611 ], [ -95.695085, 31.297029 ], [ -95.698096, 31.295066 ], [ -95.702928, 31.292461 ], [ -95.704878, 31.290568 ], [ -95.707589, 31.286337 ], [ -95.706408, 31.284236 ], [ -95.703505, 31.282486 ], [ -95.704141, 31.28042 ], [ -95.704873, 31.280028 ], [ -95.708445, 31.280015 ], [ -95.710396, 31.278948 ], [ -95.712053, 31.276777 ], [ -95.714195, 31.274973 ], [ -95.719347, 31.273513 ], [ -95.725226, 31.271084 ], [ -95.727217, 31.265283 ], [ -95.72813, 31.259735 ], [ -95.727061, 31.258199 ], [ -95.722447, 31.255897 ], [ -95.722144, 31.254673 ], [ -95.723291, 31.25348 ], [ -95.726758, 31.252637 ], [ -95.727723, 31.251955 ], [ -95.727467, 31.250499 ], [ -95.725426, 31.247629 ], [ -95.723741, 31.246083 ], [ -95.723913, 31.244609 ], [ -95.726544, 31.241829 ], [ -95.727049, 31.239301 ], [ -95.726306, 31.234934 ], [ -95.725041, 31.230098 ], [ -95.725578, 31.228665 ], [ -95.727924, 31.22466 ], [ -95.729414, 31.223139 ], [ -95.733712, 31.220514 ], [ -95.73733, 31.219546 ], [ -95.739179, 31.218702 ], [ -95.742819, 31.215422 ], [ -95.744332, 31.211914 ], [ -95.745885, 31.210854 ], [ -95.747943, 31.20831 ], [ -95.747862, 31.202275 ], [ -95.747767, 31.200848 ], [ -95.745332, 31.192082 ], [ -95.744848, 31.186699 ], [ -95.745436, 31.181892 ], [ -95.743389, 31.176868 ], [ -95.74191, 31.174605 ], [ -95.737207, 31.170681 ], [ -95.734335, 31.167746 ], [ -95.728703, 31.164064 ], [ -95.728026, 31.161955 ], [ -95.731181, 31.159166 ], [ -95.733515, 31.15862 ], [ -95.734542, 31.159711 ], [ -95.737599, 31.159372 ], [ -95.740233, 31.156491 ], [ -95.741913, 31.15327 ], [ -95.744296, 31.152267 ], [ -95.744987, 31.152437 ], [ -95.748143, 31.155204 ], [ -95.749409, 31.15524 ], [ -95.751008, 31.152482 ], [ -95.754628, 31.149813 ], [ -95.755686, 31.146775 ], [ -95.755969, 31.143031 ], [ -95.757402, 31.141573 ], [ -95.759108, 31.142073 ], [ -95.76228, 31.144103 ], [ -95.763885, 31.143657 ], [ -95.764745, 31.141815 ], [ -95.767403, 31.14006 ], [ -95.771948, 31.139657 ], [ -95.77425, 31.138323 ], [ -95.775578, 31.136095 ], [ -95.775379, 31.133617 ], [ -95.772586, 31.128975 ], [ -95.772638, 31.127275 ], [ -95.774404, 31.124998 ], [ -95.775353, 31.122051 ], [ -95.776881, 31.120871 ], [ -95.772717, 31.116938 ], [ -95.77298, 31.11346 ], [ -95.770691, 31.11136 ], [ -95.768352, 31.105994 ], [ -95.767688, 31.103674 ], [ -95.766586, 31.102648 ], [ -95.766252, 31.100944 ], [ -95.766702, 31.098819 ], [ -95.765052, 31.096668 ], [ -95.76441, 31.094211 ], [ -95.87523, 31.093001 ], [ -95.905982, 31.092834 ], [ -95.914018, 31.092946 ], [ -95.927762, 31.092562 ], [ -95.952124, 31.092319 ], [ -95.955002, 31.092671 ], [ -95.962949, 31.092321 ], [ -95.973841, 31.09215 ], [ -95.975218, 31.091967 ], [ -95.977147, 31.091409 ], [ -95.988775, 31.086167 ], [ -95.99003, 31.085405 ], [ -95.991691, 31.084272 ], [ -95.996126, 31.081174 ], [ -96.004258, 31.075493 ], [ -96.008068, 31.073112 ], [ -96.017471, 31.070015 ], [ -96.021209, 31.070032 ], [ -96.025261, 31.071927 ], [ -96.026863, 31.071869 ], [ -96.031836, 31.069617 ], [ -96.033193, 31.069304 ], [ -96.044102, 31.069783 ], [ -96.045856, 31.069494 ], [ -96.04789, 31.068728 ], [ -96.048912, 31.068136 ], [ -96.061643, 31.058294 ], [ -96.083153, 31.044614 ], [ -96.087785, 31.042097 ], [ -96.097649, 31.037419 ], [ -96.106677, 31.032113 ], [ -96.109331, 31.030434 ], [ -96.112174, 31.028057 ], [ -96.11718, 31.024716 ], [ -96.121692, 31.022015 ], [ -96.136997, 31.013385 ], [ -96.146646, 31.008743 ], [ -96.163041, 30.999073 ], [ -96.171568, 30.99428 ], [ -96.173117, 30.993912 ], [ -96.177321, 30.993804 ], [ -96.181922, 30.993015 ], [ -96.185427, 30.992089 ], [ -96.192494, 30.991335 ], [ -96.199208, 30.988385 ], [ -96.207559, 30.983802 ], [ -96.209847, 30.982885 ], [ -96.215018, 30.981367 ], [ -96.223305, 30.980672 ], [ -96.229109, 30.980434 ], [ -96.234522, 30.976013 ], [ -96.24102, 30.973737 ], [ -96.248973, 30.970915 ], [ -96.263223, 30.964123 ], [ -96.266289, 30.961966 ], [ -96.268166, 30.96062 ], [ -96.281474, 30.952647 ], [ -96.286768, 30.949971 ], [ -96.300791, 30.942992 ], [ -96.305951, 30.94019 ], [ -96.315185, 30.934345 ], [ -96.325687, 30.928495 ], [ -96.337378, 30.920965 ], [ -96.349085, 30.911692 ], [ -96.353107, 30.906066 ], [ -96.36182, 30.896874 ], [ -96.362226, 30.896286 ], [ -96.362695, 30.894974 ], [ -96.364324, 30.886802 ], [ -96.365642, 30.884547 ], [ -96.367451, 30.882783 ], [ -96.374133, 30.87692 ], [ -96.381946, 30.871004 ], [ -96.382611, 30.870342 ], [ -96.387408, 30.864012 ], [ -96.391042, 30.854538 ], [ -96.398808, 30.840038 ], [ -96.404063, 30.83438 ], [ -96.409838, 30.826446 ], [ -96.418031, 30.808074 ], [ -96.419381, 30.804745 ], [ -96.421897, 30.795668 ], [ -96.422893, 30.793509 ], [ -96.423395, 30.79271 ], [ -96.430649, 30.784721 ], [ -96.438783, 30.774035 ], [ -96.440996, 30.770255 ], [ -96.444743, 30.763827 ], [ -96.452841, 30.753113 ], [ -96.45612, 30.747206 ], [ -96.456599, 30.746302 ], [ -96.45763, 30.744474 ], [ -96.462347, 30.741931 ], [ -96.478222, 30.734876 ], [ -96.490842, 30.729703 ], [ -96.503491, 30.72395 ], [ -96.550549, 30.702982 ], [ -96.566983, 30.69567 ], [ -96.567405, 30.698257 ], [ -96.568795, 30.701387 ], [ -96.570369, 30.702942 ], [ -96.573363, 30.704821 ], [ -96.577609, 30.706953 ], [ -96.583667, 30.709187 ], [ -96.586945, 30.71077 ], [ -96.591914, 30.713811 ], [ -96.595776, 30.715072 ], [ -96.596467, 30.71564 ], [ -96.596977, 30.717452 ], [ -96.594436, 30.721216 ], [ -96.594632, 30.724273 ], [ -96.596157, 30.726641 ], [ -96.599467, 30.728634 ], [ -96.604042, 30.729311 ], [ -96.607327, 30.72941 ], [ -96.616345, 30.728477 ], [ -96.618234, 30.728638 ], [ -96.620456, 30.729549 ], [ -96.621423, 30.730764 ], [ -96.700906, 30.690045 ], [ -96.729597, 30.675628 ], [ -96.799861, 30.640539 ], [ -96.800381, 30.640367 ], [ -96.801094, 30.640019 ], [ -96.877384, 30.601104 ], [ -96.945083, 30.566642 ], [ -96.96363, 30.557198 ], [ -97.051648, 30.51156 ], [ -97.085749, 30.493669 ], [ -97.126449, 30.472532 ], [ -97.13472, 30.468137 ], [ -97.155219, 30.457344 ], [ -97.162104, 30.474156 ], [ -97.164933, 30.481016 ], [ -97.214774, 30.602328 ], [ -97.215946, 30.604411 ], [ -97.217865, 30.609256 ], [ -97.218237, 30.610253 ], [ -97.218861, 30.611883 ], [ -97.220024, 30.614839 ], [ -97.22203, 30.619935 ], [ -97.226166, 30.629707 ], [ -97.236852, 30.654725 ], [ -97.252409, 30.693473 ], [ -97.269949, 30.735362 ], [ -97.27455, 30.737071 ], [ -97.28625, 30.741324 ], [ -97.307122, 30.749306 ], [ -97.315485, 30.752363 ], [ -97.328987, 30.757347 ], [ -97.331004, 30.758234 ], [ -97.356846, 30.767807 ], [ -97.359001, 30.76873 ], [ -97.373841, 30.774281 ], [ -97.375365, 30.775307 ], [ -97.38834, 30.780257 ], [ -97.402486, 30.785582 ], [ -97.419175, 30.79199 ], [ -97.419373, 30.792068 ], [ -97.444918, 30.801752 ], [ -97.460436, 30.807676 ], [ -97.513067, 30.827711 ], [ -97.54002, 30.838003 ], [ -97.550732, 30.842112 ], [ -97.589397, 30.85681 ], [ -97.624051, 30.870004 ], [ -97.625279, 30.870189 ], [ -97.6803, 30.879085 ], [ -97.705432, 30.883471 ], [ -97.72987, 30.887623 ], [ -97.773835, 30.895094 ], [ -97.800349, 30.89963 ], [ -97.8281, 30.904414 ], [ -97.829882, 30.909521 ], [ -97.840365, 30.929318 ], [ -97.862892, 30.96481 ], [ -97.863334, 30.96548 ], [ -97.866426, 30.96942 ], [ -97.874351, 30.981626 ], [ -97.875544, 30.983767 ], [ -97.886578, 31.001664 ], [ -97.889944, 31.006071 ], [ -97.906166, 31.027603 ], [ -97.911689, 31.035009 ], [ -97.913847, 31.065882 ], [ -97.9071, 31.069374 ], [ -97.918638, 31.086515 ], [ -97.92537, 31.09644 ] ] ] } },
{ "type": "Feature", "properties": { "FederalDivisionName": "Wichita Falls", "FederalJudicialDistrict": "Northern" }, "geometry": { "type": "Polygon", "coordinates": [ [ [ -99.00709, 33.397761 ], [ -99.013723, 33.39777 ], [ -99.125018, 33.398164 ], [ -99.125349, 33.398219 ], [ -99.434349, 33.398912 ], [ -99.472444, 33.399023 ], [ -99.539735, 33.39879 ], [ -99.553575, 33.398768 ], [ -99.719757, 33.398408 ], [ -99.801036, 33.398016 ], [ -99.99098, 33.397404 ], [ -100.000375, 33.39739 ], [ -100.004139, 33.397649 ], [ -100.250384, 33.398035 ], [ -100.257176, 33.397551 ], [ -100.517449, 33.397866 ], [ -100.517579, 33.500085 ], [ -100.517855, 33.503155 ], [ -100.517944, 33.570578 ], [ -100.518691, 33.83565 ], [ -100.518088, 34.003886 ], [ -100.517991, 34.060225 ], [ -100.518164, 34.060695 ], [ -100.518362, 34.167737 ], [ -100.517626, 34.250068 ], [ -100.51734, 34.314102 ], [ -100.503373, 34.314079 ], [ -100.500398, 34.314074 ], [ -100.498193, 34.313527 ], [ -100.494809, 34.313644 ], [ -100.469748, 34.313554 ], [ -100.417783, 34.313524 ], [ -100.399581, 34.31354 ], [ -100.375394, 34.312718 ], [ -100.359546, 34.312561 ], [ -100.350774, 34.312571 ], [ -100.350099, 34.312713 ], [ -100.24152, 34.312229 ], [ -100.134601, 34.311976 ], [ -100.12318, 34.31229 ], [ -100.024285, 34.312002 ], [ -100.000404, 34.311929 ], [ -99.99772, 34.311829 ], [ -99.997832, 34.390816 ], [ -99.998006, 34.396821 ], [ -99.997812, 34.400871 ], [ -99.99784, 34.441912 ], [ -99.997816, 34.448965 ], [ -99.997831, 34.463389 ], [ -99.997501410946697, 34.560423887043399 ], [ -99.985833, 34.560079 ], [ -99.974762, 34.561318 ], [ -99.971555, 34.562179 ], [ -99.965608, 34.565844 ], [ -99.958898, 34.571271 ], [ -99.957541, 34.572709 ], [ -99.957553, 34.574169 ], [ -99.956717, 34.576524 ], [ -99.956521665024695, 34.576675816159899 ], [ -99.954567, 34.578195 ], [ -99.94572, 34.579273 ], [ -99.929334, 34.576714 ], [ -99.923211, 34.574552 ], [ -99.921801, 34.570253 ], [ -99.915771, 34.565975 ], [ -99.898943, 34.555804 ], [ -99.896007, 34.55553 ], [ -99.89376, 34.554219 ], [ -99.887147, 34.549047 ], [ -99.874403, 34.537095 ], [ -99.873617010795698, 34.535901992887503 ], [ -99.873254, 34.535351 ], [ -99.872357, 34.532096 ], [ -99.868953, 34.527615 ], [ -99.853066, 34.511593 ], [ -99.844658203658099, 34.506786936472501 ], [ -99.832904, 34.500068 ], [ -99.825325, 34.497596 ], [ -99.822281, 34.4981 ], [ -99.819376, 34.49494 ], [ -99.81672, 34.489718 ], [ -99.818186, 34.48784 ], [ -99.818739, 34.484976 ], [ -99.814535098088299, 34.476644181751098 ], [ -99.814313, 34.476204 ], [ -99.793684, 34.453894 ], [ -99.791583, 34.45252 ], [ -99.78879, 34.451489 ], [ -99.787767, 34.451809 ], [ -99.786606, 34.451511 ], [ -99.785445, 34.450045 ], [ -99.78376, 34.445005 ], [ -99.782986, 34.444364 ], [ -99.775743, 34.444225 ], [ -99.773992, 34.443062 ], [ -99.773053, 34.441587 ], [ -99.765599, 34.437488 ], [ -99.764826, 34.436434 ], [ -99.764882, 34.435266 ], [ -99.767648, 34.431854 ], [ -99.767234, 34.430502 ], [ -99.754248, 34.421289 ], [ -99.740907, 34.414763 ], [ -99.730348, 34.41124 ], [ -99.720259, 34.406295 ], [ -99.716416, 34.402815 ], [ -99.715089, 34.400754 ], [ -99.714232, 34.397822 ], [ -99.714838, 34.394524 ], [ -99.712682, 34.390928 ], [ -99.707901, 34.387539 ], [ -99.706658, 34.385981 ], [ -99.705249, 34.385775 ], [ -99.704005, 34.385982 ], [ -99.702734, 34.385501 ], [ -99.701187, 34.385203 ], [ -99.698424, 34.383074 ], [ -99.696462, 34.381036 ], [ -99.695566, 34.378899 ], [ -99.69497, 34.378333 ], [ -99.690604, 34.378219 ], [ -99.687234, 34.378585 ], [ -99.684361, 34.379501 ], [ -99.682482, 34.379822 ], [ -99.678283, 34.379799 ], [ -99.67485, 34.378956 ], [ -99.671377, 34.377714 ], [ -99.665992, 34.374185 ], [ -99.662705, 34.37368 ], [ -99.659362, 34.37439 ], [ -99.654194, 34.376519 ], [ -99.649662, 34.379885 ], [ -99.648584, 34.3819 ], [ -99.648142, 34.382312 ], [ -99.646511, 34.382541 ], [ -99.644578, 34.38167 ], [ -99.643694, 34.381463 ], [ -99.642755, 34.381555 ], [ -99.641763, 34.38109 ], [ -99.639661, 34.379905 ], [ -99.635324, 34.37917 ], [ -99.633859, 34.378757 ], [ -99.631843, 34.377703 ], [ -99.631181, 34.377061 ], [ -99.630905, 34.376007 ], [ -99.624197, 34.373577 ], [ -99.621513, 34.3737 ], [ -99.619556, 34.374627 ], [ -99.616793, 34.375391 ], [ -99.611572, 34.375643 ], [ -99.610136, 34.37656 ], [ -99.607263, 34.376928 ], [ -99.604782, 34.376326 ], [ -99.600026, 34.374688 ], [ -99.596323, 34.377137 ], [ -99.596186, 34.379016 ], [ -99.592983, 34.382407 ], [ -99.589671, 34.384787 ], [ -99.587596, 34.385867 ], [ -99.586751594655993, 34.387061476825998 ], [ -99.585442, 34.388914 ], [ -99.584531, 34.391205 ], [ -99.585306, 34.398122 ], [ -99.58448, 34.407673 ], [ -99.58006, 34.416653 ], [ -99.574367, 34.418281 ], [ -99.569696, 34.418418 ], [ -99.562204, 34.417319 ], [ -99.555986, 34.41464 ], [ -99.549242, 34.412715 ], [ -99.529786, 34.411452 ], [ -99.52365, 34.412206 ], [ -99.517624, 34.414494 ], [ -99.51428, 34.414035 ], [ -99.511102, 34.412705 ], [ -99.50911, 34.411267 ], [ -99.507621, 34.409887 ], [ -99.506903, 34.40952 ], [ -99.502836, 34.409327 ], [ -99.499875, 34.409608 ], [ -99.497091, 34.407731 ], [ -99.496399, 34.406495 ], [ -99.494104, 34.404755 ], [ -99.490426, 34.399694 ], [ -99.487219, 34.397955 ], [ -99.477547, 34.396355 ], [ -99.475851, 34.396385 ], [ -99.475080691643299, 34.395998351528 ], [ -99.473789, 34.39535 ], [ -99.472268, 34.395602 ], [ -99.470969, 34.396471 ], [ -99.470306, 34.396748 ], [ -99.468427, 34.396634 ], [ -99.466383, 34.3959 ], [ -99.464036, 34.393634 ], [ -99.462462, 34.391137 ], [ -99.461854, 34.387241 ], [ -99.462048, 34.384401 ], [ -99.461827, 34.382414 ], [ -99.461053, 34.380666 ], [ -99.459395, 34.380117 ], [ -99.456328, 34.380392 ], [ -99.455085, 34.381264 ], [ -99.454997, 34.38178 ], [ -99.455472, 34.386097 ], [ -99.454726, 34.388411 ], [ -99.454229, 34.388755 ], [ -99.452648, 34.388252 ], [ -99.445336, 34.379768 ], [ -99.443669, 34.376457 ], [ -99.442394, 34.375453 ], [ -99.441937, 34.374412 ], [ -99.441057, 34.374042 ], [ -99.440671, 34.372774 ], [ -99.438269, 34.371164 ], [ -99.437572, 34.371259 ], [ -99.436474, 34.370539 ], [ -99.434968, 34.370699 ], [ -99.433458, 34.370223 ], [ -99.431043, 34.371117 ], [ -99.430901, 34.371996 ], [ -99.431121, 34.373989 ], [ -99.430609, 34.374426 ], [ -99.429324, 34.375834 ], [ -99.430284, 34.378801 ], [ -99.43001, 34.381019 ], [ -99.429154, 34.382849 ], [ -99.427497, 34.385136 ], [ -99.424897, 34.385823 ], [ -99.423679, 34.385663 ], [ -99.421908, 34.384201 ], [ -99.420714, 34.380386 ], [ -99.413045, 34.377012 ], [ -99.407168, 34.372605 ], [ -99.40296, 34.373481 ], [ -99.396839, 34.379417 ], [ -99.395921, 34.395726 ], [ -99.391492, 34.405631 ], [ -99.387653, 34.411984 ], [ -99.393919, 34.415274 ], [ -99.396488, 34.417291 ], [ -99.397135, 34.419409 ], [ -99.396665, 34.421203 ], [ -99.397379, 34.423259 ], [ -99.396824, 34.424703 ], [ -99.393306, 34.427613 ], [ -99.393802, 34.42901 ], [ -99.393049, 34.431921 ], [ -99.394625, 34.4327 ], [ -99.396115, 34.43497 ], [ -99.395605, 34.440378 ], [ -99.394956, 34.442099 ], [ -99.381011, 34.456936 ], [ -99.375365, 34.458845 ], [ -99.36961, 34.458699 ], [ -99.358795, 34.455863 ], [ -99.354672, 34.451857 ], [ -99.3557925991894, 34.449019465606497 ], [ -99.356771, 34.446542 ], [ -99.356713, 34.442144 ], [ -99.350407, 34.437083 ], [ -99.341337, 34.431061 ], [ -99.334037, 34.427536 ], [ -99.328674, 34.422383 ], [ -99.324222, 34.414458 ], [ -99.319606, 34.408869 ], [ -99.316373, 34.408205 ], [ -99.314996352801401, 34.408512489169297 ], [ -99.308274, 34.410014 ], [ -99.299098, 34.414228 ], [ -99.294648, 34.415373 ], [ -99.289922, 34.414731 ], [ -99.28791, 34.41403 ], [ -99.286437, 34.413025 ], [ -99.283773, 34.409558 ], [ -99.282843, 34.40748 ], [ -99.282814, 34.405465 ], [ -99.28317, 34.402946 ], [ -99.28151, 34.401457 ], [ -99.278828, 34.400265 ], [ -99.27526, 34.400104 ], [ -99.269566, 34.40191 ], [ -99.267745, 34.404955 ], [ -99.266308, 34.405481 ], [ -99.264167, 34.405149 ], [ -99.261321, 34.403499 ], [ -99.260987, 34.401751 ], [ -99.261825, 34.398677 ], [ -99.261822, 34.395036 ], [ -99.258807, 34.392078 ], [ -99.25898, 34.391243 ], [ -99.261126, 34.389561 ], [ -99.264508, 34.388085 ], [ -99.271655, 34.38769 ], [ -99.273894, 34.387577 ], [ -99.27534, 34.386599 ], [ -99.274858, 34.384922 ], [ -99.272922, 34.383547 ], [ -99.271281, 34.381604 ], [ -99.264958, 34.378756 ], [ -99.260441, 34.378078 ], [ -99.259141, 34.376812 ], [ -99.259334, 34.373621 ], [ -99.258606, 34.37265 ], [ -99.256498, 34.372229 ], [ -99.254631, 34.372419 ], [ -99.25071, 34.375449 ], [ -99.248969, 34.375984 ], [ -99.247584, 34.375551 ], [ -99.246699, 34.374687 ], [ -99.242855, 34.372676 ], [ -99.243024, 34.371142 ], [ -99.243543, 34.370711 ], [ -99.246231, 34.369896 ], [ -99.247942, 34.368487 ], [ -99.24812, 34.367433 ], [ -99.247372, 34.365985 ], [ -99.247009, 34.36478 ], [ -99.244454, 34.363701 ], [ -99.243217, 34.364032 ], [ -99.241476, 34.364536 ], [ -99.237562, 34.366701 ], [ -99.236177, 34.365172 ], [ -99.236441, 34.363598 ], [ -99.237233, 34.362717 ], [ -99.236521, 34.358569 ], [ -99.235422, 34.357094 ], [ -99.234843, 34.356441 ], [ -99.234741, 34.354977 ], [ -99.234252, 34.353459 ], [ -99.228636, 34.348564 ], [ -99.234256, 34.340865 ], [ -99.229245, 34.336516 ], [ -99.221975, 34.34002 ], [ -99.217335, 34.34152 ], [ -99.213135, 34.340369 ], [ -99.206905, 34.338277 ], [ -99.210078, 34.337705 ], [ -99.210716, 34.336304 ], [ -99.210779, 34.330983 ], [ -99.209724, 34.324935 ], [ -99.205824, 34.320082 ], [ -99.206584, 34.31696 ], [ -99.213476, 34.310672 ], [ -99.211728452107707, 34.3054011875413 ], [ -99.21025, 34.300942 ], [ -99.211449, 34.29275 ], [ -99.207766, 34.283823 ], [ -99.200222, 34.281152 ], [ -99.19626, 34.281463 ], [ -99.194459, 34.271881 ], [ -99.198017, 34.262723 ], [ -99.197128673111493, 34.261825091994098 ], [ -99.191805, 34.256444 ], [ -99.197153, 34.244298 ], [ -99.195553, 34.24006 ], [ -99.191139, 34.23234 ], [ -99.190146, 34.22966 ], [ -99.190036, 34.227186 ], [ -99.192076, 34.222192 ], [ -99.192683, 34.218825 ], [ -99.192104, 34.216694 ], [ -99.189511, 34.214312 ], [ -99.159016, 34.20888 ], [ -99.156823, 34.207214 ], [ -99.15134, 34.207603 ], [ -99.147848, 34.209444 ], [ -99.144481, 34.213329 ], [ -99.143985, 34.214763 ], [ -99.142471, 34.215408 ], [ -99.141504, 34.216655 ], [ -99.13918, 34.217605 ], [ -99.13822, 34.219159 ], [ -99.133397, 34.219665 ], [ -99.130609, 34.219408 ], [ -99.128514, 34.218766 ], [ -99.127549, 34.217986 ], [ -99.126799, 34.217115 ], [ -99.126614, 34.215329 ], [ -99.127525, 34.213771 ], [ -99.13009, 34.212192 ], [ -99.131553, 34.209352 ], [ -99.131885, 34.207382 ], [ -99.131168, 34.205742 ], [ -99.129792, 34.204403 ], [ -99.126567, 34.203004 ], [ -99.119969991380501, 34.201877768866702 ], [ -99.119204, 34.201747 ], [ -99.116965, 34.203729 ], [ -99.112844, 34.205818 ], [ -99.1093, 34.205453 ], [ -99.106301, 34.204698 ], [ -99.102186, 34.205483 ], [ -99.100249, 34.208867 ], [ -99.097876, 34.211019 ], [ -99.095271, 34.211842 ], [ -99.092851, 34.210742 ], [ -99.092191, 34.209316 ], [ -99.088923, 34.208475 ], [ -99.084609, 34.209434 ], [ -99.079535, 34.211518 ], [ -99.075978, 34.211221 ], [ -99.066465, 34.208404 ], [ -99.060344, 34.204761 ], [ -99.059159, 34.202929 ], [ -99.0588, 34.201256 ], [ -99.058084, 34.200569 ], [ -99.048792, 34.198209 ], [ -99.043471, 34.198208 ], [ -99.040962, 34.200842 ], [ -99.039004, 34.204667 ], [ -99.037459, 34.206454 ], [ -99.036273, 34.206912 ], [ -99.027935340857695, 34.205585766607697 ], [ -99.013075, 34.203222 ], [ -99.00579, 34.206647 ], [ -99.002916, 34.208782 ], [ -99.003433, 34.214466 ], [ -99.000761, 34.217643 ], [ -98.990852, 34.221633 ], [ -98.987294, 34.221223 ], [ -98.981364, 34.217583 ], [ -98.978685, 34.210231 ], [ -98.976587, 34.206291 ], [ -98.974132, 34.203566 ], [ -98.969003, 34.201299 ], [ -98.966302, 34.201323 ], [ -98.96247, 34.204668 ], [ -98.962085, 34.206386 ], [ -98.962307, 34.211312 ], [ -98.960791, 34.21303 ], [ -98.958475, 34.213855 ], [ -98.952513, 34.21265 ], [ -98.952357534912693, 34.212578766587299 ], [ -98.950396, 34.21168 ], [ -98.94022, 34.203686 ], [ -98.928145, 34.192689 ], [ -98.927456, 34.191155 ], [ -98.923431106202401, 34.186339452232403 ], [ -98.923129, 34.185978 ], [ -98.920704, 34.183435 ], [ -98.918333, 34.181831 ], [ -98.909349, 34.177499 ], [ -98.892146, 34.172345 ], [ -98.888958, 34.169406 ], [ -98.886037, 34.167916 ], [ -98.881326, 34.16735 ], [ -98.876291, 34.167593 ], [ -98.874849, 34.167522 ], [ -98.872922, 34.166584 ], [ -98.871543, 34.165027 ], [ -98.871211, 34.163012 ], [ -98.872229, 34.160446 ], [ -98.874955, 34.157031 ], [ -98.874872, 34.155657 ], [ -98.873271, 34.153596 ], [ -98.868116, 34.149635 ], [ -98.86255, 34.149111 ], [ -98.860125, 34.149913 ], [ -98.858419, 34.152732 ], [ -98.8579, 34.159627 ], [ -98.857322, 34.161094 ], [ -98.855585, 34.161621 ], [ -98.854184, 34.161652 ], [ -98.851671, 34.160294 ], [ -98.84966, 34.159699 ], [ -98.847774, 34.159949 ], [ -98.846991976587304, 34.159726481359101 ], [ -98.844727, 34.159082 ], [ -98.843542, 34.158143 ], [ -98.842191, 34.158051 ], [ -98.840676, 34.157296 ], [ -98.83668, 34.156495 ], [ -98.833346, 34.159107 ], [ -98.832135, 34.161787 ], [ -98.831115, 34.162154 ], [ -98.815269, 34.158101 ], [ -98.812954, 34.158444 ], [ -98.80681, 34.155901 ], [ -98.804413, 34.153931 ], [ -98.799756, 34.147883 ], [ -98.796203, 34.142775 ], [ -98.792015, 34.143736 ], [ -98.788405, 34.146668 ], [ -98.779425, 34.140232 ], [ -98.76557, 34.136376 ], [ -98.761797, 34.133785 ], [ -98.760558, 34.132388 ], [ -98.759486, 34.128882 ], [ -98.759653, 34.126912 ], [ -98.757037, 34.124633 ], [ -98.753709604526406, 34.124463322590699 ], [ -98.750760007138794, 34.124312910640299 ], [ -98.749291, 34.124238 ], [ -98.741966, 34.12553 ], [ -98.739461, 34.127394 ], [ -98.737232, 34.130992 ], [ -98.73682, 34.133374 ], [ -98.735471, 34.135208 ], [ -98.734287, 34.135758 ], [ -98.73043, 34.135917 ], [ -98.728502, 34.135279 ], [ -98.725003, 34.135463 ], [ -98.723626, 34.135189 ], [ -98.722717, 34.135281 ], [ -98.71922, 34.13638 ], [ -98.717537, 34.13645 ], [ -98.716104, 34.135947 ], [ -98.714947, 34.134847 ], [ -98.71423, 34.133404 ], [ -98.71412, 34.132144 ], [ -98.712467, 34.13116 ], [ -98.70996, 34.131549 ], [ -98.706132, 34.134986 ], [ -98.703047, 34.135903 ], [ -98.700182, 34.135995 ], [ -98.696518, 34.133521 ], [ -98.693405, 34.13375 ], [ -98.690595, 34.132972 ], [ -98.685627, 34.136568 ], [ -98.68412, 34.13879 ], [ -98.678693, 34.142135 ], [ -98.677379, 34.142537 ], [ -98.655655, 34.158258 ], [ -98.650583, 34.163113 ], [ -98.648073, 34.164441 ], [ -98.643223, 34.164531 ], [ -98.63573, 34.161618 ], [ -98.621666, 34.157195 ], [ -98.618616157999298, 34.156714617426601 ], [ -98.616733, 34.156418 ], [ -98.611829, 34.156558 ], [ -98.609987002566101, 34.157154049572803 ], [ -98.608853, 34.157521 ], [ -98.603978, 34.160249 ], [ -98.599789, 34.160571 ], [ -98.58554, 34.152328 ], [ -98.577136, 34.148962 ], [ -98.572451, 34.145091 ], [ -98.567215, 34.138105 ], [ -98.560191, 34.133202 ], [ -98.552836, 34.133568 ], [ -98.551982, 34.13295 ], [ -98.550522, 34.132194 ], [ -98.550219, 34.130132 ], [ -98.551046, 34.127818 ], [ -98.551845, 34.127131 ], [ -98.554324, 34.126605 ], [ -98.556252, 34.127727 ], [ -98.558593, 34.128254 ], [ -98.560136, 34.126926 ], [ -98.560977, 34.124631 ], [ -98.560574, 34.123567 ], [ -98.559557, 34.123418 ], [ -98.558027, 34.122856 ], [ -98.55682, 34.121079 ], [ -98.55387, 34.119542 ], [ -98.550917, 34.119334 ], [ -98.536257, 34.107343 ], [ -98.5282, 34.094961 ], [ -98.516875, 34.085984 ], [ -98.504149, 34.072287 ], [ -98.494154, 34.069825 ], [ -98.4888, 34.066076 ], [ -98.486328, 34.062598 ], [ -98.48204, 34.06227 ], [ -98.471465, 34.065665 ], [ -98.466002, 34.073081 ], [ -98.462951, 34.073836 ], [ -98.454665, 34.072577 ], [ -98.449034, 34.073462 ], [ -98.445784, 34.076827 ], [ -98.443724, 34.082152 ], [ -98.440092, 34.084311 ], [ -98.42914, 34.085564 ], [ -98.42523, 34.084799 ], [ -98.423533, 34.082843 ], [ -98.418805, 34.082655 ], [ -98.417355517482704, 34.083739802515701 ], [ -98.411587, 34.088057 ], [ -98.409596, 34.09407 ], [ -98.411511, 34.098615 ], [ -98.411374, 34.100324 ], [ -98.409318, 34.101293 ], [ -98.406735, 34.10114 ], [ -98.402158, 34.098653 ], [ -98.399777, 34.099973 ], [ -98.398389, 34.104566 ], [ -98.39816, 34.121396 ], [ -98.400494, 34.121778 ], [ -98.400967, 34.122236 ], [ -98.395024, 34.131318 ], [ -98.388686, 34.133217 ], [ -98.385271, 34.13175 ], [ -98.382959, 34.129549 ], [ -98.380865, 34.130534 ], [ -98.379762, 34.131174 ], [ -98.379927, 34.132274 ], [ -98.381055, 34.134771 ], [ -98.384965, 34.136651 ], [ -98.386232, 34.137728 ], [ -98.387084, 34.140912 ], [ -98.38485, 34.143844 ], [ -98.384546, 34.145997 ], [ -98.381651, 34.149202 ], [ -98.376911, 34.150552 ], [ -98.374461, 34.150758 ], [ -98.370495, 34.152135 ], [ -98.367494, 34.156191 ], [ -98.365621, 34.156993 ], [ -98.364023, 34.157109 ], [ -98.348154443228694, 34.1546064260097 ], [ -98.325445, 34.151025 ], [ -98.32258, 34.14972 ], [ -98.31875, 34.146421 ], [ -98.300209, 34.134579 ], [ -98.293901, 34.13302 ], [ -98.280321, 34.13075 ], [ -98.276878, 34.131046 ], [ -98.272994, 34.132213 ], [ -98.271561, 34.132282 ], [ -98.268972, 34.131616 ], [ -98.268338, 34.131662 ], [ -98.267664084805801, 34.131853167920397 ], [ -98.267291, 34.131959 ], [ -98.266217, 34.132051 ], [ -98.2617, 34.131568 ], [ -98.257955, 34.129825 ], [ -98.256467, 34.129481 ], [ -98.247954, 34.130717 ], [ -98.241013, 34.133103 ], [ -98.231042, 34.134023 ], [ -98.2236, 34.125093 ], [ -98.216463, 34.121821 ], [ -98.203711, 34.117676 ], [ -98.200075, 34.116783 ], [ -98.191455, 34.115753 ], [ -98.16912, 34.114171 ], [ -98.157412, 34.120467 ], [ -98.154354, 34.122734 ], [ -98.142754, 34.136359 ], [ -98.138978804364598, 34.141805401056203 ], [ -98.13677, 34.144992 ], [ -98.130816, 34.150532 ], [ -98.123377, 34.15454 ], [ -98.114506, 34.154727 ], [ -98.109462, 34.154111 ], [ -98.101937, 34.14683 ], [ -98.100558, 34.142135 ], [ -98.103172, 34.135194 ], [ -98.100498, 34.131369 ], [ -98.097657266191305, 34.131561552391901 ], [ -98.093599928022698, 34.131836569419697 ], [ -98.092015, 34.131944 ], [ -98.089755, 34.128211 ], [ -98.09066, 34.12198 ], [ -98.092421, 34.116917 ], [ -98.093243580955701, 34.1151702735879 ], [ -98.095118, 34.11119 ], [ -98.099328, 34.104295 ], [ -98.104309, 34.0982 ], [ -98.119417, 34.084474 ], [ -98.121039, 34.081266 ], [ -98.120903175153003, 34.079772253577801 ], [ -98.120208, 34.072127 ], [ -98.11803, 34.067065 ], [ -98.114587, 34.06228 ], [ -98.099096, 34.048639 ], [ -98.083839, 34.041719 ], [ -98.083835850125595, 34.041169075369098 ], [ -98.08381, 34.036656 ], [ -98.092366, 34.033929 ], [ -98.098001, 34.03824 ], [ -98.103538, 34.03853 ], [ -98.106261, 34.034154 ], [ -98.098442, 34.023918 ], [ -98.089555, 34.01927 ], [ -98.082676, 34.010796 ], [ -98.088203, 34.005481 ], [ -98.08526, 34.003259 ], [ -98.082839, 34.002412 ], [ -98.055197, 33.995841 ], [ -98.041117, 33.993456 ], [ -98.027672, 33.993357 ], [ -98.019485, 33.993804 ], [ -98.005667, 33.995964 ], [ -97.999704388338699, 33.997222806192902 ], [ -97.987388, 33.999823 ], [ -97.982806, 34.001949 ], [ -97.978243, 34.005387 ], [ -97.974173, 34.006716 ], [ -97.97167, 34.005434 ], [ -97.96834, 34.00053 ], [ -97.963028, 33.994235 ], [ -97.958325, 33.990846 ], [ -97.95585, 33.990136 ], [ -97.952688, 33.990114 ], [ -97.947572, 33.991053 ], [ -97.946473, 33.990732 ], [ -97.94573, 33.989839 ], [ -97.94595, 33.988396 ], [ -97.956917, 33.958502 ], [ -97.960351, 33.951928 ], [ -97.965737, 33.947392 ], [ -97.972662, 33.944527 ], [ -97.973335976494397, 33.943770950921198 ], [ -97.974173, 33.942832 ], [ -97.974062, 33.940289 ], [ -97.972494, 33.937907 ], [ -97.971175, 33.937129 ], [ -97.965953, 33.936191 ], [ -97.963425, 33.936237 ], [ -97.955511, 33.938186 ], [ -97.954467, 33.937774 ], [ -97.953395, 33.936445 ], [ -97.952679, 33.929482 ], [ -97.953695, 33.924373 ], [ -97.957155, 33.914454 ], [ -97.960615, 33.910354 ], [ -97.964461, 33.907398 ], [ -97.969873, 33.905999 ], [ -97.973143, 33.908014 ], [ -97.976963, 33.912549 ], [ -97.978804, 33.912548 ], [ -97.979985, 33.911402 ], [ -97.983552, 33.904002 ], [ -97.98454, 33.900703 ], [ -97.984566, 33.899077 ], [ -97.984430670318503, 33.898758287563197 ], [ -97.983769, 33.8972 ], [ -97.979699996447593, 33.892193955189697 ], [ -97.977859, 33.889929 ], [ -97.977807889742706, 33.889883374271797 ], [ -97.974178, 33.886643 ], [ -97.967777, 33.88243 ], [ -97.958438, 33.879179 ], [ -97.951215, 33.878424 ], [ -97.946464, 33.878883 ], [ -97.94273, 33.879845 ], [ -97.938802, 33.879891 ], [ -97.936743, 33.879204 ], [ -97.905467, 33.863531 ], [ -97.896738, 33.857985 ], [ -97.88938, 33.856426 ], [ -97.883204, 33.854362 ], [ -97.877387, 33.850236 ], [ -97.871447, 33.849001 ], [ -97.865765, 33.849393 ], [ -97.860927, 33.850594 ], [ -97.853701153764902, 33.852948013101702 ], [ -97.849502, 33.854316 ], [ -97.843256, 33.856838 ], [ -97.841581, 33.856272 ], [ -97.8388, 33.856933 ], [ -97.834333, 33.857671 ], [ -97.830871, 33.861793 ], [ -97.826176, 33.864536 ], [ -97.822106, 33.867961 ], [ -97.819023, 33.869908 ], [ -97.819205, 33.872193 ], [ -97.819236, 33.879091 ], [ -97.816426, 33.882081 ], [ -97.813991, 33.881757 ], [ -97.812508, 33.881153 ], [ -97.809771, 33.877699 ], [ -97.807499, 33.876401 ], [ -97.805423, 33.877167 ], [ -97.80263, 33.879971 ], [ -97.801439, 33.886306 ], [ -97.801656, 33.890034 ], [ -97.80198, 33.894254 ], [ -97.801135, 33.89659 ], [ -97.797761, 33.899286 ], [ -97.793691, 33.899658 ], [ -97.790781, 33.898312 ], [ -97.789808, 33.894741 ], [ -97.788022, 33.89182 ], [ -97.784702, 33.890636 ], [ -97.782341, 33.892306 ], [ -97.780069, 33.89539 ], [ -97.779683, 33.899243 ], [ -97.78034, 33.904833 ], [ -97.786075, 33.913244 ], [ -97.786075, 33.914867 ], [ -97.785101, 33.916815 ], [ -97.782179, 33.919087 ], [ -97.779702, 33.919721 ], [ -97.775525, 33.918113 ], [ -97.772672, 33.914382 ], [ -97.76377, 33.914241 ], [ -97.760224, 33.917194 ], [ -97.759399, 33.91882 ], [ -97.759834, 33.92521 ], [ -97.762661, 33.930846 ], [ -97.762768, 33.934396 ], [ -97.752957, 33.937049 ], [ -97.738478, 33.937421 ], [ -97.736554, 33.936575 ], [ -97.733723, 33.936392 ], [ -97.732267, 33.936691 ], [ -97.726067970522706, 33.940558952757797 ], [ -97.725289, 33.941045 ], [ -97.720958721268303, 33.944411299810099 ], [ -97.716772, 33.947666 ], [ -97.709684, 33.954997 ], [ -97.704159, 33.963336 ], [ -97.697921, 33.977331 ], [ -97.69311, 33.983699 ], [ -97.688023, 33.986607 ], [ -97.672970707959195, 33.991018671096597 ], [ -97.671772, 33.99137 ], [ -97.661489, 33.990818 ], [ -97.65621, 33.989488 ], [ -97.633778, 33.981257 ], [ -97.630672602951094, 33.979432895508602 ], [ -97.624573, 33.97585 ], [ -97.623005, 33.97395 ], [ -97.615553, 33.969556 ], [ -97.609091, 33.968093 ], [ -97.606038, 33.965002 ], [ -97.604389, 33.963811 ], [ -97.604333, 33.962758 ], [ -97.600968, 33.960656 ], [ -97.600896, 33.958888 ], [ -97.599466, 33.956323 ], [ -97.5962, 33.954521 ], [ -97.590422, 33.954104 ], [ -97.588828, 33.951882 ], [ -97.591409, 33.948057 ], [ -97.591739, 33.946614 ], [ -97.594046, 33.944598 ], [ -97.59542, 33.941436 ], [ -97.595419, 33.938917 ], [ -97.593302, 33.933924 ], [ -97.591213, 33.931245 ], [ -97.591514, 33.9282 ], [ -97.595084, 33.922954 ], [ -97.596155, 33.922106 ], [ -97.596979, 33.920228 ], [ -97.597115, 33.917868 ], [ -97.596289, 33.913769 ], [ -97.593676, 33.910112 ], [ -97.592035, 33.910137 ], [ -97.590931, 33.909602 ], [ -97.589667, 33.906601 ], [ -97.589172, 33.904884 ], [ -97.589254, 33.903922 ], [ -97.587441, 33.902479 ], [ -97.585932322128699, 33.901812322235699 ], [ -97.585802555411107, 33.901754978924203 ], [ -97.582777, 33.900418 ], [ -97.581078, 33.899679 ], [ -97.581068119481998, 33.899677473070803 ], [ -97.578082, 33.899216 ], [ -97.572503, 33.899256 ], [ -97.572382824879597, 33.899323352634802 ], [ -97.568715, 33.901379 ], [ -97.566956, 33.901583 ], [ -97.562788, 33.900925 ], [ -97.5608977260312, 33.899588800974698 ], [ -97.56055, 33.899343 ], [ -97.559917, 33.897603 ], [ -97.55827, 33.897099 ], [ -97.555002, 33.897282 ], [ -97.551541, 33.897947 ], [ -97.543246, 33.901289 ], [ -97.532723, 33.906577 ], [ -97.525277, 33.911751 ], [ -97.519171, 33.913638 ], [ -97.517444640474494, 33.914207259730397 ], [ -97.509927912231603, 33.916685868983002 ], [ -97.50096, 33.919643 ], [ -97.494858, 33.919258 ], [ -97.486505, 33.916994 ], [ -97.484037243770004, 33.9157618691195 ], [ -97.485046, 33.698185 ], [ -97.4854, 33.648943 ], [ -97.486138, 33.569368 ], [ -97.486276, 33.556803 ], [ -97.486442, 33.541818 ], [ -97.486905, 33.458766 ], [ -97.486972, 33.448187 ], [ -97.487065, 33.433681 ], [ -97.502096, 33.433937 ], [ -97.582231, 33.433993 ], [ -97.610023, 33.434011 ], [ -97.747526, 33.433914 ], [ -97.759532, 33.43397 ], [ -97.760439, 33.433913 ], [ -97.793433, 33.433846 ], [ -97.798335, 33.433806 ], [ -97.817602, 33.433829 ], [ -97.831749, 33.433819 ], [ -97.839872, 33.433804 ], [ -97.879951, 33.43399 ], [ -97.918189, 33.433873 ], [ -97.978967, 33.433748 ], [ -97.978926, 33.463064 ], [ -97.978919, 33.467129 ], [ -98.045184, 33.466731 ], [ -98.050718, 33.466704 ], [ -98.172493, 33.466274 ], [ -98.196998, 33.466307 ], [ -98.214811, 33.466288 ], [ -98.24911, 33.466371 ], [ -98.297325, 33.466363 ], [ -98.421419, 33.466797 ], [ -98.421241, 33.450961 ], [ -98.420666, 33.396195 ], [ -98.420436, 33.375104 ], [ -98.420818, 33.369145 ], [ -98.420826, 33.362957 ], [ -98.420911, 33.29791 ], [ -98.422423, 33.22299 ], [ -98.42351, 33.18814 ], [ -98.424381, 33.155769 ], [ -98.425422, 33.088589 ], [ -98.426553, 33.007913 ], [ -98.426633, 33.00343 ], [ -98.427153, 32.989282 ], [ -98.427211, 32.9523 ], [ -98.519031, 32.953711 ], [ -98.521092, 32.953643 ], [ -98.575616, 32.954349 ], [ -98.707253, 32.956421 ], [ -98.774296, 32.957033 ], [ -98.81871, 32.957121 ], [ -98.831894, 32.957158 ], [ -98.840823, 32.957183 ], [ -98.858278, 32.957205 ], [ -98.883512, 32.957234 ], [ -98.936681, 32.957002 ], [ -98.950875, 32.956918 ], [ -98.95131, 33.014297 ], [ -98.951665, 33.055525 ], [ -98.952128, 33.111316 ], [ -98.952578, 33.163823 ], [ -98.952606, 33.16713 ], [ -98.953502, 33.285936 ], [ -98.953853, 33.33289 ], [ -98.953938, 33.397534 ], [ -99.00709, 33.397761 ] ] ] } }
]
}
